timestamp,hour,day_of_week,day_of_month,month,is_weekend,active_vessel_count,waiting_vessel_count,queue_length,vessels_at_berth_count,occupied_berths,available_berths,berth_utilization,active_cranes,available_cranes,crane_utilization,yard_occupancy,yard_capacity,yard_utilization,average_waiting_time_h,average_handling_time_h,high_priority_vessel_count,scheduled_arrivals_next_6h,scheduled_arrivals_next_12h,scheduled_arrivals_next_24h,scheduled_incoming_containers_next_6h,scheduled_incoming_containers_next_24h,weather_temperature_c,weather_wind_speed_knots,weather_precipitation_mm,weather_operational_impact,tide_height_m,tide_operational_impact,current_throughput_teu,synthetic
2026-01-15T00:00:00+00:00,0,3,15,1,0,0,0,0,0,0,6,0.0,0,10,0.0,2200,11000,0.2,0.0,0.0,0,0,4,11,0,7909,24.7,8.2,0.0,0.0,1.89,0.0,0,True
2026-01-15T01:00:00+00:00,1,3,15,1,0,0,0,0,0,0,6,0.0,0,10,0.0,2200,11000,0.2,0.0,0.0,0,0,5,14,0,9421,25.6,35.1,25.1,0.85,2.62,0.0,0,True
2026-01-15T02:00:00+00:00,2,3,15,1,0,0,0,0,0,0,6,0.0,0,10,0.0,2200,11000,0.2,0.0,0.0,0,1,5,14,1193,9421,25.1,13.4,0.0,0.0,3.02,0.0,0,True
2026-01-15T03:00:00+00:00,3,3,15,1,0,0,0,0,0,0,6,0.0,0,10,0.0,2200,11000,0.2,0.0,0.0,0,3,6,15,2225,10257,24.8,7.4,0.0,0.0,3.0,0.0,0,True
2026-01-15T04:00:00+00:00,4,3,15,1,0,0,0,0,0,0,6,0.0,0,10,0.0,2200,11000,0.2,0.0,0.0,0,3,7,15,2225,10257,25.4,18.7,6.3,0.2,2.74,0.0,0,True
2026-01-15T05:00:00+00:00,5,3,15,1,0,0,0,0,0,0,6,0.0,0,10,0.0,2200,11000,0.2,0.0,0.0,0,4,7,15,3062,10257,25.2,6.7,0.0,0.0,2.39,0.0,0,True
2026-01-15T06:00:00+00:00,6,3,15,1,0,0,0,0,0,0,6,0.0,0,10,0.0,2200,11000,0.2,0.0,0.0,0,4,7,15,3062,10257,26.0,10.7,0.0,0.0,1.97,0.0,0,True
2026-01-15T07:00:00+00:00,7,3,15,1,0,1,0,0,1,1,5,0.1667,3,7,0.3,3393,11000,0.3085,0.0,21.7,0,5,8,15,4259,10257,27.2,6.3,0.0,0.0,1.66,0.0,0,True
2026-01-15T08:00:00+00:00,8,3,15,1,0,3,0,0,3,3,3,0.5,9,1,0.9,4425,11000,0.4023,0.0,13.47,0,4,8,15,3066,10242,26.8,20.2,7.7,0.2,1.24,0.2,0,True
2026-01-15T09:00:00+00:00,9,3,15,1,0,3,0,0,3,3,3,0.5,9,1,0.9,4425,11000,0.4023,0.0,13.47,0,3,6,13,3124,9210,27.1,18.2,3.3,0.2,0.89,0.4,0,True
2026-01-15T10:00:00+00:00,10,3,15,1,0,4,0,0,4,4,2,0.6667,10,0,1.0,5262,11000,0.4784,0.0,13.9,0,4,7,15,4264,9869,28.4,28.2,20.6,0.85,0.76,0.4,0,True
2026-01-15T11:00:00+00:00,11,3,15,1,0,4,0,0,4,4,2,0.6667,10,0,1.0,5262,11000,0.4784,0.0,13.9,0,3,7,15,3427,9514,30.7,11.9,0.0,0.0,0.97,0.4,0,True
2026-01-15T12:00:00+00:00,12,3,15,1,0,5,1,1,4,4,2,0.6667,10,0,1.0,5262,11000,0.4784,0.0,13.9,1,3,7,15,3427,9514,31.2,14.1,0.0,0.0,1.6,0.0,0,True
2026-01-15T13:00:00+00:00,13,3,15,1,0,5,1,1,4,4,2,0.6667,10,0,1.0,5262,11000,0.4784,0.0,13.9,1,3,9,15,2459,8526,31.8,15.6,0.0,0.0,2.28,0.0,0,True
2026-01-15T14:00:00+00:00,14,3,15,1,0,6,2,2,4,4,2,0.6667,10,0,1.0,5262,11000,0.4784,0.0,13.9,1,4,9,16,2645,9630,32.1,15.9,0.0,0.0,2.93,0.0,0,True
2026-01-15T15:00:00+00:00,15,3,15,1,0,6,2,2,4,4,2,0.6667,10,0,1.0,6243,11000,0.5675,0.6,17.95,1,3,9,16,1555,8742,32.2,10.7,0.0,0.0,3.06,0.0,309,True
2026-01-15T16:00:00+00:00,16,3,15,1,0,6,2,2,4,4,2,0.6667,10,0,1.0,6243,11000,0.5675,0.6,17.95,1,3,8,15,871,7602,32.3,15.3,0.0,0.0,2.84,0.0,309,True
2026-01-15T17:00:00+00:00,17,3,15,1,0,6,2,2,4,4,2,0.6667,10,0,1.0,6243,11000,0.5675,0.6,17.95,1,4,8,17,1420,9222,31.3,14.4,0.0,0.0,2.49,0.0,309,True
2026-01-15T18:00:00+00:00,18,3,15,1,0,7,3,3,4,4,2,0.6667,10,0,1.0,6243,11000,0.5675,0.6,17.95,1,4,8,17,1420,9222,30.5,26.2,2.7,0.2,2.12,0.0,309,True
2026-01-15T19:00:00+00:00,19,3,15,1,0,8,4,4,4,4,2,0.6667,10,0,1.0,6243,11000,0.5675,0.6,17.95,2,6,7,16,2703,8993,30.0,14.2,0.0,0.0,1.76,0.0,309,True
2026-01-15T20:00:00+00:00,20,3,15,1,0,8,4,4,4,4,2,0.6667,10,0,1.0,6243,11000,0.5675,0.6,17.95,2,5,7,16,2517,9354,29.2,28.5,15.1,0.5,1.4,0.0,309,True
2026-01-15T21:00:00+00:00,21,3,15,1,0,9,5,5,4,4,2,0.6667,10,0,1.0,6243,11000,0.5675,0.6,17.95,2,6,7,17,3353,10494,28.0,12.9,0.0,0.0,1.03,0.2,309,True
2026-01-15T22:00:00+00:00,22,3,15,1,0,9,5,5,4,4,2,0.6667,10,0,1.0,6827,11000,0.6206,1.83,19.62,2,5,8,17,2897,10292,27.2,16.2,0.0,0.0,0.73,0.4,1032,True
2026-01-15T23:00:00+00:00,23,3,15,1,0,9,5,5,4,4,2,0.6667,10,0,1.0,6827,11000,0.6206,1.83,19.62,2,4,8,16,2348,9743,26.3,15.1,0.0,0.0,0.87,0.4,1032,True
2026-01-16T00:00:00+00:00,0,4,16,1,0,12,8,8,4,4,2,0.6667,10,0,1.0,6827,11000,0.6206,1.83,19.62,4,4,8,16,2348,9743,26.0,10.8,0.0,0.0,1.33,0.2,1032,True
2026-01-16T01:00:00+00:00,1,4,16,1,0,12,8,8,4,4,2,0.6667,10,0,1.0,6827,11000,0.6206,1.83,19.62,4,1,6,14,836,9045,24.9,10.0,0.0,0.0,2.04,0.0,1032,True
2026-01-16T02:00:00+00:00,2,4,16,1,0,12,8,8,4,4,2,0.6667,10,0,1.0,7382,11000,0.6711,3.14,21.0,3,2,7,14,2014,9045,24.5,9.6,0.0,0.0,2.7,0.0,1869,True
2026-01-16T03:00:00+00:00,3,4,16,1,0,12,8,8,4,4,2,0.6667,10,0,1.0,7382,11000,0.6711,3.14,21.0,3,1,7,14,1178,8483,24.6,10.7,0.0,0.0,3.02,0.0,1869,True
2026-01-16T04:00:00+00:00,4,4,16,1,0,12,8,8,4,4,2,0.6667,10,0,1.0,7382,11000,0.6711,3.14,21.0,3,3,7,14,1837,8483,25.5,12.3,0.0,0.0,2.99,0.0,1869,True
2026-01-16T05:00:00+00:00,5,4,16,1,0,12,8,8,4,4,2,0.6667,10,0,1.0,7382,11000,0.6711,3.14,21.0,3,4,9,15,2319,8982,25.8,9.3,0.0,0.0,2.67,0.0,1869,True
2026-01-16T06:00:00+00:00,6,4,16,1,0,11,7,7,4,4,2,0.6667,10,0,1.0,6776,11000,0.616,4.25,16.62,3,4,9,16,2319,9522,25.7,8.2,0.0,0.0,2.32,0.0,3062,True
2026-01-16T07:00:00+00:00,7,4,16,1,0,12,8,8,4,4,2,0.6667,10,0,1.0,6776,11000,0.616,4.25,16.62,3,5,9,17,2528,10696,25.9,16.1,4.9,0.2,1.94,0.0,3062,True
2026-01-16T08:00:00+00:00,8,4,16,1,0,12,8,8,4,4,2,0.6667,10,0,1.0,6776,11000,0.616,4.25,16.62,3,5,9,17,2454,10298,28.0,11.3,0.0,0.0,1.6,0.0,3062,True
2026-01-16T09:00:00+00:00,9,4,16,1,0,14,10,10,4,4,2,0.6667,10,0,1.0,6776,11000,0.616,4.25,16.62,5,6,10,18,2656,11363,28.7,12.3,0.0,0.0,1.12,0.2,3062,True
2026-01-16T10:00:00+00:00,10,4,16,1,0,15,11,11,4,4,2,0.6667,10,0,1.0,6776,11000,0.616,4.25,16.62,5,4,9,17,1997,11774,28.0,21.3,21.2,0.5,0.82,0.4,3062,True
2026-01-16T11:00:00+00:00,11,4,16,1,0,14,10,10,4,4,2,0.6667,10,0,1.0,6802,11000,0.6184,5.56,16.43,4,5,8,18,3135,11857,30.5,12.7,0.0,0.0,0.76,0.4,3291,True
2026-01-16T12:00:00+00:00,12,4,16,1,0,15,11,11,4,4,2,0.6667,10,0,1.0,6802,11000,0.6184,5.56,16.43,4,5,8,19,3135,12333,29.9,8.5,0.0,0.0,1.04,0.2,3291,True
2026-01-16T13:00:00+00:00,13,4,16,1,0,16,12,12,4,4,2,0.6667,10,0,1.0,6802,11000,0.6184,5.56,16.43,4,4,8,18,2926,12124,31.9,11.2,0.0,0.0,1.72,0.0,3291,True
2026-01-16T14:00:00+00:00,14,4,16,1,0,16,12,12,4,4,2,0.6667,10,0,1.0,6421,11000,0.5837,6.7,13.05,5,4,7,17,2369,11020,31.4,12.6,0.0,0.0,2.4,0.0,4488,True
2026-01-16T15:00:00+00:00,15,4,16,1,0,15,11,11,4,4,2,0.6667,10,0,1.0,6840,11000,0.6218,7.64,14.7,5,4,7,16,3307,10818,31.1,28.7,19.3,0.5,2.94,0.0,4674,True
2026-01-16T16:00:00+00:00,16,4,16,1,0,17,13,13,4,4,2,0.6667,10,0,1.0,6840,11000,0.6218,7.64,14.7,5,5,7,16,3561,10818,30.9,14.8,0.0,0.0,3.02,0.0,4674,True
2026-01-16T17:00:00+00:00,17,4,16,1,0,17,13,13,4,4,2,0.6667,10,0,1.0,6840,11000,0.6218,7.64,14.7,5,3,6,15,1941,9665,30.9,16.7,0.0,0.0,2.81,0.0,4674,True
2026-01-16T18:00:00+00:00,18,4,16,1,0,17,13,13,4,4,2,0.6667,10,0,1.0,6840,11000,0.6218,7.64,14.7,5,3,7,16,1941,10459,31.5,15.4,0.0,0.0,2.47,0.0,4674,True
2026-01-16T19:00:00+00:00,19,4,16,1,0,17,13,13,4,4,2,0.6667,10,0,1.0,6596,11000,0.5996,8.58,12.1,5,4,8,17,2755,10647,29.9,35.4,28.5,0.85,2.03,0.0,5764,True
2026-01-16T20:00:00+00:00,20,4,16,1,0,18,14,14,4,4,2,0.6667,10,0,1.0,6596,11000,0.5996,8.58,12.1,5,3,8,16,2208,10100,28.7,15.0,0.0,0.0,1.74,0.0,5764,True
2026-01-16T21:00:00+00:00,21,4,16,1,0,19,15,15,4,4,2,0.6667,10,0,1.0,6596,11000,0.5996,8.58,12.1,6,3,8,16,1342,9689,28.5,10.3,0.0,0.0,1.36,0.2,5764,True
2026-01-16T22:00:00+00:00,22,4,16,1,0,19,15,15,4,4,2,0.6667,10,0,1.0,6596,11000,0.5996,8.58,12.1,6,2,8,15,1088,9435,26.4,10.8,0.0,0.0,0.94,0.4,5764,True
2026-01-16T23:00:00+00:00,23,4,16,1,0,18,14,14,4,4,2,0.6667,10,0,1.0,7013,11000,0.6375,9.69,13.38,5,3,10,16,1587,10205,26.5,14.5,0.0,0.0,0.77,0.4,6220,True
2026-01-17T00:00:00+00:00,0,5,17,1,1,18,14,14,4,4,2,0.6667,10,0,1.0,6472,11000,0.5884,10.71,9.38,5,4,11,18,2127,12098,24.9,8.3,0.0,0.0,0.84,0.4,7360,True
2026-01-17T01:00:00+00:00,1,5,17,1,1,18,14,14,4,4,2,0.6667,10,0,1.0,6472,11000,0.5884,10.71,9.38,5,4,10,17,2487,11284,24.4,13.8,0.0,0.0,1.38,0.2,7360,True
2026-01-17T02:00:00+00:00,2,5,17,1,1,18,14,14,4,4,2,0.6667,10,0,1.0,6924,11000,0.6295,11.6,10.68,5,5,10,18,3267,11544,25.4,11.1,0.0,0.0,2.19,0.0,7909,True
2026-01-17T03:00:00+00:00,3,5,17,1,1,18,14,14,4,4,2,0.6667,10,0,1.0,6924,11000,0.6295,11.6,10.68,5,5,9,18,4058,11579,25.1,9.0,0.0,0.0,2.8,0.0,7909,True
2026-01-17T04:00:00+00:00,4,5,17,1,1,19,15,15,4,4,2,0.6667,10,0,1.0,6924,11000,0.6295,11.6,10.68,6,6,9,19,5128,12670,25.1,20.0,15.9,0.5,3.1,0.0,7909,True
2026-01-17T05:00:00+00:00,5,5,17,1,1,18,14,14,4,4,2,0.6667,10,0,1.0,7791,11000,0.7083,12.71,13.55,6,7,9,19,5194,12964,25.3,7.0,0.0,0.0,2.99,0.0,8685,True
2026-01-17T06:00:00+00:00,6,5,17,1,1,19,15,15,4,4,2,0.6667,10,0,1.0,7791,11000,0.7083,12.71,13.55,7,7,9,18,5130,12424,25.7,11.3,0.0,0.0,2.64,0.0,8685,True
2026-01-17T07:00:00+00:00,7,5,17,1,1,20,16,16,4,4,2,0.6667,10,0,1.0,7791,11000,0.7083,12.71,13.55,8,6,9,17,3956,11250,25.8,10.1,0.0,0.0,2.23,0.0,8685,True
2026-01-17T08:00:00+00:00,8,5,17,1,1,21,17,17,4,4,2,0.6667,10,0,1.0,7791,11000,0.7083,12.71,13.55,8,5,8,16,3176,10470,26.5,9.9,0.0,0.0,1.83,0.0,8685,True
2026-01-17T09:00:00+00:00,9,5,17,1,1,22,18,18,4,4,2,0.6667,10,0,1.0,7791,11000,0.7083,12.71,13.55,8,4,8,15,2111,9405,27.5,11.0,0.0,0.0,1.54,0.0,8685,True
2026-01-17T10:00:00+00:00,10,5,17,1,1,23,19,19,4,4,2,0.6667,10,0,1.0,8058,11000,0.7325,13.39,14.45,8,3,7,14,1041,8335,29.7,13.3,0.0,0.0,1.13,0.2,8916,True
2026-01-17T11:00:00+00:00,11,5,17,1,1,24,20,20,4,4,2,0.6667,10,0,1.0,8058,11000,0.7325,13.39,14.45,8,2,6,13,943,8909,30.6,10.8,0.0,0.0,0.78,0.4,8916,True
2026-01-17T12:00:00+00:00,12,5,17,1,1,24,20,20,4,4,2,0.6667,10,0,1.0,8058,11000,0.7325,13.39,14.45,8,2,7,14,1261,10568,30.5,13.5,0.0,0.0,0.74,0.4,8916,True
2026-01-17T13:00:00+00:00,13,5,17,1,1,23,19,19,4,4,2,0.6667,10,0,1.0,8025,11000,0.7295,14.11,13.3,8,3,7,14,1449,10568,31.4,15.3,0.0,0.0,1.17,0.2,9652,True
2026-01-17T14:00:00+00:00,14,5,17,1,1,23,19,19,4,4,2,0.6667,10,0,1.0,8025,11000,0.7295,14.11,13.3,8,3,8,15,1449,11379,31.6,15.5,0.0,0.0,1.84,0.0,9652,True
2026-01-17T15:00:00+00:00,15,5,17,1,1,23,19,19,4,4,2,0.6667,10,0,1.0,8025,11000,0.7295,14.11,13.3,8,4,9,15,2178,11379,32.5,15.9,0.0,0.0,2.52,0.0,9652,True
2026-01-17T16:00:00+00:00,16,5,17,1,1,24,20,20,4,4,2,0.6667,10,0,1.0,8025,11000,0.7295,14.11,13.3,8,4,10,16,2178,11884,30.4,15.2,0.0,0.0,2.96,0.0,9652,True
2026-01-17T17:00:00+00:00,17,5,17,1,1,25,21,21,4,4,2,0.6667,10,0,1.0,8025,11000,0.7295,14.11,13.3,9,4,10,16,2481,12165,31.0,17.4,0.0,0.0,3.07,0.0,9652,True
2026-01-17T18:00:00+00:00,18,5,17,1,1,24,20,20,4,4,2,0.6667,10,0,1.0,8454,11000,0.7685,16.35,13.53,9,5,9,15,3580,11371,29.8,17.2,0.0,0.0,2.76,0.0,10916,True
2026-01-17T19:00:00+00:00,19,5,17,1,1,24,20,20,4,4,2,0.6667,10,0,1.0,8454,11000,0.7685,16.35,13.53,9,4,8,15,3392,12340,29.9,15.5,0.0,0.0,2.37,0.0,10916,True
2026-01-17T20:00:00+00:00,20,5,17,1,1,25,21,21,4,4,2,0.6667,10,0,1.0,8454,11000,0.7685,16.35,13.53,9,5,8,16,3652,12860,29.6,15.7,0.0,0.0,1.96,0.0,10916,True
2026-01-17T21:00:00+00:00,21,5,17,1,1,25,21,21,4,4,2,0.6667,10,0,1.0,8454,11000,0.7685,16.35,13.53,9,5,7,15,3232,12131,28.7,24.5,13.7,0.5,1.61,0.0,10916,True
2026-01-17T22:00:00+00:00,22,5,17,1,1,26,22,22,4,4,2,0.6667,10,0,1.0,8454,11000,0.7685,16.35,13.53,10,6,7,17,4323,14113,27.5,13.7,0.0,0.0,1.31,0.2,10916,True
2026-01-17T23:00:00+00:00,23,5,17,1,1,26,22,22,4,4,2,0.6667,10,0,1.0,9281,11000,0.8437,19.55,16.33,9,6,7,16,4346,13343,25.6,22.5,3.0,0.2,0.92,0.4,11607,True
2026-01-18T00:00:00+00:00,0,6,18,1,1,26,22,22,4,4,2,0.6667,10,0,1.0,9281,11000,0.8437,19.55,16.33,9,4,7,15,2453,11739,24.9,8.3,0.0,0.0,0.76,0.4,11607,True
2026-01-18T01:00:00+00:00,1,6,18,1,1,27,23,23,4,4,2,0.6667,10,0,1.0,9281,11000,0.8437,19.55,16.33,9,4,7,15,2453,11739,25.4,13.6,0.0,0.0,0.89,0.4,11607,True
2026-01-18T02:00:00+00:00,2,6,18,1,1,28,24,24,4,4,2,0.6667,10,0,1.0,9281,11000,0.8437,19.55,16.33,10,3,7,17,2193,13800,24.2,12.0,0.0,0.0,1.47,0.0,11607,True
2026-01-18T03:00:00+00:00,3,6,18,1,1,27,23,23,4,4,2,0.6667,10,0,1.0,9375,11000,0.8523,22.75,14.85,10,2,6,16,1884,13491,24.9,7.6,0.0,0.0,2.25,0.0,12987,True
2026-01-18T04:00:00+00:00,4,6,18,1,1,28,24,24,4,4,2,0.6667,10,0,1.0,9375,11000,0.8523,22.75,14.85,10,1,6,15,793,12400,23.9,9.3,0.0,0.0,2.85,0.0,12987,True
2026-01-18T05:00:00+00:00,5,6,18,1,1,28,24,24,4,4,2,0.6667,10,0,1.0,9375,11000,0.8523,22.75,14.85,10,1,6,15,1139,12123,25.3,9.9,0.0,0.0,3.03,0.0,12987,True
2026-01-18T06:00:00+00:00,6,6,18,1,1,28,24,24,4,4,2,0.6667,10,0,1.0,9375,11000,0.8523,22.75,14.85,10,3,6,15,3274,12123,25.2,9.6,0.0,0.0,2.94,0.0,12987,True
2026-01-18T07:00:00+00:00,7,6,18,1,1,28,24,24,4,4,2,0.6667,10,0,1.0,9375,11000,0.8523,22.75,14.85,10,3,7,15,3274,12123,25.7,31.6,34.9,0.85,2.54,0.0,12987,True
2026-01-18T08:00:00+00:00,8,6,18,1,1,28,24,24,4,4,2,0.6667,10,0,1.0,9375,11000,0.8523,22.75,14.85,10,4,8,15,4085,12123,27.5,11.2,0.0,0.0,2.19,0.0,12987,True
2026-01-18T09:00:00+00:00,9,6,18,1,1,28,24,24,4,4,2,0.6667,10,0,1.0,9375,11000,0.8523,22.75,14.85,10,4,8,16,4085,12411,28.7,21.6,20.9,0.5,1.81,0.0,12987,True
2026-01-18T10:00:00+00:00,10,6,18,1,1,29,25,25,4,4,2,0.6667,10,0,1.0,9375,11000,0.8523,22.75,14.85,10,5,10,17,4590,12946,28.6,6.7,0.0,0.0,1.43,0.0,12987,True
2026-01-18T11:00:00+00:00,11,6,18,1,1,31,27,27,4,4,2,0.6667,10,0,1.0,9375,11000,0.8523,22.75,14.85,10,5,9,16,4199,11807,29.5,13.4,0.0,0.0,1.04,0.2,12987,True
2026-01-18T12:00:00+00:00,12,6,18,1,1,31,27,27,4,4,2,0.6667,10,0,1.0,9375,11000,0.8523,22.75,14.85,10,3,8,15,2064,10481,30.3,12.7,0.0,0.0,0.82,0.4,12987,True
2026-01-18T13:00:00+00:00,13,6,18,1,1,31,27,27,4,4,2,0.6667,10,0,1.0,10157,11000,0.9234,24.4,17.7,10,4,8,15,3221,10481,30.7,13.6,0.0,0.0,0.85,0.4,13499,True
2026-01-18T14:00:00+00:00,14,6,18,1,1,30,26,26,4,4,2,0.6667,10,0,1.0,10029,11000,0.9117,25.9,16.38,9,4,10,16,2930,11595,31.4,13.4,0.0,0.0,1.21,0.2,14046,True
2026-01-18T15:00:00+00:00,15,6,18,1,1,31,27,27,4,4,2,0.6667,10,0,1.0,10029,11000,0.9117,25.9,16.38,9,4,10,16,2930,11595,31.2,10.7,0.0,0.0,1.92,0.0,14046,True
2026-01-18T16:00:00+00:00,16,6,18,1,1,31,27,27,4,4,2,0.6667,10,0,1.0,10071,11000,0.9155,27.3,15.05,9,5,9,16,4407,11825,30.5,14.8,0.0,0.0,2.68,0.0,15150,True
2026-01-18T17:00:00+00:00,17,6,18,1,1,31,27,27,4,4,2,0.6667,10,0,1.0,10071,11000,0.9155,27.3,15.05,9,4,9,16,3659,12211,30.5,11.6,0.0,0.0,3.0,0.0,15150,True
2026-01-18T18:00:00+00:00,18,6,18,1,1,32,28,28,4,4,2,0.6667,10,0,1.0,10071,11000,0.9155,27.3,15.05,9,5,9,16,3948,12211,30.1,16.8,0.0,0.0,2.96,0.0,15150,True
2026-01-18T19:00:00+00:00,19,6,18,1,1,32,28,28,4,4,2,0.6667,10,0,1.0,10168,11000,0.9244,28.55,15.15,10,4,8,15,2791,11054,30.1,15.8,0.0,0.0,2.68,0.0,15404,True
2026-01-18T20:00:00+00:00,20,6,18,1,1,31,27,27,4,4,2,0.6667,10,0,1.0,9892,11000,0.8993,29.7,12.4,9,6,7,16,4592,11990,28.9,19.9,3.5,0.2,2.36,0.0,16512,True
2026-01-18T21:00:00+00:00,21,6,18,1,1,33,29,29,4,4,2,0.6667,10,0,1.0,9892,11000,0.8993,29.7,12.4,9,6,8,16,4592,11990,28.7,16.0,0.0,0.0,1.98,0.0,16512,True
2026-01-18T22:00:00+00:00,22,6,18,1,1,33,29,29,4,4,2,0.6667,10,0,1.0,9892,11000,0.8993,29.7,12.4,9,4,7,15,2610,11165,26.8,12.5,0.0,0.0,1.61,0.0,16512,True
2026-01-18T23:00:00+00:00,23,6,18,1,1,34,30,30,4,4,2,0.6667,10,0,1.0,9892,11000,0.8993,29.7,12.4,9,5,7,16,3126,11651,25.6,11.8,0.0,0.0,1.22,0.2,16512,True
2026-01-19T00:00:00+00:00,0,0,19,1,0,34,30,30,4,4,2,0.6667,10,0,1.0,9892,11000,0.8993,29.7,12.4,9,4,7,15,2837,11362,25.4,11.6,0.0,0.0,0.82,0.4,16512,True
2026-01-19T01:00:00+00:00,1,0,19,1,0,36,32,32,4,4,2,0.6667,10,0,1.0,10241,11000,0.931,31.05,13.6,9,4,7,15,2837,11362,25.5,16.5,7.6,0.2,0.79,0.4,16786,True
2026-01-19T02:00:00+00:00,2,0,19,1,0,36,32,32,4,4,2,0.6667,10,0,1.0,10241,11000,0.931,31.05,13.6,9,1,6,12,516,9041,24.8,27.2,21.1,0.5,1.02,0.2,16786,True
2026-01-19T03:00:00+00:00,3,0,19,1,0,36,32,32,4,4,2,0.6667,10,0,1.0,10241,11000,0.931,31.05,13.6,9,2,6,12,804,9041,24.4,18.4,6.3,0.2,1.61,0.0,16786,True
2026-01-19T04:00:00+00:00,4,0,19,1,0,37,33,33,4,4,2,0.6667,10,0,1.0,10241,11000,0.931,31.05,13.6,9,3,7,12,1339,9041,24.7,27.9,18.7,0.5,2.4,0.0,16786,True
2026-01-19T05:00:00+00:00,5,0,19,1,0,37,33,33,4,4,2,0.6667,10,0,1.0,10241,11000,0.931,31.05,13.6,9,2,7,11,823,8525,24.2,6.3,0.0,0.0,2.88,0.0,16786,True
2026-01-19T06:00:00+00:00,6,0,19,1,0,36,32,32,4,4,2,0.6667,10,0,1.0,11000,11000,1.0,32.5,16.65,8,3,7,11,1632,8525,25.0,10.4,0.0,0.0,3.04,0.0,17285,True
2026-01-19T07:00:00+00:00,7,0,19,1,0,36,32,32,4,4,2,0.6667,10,0,1.0,11000,11000,1.0,32.5,16.65,8,3,7,11,1632,8525,25.3,8.6,0.0,0.0,2.81,0.0,17285,True
2026-01-19T08:00:00+00:00,8,0,19,1,0,36,32,32,4,4,2,0.6667,10,0,1.0,11000,11000,1.0,33.8,16.5,8,5,9,11,3557,8525,26.7,18.8,12.9,0.5,2.49,0.0,18099,True
2026-01-19T09:00:00+00:00,9,0,19,1,0,37,33,33,4,4,2,0.6667,10,0,1.0,11000,11000,1.0,33.8,16.5,8,4,8,10,3269,8237,28.4,9.7,0.0,0.0,2.11,0.0,18099,True
2026-01-19T10:00:00+00:00,10,0,19,1,0,37,33,33,4,4,2,0.6667,10,0,1.0,11000,11000,1.0,33.8,16.5,8,4,8,9,3469,7702,28.4,7.4,0.0,0.0,1.77,0.0,18099,True
2026-01-19T11:00:00+00:00,11,0,19,1,0,37,33,33,4,4,2,0.6667,10,0,1.0,11000,11000,1.0,35.15,16.17,8,5,9,9,4603,7702,29.5,8.5,0.0,0.0,1.34,0.2,19239,True
2026-01-19T12:00:00+00:00,12,0,19,1,0,36,32,32,4,4,2,0.6667,10,0,1.0,11000,11000,1.0,36.5,18.6,8,4,8,8,3794,6893,30.1,12.1,0.0,0.0,0.95,0.4,19779,True
2026-01-19T13:00:00+00:00,13,0,19,1,0,38,34,34,4,4,2,0.6667,10,0,1.0,11000,11000,1.0,36.5,18.6,9,4,8,8,3794,6893,30.4,9.4,0.0,0.0,0.73,0.4,19779,True
2026-01-19T14:00:00+00:00,14,0,19,1,0,38,34,34,4,4,2,0.6667,10,0,1.0,11000,11000,1.0,36.5,18.6,9,4,6,6,3325,4968,31.0,12.6,0.0,0.0,0.8,0.4,19779,True
2026-01-19T15:00:00+00:00,15,0,19,1,0,39,35,35,4,4,2,0.6667,10,0,1.0,11000,11000,1.0,36.5,18.6,10,4,6,6,3325,4968,32.1,16.3,0.0,0.0,1.32,0.2,19779,True
2026-01-19T16:00:00+00:00,16,0,19,1,0,40,36,36,4,4,2,0.6667,10,0,1.0,11000,11000,1.0,36.5,18.6,10,4,5,5,3747,4233,31.7,14.7,0.0,0.0,2.09,0.0,19779,True
2026-01-19T17:00:00+00:00,17,0,19,1,0,40,36,36,4,4,2,0.6667,10,0,1.0,11000,11000,1.0,36.5,18.6,10,4,4,4,3099,3099,30.2,19.0,7.7,0.2,2.7,0.0,19779,True
2026-01-19T18:00:00+00:00,18,0,19,1,0,40,36,36,4,4,2,0.6667,10,0,1.0,11000,11000,1.0,36.5,18.6,10,4,4,4,3099,3099,30.3,16.5,0.0,0.0,3.04,0.0,19779,True
2026-01-19T19:00:00+00:00,19,0,19,1,0,42,38,38,4,4,2,0.6667,10,0,1.0,11000,11000,1.0,36.5,18.6,10,4,4,4,3099,3099,29.7,16.9,0.0,0.0,2.93,0.0,19779,True
2026-01-19T20:00:00+00:00,20,0,19,1,0,42,38,38,4,4,2,0.6667,10,0,1.0,11000,11000,1.0,36.5,18.6,10,2,2,2,1643,1643,28.2,14.9,0.0,0.0,2.61,0.0,19779,True
2026-01-19T21:00:00+00:00,21,0,19,1,0,43,39,39,4,4,2,0.6667,10,0,1.0,11000,11000,1.0,36.5,18.6,10,2,2,2,1643,1643,28.0,25.4,5.3,0.2,2.29,0.0,19779,True
2026-01-19T22:00:00+00:00,22,0,19,1,0,44,40,40,4,4,2,0.6667,10,0,1.0,11000,11000,1.0,36.5,18.6,10,1,1,1,486,486,27.7,12.6,0.0,0.0,1.94,0.0,19779,True
2026-01-19T23:00:00+00:00,23,0,19,1,0,43,39,39,4,4,2,0.6667,10,0,1.0,10769,11000,0.979,38.45,16.48,9,0,0,0,0,0,26.2,14.2,0.0,0.0,1.53,0.0,20559,True
2026-01-20T00:00:00+00:00,0,1,20,1,0,43,39,39,4,4,2,0.6667,10,0,1.0,10769,11000,0.979,38.45,16.48,9,0,0,0,0,0,25.9,11.4,0.0,0.0,1.14,0.2,20559,True
2026-01-20T01:00:00+00:00,1,1,20,1,0,43,39,39,4,4,2,0.6667,10,0,1.0,10769,11000,0.979,38.45,16.48,9,0,0,0,0,0,25.7,12.4,0.0,0.0,0.87,0.4,20559,True
2026-01-20T02:00:00+00:00,2,1,20,1,0,43,39,39,4,4,2,0.6667,10,0,1.0,10769,11000,0.979,38.45,16.48,9,0,0,0,0,0,25.3,6.9,0.0,0.0,0.73,0.4,20559,True
2026-01-20T03:00:00+00:00,3,1,20,1,0,43,39,39,4,4,2,0.6667,10,0,1.0,10769,11000,0.979,38.45,16.48,9,0,0,0,0,0,25.1,22.5,18.9,0.5,1.13,0.2,20559,True
2026-01-20T04:00:00+00:00,4,1,20,1,0,42,38,38,4,4,2,0.6667,10,0,1.0,10198,11000,0.9271,40.75,12.28,9,0,0,0,0,0,24.7,5.6,0.0,0.0,1.75,0.0,21733,True
2026-01-20T05:00:00+00:00,5,1,20,1,0,42,38,38,4,4,2,0.6667,10,0,1.0,10198,11000,0.9271,40.75,12.28,9,0,0,0,0,0,25.2,16.5,4.4,0.2,2.43,0.0,21733,True
2026-01-20T06:00:00+00:00,6,1,20,1,0,41,37,37,4,4,2,0.6667,10,0,1.0,10454,11000,0.9504,42.85,13.02,9,0,0,0,0,0,25.8,21.4,19.5,0.5,2.99,0.0,22048,True
2026-01-20T07:00:00+00:00,7,1,20,1,0,41,37,37,4,4,2,0.6667,10,0,1.0,10454,11000,0.9504,42.85,13.02,9,0,0,0,0,0,26.2,7.5,0.0,0.0,3.09,0.0,22048,True
2026-01-20T08:00:00+00:00,8,1,20,1,0,40,36,36,4,4,2,0.6667,10,0,1.0,10176,11000,0.9251,44.7,10.3,9,0,0,0,0,0,27.5,7.1,0.0,0.0,2.77,0.0,23113,True
2026-01-20T09:00:00+00:00,9,1,20,1,0,38,34,34,4,4,2,0.6667,10,0,1.0,10234,11000,0.9304,48.1,8.75,8,0,0,0,0,0,27.1,12.1,0.0,0.0,2.45,0.0,24433,True
2026-01-20T10:00:00+00:00,10,1,20,1,0,38,34,34,4,4,2,0.6667,10,0,1.0,10234,11000,0.9304,48.1,8.75,8,0,0,0,0,0,28.8,7.0,0.0,0.0,2.0,0.0,24433,True
2026-01-20T11:00:00+00:00,11,1,20,1,0,38,34,34,4,4,2,0.6667,10,0,1.0,10234,11000,0.9304,48.1,8.75,8,0,0,0,0,0,29.2,15.4,3.0,0.2,1.66,0.0,24433,True
2026-01-20T12:00:00+00:00,12,1,20,1,0,38,34,34,4,4,2,0.6667,10,0,1.0,10234,11000,0.9304,48.1,8.75,8,0,0,0,0,0,30.8,9.2,0.0,0.0,1.31,0.2,24433,True
2026-01-20T13:00:00+00:00,13,1,20,1,0,37,33,33,4,4,2,0.6667,10,0,1.0,10832,11000,0.9847,49.7,11.23,8,0,0,0,0,0,31.6,14.0,0.0,0.0,0.92,0.4,24621,True
2026-01-20T14:00:00+00:00,14,1,20,1,0,37,33,33,4,4,2,0.6667,10,0,1.0,10832,11000,0.9847,49.7,11.23,8,0,0,0,0,0,31.9,24.3,14.9,0.5,0.69,0.4,24621,True
2026-01-20T15:00:00+00:00,15,1,20,1,0,37,33,33,4,4,2,0.6667,10,0,1.0,10832,11000,0.9847,49.7,11.23,8,0,0,0,0,0,31.6,14.9,0.0,0.0,0.91,0.4,24621,True
2026-01-20T16:00:00+00:00,16,1,20,1,0,36,32,32,4,4,2,0.6667,10,0,1.0,11000,11000,1.0,51.45,12.55,7,0,0,0,0,0,31.8,17.5,0.0,0.0,1.42,0.0,25097,True
2026-01-20T17:00:00+00:00,17,1,20,1,0,35,31,31,4,4,2,0.6667,10,0,1.0,11000,11000,1.0,53.0,14.25,7,0,0,0,0,0,31.0,14.5,0.0,0.0,2.15,0.0,25564,True
2026-01-20T18:00:00+00:00,18,1,20,1,0,35,31,31,4,4,2,0.6667,10,0,1.0,11000,11000,1.0,53.0,14.25,7,0,0,0,0,0,30.3,17.8,2.5,0.2,2.77,0.0,25564,True
2026-01-20T19:00:00+00:00,19,1,20,1,0,35,31,31,4,4,2,0.6667,10,0,1.0,11000,11000,1.0,53.0,14.25,7,0,0,0,0,0,28.9,23.6,3.4,0.2,3.02,0.0,25564,True
2026-01-20T20:00:00+00:00,20,1,20,1,0,35,31,31,4,4,2,0.6667,10,0,1.0,11000,11000,1.0,53.0,14.25,7,0,0,0,0,0,28.0,15.2,0.0,0.0,2.9,0.0,25564,True
2026-01-20T21:00:00+00:00,21,1,20,1,0,35,31,31,4,4,2,0.6667,10,0,1.0,11000,11000,1.0,53.0,14.25,7,0,0,0,0,0,27.2,19.5,6.6,0.2,2.62,0.0,25564,True
2026-01-20T22:00:00+00:00,22,1,20,1,0,35,31,31,4,4,2,0.6667,10,0,1.0,11000,11000,1.0,53.0,14.25,7,0,0,0,0,0,26.3,11.4,0.0,0.0,2.19,0.0,25564,True
2026-01-20T23:00:00+00:00,23,1,20,1,0,35,31,31,4,4,2,0.6667,10,0,1.0,11000,11000,1.0,53.0,14.25,7,0,0,0,0,0,27.1,11.7,0.0,0.0,1.87,0.0,25564,True
2026-01-21T00:00:00+00:00,0,2,21,1,0,35,31,31,4,4,2,0.6667,10,0,1.0,11000,11000,1.0,53.0,14.25,7,0,0,0,0,0,25.2,17.9,4.6,0.2,1.44,0.0,25564,True
2026-01-21T01:00:00+00:00,1,2,21,1,0,34,30,30,4,4,2,0.6667,10,0,1.0,11000,11000,1.0,55.1,15.43,7,0,0,0,0,0,25.4,12.9,0.0,0.0,1.04,0.2,26358,True
2026-01-21T02:00:00+00:00,2,2,21,1,0,34,30,30,4,4,2,0.6667,10,0,1.0,11000,11000,1.0,55.1,15.43,7,0,0,0,0,0,24.6,11.8,0.0,0.0,0.81,0.4,26358,True
2026-01-21T03:00:00+00:00,3,2,21,1,0,33,29,29,4,4,2,0.6667,10,0,1.0,10750,11000,0.9773,56.75,13.28,7,0,0,0,0,0,24.2,6.6,0.0,0.0,0.79,0.4,27087,True
2026-01-21T04:00:00+00:00,4,2,21,1,0,33,29,29,4,4,2,0.6667,10,0,1.0,10750,11000,0.9773,56.75,13.28,7,0,0,0,0,0,24.4,10.8,0.0,0.0,1.14,0.2,27087,True
2026-01-21T05:00:00+00:00,5,2,21,1,0,33,29,29,4,4,2,0.6667,10,0,1.0,10750,11000,0.9773,56.75,13.28,7,0,0,0,0,0,24.7,8.6,0.0,0.0,1.84,0.0,27087,True
2026-01-21T06:00:00+00:00,6,2,21,1,0,33,29,29,4,4,2,0.6667,10,0,1.0,10750,11000,0.9773,56.75,13.28,7,0,0,0,0,0,26.2,8.7,0.0,0.0,2.53,0.0,27087,True
2026-01-21T07:00:00+00:00,7,2,21,1,0,32,28,28,4,4,2,0.6667,10,0,1.0,10520,11000,0.9564,58.55,11.18,6,0,0,0,0,0,25.3,10.2,0.0,0.0,2.98,0.0,27857,True
2026-01-21T08:00:00+00:00,8,2,21,1,0,31,27,27,4,4,2,0.6667,10,0,1.0,11000,11000,1.0,60.4,14.95,6,0,0,0,0,0,27.5,12.1,0.0,0.0,3.03,0.0,28117,True
2026-01-21T09:00:00+00:00,9,2,21,1,0,30,26,26,4,4,2,0.6667,10,0,1.0,11000,11000,1.0,62.2,14.72,6,0,0,0,0,0,27.6,11.4,0.0,0.0,2.79,0.0,28958,True
2026-01-21T10:00:00+00:00,10,2,21,1,0,30,26,26,4,4,2,0.6667,10,0,1.0,11000,11000,1.0,62.2,14.72,6,0,0,0,0,0,28.8,33.8,22.8,0.85,2.36,0.0,28958,True
2026-01-21T11:00:00+00:00,11,2,21,1,0,30,26,26,4,4,2,0.6667,10,0,1.0,11000,11000,1.0,62.2,14.72,6,0,0,0,0,0,28.9,9.3,0.0,0.0,1.94,0.0,28958,True
2026-01-21T12:00:00+00:00,12,2,21,1,0,30,26,26,4,4,2,0.6667,10,0,1.0,11000,11000,1.0,62.2,14.72,6,0,0,0,0,0,29.8,21.0,5.2,0.2,1.59,0.0,28958,True
2026-01-21T13:00:00+00:00,13,2,21,1,0,30,26,26,4,4,2,0.6667,10,0,1.0,11000,11000,1.0,62.2,14.72,6,0,0,0,0,0,30.9,12.1,0.0,0.0,1.26,0.2,28958,True
2026-01-21T14:00:00+00:00,14,2,21,1,0,29,25,25,4,4,2,0.6667,10,0,1.0,11000,11000,1.0,64.0,18.5,6,0,0,0,0,0,31.1,16.3,0.0,0.0,0.9,0.4,29267,True
2026-01-21T15:00:00+00:00,15,2,21,1,0,29,25,25,4,4,2,0.6667,10,0,1.0,11000,11000,1.0,64.0,18.5,6,0,0,0,0,0,31.5,10.3,0.0,0.0,0.78,0.4,29267,True
2026-01-21T16:00:00+00:00,16,2,21,1,0,29,25,25,4,4,2,0.6667,10,0,1.0,11000,11000,1.0,64.0,18.5,6,0,0,0,0,0,32.3,10.6,0.0,0.0,1.01,0.2,29267,True
2026-01-21T17:00:00+00:00,17,2,21,1,0,29,25,25,4,4,2,0.6667,10,0,1.0,11000,11000,1.0,64.0,18.5,6,0,0,0,0,0,31.4,17.3,0.0,0.0,1.52,0.0,29267,True
2026-01-21T18:00:00+00:00,18,2,21,1,0,29,25,25,4,4,2,0.6667,10,0,1.0,11000,11000,1.0,64.0,18.5,6,0,0,0,0,0,30.9,11.6,0.0,0.0,2.33,0.0,29267,True
2026-01-21T19:00:00+00:00,19,2,21,1,0,29,25,25,4,4,2,0.6667,10,0,1.0,11000,11000,1.0,64.0,18.5,6,0,0,0,0,0,30.2,11.9,0.0,0.0,2.87,0.0,29267,True
2026-01-21T20:00:00+00:00,20,2,21,1,0,29,25,25,4,4,2,0.6667,10,0,1.0,11000,11000,1.0,64.0,18.5,6,0,0,0,0,0,29.1,36.0,29.6,0.85,3.05,0.0,29267,True
2026-01-21T21:00:00+00:00,21,2,21,1,0,28,24,24,4,4,2,0.6667,10,0,1.0,11000,11000,1.0,65.9,18.53,6,0,0,0,0,0,27.1,12.0,0.0,0.0,2.93,0.0,30319,True
2026-01-21T22:00:00+00:00,22,2,21,1,0,28,24,24,4,4,2,0.6667,10,0,1.0,11000,11000,1.0,65.9,18.53,6,0,0,0,0,0,26.4,10.2,0.0,0.0,2.54,0.0,30319,True
2026-01-21T23:00:00+00:00,23,2,21,1,0,28,24,24,4,4,2,0.6667,10,0,1.0,11000,11000,1.0,65.9,18.53,6,0,0,0,0,0,26.3,19.2,2.5,0.2,2.09,0.0,30319,True
2026-01-22T00:00:00+00:00,0,3,22,1,0,28,24,24,4,4,2,0.6667,10,0,1.0,11000,11000,1.0,65.9,18.53,6,0,0,0,0,0,26.1,14.6,0.0,0.0,1.8,0.0,30319,True
2026-01-22T01:00:00+00:00,1,3,22,1,0,27,23,23,4,4,2,0.6667,10,0,1.0,11000,11000,1.0,67.8,19.83,6,0,0,0,0,0,24.9,12.0,0.0,0.0,1.43,0.0,31112,True
2026-01-22T02:00:00+00:00,2,3,22,1,0,27,23,23,4,4,2,0.6667,10,0,1.0,11000,11000,1.0,67.8,19.83,6,0,0,0,0,0,25.3,10.1,0.0,0.0,1.04,0.2,31112,True
2026-01-22T03:00:00+00:00,3,3,22,1,0,27,23,23,4,4,2,0.6667,10,0,1.0,11000,11000,1.0,67.8,19.83,6,0,0,0,0,0,25.3,10.0,0.0,0.0,0.78,0.4,31112,True
2026-01-22T04:00:00+00:00,4,3,22,1,0,27,23,23,4,4,2,0.6667,10,0,1.0,11000,11000,1.0,67.8,19.83,6,0,0,0,0,0,24.3,18.9,2.7,0.2,0.84,0.4,31112,True
2026-01-22T05:00:00+00:00,5,3,22,1,0,26,22,22,4,4,2,0.6667,10,0,1.0,11000,11000,1.0,69.75,18.55,6,0,0,0,0,0,24.6,8.0,0.0,0.0,1.23,0.2,32203,True
2026-01-22T06:00:00+00:00,6,3,22,1,0,26,22,22,4,4,2,0.6667,10,0,1.0,11000,11000,1.0,69.75,18.55,6,0,0,0,0,0,25.8,9.6,0.0,0.0,1.99,0.0,32203,True
2026-01-22T07:00:00+00:00,7,3,22,1,0,26,22,22,4,4,2,0.6667,10,0,1.0,11000,11000,1.0,69.75,18.55,6,0,0,0,0,0,25.3,5.6,0.0,0.0,2.71,0.0,32203,True
2026-01-22T08:00:00+00:00,8,3,22,1,0,26,22,22,4,4,2,0.6667,10,0,1.0,11000,11000,1.0,69.75,18.55,6,0,0,0,0,0,27.8,11.5,0.0,0.0,3.07,0.0,32203,True
2026-01-22T09:00:00+00:00,9,3,22,1,0,26,22,22,4,4,2,0.6667,10,0,1.0,11000,11000,1.0,69.75,18.55,6,0,0,0,0,0,27.2,8.7,0.0,0.0,3.04,0.0,32203,True
2026-01-22T10:00:00+00:00,10,3,22,1,0,26,22,22,4,4,2,0.6667,10,0,1.0,11000,11000,1.0,69.75,18.55,6,0,0,0,0,0,28.8,13.2,0.0,0.0,2.72,0.0,32203,True
2026-01-22T11:00:00+00:00,11,3,22,1,0,26,22,22,4,4,2,0.6667,10,0,1.0,11000,11000,1.0,69.75,18.55,6,0,0,0,0,0,29.1,13.3,0.0,0.0,2.27,0.0,32203,True
2026-01-22T12:00:00+00:00,12,3,22,1,0,25,21,21,4,4,2,0.6667,10,0,1.0,10708,11000,0.9735,71.85,15.68,6,0,0,0,0,0,30.1,10.9,0.0,0.0,1.91,0.0,33342,True
2026-01-22T13:00:00+00:00,13,3,22,1,0,25,21,21,4,4,2,0.6667,10,0,1.0,10708,11000,0.9735,71.85,15.68,6,0,0,0,0,0,30.2,12.8,0.0,0.0,1.55,0.0,33342,True
2026-01-22T14:00:00+00:00,14,3,22,1,0,25,21,21,4,4,2,0.6667,10,0,1.0,10708,11000,0.9735,71.85,15.68,6,0,0,0,0,0,31.8,13.6,0.0,0.0,1.16,0.2,33342,True
2026-01-22T15:00:00+00:00,15,3,22,1,0,25,21,21,4,4,2,0.6667,10,0,1.0,10708,11000,0.9735,71.85,15.68,6,0,0,0,0,0,31.3,22.1,6.6,0.2,0.89,0.4,33342,True
2026-01-22T16:00:00+00:00,16,3,22,1,0,25,21,21,4,4,2,0.6667,10,0,1.0,10708,11000,0.9735,71.85,15.68,6,0,0,0,0,0,30.5,17.5,0.0,0.0,0.77,0.4,33342,True
2026-01-22T17:00:00+00:00,17,3,22,1,0,24,20,20,4,4,2,0.6667,10,0,1.0,10717,11000,0.9743,74.15,14.28,5,0,0,0,0,0,31.4,11.7,0.0,0.0,1.04,0.2,34398,True
2026-01-22T18:00:00+00:00,18,3,22,1,0,24,20,20,4,4,2,0.6667,10,0,1.0,10717,11000,0.9743,74.15,14.28,5,0,0,0,0,0,29.9,17.4,0.0,0.0,1.7,0.0,34398,True
2026-01-22T19:00:00+00:00,19,3,22,1,0,24,20,20,4,4,2,0.6667,10,0,1.0,10717,11000,0.9743,74.15,14.28,5,0,0,0,0,0,29.7,16.9,0.0,0.0,2.37,0.0,34398,True
2026-01-22T20:00:00+00:00,20,3,22,1,0,23,19,19,4,4,2,0.6667,10,0,1.0,11000,11000,1.0,76.0,15.85,5,0,0,0,0,0,29.4,10.9,0.0,0.0,2.97,0.0,35209,True
2026-01-22T21:00:00+00:00,21,3,22,1,0,22,18,18,4,4,2,0.6667,10,0,1.0,10765,11000,0.9786,77.6,13.32,4,0,0,0,0,0,27.5,14.8,0.0,0.0,3.04,0.0,36288,True
2026-01-22T22:00:00+00:00,22,3,22,1,0,21,17,17,4,4,2,0.6667,10,0,1.0,11000,11000,1.0,79.1,14.8,4,0,0,0,0,0,26.8,14.9,0.0,0.0,2.86,0.0,36793,True
2026-01-22T23:00:00+00:00,23,3,22,1,0,21,17,17,4,4,2,0.6667,10,0,1.0,11000,11000,1.0,79.1,14.8,4,0,0,0,0,0,26.1,15.6,0.0,0.0,2.44,0.0,36793,True
2026-01-23T00:00:00+00:00,0,4,23,1,0,21,17,17,4,4,2,0.6667,10,0,1.0,11000,11000,1.0,79.1,14.8,4,0,0,0,0,0,26.4,11.8,0.0,0.0,2.09,0.0,36793,True
2026-01-23T01:00:00+00:00,1,4,23,1,0,21,17,17,4,4,2,0.6667,10,0,1.0,11000,11000,1.0,79.1,14.8,4,0,0,0,0,0,25.7,14.2,0.0,0.0,1.69,0.0,36793,True
2026-01-23T02:00:00+00:00,2,4,23,1,0,21,17,17,4,4,2,0.6667,10,0,1.0,11000,11000,1.0,79.1,14.8,4,0,0,0,0,0,23.9,8.8,0.0,0.0,1.39,0.2,36793,True
2026-01-23T03:00:00+00:00,3,4,23,1,0,21,17,17,4,4,2,0.6667,10,0,1.0,11000,11000,1.0,79.1,14.8,4,0,0,0,0,0,24.4,7.8,0.0,0.0,0.93,0.4,36793,True
2026-01-23T04:00:00+00:00,4,4,23,1,0,21,17,17,4,4,2,0.6667,10,0,1.0,11000,11000,1.0,79.1,14.8,4,0,0,0,0,0,24.0,9.3,0.0,0.0,0.77,0.4,36793,True
2026-01-23T05:00:00+00:00,5,4,23,1,0,21,17,17,4,4,2,0.6667,10,0,1.0,11000,11000,1.0,79.1,14.8,4,0,0,0,0,0,25.7,11.4,0.0,0.0,0.87,0.4,36793,True
2026-01-23T06:00:00+00:00,6,4,23,1,0,21,17,17,4,4,2,0.6667,10,0,1.0,11000,11000,1.0,79.1,14.8,4,0,0,0,0,0,26.3,11.3,0.0,0.0,1.33,0.2,36793,True
2026-01-23T07:00:00+00:00,7,4,23,1,0,19,15,15,4,4,2,0.6667,10,0,1.0,11000,11000,1.0,83.2,15.6,4,0,0,0,0,0,26.7,19.8,11.5,0.5,2.11,0.0,38061,True
2026-01-23T08:00:00+00:00,8,4,23,1,0,19,15,15,4,4,2,0.6667,10,0,1.0,11000,11000,1.0,83.2,15.6,4,0,0,0,0,0,27.3,14.1,6.6,0.2,2.76,0.0,38061,True
2026-01-23T09:00:00+00:00,9,4,23,1,0,19,15,15,4,4,2,0.6667,10,0,1.0,11000,11000,1.0,83.2,15.6,4,0,0,0,0,0,27.6,15.4,7.4,0.2,3.02,0.0,38061,True
2026-01-23T10:00:00+00:00,10,4,23,1,0,19,15,15,4,4,2,0.6667,10,0,1.0,11000,11000,1.0,83.2,15.6,4,0,0,0,0,0,28.9,11.7,0.0,0.0,2.91,0.0,38061,True
2026-01-23T11:00:00+00:00,11,4,23,1,0,19,15,15,4,4,2,0.6667,10,0,1.0,11000,11000,1.0,83.2,15.6,4,0,0,0,0,0,30.1,10.2,0.0,0.0,2.6,0.0,38061,True
2026-01-23T12:00:00+00:00,12,4,23,1,0,19,15,15,4,4,2,0.6667,10,0,1.0,11000,11000,1.0,83.2,15.6,4,0,0,0,0,0,31.1,20.5,6.4,0.2,2.19,0.0,38061,True
2026-01-23T13:00:00+00:00,13,4,23,1,0,18,14,14,4,4,2,0.6667,10,0,1.0,11000,11000,1.0,85.45,16.2,3,0,0,0,0,0,31.2,18.3,6.7,0.2,1.85,0.0,38350,True
2026-01-23T14:00:00+00:00,14,4,23,1,0,17,13,13,4,4,2,0.6667,10,0,1.0,11000,11000,1.0,87.65,17.62,3,0,0,0,0,0,31.9,10.2,0.0,0.0,1.56,0.0,39179,True
2026-01-23T15:00:00+00:00,15,4,23,1,0,17,13,13,4,4,2,0.6667,10,0,1.0,11000,11000,1.0,87.65,17.62,3,0,0,0,0,0,32.3,11.6,0.0,0.0,1.14,0.2,39179,True
2026-01-23T16:00:00+00:00,16,4,23,1,0,17,13,13,4,4,2,0.6667,10,0,1.0,11000,11000,1.0,87.65,17.62,3,0,0,0,0,0,31.2,10.8,0.0,0.0,0.76,0.4,39179,True
2026-01-23T17:00:00+00:00,17,4,23,1,0,17,13,13,4,4,2,0.6667,10,0,1.0,11000,11000,1.0,87.65,17.62,3,0,0,0,0,0,31.3,15.8,0.0,0.0,0.8,0.4,39179,True
2026-01-23T18:00:00+00:00,18,4,23,1,0,16,12,12,4,4,2,0.6667,10,0,1.0,10948,11000,0.9953,90.0,15.82,3,0,0,0,0,0,29.8,20.3,7.1,0.2,1.16,0.2,40336,True
2026-01-23T19:00:00+00:00,19,4,23,1,0,16,12,12,4,4,2,0.6667,10,0,1.0,10948,11000,0.9953,90.0,15.82,3,0,0,0,0,0,29.8,16.4,0.0,0.0,1.76,0.0,40336,True
2026-01-23T20:00:00+00:00,20,4,23,1,0,16,12,12,4,4,2,0.6667,10,0,1.0,10948,11000,0.9953,90.0,15.82,3,0,0,0,0,0,28.0,15.3,0.0,0.0,2.53,0.0,40336,True
2026-01-23T21:00:00+00:00,21,4,23,1,0,16,12,12,4,4,2,0.6667,10,0,1.0,10948,11000,0.9953,90.0,15.82,3,0,0,0,0,0,27.9,33.2,22.5,0.85,2.99,0.0,40336,True
2026-01-23T22:00:00+00:00,22,4,23,1,0,15,11,11,4,4,2,0.6667,10,0,1.0,11000,11000,1.0,92.4,16.25,3,0,0,0,0,0,26.4,14.8,0.0,0.0,3.0,0.0,40757,True
2026-01-23T23:00:00+00:00,23,4,23,1,0,15,11,11,4,4,2,0.6667,10,0,1.0,11000,11000,1.0,92.4,16.25,3,0,0,0,0,0,25.6,29.9,12.9,0.5,2.82,0.0,40757,True
2026-01-24T00:00:00+00:00,0,5,24,1,1,15,11,11,4,4,2,0.6667,10,0,1.0,11000,11000,1.0,92.4,16.25,3,0,0,0,0,0,25.9,10.2,0.0,0.0,2.37,0.0,40757,True
2026-01-24T01:00:00+00:00,1,5,24,1,1,15,11,11,4,4,2,0.6667,10,0,1.0,11000,11000,1.0,92.4,16.25,3,0,0,0,0,0,25.8,8.0,0.0,0.0,2.01,0.0,40757,True
2026-01-24T02:00:00+00:00,2,5,24,1,1,15,11,11,4,4,2,0.6667,10,0,1.0,11000,11000,1.0,92.4,16.25,3,0,0,0,0,0,23.7,8.9,0.0,0.0,1.69,0.0,40757,True
2026-01-24T03:00:00+00:00,3,5,24,1,1,15,11,11,4,4,2,0.6667,10,0,1.0,11000,11000,1.0,92.4,16.25,3,0,0,0,0,0,25.1,7.9,0.0,0.0,1.24,0.2,40757,True
2026-01-24T04:00:00+00:00,4,5,24,1,1,15,11,11,4,4,2,0.6667,10,0,1.0,11000,11000,1.0,92.4,16.25,3,0,0,0,0,0,24.9,17.9,2.2,0.2,0.95,0.4,40757,True
2026-01-24T05:00:00+00:00,5,5,24,1,1,15,11,11,4,4,2,0.6667,10,0,1.0,11000,11000,1.0,92.4,16.25,3,0,0,0,0,0,24.6,20.5,10.7,0.5,0.77,0.4,40757,True
2026-01-24T06:00:00+00:00,6,5,24,1,1,14,10,10,4,4,2,0.6667,10,0,1.0,10481,11000,0.9528,94.6,12.3,2,0,0,0,0,0,26.2,9.7,0.0,0.0,0.89,0.4,41910,True
2026-01-24T07:00:00+00:00,7,5,24,1,1,14,10,10,4,4,2,0.6667,10,0,1.0,10481,11000,0.9528,94.6,12.3,2,0,0,0,0,0,26.5,7.3,0.0,0.0,1.46,0.0,41910,True
2026-01-24T08:00:00+00:00,8,5,24,1,1,14,10,10,4,4,2,0.6667,10,0,1.0,10481,11000,0.9528,94.6,12.3,2,0,0,0,0,0,27.6,25.9,12.1,0.5,2.19,0.0,41910,True
2026-01-24T09:00:00+00:00,9,5,24,1,1,12,8,8,4,4,2,0.6667,10,0,1.0,10935,11000,0.9941,98.95,12.6,2,0,0,0,0,0,27.9,10.5,0.0,0.0,2.8,0.0,43183,True
2026-01-24T10:00:00+00:00,10,5,24,1,1,12,8,8,4,4,2,0.6667,10,0,1.0,10935,11000,0.9941,98.95,12.6,2,0,0,0,0,0,29.5,10.5,0.0,0.0,3.08,0.0,43183,True
2026-01-24T11:00:00+00:00,11,5,24,1,1,12,8,8,4,4,2,0.6667,10,0,1.0,10935,11000,0.9941,98.95,12.6,2,0,0,0,0,0,28.9,9.0,0.0,0.0,2.94,0.0,43183,True
2026-01-24T12:00:00+00:00,12,5,24,1,1,11,7,7,4,4,2,0.6667,10,0,1.0,11000,11000,1.0,101.05,15.0,1,0,0,0,0,0,30.6,13.3,0.0,0.0,2.53,0.0,43471,True
2026-01-24T13:00:00+00:00,13,5,24,1,1,10,6,6,4,4,2,0.6667,10,0,1.0,11000,11000,1.0,103.2,14.85,1,0,0,0,0,0,31.3,10.4,0.0,0.0,2.17,0.0,44614,True
2026-01-24T14:00:00+00:00,14,5,24,1,1,10,6,6,4,4,2,0.6667,10,0,1.0,11000,11000,1.0,103.2,14.85,1,0,0,0,0,0,31.7,15.5,0.0,0.0,1.78,0.0,44614,True
2026-01-24T15:00:00+00:00,15,5,24,1,1,10,6,6,4,4,2,0.6667,10,0,1.0,11000,11000,1.0,103.2,14.85,1,0,0,0,0,0,31.8,21.3,3.2,0.2,1.41,0.0,44614,True
2026-01-24T16:00:00+00:00,16,5,24,1,1,10,6,6,4,4,2,0.6667,10,0,1.0,11000,11000,1.0,103.2,14.85,1,0,0,0,0,0,31.6,17.3,0.0,0.0,1.1,0.2,44614,True
2026-01-24T17:00:00+00:00,17,5,24,1,1,10,6,6,4,4,2,0.6667,10,0,1.0,11000,11000,1.0,103.2,14.85,1,0,0,0,0,0,30.2,17.6,0.0,0.0,0.82,0.4,44614,True
2026-01-24T18:00:00+00:00,18,5,24,1,1,10,6,6,4,4,2,0.6667,10,0,1.0,11000,11000,1.0,103.2,14.85,1,0,0,0,0,0,30.7,16.1,0.0,0.0,0.75,0.4,44614,True
2026-01-24T19:00:00+00:00,19,5,24,1,1,9,5,5,4,4,2,0.6667,10,0,1.0,11000,11000,1.0,105.6,15.78,0,0,0,0,0,0,29.5,12.9,0.0,0.0,1.17,0.2,45149,True
2026-01-24T20:00:00+00:00,20,5,24,1,1,9,5,5,4,4,2,0.6667,10,0,1.0,11000,11000,1.0,105.6,15.78,0,0,0,0,0,0,28.3,17.2,0.0,0.0,1.91,0.0,45149,True
2026-01-24T21:00:00+00:00,21,5,24,1,1,9,5,5,4,4,2,0.6667,10,0,1.0,11000,11000,1.0,105.6,15.78,0,0,0,0,0,0,27.7,13.3,0.0,0.0,2.62,0.0,45149,True
2026-01-24T22:00:00+00:00,22,5,24,1,1,9,5,5,4,4,2,0.6667,10,0,1.0,11000,11000,1.0,105.6,15.78,0,0,0,0,0,0,26.1,30.6,16.7,0.5,3.04,0.0,45149,True
2026-01-24T23:00:00+00:00,23,5,24,1,1,9,5,5,4,4,2,0.6667,10,0,1.0,11000,11000,1.0,105.6,15.78,0,0,0,0,0,0,26.5,11.4,0.0,0.0,2.98,0.0,45149,True
2026-01-25T00:00:00+00:00,0,6,25,1,1,9,5,5,4,4,2,0.6667,10,0,1.0,11000,11000,1.0,105.6,15.78,0,0,0,0,0,0,25.5,22.2,6.8,0.2,2.77,0.0,45149,True
2026-01-25T01:00:00+00:00,1,6,25,1,1,8,4,4,4,4,2,0.6667,10,0,1.0,11000,11000,1.0,107.95,17.25,0,0,0,0,0,0,24.5,8.7,0.0,0.0,2.36,0.0,45958,True
2026-01-25T02:00:00+00:00,2,6,25,1,1,8,4,4,4,4,2,0.6667,10,0,1.0,11000,11000,1.0,107.95,17.25,0,0,0,0,0,0,24.6,8.8,0.0,0.0,1.93,0.0,45958,True
2026-01-25T03:00:00+00:00,3,6,25,1,1,8,4,4,4,4,2,0.6667,10,0,1.0,11000,11000,1.0,107.95,17.25,0,0,0,0,0,0,24.6,15.1,5.5,0.2,1.6,0.0,45958,True
2026-01-25T04:00:00+00:00,4,6,25,1,1,7,3,3,4,4,2,0.6667,10,0,1.0,11000,11000,1.0,110.1,18.35,0,0,0,0,0,0,25.5,6.9,0.0,0.0,1.24,0.2,46770,True
2026-01-25T05:00:00+00:00,5,6,25,1,1,7,3,3,4,4,2,0.6667,10,0,1.0,11000,11000,1.0,110.1,18.35,0,0,0,0,0,0,25.4,9.6,0.0,0.0,0.83,0.4,46770,True
2026-01-25T06:00:00+00:00,6,6,25,1,1,7,3,3,4,4,2,0.6667,10,0,1.0,11000,11000,1.0,110.1,18.35,0,0,0,0,0,0,25.4,8.1,0.0,0.0,0.76,0.4,46770,True
2026-01-25T07:00:00+00:00,7,6,25,1,1,7,3,3,4,4,2,0.6667,10,0,1.0,11000,11000,1.0,110.1,18.35,0,0,0,0,0,0,26.2,25.2,20.3,0.5,0.98,0.4,46770,True
2026-01-25T08:00:00+00:00,8,6,25,1,1,7,3,3,4,4,2,0.6667,10,0,1.0,11000,11000,1.0,110.1,18.35,0,0,0,0,0,0,27.8,14.6,4.6,0.2,1.6,0.0,46770,True
2026-01-25T09:00:00+00:00,9,6,25,1,1,7,3,3,4,4,2,0.6667,10,0,1.0,11000,11000,1.0,110.1,18.35,0,0,0,0,0,0,28.5,11.5,0.0,0.0,2.3,0.0,46770,True
2026-01-25T10:00:00+00:00,10,6,25,1,1,6,2,2,4,4,2,0.6667,10,0,1.0,10887,11000,0.9897,112.45,16.82,0,0,0,0,0,0,29.3,21.7,7.0,0.2,2.89,0.0,47505,True
2026-01-25T11:00:00+00:00,11,6,25,1,1,5,1,1,4,4,2,0.6667,10,0,1.0,11000,11000,1.0,114.5,17.02,0,0,0,0,0,0,28.8,9.6,0.0,0.0,3.1,0.0,48618,True
2026-01-25T12:00:00+00:00,12,6,25,1,1,5,1,1,4,4,2,0.6667,10,0,1.0,11000,11000,1.0,114.5,17.02,0,0,0,0,0,0,31.4,12.8,0.0,0.0,2.9,0.0,48618,True
2026-01-25T13:00:00+00:00,13,6,25,1,1,5,1,1,4,4,2,0.6667,10,0,1.0,11000,11000,1.0,114.5,17.02,0,0,0,0,0,0,30.6,15.0,0.0,0.0,2.52,0.0,48618,True
2026-01-25T14:00:00+00:00,14,6,25,1,1,5,1,1,4,4,2,0.6667,10,0,1.0,11000,11000,1.0,114.5,17.02,0,0,0,0,0,0,31.8,16.3,0.0,0.0,2.11,0.0,48618,True
2026-01-25T15:00:00+00:00,15,6,25,1,1,5,1,1,4,4,2,0.6667,10,0,1.0,11000,11000,1.0,114.5,17.02,0,0,0,0,0,0,32.5,14.1,0.0,0.0,1.72,0.0,48618,True
2026-01-25T16:00:00+00:00,16,6,25,1,1,5,1,1,4,4,2,0.6667,10,0,1.0,11000,11000,1.0,114.5,17.02,0,0,0,0,0,0,32.4,12.5,0.0,0.0,1.4,0.0,48618,True
2026-01-25T17:00:00+00:00,17,6,25,1,1,5,1,1,4,4,2,0.6667,10,0,1.0,11000,11000,1.0,114.5,17.02,0,0,0,0,0,0,30.7,13.8,0.0,0.0,0.97,0.4,48618,True
2026-01-25T18:00:00+00:00,18,6,25,1,1,4,0,0,4,4,2,0.6667,10,0,1.0,11000,11000,1.0,116.65,17.4,0,0,0,0,0,0,31.4,14.4,0.0,0.0,0.71,0.4,49019,True
2026-01-25T19:00:00+00:00,19,6,25,1,1,4,0,0,4,4,2,0.6667,10,0,1.0,11000,11000,1.0,116.65,17.4,0,0,0,0,0,0,30.2,17.2,0.0,0.0,0.8,0.4,49019,True
2026-01-25T20:00:00+00:00,20,6,25,1,1,4,0,0,4,4,2,0.6667,10,0,1.0,11000,11000,1.0,116.65,17.4,0,0,0,0,0,0,28.8,13.9,0.0,0.0,1.3,0.2,49019,True
2026-01-25T21:00:00+00:00,21,6,25,1,1,4,0,0,4,4,2,0.6667,10,0,1.0,11000,11000,1.0,116.65,17.4,0,0,0,0,0,0,28.8,43.5,41.1,0.85,2.01,0.0,49019,True
2026-01-25T22:00:00+00:00,22,6,25,1,1,4,0,0,4,4,2,0.6667,10,0,1.0,11000,11000,1.0,116.65,17.4,0,0,0,0,0,0,27.5,11.2,0.0,0.0,2.67,0.0,49019,True
2026-01-25T23:00:00+00:00,23,6,25,1,1,3,0,0,3,3,3,0.5,8,2,0.8,10207,11000,0.9279,116.65,16.33,0,0,0,0,0,0,26.2,14.0,0.0,0.0,3.04,0.0,50153,True
2026-01-26T00:00:00+00:00,0,0,26,1,0,3,0,0,3,3,3,0.5,8,2,0.8,10207,11000,0.9279,116.65,16.33,0,0,0,0,0,0,25.1,21.3,6.5,0.2,3.01,0.0,50153,True
2026-01-26T01:00:00+00:00,1,0,26,1,0,2,0,0,2,2,4,0.3333,6,4,0.6,9469,11000,0.8608,116.65,14.9,0,0,0,0,0,0,24.5,12.5,0.0,0.0,2.63,0.0,51208,True
2026-01-26T02:00:00+00:00,2,0,26,1,0,2,0,0,2,2,4,0.3333,6,4,0.6,9469,11000,0.8608,116.65,14.9,0,0,0,0,0,0,25.0,7.9,0.0,0.0,2.23,0.0,51208,True
2026-01-26T03:00:00+00:00,3,0,26,1,0,2,0,0,2,2,4,0.3333,6,4,0.6,9469,11000,0.8608,116.65,14.9,0,0,0,0,0,0,24.9,6.5,0.0,0.0,1.92,0.0,51208,True
2026-01-26T04:00:00+00:00,4,0,26,1,0,1,0,0,1,1,5,0.1667,4,6,0.4,9129,11000,0.8299,116.65,21.0,0,0,0,0,0,0,23.9,9.2,0.0,0.0,1.51,0.0,51694,True
2026-01-26T05:00:00+00:00,5,0,26,1,0,1,0,0,1,1,5,0.1667,4,6,0.4,9129,11000,0.8299,116.65,21.0,0,0,0,0,0,0,25.9,9.4,0.0,0.0,1.18,0.2,51694,True
2026-01-26T06:00:00+00:00,6,0,26,1,0,1,0,0,1,1,5,0.1667,4,6,0.4,9129,11000,0.8299,116.65,21.0,0,0,0,0,0,0,25.8,8.5,0.0,0.0,0.87,0.4,51694,True
2026-01-26T07:00:00+00:00,7,0,26,1,0,1,0,0,1,1,5,0.1667,4,6,0.4,9129,11000,0.8299,116.65,21.0,0,0,0,0,0,0,27.1,8.5,0.0,0.0,0.73,0.4,51694,True
2026-01-26T08:00:00+00:00,8,0,26,1,0,1,0,0,1,1,5,0.1667,4,6,0.4,9129,11000,0.8299,116.65,21.0,0,0,0,0,0,0,27.0,11.6,0.0,0.0,1.08,0.2,51694,True
2026-01-26T09:00:00+00:00,9,0,26,1,0,0,0,0,0,0,6,0.0,2,8,0.2,8320,11000,0.7564,116.65,0.0,0,0,0,0,0,0,27.1,7.2,0.0,0.0,1.67,0.0,52851,True
2026-01-26T10:00:00+00:00,10,0,26,1,0,0,0,0,0,0,6,0.0,2,8,0.2,8320,11000,0.7564,116.65,0.0,0,0,0,0,0,0,29.3,8.0,0.0,0.0,2.5,0.0,52851,True
2026-01-26T11:00:00+00:00,11,0,26,1,0,0,0,0,0,0,6,0.0,2,8,0.2,8320,11000,0.7564,116.65,0.0,0,0,0,0,0,0,30.3,9.9,0.0,0.0,2.9,0.0,52851,True
2026-01-26T12:00:00+00:00,12,0,26,1,0,0,0,0,0,0,6,0.0,2,8,0.2,8320,11000,0.7564,116.65,0.0,0,0,0,0,0,0,29.7,8.5,0.0,0.0,3.08,0.0,52851,True
2026-01-26T13:00:00+00:00,13,0,26,1,0,0,0,0,0,0,6,0.0,2,8,0.2,8320,11000,0.7564,116.65,0.0,0,0,0,0,0,0,30.8,30.8,18.9,0.5,2.77,0.0,52851,True
2026-01-26T14:00:00+00:00,14,0,26,1,0,0,0,0,0,0,6,0.0,2,8,0.2,8320,11000,0.7564,116.65,0.0,0,0,0,0,0,0,32.1,15.7,0.0,0.0,2.44,0.0,52851,True
2026-01-26T15:00:00+00:00,15,0,26,1,0,0,0,0,0,0,6,0.0,2,8,0.2,8320,11000,0.7564,116.65,0.0,0,0,0,0,0,0,31.4,23.3,2.8,0.2,2.09,0.0,52851,True
2026-01-26T16:00:00+00:00,16,0,26,1,0,0,0,0,0,0,6,0.0,2,8,0.2,8320,11000,0.7564,116.65,0.0,0,0,0,0,0,0,31.5,15.5,0.0,0.0,1.66,0.0,52851,True
2026-01-26T17:00:00+00:00,17,0,26,1,0,0,0,0,0,0,6,0.0,2,8,0.2,8320,11000,0.7564,116.65,0.0,0,0,0,0,0,0,31.1,17.1,0.0,0.0,1.31,0.2,52851,True
2026-01-26T18:00:00+00:00,18,0,26,1,0,0,0,0,0,0,6,0.0,2,8,0.2,8320,11000,0.7564,116.65,0.0,0,0,0,0,0,0,31.0,17.8,0.0,0.0,0.94,0.4,52851,True
2026-01-26T19:00:00+00:00,19,0,26,1,0,0,0,0,0,0,6,0.0,2,8,0.2,8320,11000,0.7564,116.65,0.0,0,0,0,0,0,0,30.1,15.4,0.0,0.0,0.77,0.4,52851,True
2026-01-26T20:00:00+00:00,20,0,26,1,0,0,0,0,0,0,6,0.0,2,8,0.2,8320,11000,0.7564,116.65,0.0,0,0,0,0,0,0,29.3,11.6,0.0,0.0,0.83,0.4,52851,True
2026-01-26T21:00:00+00:00,21,0,26,1,0,0,0,0,0,0,6,0.0,2,8,0.2,8320,11000,0.7564,116.65,0.0,0,0,0,0,0,0,28.5,15.6,0.0,0.0,1.39,0.2,52851,True
2026-01-26T22:00:00+00:00,22,0,26,1,0,0,0,0,0,0,6,0.0,2,8,0.2,8320,11000,0.7564,116.65,0.0,0,0,0,0,0,0,28.0,15.0,0.0,0.0,2.14,0.0,52851,True
2026-01-26T23:00:00+00:00,23,0,26,1,0,0,0,0,0,0,6,0.0,2,8,0.2,8320,11000,0.7564,116.65,0.0,0,0,0,0,0,0,26.4,10.7,0.0,0.0,2.79,0.0,52851,True
2026-01-27T00:00:00+00:00,0,1,27,1,0,0,0,0,0,0,6,0.0,2,8,0.2,8320,11000,0.7564,116.65,0.0,0,0,0,0,0,0,26.4,11.4,0.0,0.0,3.05,0.0,52851,True
2026-01-27T01:00:00+00:00,1,1,27,1,0,0,0,0,0,0,6,0.0,2,8,0.2,8320,11000,0.7564,116.65,0.0,0,0,0,0,0,0,25.2,9.7,0.0,0.0,2.94,0.0,52851,True
2026-01-27T02:00:00+00:00,2,1,27,1,0,0,0,0,0,0,6,0.0,2,8,0.2,8320,11000,0.7564,116.65,0.0,0,0,0,0,0,0,25.1,11.9,0.0,0.0,2.56,0.0,52851,True
2026-01-27T03:00:00+00:00,3,1,27,1,0,0,0,0,0,0,6,0.0,2,8,0.2,8320,11000,0.7564,116.65,0.0,0,0,0,0,0,0,24.7,18.5,16.9,0.5,2.24,0.0,52851,True
2026-01-27T04:00:00+00:00,4,1,27,1,0,0,0,0,0,0,6,0.0,2,8,0.2,8320,11000,0.7564,116.65,0.0,0,0,0,0,0,0,24.4,8.2,0.0,0.0,1.85,0.0,52851,True
2026-01-27T05:00:00+00:00,5,1,27,1,0,0,0,0,0,0,6,0.0,2,8,0.2,8320,11000,0.7564,116.65,0.0,0,0,0,0,0,0,25.5,10.2,0.0,0.0,1.48,0.0,52851,True
2026-01-27T06:00:00+00:00,6,1,27,1,0,0,0,0,0,0,6,0.0,2,8,0.2,8320,11000,0.7564,116.65,0.0,0,0,0,0,0,0,26.4,7.3,0.0,0.0,1.11,0.2,52851,True
2026-01-27T07:00:00+00:00,7,1,27,1,0,0,0,0,0,0,6,0.0,2,8,0.2,8320,11000,0.7564,116.65,0.0,0,0,0,0,0,0,25.9,6.4,0.0,0.0,0.75,0.4,52851,True
2026-01-27T08:00:00+00:00,8,1,27,1,0,0,0,0,0,0,6,0.0,2,8,0.2,8320,11000,0.7564,116.65,0.0,0,0,0,0,0,0,28.0,25.6,21.0,0.5,0.72,0.4,52851,True
2026-01-27T09:00:00+00:00,9,1,27,1,0,0,0,0,0,0,6,0.0,2,8,0.2,8320,11000,0.7564,116.65,0.0,0,0,0,0,0,0,27.1,9.1,0.0,0.0,1.17,0.2,52851,True
2026-01-27T10:00:00+00:00,10,1,27,1,0,0,0,0,0,0,6,0.0,2,8,0.2,8320,11000,0.7564,116.65,0.0,0,0,0,0,0,0,28.1,6.9,0.0,0.0,1.81,0.0,52851,True
2026-01-27T11:00:00+00:00,11,1,27,1,0,0,0,0,0,0,6,0.0,2,8,0.2,8320,11000,0.7564,116.65,0.0,0,0,0,0,0,0,30.7,11.9,0.0,0.0,2.51,0.0,52851,True
2026-01-27T12:00:00+00:00,12,1,27,1,0,0,0,0,0,0,6,0.0,2,8,0.2,8320,11000,0.7564,116.65,0.0,0,0,0,0,0,0,30.7,13.4,0.0,0.0,2.99,0.0,52851,True
2026-01-27T13:00:00+00:00,13,1,27,1,0,0,0,0,0,0,6,0.0,2,8,0.2,8320,11000,0.7564,116.65,0.0,0,0,0,0,0,0,30.8,17.1,6.1,0.2,3.01,0.0,52851,True
2026-01-27T14:00:00+00:00,14,1,27,1,0,0,0,0,0,0,6,0.0,2,8,0.2,8320,11000,0.7564,116.65,0.0,0,0,0,0,0,0,32.3,15.0,0.0,0.0,2.74,0.0,52851,True
2026-01-27T15:00:00+00:00,15,1,27,1,0,0,0,0,0,0,6,0.0,2,8,0.2,8320,11000,0.7564,116.65,0.0,0,0,0,0,0,0,31.1,12.3,0.0,0.0,2.33,0.0,52851,True
2026-01-27T16:00:00+00:00,16,1,27,1,0,0,0,0,0,0,6,0.0,2,8,0.2,8320,11000,0.7564,116.65,0.0,0,0,0,0,0,0,31.4,15.9,0.0,0.0,2.05,0.0,52851,True
2026-01-27T17:00:00+00:00,17,1,27,1,0,0,0,0,0,0,6,0.0,2,8,0.2,8320,11000,0.7564,116.65,0.0,0,0,0,0,0,0,30.0,15.9,0.0,0.0,1.62,0.0,52851,True
2026-01-27T18:00:00+00:00,18,1,27,1,0,0,0,0,0,0,6,0.0,2,8,0.2,8320,11000,0.7564,116.65,0.0,0,0,0,0,0,0,30.8,17.0,0.0,0.0,1.24,0.2,52851,True
2026-01-27T19:00:00+00:00,19,1,27,1,0,0,0,0,0,0,6,0.0,2,8,0.2,8320,11000,0.7564,116.65,0.0,0,0,0,0,0,0,29.0,15.2,0.0,0.0,0.94,0.4,52851,True
2026-01-27T20:00:00+00:00,20,1,27,1,0,0,0,0,0,0,6,0.0,2,8,0.2,8320,11000,0.7564,116.65,0.0,0,0,0,0,0,0,28.6,13.0,0.0,0.0,0.69,0.4,52851,True
2026-01-27T21:00:00+00:00,21,1,27,1,0,0,0,0,0,0,6,0.0,2,8,0.2,8320,11000,0.7564,116.65,0.0,0,0,0,0,0,0,28.1,14.5,0.0,0.0,0.98,0.4,52851,True
2026-01-27T22:00:00+00:00,22,1,27,1,0,0,0,0,0,0,6,0.0,2,8,0.2,8320,11000,0.7564,116.65,0.0,0,0,0,0,0,0,26.6,11.1,0.0,0.0,1.52,0.0,52851,True
2026-01-27T23:00:00+00:00,23,1,27,1,0,0,0,0,0,0,6,0.0,2,8,0.2,8320,11000,0.7564,116.65,0.0,0,0,0,0,0,0,25.6,11.7,0.0,0.0,2.27,0.0,52851,True
2026-01-28T00:00:00+00:00,0,2,28,1,0,0,0,0,0,0,6,0.0,2,8,0.2,8320,11000,0.7564,116.65,0.0,0,0,0,0,0,0,25.1,11.4,0.0,0.0,2.87,0.0,52851,True
2026-01-28T01:00:00+00:00,1,2,28,1,0,0,0,0,0,0,6,0.0,2,8,0.2,8320,11000,0.7564,116.65,0.0,0,0,0,0,0,0,24.3,8.3,0.0,0.0,3.06,0.0,52851,True
2026-01-28T02:00:00+00:00,2,2,28,1,0,0,0,0,0,0,6,0.0,2,8,0.2,8320,11000,0.7564,116.65,0.0,0,0,0,0,0,0,24.1,7.1,0.0,0.0,2.94,0.0,52851,True
2026-01-28T03:00:00+00:00,3,2,28,1,0,0,0,0,0,0,6,0.0,2,8,0.2,8320,11000,0.7564,116.65,0.0,0,0,0,0,0,0,24.5,9.0,0.0,0.0,2.5,0.0,52851,True
2026-01-28T04:00:00+00:00,4,2,28,1,0,0,0,0,0,0,6,0.0,2,8,0.2,8320,11000,0.7564,116.65,0.0,0,0,0,0,0,0,25.3,7.2,0.0,0.0,2.12,0.0,52851,True
2026-01-28T05:00:00+00:00,5,2,28,1,0,0,0,0,0,0,6,0.0,2,8,0.2,8320,11000,0.7564,116.65,0.0,0,0,0,0,0,0,24.3,8.3,0.0,0.0,1.75,0.0,52851,True
2026-01-28T06:00:00+00:00,6,2,28,1,0,0,0,0,0,0,6,0.0,2,8,0.2,8320,11000,0.7564,116.65,0.0,0,0,0,0,0,0,24.5,7.3,0.0,0.0,1.46,0.0,52851,True
2026-01-28T07:00:00+00:00,7,2,28,1,0,0,0,0,0,0,6,0.0,2,8,0.2,8320,11000,0.7564,116.65,0.0,0,0,0,0,0,0,27.1,10.3,0.0,0.0,1.04,0.2,52851,True
2026-01-28T08:00:00+00:00,8,2,28,1,0,0,0,0,0,0,6,0.0,2,8,0.2,8320,11000,0.7564,116.65,0.0,0,0,0,0,0,0,26.5,8.9,0.0,0.0,0.74,0.4,52851,True
2026-01-28T09:00:00+00:00,9,2,28,1,0,0,0,0,0,0,6,0.0,2,8,0.2,8320,11000,0.7564,116.65,0.0,0,0,0,0,0,0,29.0,9.6,0.0,0.0,0.76,0.4,52851,True
2026-01-28T10:00:00+00:00,10,2,28,1,0,0,0,0,0,0,6,0.0,2,8,0.2,8320,11000,0.7564,116.65,0.0,0,0,0,0,0,0,29.6,9.4,0.0,0.0,1.21,0.2,52851,True
2026-01-28T11:00:00+00:00,11,2,28,1,0,0,0,0,0,0,6,0.0,2,8,0.2,8320,11000,0.7564,116.65,0.0,0,0,0,0,0,0,29.7,13.8,4.2,0.2,1.99,0.0,52851,True
2026-01-28T12:00:00+00:00,12,2,28,1,0,0,0,0,0,0,6,0.0,2,8,0.2,8320,11000,0.7564,116.65,0.0,0,0,0,0,0,0,29.8,34.9,44.3,0.85,2.61,0.0,52851,True
2026-01-28T13:00:00+00:00,13,2,28,1,0,0,0,0,0,0,6,0.0,2,8,0.2,8320,11000,0.7564,116.65,0.0,0,0,0,0,0,0,30.2,10.2,0.0,0.0,3.0,0.0,52851,True
2026-01-28T14:00:00+00:00,14,2,28,1,0,0,0,0,0,0,6,0.0,2,8,0.2,8320,11000,0.7564,116.65,0.0,0,0,0,0,0,0,31.5,14.0,0.0,0.0,2.96,0.0,52851,True
2026-01-28T15:00:00+00:00,15,2,28,1,0,0,0,0,0,0,6,0.0,2,8,0.2,8320,11000,0.7564,116.65,0.0,0,0,0,0,0,0,31.7,12.5,0.0,0.0,2.74,0.0,52851,True
2026-01-28T16:00:00+00:00,16,2,28,1,0,0,0,0,0,0,6,0.0,2,8,0.2,8320,11000,0.7564,116.65,0.0,0,0,0,0,0,0,32.0,14.3,0.0,0.0,2.35,0.0,52851,True
2026-01-28T17:00:00+00:00,17,2,28,1,0,0,0,0,0,0,6,0.0,2,8,0.2,8320,11000,0.7564,116.65,0.0,0,0,0,0,0,0,32.0,17.3,0.0,0.0,1.95,0.0,52851,True
2026-01-28T18:00:00+00:00,18,2,28,1,0,0,0,0,0,0,6,0.0,2,8,0.2,8320,11000,0.7564,116.65,0.0,0,0,0,0,0,0,30.2,13.5,0.0,0.0,1.54,0.0,52851,True
2026-01-28T19:00:00+00:00,19,2,28,1,0,0,0,0,0,0,6,0.0,2,8,0.2,8320,11000,0.7564,116.65,0.0,0,0,0,0,0,0,30.5,13.5,0.0,0.0,1.21,0.2,52851,True
2026-01-28T20:00:00+00:00,20,2,28,1,0,0,0,0,0,0,6,0.0,2,8,0.2,8320,11000,0.7564,116.65,0.0,0,0,0,0,0,0,28.3,12.0,0.0,0.0,0.81,0.4,52851,True
2026-01-28T21:00:00+00:00,21,2,28,1,0,0,0,0,0,0,6,0.0,2,8,0.2,8320,11000,0.7564,116.65,0.0,0,0,0,0,0,0,27.6,15.5,0.0,0.0,0.69,0.4,52851,True
2026-01-28T22:00:00+00:00,22,2,28,1,0,0,0,0,0,0,6,0.0,2,8,0.2,8320,11000,0.7564,116.65,0.0,0,0,0,0,0,0,27.5,19.1,5.2,0.2,1.0,0.2,52851,True
2026-01-28T23:00:00+00:00,23,2,28,1,0,0,0,0,0,0,6,0.0,2,8,0.2,8320,11000,0.7564,116.65,0.0,0,0,0,0,0,0,25.6,9.7,0.0,0.0,1.63,0.0,52851,True
2026-01-29T00:00:00+00:00,0,3,29,1,0,0,0,0,0,0,6,0.0,2,8,0.2,8320,11000,0.7564,116.65,0.0,0,0,0,0,0,0,25.1,9.1,0.0,0.0,2.34,0.0,52851,True
2026-01-29T01:00:00+00:00,1,3,29,1,0,0,0,0,0,0,6,0.0,2,8,0.2,8320,11000,0.7564,116.65,0.0,0,0,0,0,0,0,25.1,12.4,0.0,0.0,2.94,0.0,52851,True
2026-01-29T02:00:00+00:00,2,3,29,1,0,0,0,0,0,0,6,0.0,2,8,0.2,8320,11000,0.7564,116.65,0.0,0,0,0,0,0,0,23.7,10.6,0.0,0.0,3.07,0.0,52851,True
2026-01-29T03:00:00+00:00,3,3,29,1,0,0,0,0,0,0,6,0.0,2,8,0.2,8320,11000,0.7564,116.65,0.0,0,0,0,0,0,0,24.5,7.0,0.0,0.0,2.88,0.0,52851,True
2026-01-29T04:00:00+00:00,4,3,29,1,0,0,0,0,0,0,6,0.0,2,8,0.2,8320,11000,0.7564,116.65,0.0,0,0,0,0,0,0,25.6,7.5,0.0,0.0,2.51,0.0,52851,True
2026-01-29T05:00:00+00:00,5,3,29,1,0,0,0,0,0,0,6,0.0,2,8,0.2,8320,11000,0.7564,116.65,0.0,0,0,0,0,0,0,24.1,11.3,0.0,0.0,2.09,0.0,52851,True
2026-01-29T06:00:00+00:00,6,3,29,1,0,0,0,0,0,0,6,0.0,2,8,0.2,8320,11000,0.7564,116.65,0.0,0,0,0,0,0,0,24.6,5.4,0.0,0.0,1.7,0.0,52851,True
2026-01-29T07:00:00+00:00,7,3,29,1,0,0,0,0,0,0,6,0.0,2,8,0.2,8320,11000,0.7564,116.65,0.0,0,0,0,0,0,0,26.9,7.2,0.0,0.0,1.32,0.2,52851,True
2026-01-29T08:00:00+00:00,8,3,29,1,0,0,0,0,0,0,6,0.0,2,8,0.2,8320,11000,0.7564,116.65,0.0,0,0,0,0,0,0,27.4,29.6,38.5,0.85,0.94,0.4,52851,True
2026-01-29T09:00:00+00:00,9,3,29,1,0,0,0,0,0,0,6,0.0,2,8,0.2,8320,11000,0.7564,116.65,0.0,0,0,0,0,0,0,28.3,8.1,0.0,0.0,0.74,0.4,52851,True
2026-01-29T10:00:00+00:00,10,3,29,1,0,0,0,0,0,0,6,0.0,2,8,0.2,8320,11000,0.7564,116.65,0.0,0,0,0,0,0,0,29.3,8.2,0.0,0.0,0.85,0.4,52851,True
2026-01-29T11:00:00+00:00,11,3,29,1,0,0,0,0,0,0,6,0.0,2,8,0.2,8320,11000,0.7564,116.65,0.0,0,0,0,0,0,0,30.5,8.1,0.0,0.0,1.39,0.2,52851,True
2026-01-29T12:00:00+00:00,12,3,29,1,0,0,0,0,0,0,6,0.0,2,8,0.2,8320,11000,0.7564,116.65,0.0,0,0,0,0,0,0,30.7,8.7,0.0,0.0,2.12,0.0,52851,True
2026-01-29T13:00:00+00:00,13,3,29,1,0,0,0,0,0,0,6,0.0,2,8,0.2,8320,11000,0.7564,116.65,0.0,0,0,0,0,0,0,31.8,20.2,6.1,0.2,2.74,0.0,52851,True
2026-01-29T14:00:00+00:00,14,3,29,1,0,0,0,0,0,0,6,0.0,2,8,0.2,8320,11000,0.7564,116.65,0.0,0,0,0,0,0,0,32.0,9.7,0.0,0.0,3.09,0.0,52851,True
2026-01-29T15:00:00+00:00,15,3,29,1,0,0,0,0,0,0,6,0.0,2,8,0.2,8320,11000,0.7564,116.65,0.0,0,0,0,0,0,0,32.0,17.0,0.0,0.0,2.98,0.0,52851,True
2026-01-29T16:00:00+00:00,16,3,29,1,0,0,0,0,0,0,6,0.0,2,8,0.2,8320,11000,0.7564,116.65,0.0,0,0,0,0,0,0,30.4,16.9,0.0,0.0,2.69,0.0,52851,True
2026-01-29T17:00:00+00:00,17,3,29,1,0,0,0,0,0,0,6,0.0,2,8,0.2,8320,11000,0.7564,116.65,0.0,0,0,0,0,0,0,31.5,23.1,6.8,0.2,2.27,0.0,52851,True
2026-01-29T18:00:00+00:00,18,3,29,1,0,0,0,0,0,0,6,0.0,2,8,0.2,8320,11000,0.7564,116.65,0.0,0,0,0,0,0,0,30.3,32.1,17.6,0.5,1.85,0.0,52851,True
2026-01-29T19:00:00+00:00,19,3,29,1,0,0,0,0,0,0,6,0.0,2,8,0.2,8320,11000,0.7564,116.65,0.0,0,0,0,0,0,0,29.6,15.5,0.0,0.0,1.56,0.0,52851,True
2026-01-29T20:00:00+00:00,20,3,29,1,0,0,0,0,0,0,6,0.0,2,8,0.2,8320,11000,0.7564,116.65,0.0,0,0,0,0,0,0,29.5,27.0,3.6,0.2,1.16,0.2,52851,True
2026-01-29T21:00:00+00:00,21,3,29,1,0,0,0,0,0,0,6,0.0,2,8,0.2,8320,11000,0.7564,116.65,0.0,0,0,0,0,0,0,27.2,10.1,0.0,0.0,0.79,0.4,52851,True
2026-01-29T22:00:00+00:00,22,3,29,1,0,0,0,0,0,0,6,0.0,2,8,0.2,8320,11000,0.7564,116.65,0.0,0,0,0,0,0,0,27.4,13.9,0.0,0.0,0.71,0.4,52851,True
2026-01-29T23:00:00+00:00,23,3,29,1,0,0,0,0,0,0,6,0.0,2,8,0.2,8320,11000,0.7564,116.65,0.0,0,0,0,0,0,0,26.0,22.6,10.6,0.5,1.12,0.2,52851,True
2026-01-30T00:00:00+00:00,0,4,30,1,0,0,0,0,0,0,6,0.0,2,8,0.2,8320,11000,0.7564,116.65,0.0,0,0,0,0,0,0,24.6,12.5,0.0,0.0,1.77,0.0,52851,True
2026-01-30T01:00:00+00:00,1,4,30,1,0,0,0,0,0,0,6,0.0,2,8,0.2,8320,11000,0.7564,116.65,0.0,0,0,0,0,0,0,25.1,11.5,0.0,0.0,2.47,0.0,52851,True
2026-01-30T02:00:00+00:00,2,4,30,1,0,0,0,0,0,0,6,0.0,2,8,0.2,8320,11000,0.7564,116.65,0.0,0,0,0,0,0,0,24.0,27.1,11.1,0.5,2.95,0.0,52851,True
2026-01-30T03:00:00+00:00,3,4,30,1,0,0,0,0,0,0,6,0.0,2,8,0.2,8320,11000,0.7564,116.65,0.0,0,0,0,0,0,0,25.1,8.2,0.0,0.0,3.06,0.0,52851,True
2026-01-30T04:00:00+00:00,4,4,30,1,0,0,0,0,0,0,6,0.0,2,8,0.2,8320,11000,0.7564,116.65,0.0,0,0,0,0,0,0,25.2,5.6,0.0,0.0,2.84,0.0,52851,True
2026-01-30T05:00:00+00:00,5,4,30,1,0,0,0,0,0,0,6,0.0,2,8,0.2,8320,11000,0.7564,116.65,0.0,0,0,0,0,0,0,25.9,7.9,0.0,0.0,2.42,0.0,52851,True
2026-01-30T06:00:00+00:00,6,4,30,1,0,0,0,0,0,0,6,0.0,2,8,0.2,8320,11000,0.7564,116.65,0.0,0,0,0,0,0,0,25.6,6.2,0.0,0.0,2.05,0.0,52851,True
2026-01-30T07:00:00+00:00,7,4,30,1,0,0,0,0,0,0,6,0.0,2,8,0.2,8320,11000,0.7564,116.65,0.0,0,0,0,0,0,0,25.3,10.6,0.0,0.0,1.64,0.0,52851,True
2026-01-30T08:00:00+00:00,8,4,30,1,0,0,0,0,0,0,6,0.0,2,8,0.2,8320,11000,0.7564,116.65,0.0,0,0,0,0,0,0,26.6,12.1,0.0,0.0,1.26,0.2,52851,True
2026-01-30T09:00:00+00:00,9,4,30,1,0,0,0,0,0,0,6,0.0,2,8,0.2,8320,11000,0.7564,116.65,0.0,0,0,0,0,0,0,28.9,6.2,0.0,0.0,0.89,0.4,52851,True
2026-01-30T10:00:00+00:00,10,4,30,1,0,0,0,0,0,0,6,0.0,2,8,0.2,8320,11000,0.7564,116.65,0.0,0,0,0,0,0,0,28.1,10.0,0.0,0.0,0.79,0.4,52851,True
2026-01-30T11:00:00+00:00,11,4,30,1,0,0,0,0,0,0,6,0.0,2,8,0.2,8320,11000,0.7564,116.65,0.0,0,0,0,0,0,0,29.6,14.0,0.0,0.0,0.95,0.4,52851,True
2026-01-30T12:00:00+00:00,12,4,30,1,0,0,0,0,0,0,6,0.0,2,8,0.2,8320,11000,0.7564,116.65,0.0,0,0,0,0,0,0,31.3,10.3,0.0,0.0,1.43,0.0,52851,True
2026-01-30T13:00:00+00:00,13,4,30,1,0,0,0,0,0,0,6,0.0,2,8,0.2,8320,11000,0.7564,116.65,0.0,0,0,0,0,0,0,30.3,12.4,0.0,0.0,2.24,0.0,52851,True
2026-01-30T14:00:00+00:00,14,4,30,1,0,0,0,0,0,0,6,0.0,2,8,0.2,8320,11000,0.7564,116.65,0.0,0,0,0,0,0,0,31.4,14.6,0.0,0.0,2.83,0.0,52851,True
2026-01-30T15:00:00+00:00,15,4,30,1,0,0,0,0,0,0,6,0.0,2,8,0.2,8320,11000,0.7564,116.65,0.0,0,0,0,0,0,0,32.5,17.0,0.0,0.0,3.06,0.0,52851,True
2026-01-30T16:00:00+00:00,16,4,30,1,0,0,0,0,0,0,6,0.0,2,8,0.2,8320,11000,0.7564,116.65,0.0,0,0,0,0,0,0,30.8,30.7,20.6,0.5,2.95,0.0,52851,True
2026-01-30T17:00:00+00:00,17,4,30,1,0,0,0,0,0,0,6,0.0,2,8,0.2,8320,11000,0.7564,116.65,0.0,0,0,0,0,0,0,31.8,17.8,0.0,0.0,2.58,0.0,52851,True
2026-01-30T18:00:00+00:00,18,4,30,1,0,0,0,0,0,0,6,0.0,2,8,0.2,8320,11000,0.7564,116.65,0.0,0,0,0,0,0,0,30.6,11.1,0.0,0.0,2.18,0.0,52851,True
2026-01-30T19:00:00+00:00,19,4,30,1,0,0,0,0,0,0,6,0.0,2,8,0.2,8320,11000,0.7564,116.65,0.0,0,0,0,0,0,0,29.3,16.2,0.0,0.0,1.79,0.0,52851,True
2026-01-30T20:00:00+00:00,20,4,30,1,0,0,0,0,0,0,6,0.0,2,8,0.2,8320,11000,0.7564,116.65,0.0,0,0,0,0,0,0,29.1,10.7,0.0,0.0,1.5,0.0,52851,True
2026-01-30T21:00:00+00:00,21,4,30,1,0,0,0,0,0,0,6,0.0,2,8,0.2,8320,11000,0.7564,116.65,0.0,0,0,0,0,0,0,27.2,15.2,0.0,0.0,1.04,0.2,52851,True
2026-01-30T22:00:00+00:00,22,4,30,1,0,0,0,0,0,0,6,0.0,2,8,0.2,8320,11000,0.7564,116.65,0.0,0,0,0,0,0,0,27.3,16.4,0.0,0.0,0.79,0.4,52851,True
2026-01-30T23:00:00+00:00,23,4,30,1,0,0,0,0,0,0,6,0.0,2,8,0.2,8320,11000,0.7564,116.65,0.0,0,0,0,0,0,0,25.6,13.8,0.0,0.0,0.81,0.4,52851,True
2026-01-31T00:00:00+00:00,0,5,31,1,1,0,0,0,0,0,6,0.0,2,8,0.2,8320,11000,0.7564,116.65,0.0,0,0,0,0,0,0,25.9,8.9,0.0,0.0,1.15,0.2,52851,True
2026-01-31T01:00:00+00:00,1,5,31,1,1,0,0,0,0,0,6,0.0,2,8,0.2,8320,11000,0.7564,116.65,0.0,0,0,0,0,0,0,24.1,9.8,0.0,0.0,1.84,0.0,52851,True
2026-01-31T02:00:00+00:00,2,5,31,1,1,0,0,0,0,0,6,0.0,2,8,0.2,8320,11000,0.7564,116.65,0.0,0,0,0,0,0,0,24.1,25.9,15.7,0.5,2.56,0.0,52851,True
2026-01-31T03:00:00+00:00,3,5,31,1,1,0,0,0,0,0,6,0.0,2,8,0.2,8320,11000,0.7564,116.65,0.0,0,0,0,0,0,0,24.2,7.4,0.0,0.0,2.97,0.0,52851,True
2026-01-31T04:00:00+00:00,4,5,31,1,1,0,0,0,0,0,6,0.0,2,8,0.2,8320,11000,0.7564,116.65,0.0,0,0,0,0,0,0,23.6,9.3,0.0,0.0,3.02,0.0,52851,True
2026-01-31T05:00:00+00:00,5,5,31,1,1,0,0,0,0,0,6,0.0,2,8,0.2,8320,11000,0.7564,116.65,0.0,0,0,0,0,0,0,24.8,9.5,0.0,0.0,2.72,0.0,52851,True
2026-01-31T06:00:00+00:00,6,5,31,1,1,0,0,0,0,0,6,0.0,2,8,0.2,8320,11000,0.7564,116.65,0.0,0,0,0,0,0,0,26.1,7.7,0.0,0.0,2.39,0.0,52851,True
2026-01-31T07:00:00+00:00,7,5,31,1,1,0,0,0,0,0,6,0.0,2,8,0.2,8320,11000,0.7564,116.65,0.0,0,0,0,0,0,0,25.6,10.5,0.0,0.0,1.98,0.0,52851,True
2026-01-31T08:00:00+00:00,8,5,31,1,1,0,0,0,0,0,6,0.0,2,8,0.2,8320,11000,0.7564,116.65,0.0,0,0,0,0,0,0,26.5,11.6,0.0,0.0,1.67,0.0,52851,True
2026-01-31T09:00:00+00:00,9,5,31,1,1,0,0,0,0,0,6,0.0,2,8,0.2,8320,11000,0.7564,116.65,0.0,0,0,0,0,0,0,28.1,5.9,0.0,0.0,1.26,0.2,52851,True
2026-01-31T10:00:00+00:00,10,5,31,1,1,0,0,0,0,0,6,0.0,2,8,0.2,8320,11000,0.7564,116.65,0.0,0,0,0,0,0,0,28.2,34.4,32.9,0.85,0.84,0.4,52851,True
2026-01-31T11:00:00+00:00,11,5,31,1,1,0,0,0,0,0,6,0.0,2,8,0.2,8320,11000,0.7564,116.65,0.0,0,0,0,0,0,0,30.1,13.0,0.0,0.0,0.78,0.4,52851,True
2026-01-31T12:00:00+00:00,12,5,31,1,1,0,0,0,0,0,6,0.0,2,8,0.2,8320,11000,0.7564,116.65,0.0,0,0,0,0,0,0,30.5,8.1,0.0,0.0,0.99,0.4,52851,True
2026-01-31T13:00:00+00:00,13,5,31,1,1,0,0,0,0,0,6,0.0,2,8,0.2,8320,11000,0.7564,116.65,0.0,0,0,0,0,0,0,31.6,10.3,0.0,0.0,1.58,0.0,52851,True
2026-01-31T14:00:00+00:00,14,5,31,1,1,0,0,0,0,0,6,0.0,2,8,0.2,8320,11000,0.7564,116.65,0.0,0,0,0,0,0,0,31.5,15.3,0.0,0.0,2.29,0.0,52851,True
2026-01-31T15:00:00+00:00,15,5,31,1,1,0,0,0,0,0,6,0.0,2,8,0.2,8320,11000,0.7564,116.65,0.0,0,0,0,0,0,0,31.0,23.1,7.4,0.2,2.93,0.0,52851,True
2026-01-31T16:00:00+00:00,16,5,31,1,1,0,0,0,0,0,6,0.0,2,8,0.2,8320,11000,0.7564,116.65,0.0,0,0,0,0,0,0,31.6,11.7,0.0,0.0,3.11,0.0,52851,True
2026-01-31T17:00:00+00:00,17,5,31,1,1,0,0,0,0,0,6,0.0,2,8,0.2,8320,11000,0.7564,116.65,0.0,0,0,0,0,0,0,30.6,15.9,0.0,0.0,2.86,0.0,52851,True
2026-01-31T18:00:00+00:00,18,5,31,1,1,0,0,0,0,0,6,0.0,2,8,0.2,8320,11000,0.7564,116.65,0.0,0,0,0,0,0,0,30.8,15.9,0.0,0.0,2.52,0.0,52851,True
2026-01-31T19:00:00+00:00,19,5,31,1,1,0,0,0,0,0,6,0.0,2,8,0.2,8320,11000,0.7564,116.65,0.0,0,0,0,0,0,0,30.1,26.1,6.6,0.2,2.1,0.0,52851,True
2026-01-31T20:00:00+00:00,20,5,31,1,1,0,0,0,0,0,6,0.0,2,8,0.2,8320,11000,0.7564,116.65,0.0,0,0,0,0,0,0,29.5,14.9,0.0,0.0,1.77,0.0,52851,True
2026-01-31T21:00:00+00:00,21,5,31,1,1,0,0,0,0,0,6,0.0,2,8,0.2,8320,11000,0.7564,116.65,0.0,0,0,0,0,0,0,27.5,13.0,0.0,0.0,1.37,0.2,52851,True
2026-01-31T22:00:00+00:00,22,5,31,1,1,0,0,0,0,0,6,0.0,2,8,0.2,8320,11000,0.7564,116.65,0.0,0,0,0,0,0,0,26.8,14.0,0.0,0.0,1.05,0.2,52851,True
2026-01-31T23:00:00+00:00,23,5,31,1,1,0,0,0,0,0,6,0.0,2,8,0.2,8320,11000,0.7564,116.65,0.0,0,0,0,0,0,0,26.1,12.5,0.0,0.0,0.78,0.4,52851,True
2026-02-01T00:00:00+00:00,0,6,1,2,1,0,0,0,0,0,6,0.0,2,8,0.2,8320,11000,0.7564,116.65,0.0,0,0,0,0,0,0,24.5,13.7,0.0,0.0,0.78,0.4,52851,True
2026-02-01T01:00:00+00:00,1,6,1,2,1,0,0,0,0,0,6,0.0,2,8,0.2,8320,11000,0.7564,116.65,0.0,0,0,0,0,0,0,25.4,18.4,6.7,0.2,1.33,0.2,52851,True
2026-02-01T02:00:00+00:00,2,6,1,2,1,0,0,0,0,0,6,0.0,2,8,0.2,8320,11000,0.7564,116.65,0.0,0,0,0,0,0,0,25.1,10.5,0.0,0.0,2.02,0.0,52851,True
2026-02-01T03:00:00+00:00,3,6,1,2,1,0,0,0,0,0,6,0.0,2,8,0.2,8320,11000,0.7564,116.65,0.0,0,0,0,0,0,0,25.3,6.9,0.0,0.0,2.7,0.0,52851,True
2026-02-01T04:00:00+00:00,4,6,1,2,1,0,0,0,0,0,6,0.0,2,8,0.2,8320,11000,0.7564,116.65,0.0,0,0,0,0,0,0,25.2,6.9,0.0,0.0,3.01,0.0,52851,True
2026-02-01T05:00:00+00:00,5,6,1,2,1,0,0,0,0,0,6,0.0,2,8,0.2,8320,11000,0.7564,116.65,0.0,0,0,0,0,0,0,24.9,24.2,19.2,0.5,2.97,0.0,52851,True
2026-02-01T06:00:00+00:00,6,6,1,2,1,0,0,0,0,0,6,0.0,2,8,0.2,8320,11000,0.7564,116.65,0.0,0,0,0,0,0,0,26.4,10.6,0.0,0.0,2.69,0.0,52851,True
2026-02-01T07:00:00+00:00,7,6,1,2,1,0,0,0,0,0,6,0.0,2,8,0.2,8320,11000,0.7564,116.65,0.0,0,0,0,0,0,0,25.8,17.4,2.0,0.2,2.29,0.0,52851,True
2026-02-01T08:00:00+00:00,8,6,1,2,1,0,0,0,0,0,6,0.0,2,8,0.2,8320,11000,0.7564,116.65,0.0,0,0,0,0,0,0,26.5,10.6,0.0,0.0,1.9,0.0,52851,True
2026-02-01T09:00:00+00:00,9,6,1,2,1,0,0,0,0,0,6,0.0,2,8,0.2,8320,11000,0.7564,116.65,0.0,0,0,0,0,0,0,27.8,12.8,0.0,0.0,1.58,0.0,52851,True
2026-02-01T10:00:00+00:00,10,6,1,2,1,0,0,0,0,0,6,0.0,2,8,0.2,8320,11000,0.7564,116.65,0.0,0,0,0,0,0,0,28.6,8.4,0.0,0.0,1.17,0.2,52851,True
2026-02-01T11:00:00+00:00,11,6,1,2,1,0,0,0,0,0,6,0.0,2,8,0.2,8320,11000,0.7564,116.65,0.0,0,0,0,0,0,0,29.9,39.0,32.1,0.85,0.89,0.4,52851,True
2026-02-01T12:00:00+00:00,12,6,1,2,1,0,0,0,0,0,6,0.0,2,8,0.2,8320,11000,0.7564,116.65,0.0,0,0,0,0,0,0,31.5,19.4,5.8,0.2,0.79,0.4,52851,True
2026-02-01T13:00:00+00:00,13,6,1,2,1,0,0,0,0,0,6,0.0,2,8,0.2,8320,11000,0.7564,116.65,0.0,0,0,0,0,0,0,31.4,14.3,0.0,0.0,1.06,0.2,52851,True
2026-02-01T14:00:00+00:00,14,6,1,2,1,0,0,0,0,0,6,0.0,2,8,0.2,8320,11000,0.7564,116.65,0.0,0,0,0,0,0,0,31.6,10.6,0.0,0.0,1.73,0.0,52851,True
2026-02-01T15:00:00+00:00,15,6,1,2,1,0,0,0,0,0,6,0.0,2,8,0.2,8320,11000,0.7564,116.65,0.0,0,0,0,0,0,0,31.3,15.3,0.0,0.0,2.39,0.0,52851,True
2026-02-01T16:00:00+00:00,16,6,1,2,1,0,0,0,0,0,6,0.0,2,8,0.2,8320,11000,0.7564,116.65,0.0,0,0,0,0,0,0,31.4,22.4,7.3,0.2,2.95,0.0,52851,True
2026-02-01T17:00:00+00:00,17,6,1,2,1,0,0,0,0,0,6,0.0,2,8,0.2,8320,11000,0.7564,116.65,0.0,0,0,0,0,0,0,31.8,16.4,0.0,0.0,3.04,0.0,52851,True
2026-02-01T18:00:00+00:00,18,6,1,2,1,0,0,0,0,0,6,0.0,2,8,0.2,8320,11000,0.7564,116.65,0.0,0,0,0,0,0,0,30.0,11.1,0.0,0.0,2.83,0.0,52851,True
2026-02-01T19:00:00+00:00,19,6,1,2,1,0,0,0,0,0,6,0.0,2,8,0.2,8320,11000,0.7564,116.65,0.0,0,0,0,0,0,0,29.4,11.9,0.0,0.0,2.47,0.0,52851,True
2026-02-01T20:00:00+00:00,20,6,1,2,1,0,0,0,0,0,6,0.0,2,8,0.2,8320,11000,0.7564,116.65,0.0,0,0,0,0,0,0,28.7,12.1,0.0,0.0,2.03,0.0,52851,True
2026-02-01T21:00:00+00:00,21,6,1,2,1,0,0,0,0,0,6,0.0,2,8,0.2,8320,11000,0.7564,116.65,0.0,0,0,0,0,0,0,28.3,12.0,0.0,0.0,1.74,0.0,52851,True
2026-02-01T22:00:00+00:00,22,6,1,2,1,0,0,0,0,0,6,0.0,2,8,0.2,8320,11000,0.7564,116.65,0.0,0,0,0,0,0,0,27.2,24.4,4.1,0.2,1.31,0.2,52851,True
2026-02-01T23:00:00+00:00,23,6,1,2,1,0,0,0,0,0,6,0.0,2,8,0.2,8320,11000,0.7564,116.65,0.0,0,0,0,0,0,0,26.6,15.3,0.0,0.0,1.0,0.2,52851,True
2026-02-02T00:00:00+00:00,0,0,2,2,0,0,0,0,0,0,6,0.0,2,8,0.2,8320,11000,0.7564,116.65,0.0,0,0,0,0,0,0,25.5,24.4,13.3,0.5,0.75,0.4,52851,True
2026-02-02T01:00:00+00:00,1,0,2,2,0,0,0,0,0,0,6,0.0,2,8,0.2,8320,11000,0.7564,116.65,0.0,0,0,0,0,0,0,25.5,9.6,0.0,0.0,0.88,0.4,52851,True
2026-02-02T02:00:00+00:00,2,0,2,2,0,0,0,0,0,0,6,0.0,2,8,0.2,8320,11000,0.7564,116.65,0.0,0,0,0,0,0,0,24.2,10.3,0.0,0.0,1.38,0.2,52851,True
2026-02-02T03:00:00+00:00,3,0,2,2,0,0,0,0,0,0,6,0.0,2,8,0.2,8320,11000,0.7564,116.65,0.0,0,0,0,0,0,0,24.0,11.3,0.0,0.0,2.12,0.0,52851,True
2026-02-02T04:00:00+00:00,4,0,2,2,0,0,0,0,0,0,6,0.0,2,8,0.2,8320,11000,0.7564,116.65,0.0,0,0,0,0,0,0,24.2,8.5,0.0,0.0,2.79,0.0,52851,True
2026-02-02T05:00:00+00:00,5,0,2,2,0,0,0,0,0,0,6,0.0,2,8,0.2,8320,11000,0.7564,116.65,0.0,0,0,0,0,0,0,25.1,14.4,6.4,0.2,3.09,0.0,52851,True
2026-02-02T06:00:00+00:00,6,0,2,2,0,0,0,0,0,0,6,0.0,2,8,0.2,8320,11000,0.7564,116.65,0.0,0,0,0,0,0,0,24.9,10.8,0.0,0.0,2.94,0.0,52851,True
2026-02-02T07:00:00+00:00,7,0,2,2,0,0,0,0,0,0,6,0.0,2,8,0.2,8320,11000,0.7564,116.65,0.0,0,0,0,0,0,0,26.3,29.1,40.0,0.85,2.61,0.0,52851,True
2026-02-02T08:00:00+00:00,8,0,2,2,0,0,0,0,0,0,6,0.0,2,8,0.2,8320,11000,0.7564,116.65,0.0,0,0,0,0,0,0,26.1,9.5,0.0,0.0,2.23,0.0,52851,True
2026-02-02T09:00:00+00:00,9,0,2,2,0,0,0,0,0,0,6,0.0,2,8,0.2,8320,11000,0.7564,116.65,0.0,0,0,0,0,0,0,27.1,8.7,0.0,0.0,1.84,0.0,52851,True
2026-02-02T10:00:00+00:00,10,0,2,2,0,0,0,0,0,0,6,0.0,2,8,0.2,8320,11000,0.7564,116.65,0.0,0,0,0,0,0,0,29.6,8.9,0.0,0.0,1.52,0.0,52851,True
2026-02-02T11:00:00+00:00,11,0,2,2,0,0,0,0,0,0,6,0.0,2,8,0.2,8320,11000,0.7564,116.65,0.0,0,0,0,0,0,0,29.0,14.9,4.0,0.2,1.09,0.2,52851,True
2026-02-02T12:00:00+00:00,12,0,2,2,0,0,0,0,0,0,6,0.0,2,8,0.2,8320,11000,0.7564,116.65,0.0,0,0,0,0,0,0,29.9,10.0,0.0,0.0,0.81,0.4,52851,True
2026-02-02T13:00:00+00:00,13,0,2,2,0,0,0,0,0,0,6,0.0,2,8,0.2,8320,11000,0.7564,116.65,0.0,0,0,0,0,0,0,30.2,15.0,0.0,0.0,0.75,0.4,52851,True
2026-02-02T14:00:00+00:00,14,0,2,2,0,0,0,0,0,0,6,0.0,2,8,0.2,8320,11000,0.7564,116.65,0.0,0,0,0,0,0,0,30.6,12.0,0.0,0.0,1.15,0.2,52851,True
2026-02-02T15:00:00+00:00,15,0,2,2,0,0,0,0,0,0,6,0.0,2,8,0.2,8320,11000,0.7564,116.65,0.0,0,0,0,0,0,0,31.2,11.9,0.0,0.0,1.84,0.0,52851,True
2026-02-02T16:00:00+00:00,16,0,2,2,0,0,0,0,0,0,6,0.0,2,8,0.2,8320,11000,0.7564,116.65,0.0,0,0,0,0,0,0,32.3,15.0,0.0,0.0,2.51,0.0,52851,True
2026-02-02T17:00:00+00:00,17,0,2,2,0,0,0,0,0,0,6,0.0,2,8,0.2,8320,11000,0.7564,116.65,0.0,0,0,0,0,0,0,30.7,15.4,0.0,0.0,3.01,0.0,52851,True
2026-02-02T18:00:00+00:00,18,0,2,2,0,0,0,0,0,0,6,0.0,2,8,0.2,8320,11000,0.7564,116.65,0.0,0,0,0,0,0,0,30.1,21.9,4.2,0.2,3.05,0.0,52851,True
2026-02-02T19:00:00+00:00,19,0,2,2,0,0,0,0,0,0,6,0.0,2,8,0.2,8320,11000,0.7564,116.65,0.0,0,0,0,0,0,0,30.1,15.0,0.0,0.0,2.78,0.0,52851,True
2026-02-02T20:00:00+00:00,20,0,2,2,0,0,0,0,0,0,6,0.0,2,8,0.2,8320,11000,0.7564,116.65,0.0,0,0,0,0,0,0,29.4,12.7,0.0,0.0,2.4,0.0,52851,True
2026-02-02T21:00:00+00:00,21,0,2,2,0,0,0,0,0,0,6,0.0,2,8,0.2,8320,11000,0.7564,116.65,0.0,0,0,0,0,0,0,27.2,26.6,20.9,0.5,2.03,0.0,52851,True
2026-02-02T22:00:00+00:00,22,0,2,2,0,0,0,0,0,0,6,0.0,2,8,0.2,8320,11000,0.7564,116.65,0.0,0,0,0,0,0,0,27.4,14.9,0.0,0.0,1.65,0.0,52851,True
2026-02-02T23:00:00+00:00,23,0,2,2,0,0,0,0,0,0,6,0.0,2,8,0.2,8320,11000,0.7564,116.65,0.0,0,0,0,0,0,0,26.7,13.4,0.0,0.0,1.3,0.2,52851,True
2026-02-03T00:00:00+00:00,0,1,3,2,0,0,0,0,0,0,6,0.0,2,8,0.2,8320,11000,0.7564,116.65,0.0,0,0,0,0,0,0,24.5,16.3,5.6,0.2,0.88,0.4,52851,True
2026-02-03T01:00:00+00:00,1,1,3,2,0,0,0,0,0,0,6,0.0,2,8,0.2,8320,11000,0.7564,116.65,0.0,0,0,0,0,0,0,24.2,12.3,0.0,0.0,0.71,0.4,52851,True
2026-02-03T02:00:00+00:00,2,1,3,2,0,0,0,0,0,0,6,0.0,2,8,0.2,8320,11000,0.7564,116.65,0.0,0,0,0,0,0,0,25.1,12.1,0.0,0.0,0.97,0.4,52851,True
2026-02-03T03:00:00+00:00,3,1,3,2,0,0,0,0,0,0,6,0.0,2,8,0.2,8320,11000,0.7564,116.65,0.0,0,0,0,0,0,0,23.7,8.3,0.0,0.0,1.54,0.0,52851,True
2026-02-03T04:00:00+00:00,4,1,3,2,0,0,0,0,0,0,6,0.0,2,8,0.2,8320,11000,0.7564,116.65,0.0,0,0,0,0,0,0,23.7,10.4,0.0,0.0,2.28,0.0,52851,True
2026-02-03T05:00:00+00:00,5,1,3,2,0,0,0,0,0,0,6,0.0,2,8,0.2,8320,11000,0.7564,116.65,0.0,0,0,0,0,0,0,25.4,13.0,5.7,0.2,2.88,0.0,52851,True
2026-02-03T06:00:00+00:00,6,1,3,2,0,0,0,0,0,0,6,0.0,2,8,0.2,8320,11000,0.7564,116.65,0.0,0,0,0,0,0,0,25.4,21.5,19.1,0.5,3.1,0.0,52851,True
2026-02-03T07:00:00+00:00,7,1,3,2,0,0,0,0,0,0,6,0.0,2,8,0.2,8320,11000,0.7564,116.65,0.0,0,0,0,0,0,0,26.0,9.1,0.0,0.0,2.96,0.0,52851,True
2026-02-03T08:00:00+00:00,8,1,3,2,0,0,0,0,0,0,6,0.0,2,8,0.2,8320,11000,0.7564,116.65,0.0,0,0,0,0,0,0,27.1,8.4,0.0,0.0,2.57,0.0,52851,True
2026-02-03T09:00:00+00:00,9,1,3,2,0,0,0,0,0,0,6,0.0,2,8,0.2,8320,11000,0.7564,116.65,0.0,0,0,0,0,0,0,27.6,10.6,0.0,0.0,2.13,0.0,52851,True
2026-02-03T10:00:00+00:00,10,1,3,2,0,0,0,0,0,0,6,0.0,2,8,0.2,8320,11000,0.7564,116.65,0.0,0,0,0,0,0,0,28.1,12.1,0.0,0.0,1.77,0.0,52851,True
2026-02-03T11:00:00+00:00,11,1,3,2,0,0,0,0,0,0,6,0.0,2,8,0.2,8320,11000,0.7564,116.65,0.0,0,0,0,0,0,0,30.1,12.6,0.0,0.0,1.43,0.0,52851,True
2026-02-03T12:00:00+00:00,12,1,3,2,0,0,0,0,0,0,6,0.0,2,8,0.2,8320,11000,0.7564,116.65,0.0,0,0,0,0,0,0,30.3,9.7,0.0,0.0,1.03,0.2,52851,True
2026-02-03T13:00:00+00:00,13,1,3,2,0,0,0,0,0,0,6,0.0,2,8,0.2,8320,11000,0.7564,116.65,0.0,0,0,0,0,0,0,31.0,10.5,0.0,0.0,0.8,0.4,52851,True
2026-02-03T14:00:00+00:00,14,1,3,2,0,0,0,0,0,0,6,0.0,2,8,0.2,8320,11000,0.7564,116.65,0.0,0,0,0,0,0,0,31.8,19.8,2.8,0.2,0.76,0.4,52851,True
2026-02-03T15:00:00+00:00,15,1,3,2,0,0,0,0,0,0,6,0.0,2,8,0.2,8320,11000,0.7564,116.65,0.0,0,0,0,0,0,0,32.1,16.9,0.0,0.0,1.24,0.2,52851,True
2026-02-03T16:00:00+00:00,16,1,3,2,0,0,0,0,0,0,6,0.0,2,8,0.2,8320,11000,0.7564,116.65,0.0,0,0,0,0,0,0,30.6,21.3,2.3,0.2,1.89,0.0,52851,True
2026-02-03T17:00:00+00:00,17,1,3,2,0,0,0,0,0,0,6,0.0,2,8,0.2,8320,11000,0.7564,116.65,0.0,0,0,0,0,0,0,30.4,15.3,0.0,0.0,2.61,0.0,52851,True
2026-02-03T18:00:00+00:00,18,1,3,2,0,0,0,0,0,0,6,0.0,2,8,0.2,8320,11000,0.7564,116.65,0.0,0,0,0,0,0,0,30.3,15.7,0.0,0.0,3.04,0.0,52851,True
2026-02-03T19:00:00+00:00,19,1,3,2,0,0,0,0,0,0,6,0.0,2,8,0.2,8320,11000,0.7564,116.65,0.0,0,0,0,0,0,0,30.3,14.9,0.0,0.0,2.99,0.0,52851,True
2026-02-03T20:00:00+00:00,20,1,3,2,0,0,0,0,0,0,6,0.0,2,8,0.2,8320,11000,0.7564,116.65,0.0,0,0,0,0,0,0,28.0,15.5,0.0,0.0,2.74,0.0,52851,True
2026-02-03T21:00:00+00:00,21,1,3,2,0,0,0,0,0,0,6,0.0,2,8,0.2,8320,11000,0.7564,116.65,0.0,0,0,0,0,0,0,28.4,16.1,0.0,0.0,2.31,0.0,52851,True
2026-02-03T22:00:00+00:00,22,1,3,2,0,0,0,0,0,0,6,0.0,2,8,0.2,8320,11000,0.7564,116.65,0.0,0,0,0,0,0,0,26.2,12.7,0.0,0.0,2.01,0.0,52851,True
2026-02-03T23:00:00+00:00,23,1,3,2,0,0,0,0,0,0,6,0.0,2,8,0.2,8320,11000,0.7564,116.65,0.0,0,0,0,0,0,0,26.8,11.8,0.0,0.0,1.59,0.0,52851,True
2026-02-04T00:00:00+00:00,0,2,4,2,0,0,0,0,0,0,6,0.0,2,8,0.2,8320,11000,0.7564,116.65,0.0,0,0,0,0,0,0,25.3,22.7,12.2,0.5,1.2,0.2,52851,True
2026-02-04T01:00:00+00:00,1,2,4,2,0,0,0,0,0,0,6,0.0,2,8,0.2,8320,11000,0.7564,116.65,0.0,0,0,0,0,0,0,25.8,10.5,0.0,0.0,0.9,0.4,52851,True
2026-02-04T02:00:00+00:00,2,2,4,2,0,0,0,0,0,0,6,0.0,2,8,0.2,8320,11000,0.7564,116.65,0.0,0,0,0,0,0,0,25.2,7.0,0.0,0.0,0.74,0.4,52851,True
2026-02-04T03:00:00+00:00,3,2,4,2,0,0,0,0,0,0,6,0.0,2,8,0.2,8320,11000,0.7564,116.65,0.0,0,0,0,0,0,0,24.5,8.9,0.0,0.0,0.99,0.4,52851,True
2026-02-04T04:00:00+00:00,4,2,4,2,0,0,0,0,0,0,6,0.0,2,8,0.2,8320,11000,0.7564,116.65,0.0,0,0,0,0,0,0,23.9,19.3,10.9,0.5,1.65,0.0,52851,True
2026-02-04T05:00:00+00:00,5,2,4,2,0,0,0,0,0,0,6,0.0,2,8,0.2,8320,11000,0.7564,116.65,0.0,0,0,0,0,0,0,25.7,18.5,4.9,0.2,2.33,0.0,52851,True
2026-02-04T06:00:00+00:00,6,2,4,2,0,0,0,0,0,0,6,0.0,2,8,0.2,8320,11000,0.7564,116.65,0.0,0,0,0,0,0,0,26.5,10.9,0.0,0.0,2.9,0.0,52851,True
2026-02-04T07:00:00+00:00,7,2,4,2,0,0,0,0,0,0,6,0.0,2,8,0.2,8320,11000,0.7564,116.65,0.0,0,0,0,0,0,0,26.0,10.4,0.0,0.0,3.04,0.0,52851,True
2026-02-04T08:00:00+00:00,8,2,4,2,0,0,0,0,0,0,6,0.0,2,8,0.2,8320,11000,0.7564,116.65,0.0,0,0,0,0,0,0,27.4,7.3,0.0,0.0,2.84,0.0,52851,True
2026-02-04T09:00:00+00:00,9,2,4,2,0,0,0,0,0,0,6,0.0,2,8,0.2,8320,11000,0.7564,116.65,0.0,0,0,0,0,0,0,27.4,10.7,0.0,0.0,2.48,0.0,52851,True
2026-02-04T10:00:00+00:00,10,2,4,2,0,0,0,0,0,0,6,0.0,2,8,0.2,8320,11000,0.7564,116.65,0.0,0,0,0,0,0,0,28.1,10.1,0.0,0.0,2.13,0.0,52851,True
2026-02-04T11:00:00+00:00,11,2,4,2,0,0,0,0,0,0,6,0.0,2,8,0.2,8320,11000,0.7564,116.65,0.0,0,0,0,0,0,0,30.1,12.6,0.0,0.0,1.78,0.0,52851,True
2026-02-04T12:00:00+00:00,12,2,4,2,0,0,0,0,0,0,6,0.0,2,8,0.2,8320,11000,0.7564,116.65,0.0,0,0,0,0,0,0,30.2,11.2,0.0,0.0,1.42,0.0,52851,True
2026-02-04T13:00:00+00:00,13,2,4,2,0,0,0,0,0,0,6,0.0,2,8,0.2,8320,11000,0.7564,116.65,0.0,0,0,0,0,0,0,30.7,9.2,0.0,0.0,1.04,0.2,52851,True
2026-02-04T14:00:00+00:00,14,2,4,2,0,0,0,0,0,0,6,0.0,2,8,0.2,8320,11000,0.7564,116.65,0.0,0,0,0,0,0,0,31.5,14.3,0.0,0.0,0.72,0.4,52851,True
2026-02-04T15:00:00+00:00,15,2,4,2,0,0,0,0,0,0,6,0.0,2,8,0.2,8320,11000,0.7564,116.65,0.0,0,0,0,0,0,0,31.9,13.7,0.0,0.0,0.87,0.4,52851,True
2026-02-04T16:00:00+00:00,16,2,4,2,0,0,0,0,0,0,6,0.0,2,8,0.2,8320,11000,0.7564,116.65,0.0,0,0,0,0,0,0,32.2,16.6,0.0,0.0,1.37,0.2,52851,True
2026-02-04T17:00:00+00:00,17,2,4,2,0,0,0,0,0,0,6,0.0,2,8,0.2,8320,11000,0.7564,116.65,0.0,0,0,0,0,0,0,31.4,12.1,0.0,0.0,2.01,0.0,52851,True
2026-02-04T18:00:00+00:00,18,2,4,2,0,0,0,0,0,0,6,0.0,2,8,0.2,8320,11000,0.7564,116.65,0.0,0,0,0,0,0,0,30.5,12.4,0.0,0.0,2.68,0.0,52851,True
2026-02-04T19:00:00+00:00,19,2,4,2,0,0,0,0,0,0,6,0.0,2,8,0.2,8320,11000,0.7564,116.65,0.0,0,0,0,0,0,0,30.5,11.7,0.0,0.0,3.03,0.0,52851,True
2026-02-04T20:00:00+00:00,20,2,4,2,0,0,0,0,0,0,6,0.0,2,8,0.2,8320,11000,0.7564,116.65,0.0,0,0,0,0,0,0,29.7,18.0,6.7,0.2,3.02,0.0,52851,True
2026-02-04T21:00:00+00:00,21,2,4,2,0,0,0,0,0,0,6,0.0,2,8,0.2,8320,11000,0.7564,116.65,0.0,0,0,0,0,0,0,28.0,25.1,6.0,0.2,2.63,0.0,52851,True
2026-02-04T22:00:00+00:00,22,2,4,2,0,0,0,0,0,0,6,0.0,2,8,0.2,8320,11000,0.7564,116.65,0.0,0,0,0,0,0,0,26.6,27.7,10.0,0.5,2.32,0.0,52851,True
2026-02-04T23:00:00+00:00,23,2,4,2,0,0,0,0,0,0,6,0.0,2,8,0.2,8320,11000,0.7564,116.65,0.0,0,0,0,0,0,0,26.9,20.8,2.9,0.2,1.89,0.0,52851,True
2026-02-05T00:00:00+00:00,0,3,5,2,0,0,0,0,0,0,6,0.0,2,8,0.2,8320,11000,0.7564,116.65,0.0,0,0,0,0,0,0,25.6,11.9,0.0,0.0,1.55,0.0,52851,True
2026-02-05T01:00:00+00:00,1,3,5,2,0,0,0,0,0,0,6,0.0,2,8,0.2,8320,11000,0.7564,116.65,0.0,0,0,0,0,0,0,24.7,32.2,36.8,0.85,1.12,0.2,52851,True
2026-02-05T02:00:00+00:00,2,3,5,2,0,0,0,0,0,0,6,0.0,2,8,0.2,8320,11000,0.7564,116.65,0.0,0,0,0,0,0,0,24.3,9.3,0.0,0.0,0.86,0.4,52851,True
2026-02-05T03:00:00+00:00,3,3,5,2,0,0,0,0,0,0,6,0.0,2,8,0.2,8320,11000,0.7564,116.65,0.0,0,0,0,0,0,0,23.7,10.2,0.0,0.0,0.77,0.4,52851,True
2026-02-05T04:00:00+00:00,4,3,5,2,0,0,0,0,0,0,6,0.0,2,8,0.2,8320,11000,0.7564,116.65,0.0,0,0,0,0,0,0,25.4,10.7,0.0,0.0,1.08,0.2,52851,True
2026-02-05T05:00:00+00:00,5,3,5,2,0,0,0,0,0,0,6,0.0,2,8,0.2,8320,11000,0.7564,116.65,0.0,0,0,0,0,0,0,25.5,6.9,0.0,0.0,1.71,0.0,52851,True
2026-02-05T06:00:00+00:00,6,3,5,2,0,0,0,0,0,0,6,0.0,2,8,0.2,8320,11000,0.7564,116.65,0.0,0,0,0,0,0,0,25.7,10.0,0.0,0.0,2.5,0.0,52851,True
2026-02-05T07:00:00+00:00,7,3,5,2,0,0,0,0,0,0,6,0.0,2,8,0.2,8320,11000,0.7564,116.65,0.0,0,0,0,0,0,0,25.8,7.5,0.0,0.0,2.98,0.0,52851,True
2026-02-05T08:00:00+00:00,8,3,5,2,0,0,0,0,0,0,6,0.0,2,8,0.2,8320,11000,0.7564,116.65,0.0,0,0,0,0,0,0,28.0,16.5,6.4,0.2,3.04,0.0,52851,True
2026-02-05T09:00:00+00:00,9,3,5,2,0,0,0,0,0,0,6,0.0,2,8,0.2,8320,11000,0.7564,116.65,0.0,0,0,0,0,0,0,27.4,18.7,7.7,0.2,2.81,0.0,52851,True
2026-02-05T10:00:00+00:00,10,3,5,2,0,0,0,0,0,0,6,0.0,2,8,0.2,8320,11000,0.7564,116.65,0.0,0,0,0,0,0,0,29.8,21.9,7.4,0.2,2.47,0.0,52851,True
2026-02-05T11:00:00+00:00,11,3,5,2,0,0,0,0,0,0,6,0.0,2,8,0.2,8320,11000,0.7564,116.65,0.0,0,0,0,0,0,0,29.4,8.4,0.0,0.0,2.01,0.0,52851,True
2026-02-05T12:00:00+00:00,12,3,5,2,0,0,0,0,0,0,6,0.0,2,8,0.2,8320,11000,0.7564,116.65,0.0,0,0,0,0,0,0,29.7,12.0,0.0,0.0,1.71,0.0,52851,True
2026-02-05T13:00:00+00:00,13,3,5,2,0,0,0,0,0,0,6,0.0,2,8,0.2,8320,11000,0.7564,116.65,0.0,0,0,0,0,0,0,31.4,12.0,0.0,0.0,1.28,0.2,52851,True
2026-02-05T14:00:00+00:00,14,3,5,2,0,0,0,0,0,0,6,0.0,2,8,0.2,8320,11000,0.7564,116.65,0.0,0,0,0,0,0,0,30.7,15.4,0.0,0.0,0.98,0.4,52851,True
2026-02-05T15:00:00+00:00,15,3,5,2,0,0,0,0,0,0,6,0.0,2,8,0.2,8320,11000,0.7564,116.65,0.0,0,0,0,0,0,0,32.5,13.9,0.0,0.0,0.72,0.4,52851,True
2026-02-05T16:00:00+00:00,16,3,5,2,0,0,0,0,0,0,6,0.0,2,8,0.2,8320,11000,0.7564,116.65,0.0,0,0,0,0,0,0,30.8,16.5,0.0,0.0,0.89,0.4,52851,True
2026-02-05T17:00:00+00:00,17,3,5,2,0,0,0,0,0,0,6,0.0,2,8,0.2,8320,11000,0.7564,116.65,0.0,0,0,0,0,0,0,30.8,12.6,0.0,0.0,1.44,0.0,52851,True
2026-02-05T18:00:00+00:00,18,3,5,2,0,0,0,0,0,0,6,0.0,2,8,0.2,8320,11000,0.7564,116.65,0.0,0,0,0,0,0,0,30.4,13.4,0.0,0.0,2.21,0.0,52851,True
2026-02-05T19:00:00+00:00,19,3,5,2,0,0,0,0,0,0,6,0.0,2,8,0.2,8320,11000,0.7564,116.65,0.0,0,0,0,0,0,0,30.3,42.9,38.4,0.85,2.81,0.0,52851,True
2026-02-05T20:00:00+00:00,20,3,5,2,0,0,0,0,0,0,6,0.0,2,8,0.2,8320,11000,0.7564,116.65,0.0,0,0,0,0,0,0,29.4,11.7,0.0,0.0,3.04,0.0,52851,True
2026-02-05T21:00:00+00:00,21,3,5,2,0,0,0,0,0,0,6,0.0,2,8,0.2,8320,11000,0.7564,116.65,0.0,0,0,0,0,0,0,28.1,12.7,0.0,0.0,2.95,0.0,52851,True
2026-02-05T22:00:00+00:00,22,3,5,2,0,0,0,0,0,0,6,0.0,2,8,0.2,8320,11000,0.7564,116.65,0.0,0,0,0,0,0,0,27.1,13.5,0.0,0.0,2.63,0.0,52851,True
2026-02-05T23:00:00+00:00,23,3,5,2,0,0,0,0,0,0,6,0.0,2,8,0.2,8320,11000,0.7564,116.65,0.0,0,0,0,0,0,0,26.8,31.3,22.0,0.85,2.26,0.0,52851,True
2026-02-06T00:00:00+00:00,0,4,6,2,0,0,0,0,0,0,6,0.0,2,8,0.2,8320,11000,0.7564,116.65,0.0,0,0,0,0,0,0,24.6,10.9,0.0,0.0,1.81,0.0,52851,True
2026-02-06T01:00:00+00:00,1,4,6,2,0,0,0,0,0,0,6,0.0,2,8,0.2,8320,11000,0.7564,116.65,0.0,0,0,0,0,0,0,25.1,7.7,0.0,0.0,1.47,0.0,52851,True
2026-02-06T02:00:00+00:00,2,4,6,2,0,0,0,0,0,0,6,0.0,2,8,0.2,8320,11000,0.7564,116.65,0.0,0,0,0,0,0,0,24.4,8.8,0.0,0.0,1.06,0.2,52851,True
2026-02-06T03:00:00+00:00,3,4,6,2,0,0,0,0,0,0,6,0.0,2,8,0.2,8320,11000,0.7564,116.65,0.0,0,0,0,0,0,0,25.1,11.2,0.0,0.0,0.76,0.4,52851,True
2026-02-06T04:00:00+00:00,4,4,6,2,0,0,0,0,0,0,6,0.0,2,8,0.2,8320,11000,0.7564,116.65,0.0,0,0,0,0,0,0,24.0,8.5,0.0,0.0,0.82,0.4,52851,True
2026-02-06T05:00:00+00:00,5,4,6,2,0,0,0,0,0,0,6,0.0,2,8,0.2,8320,11000,0.7564,116.65,0.0,0,0,0,0,0,0,25.1,10.4,0.0,0.0,1.17,0.2,52851,True
2026-02-06T06:00:00+00:00,6,4,6,2,0,0,0,0,0,0,6,0.0,2,8,0.2,8320,11000,0.7564,116.65,0.0,0,0,0,0,0,0,25.9,19.3,3.9,0.2,1.89,0.0,52851,True
2026-02-06T07:00:00+00:00,7,4,6,2,0,0,0,0,0,0,6,0.0,2,8,0.2,8320,11000,0.7564,116.65,0.0,0,0,0,0,0,0,26.7,9.2,0.0,0.0,2.55,0.0,52851,True
2026-02-06T08:00:00+00:00,8,4,6,2,0,0,0,0,0,0,6,0.0,2,8,0.2,8320,11000,0.7564,116.65,0.0,0,0,0,0,0,0,27.4,20.4,19.1,0.5,3.01,0.0,52851,True
2026-02-06T09:00:00+00:00,9,4,6,2,0,0,0,0,0,0,6,0.0,2,8,0.2,8320,11000,0.7564,116.65,0.0,0,0,0,0,0,0,27.5,11.4,0.0,0.0,3.06,0.0,52851,True
2026-02-06T10:00:00+00:00,10,4,6,2,0,0,0,0,0,0,6,0.0,2,8,0.2,8320,11000,0.7564,116.65,0.0,0,0,0,0,0,0,28.8,12.9,0.0,0.0,2.74,0.0,52851,True
2026-02-06T11:00:00+00:00,11,4,6,2,0,0,0,0,0,0,6,0.0,2,8,0.2,8320,11000,0.7564,116.65,0.0,0,0,0,0,0,0,29.3,22.6,5.3,0.2,2.4,0.0,52851,True
2026-02-06T12:00:00+00:00,12,4,6,2,0,0,0,0,0,0,6,0.0,2,8,0.2,8320,11000,0.7564,116.65,0.0,0,0,0,0,0,0,30.6,12.9,0.0,0.0,1.95,0.0,52851,True
2026-02-06T13:00:00+00:00,13,4,6,2,0,0,0,0,0,0,6,0.0,2,8,0.2,8320,11000,0.7564,116.65,0.0,0,0,0,0,0,0,30.5,16.0,2.1,0.2,1.62,0.0,52851,True
2026-02-06T14:00:00+00:00,14,4,6,2,0,0,0,0,0,0,6,0.0,2,8,0.2,8320,11000,0.7564,116.65,0.0,0,0,0,0,0,0,31.3,12.7,0.0,0.0,1.21,0.2,52851,True
2026-02-06T15:00:00+00:00,15,4,6,2,0,0,0,0,0,0,6,0.0,2,8,0.2,8320,11000,0.7564,116.65,0.0,0,0,0,0,0,0,32.4,15.8,0.0,0.0,0.88,0.4,52851,True
2026-02-06T16:00:00+00:00,16,4,6,2,0,0,0,0,0,0,6,0.0,2,8,0.2,8320,11000,0.7564,116.65,0.0,0,0,0,0,0,0,31.3,23.4,7.7,0.2,0.78,0.4,52851,True
2026-02-06T17:00:00+00:00,17,4,6,2,0,0,0,0,0,0,6,0.0,2,8,0.2,8320,11000,0.7564,116.65,0.0,0,0,0,0,0,0,31.8,13.4,0.0,0.0,0.91,0.4,52851,True
2026-02-06T18:00:00+00:00,18,4,6,2,0,0,0,0,0,0,6,0.0,2,8,0.2,8320,11000,0.7564,116.65,0.0,0,0,0,0,0,0,30.2,12.0,0.0,0.0,1.55,0.0,52851,True
2026-02-06T19:00:00+00:00,19,4,6,2,0,0,0,0,0,0,6,0.0,2,8,0.2,8320,11000,0.7564,116.65,0.0,0,0,0,0,0,0,29.1,15.7,0.0,0.0,2.32,0.0,52851,True
2026-02-06T20:00:00+00:00,20,4,6,2,0,0,0,0,0,0,6,0.0,2,8,0.2,8320,11000,0.7564,116.65,0.0,0,0,0,0,0,0,28.4,27.3,2.1,0.2,2.86,0.0,52851,True
2026-02-06T21:00:00+00:00,21,4,6,2,0,0,0,0,0,0,6,0.0,2,8,0.2,8320,11000,0.7564,116.65,0.0,0,0,0,0,0,0,27.8,16.1,0.0,0.0,3.07,0.0,52851,True
2026-02-06T22:00:00+00:00,22,4,6,2,0,0,0,0,0,0,6,0.0,2,8,0.2,8320,11000,0.7564,116.65,0.0,0,0,0,0,0,0,27.0,14.6,0.0,0.0,2.94,0.0,52851,True
2026-02-06T23:00:00+00:00,23,4,6,2,0,0,0,0,0,0,6,0.0,2,8,0.2,8320,11000,0.7564,116.65,0.0,0,0,0,0,0,0,27.0,13.3,0.0,0.0,2.57,0.0,52851,True
2026-02-07T00:00:00+00:00,0,5,7,2,1,0,0,0,0,0,6,0.0,2,8,0.2,8320,11000,0.7564,116.65,0.0,0,0,0,0,0,0,25.6,14.5,0.0,0.0,2.1,0.0,52851,True
2026-02-07T01:00:00+00:00,1,5,7,2,1,0,0,0,0,0,6,0.0,2,8,0.2,8320,11000,0.7564,116.65,0.0,0,0,0,0,0,0,25.2,13.3,0.0,0.0,1.84,0.0,52851,True
2026-02-07T02:00:00+00:00,2,5,7,2,1,0,0,0,0,0,6,0.0,2,8,0.2,8320,11000,0.7564,116.65,0.0,0,0,0,0,0,0,24.5,23.5,16.8,0.5,1.45,0.0,52851,True
2026-02-07T03:00:00+00:00,3,5,7,2,1,0,0,0,0,0,6,0.0,2,8,0.2,8320,11000,0.7564,116.65,0.0,0,0,0,0,0,0,24.3,9.4,0.0,0.0,1.04,0.2,52851,True
2026-02-07T04:00:00+00:00,4,5,7,2,1,0,0,0,0,0,6,0.0,2,8,0.2,8320,11000,0.7564,116.65,0.0,0,0,0,0,0,0,25.2,25.3,10.7,0.5,0.74,0.4,52851,True
2026-02-07T05:00:00+00:00,5,5,7,2,1,0,0,0,0,0,6,0.0,2,8,0.2,8320,11000,0.7564,116.65,0.0,0,0,0,0,0,0,24.7,6.0,0.0,0.0,0.83,0.4,52851,True
2026-02-07T06:00:00+00:00,6,5,7,2,1,0,0,0,0,0,6,0.0,2,8,0.2,8320,11000,0.7564,116.65,0.0,0,0,0,0,0,0,25.8,5.2,0.0,0.0,1.31,0.2,52851,True
2026-02-07T07:00:00+00:00,7,5,7,2,1,0,0,0,0,0,6,0.0,2,8,0.2,8320,11000,0.7564,116.65,0.0,0,0,0,0,0,0,27.1,16.0,7.6,0.2,1.93,0.0,52851,True
2026-02-07T08:00:00+00:00,8,5,7,2,1,0,0,0,0,0,6,0.0,2,8,0.2,8320,11000,0.7564,116.65,0.0,0,0,0,0,0,0,26.5,9.5,0.0,0.0,2.66,0.0,52851,True
2026-02-07T09:00:00+00:00,9,5,7,2,1,0,0,0,0,0,6,0.0,2,8,0.2,8320,11000,0.7564,116.65,0.0,0,0,0,0,0,0,27.0,8.7,0.0,0.0,2.99,0.0,52851,True
2026-02-07T10:00:00+00:00,10,5,7,2,1,0,0,0,0,0,6,0.0,2,8,0.2,8320,11000,0.7564,116.65,0.0,0,0,0,0,0,0,29.6,13.1,0.0,0.0,2.99,0.0,52851,True
2026-02-07T11:00:00+00:00,11,5,7,2,1,0,0,0,0,0,6,0.0,2,8,0.2,8320,11000,0.7564,116.65,0.0,0,0,0,0,0,0,30.2,26.6,17.9,0.5,2.67,0.0,52851,True
2026-02-07T12:00:00+00:00,12,5,7,2,1,0,0,0,0,0,6,0.0,2,8,0.2,8320,11000,0.7564,116.65,0.0,0,0,0,0,0,0,31.2,17.7,2.8,0.2,2.35,0.0,52851,True
2026-02-07T13:00:00+00:00,13,5,7,2,1,0,0,0,0,0,6,0.0,2,8,0.2,8320,11000,0.7564,116.65,0.0,0,0,0,0,0,0,31.7,9.0,0.0,0.0,1.96,0.0,52851,True
2026-02-07T14:00:00+00:00,14,5,7,2,1,0,0,0,0,0,6,0.0,2,8,0.2,8320,11000,0.7564,116.65,0.0,0,0,0,0,0,0,30.9,15.7,0.0,0.0,1.58,0.0,52851,True
2026-02-07T15:00:00+00:00,15,5,7,2,1,0,0,0,0,0,6,0.0,2,8,0.2,8320,11000,0.7564,116.65,0.0,0,0,0,0,0,0,31.5,16.8,0.0,0.0,1.21,0.2,52851,True
2026-02-07T16:00:00+00:00,16,5,7,2,1,0,0,0,0,0,6,0.0,2,8,0.2,8320,11000,0.7564,116.65,0.0,0,0,0,0,0,0,31.5,15.9,0.0,0.0,0.9,0.4,52851,True
2026-02-07T17:00:00+00:00,17,5,7,2,1,0,0,0,0,0,6,0.0,2,8,0.2,8320,11000,0.7564,116.65,0.0,0,0,0,0,0,0,30.5,13.4,0.0,0.0,0.79,0.4,52851,True
2026-02-07T18:00:00+00:00,18,5,7,2,1,0,0,0,0,0,6,0.0,2,8,0.2,8320,11000,0.7564,116.65,0.0,0,0,0,0,0,0,30.5,11.0,0.0,0.0,1.01,0.2,52851,True
2026-02-07T19:00:00+00:00,19,5,7,2,1,0,0,0,0,0,6,0.0,2,8,0.2,8320,11000,0.7564,116.65,0.0,0,0,0,0,0,0,30.3,22.9,2.2,0.2,1.68,0.0,52851,True
2026-02-07T20:00:00+00:00,20,5,7,2,1,0,0,0,0,0,6,0.0,2,8,0.2,8320,11000,0.7564,116.65,0.0,0,0,0,0,0,0,28.8,14.3,0.0,0.0,2.45,0.0,52851,True
2026-02-07T21:00:00+00:00,21,5,7,2,1,0,0,0,0,0,6,0.0,2,8,0.2,8320,11000,0.7564,116.65,0.0,0,0,0,0,0,0,27.1,11.4,0.0,0.0,2.94,0.0,52851,True
2026-02-07T22:00:00+00:00,22,5,7,2,1,0,0,0,0,0,6,0.0,2,8,0.2,8320,11000,0.7564,116.65,0.0,0,0,0,0,0,0,26.4,10.4,0.0,0.0,3.1,0.0,52851,True
2026-02-07T23:00:00+00:00,23,5,7,2,1,0,0,0,0,0,6,0.0,2,8,0.2,8320,11000,0.7564,116.65,0.0,0,0,0,0,0,0,25.3,15.1,0.0,0.0,2.86,0.0,52851,True
2026-02-08T00:00:00+00:00,0,6,8,2,1,0,0,0,0,0,6,0.0,2,8,0.2,8320,11000,0.7564,116.65,0.0,0,0,0,0,0,0,25.2,10.8,0.0,0.0,2.42,0.0,52851,True
2026-02-08T01:00:00+00:00,1,6,8,2,1,0,0,0,0,0,6,0.0,2,8,0.2,8320,11000,0.7564,116.65,0.0,0,0,0,0,0,0,25.2,24.3,16.8,0.5,2.08,0.0,52851,True
2026-02-08T02:00:00+00:00,2,6,8,2,1,0,0,0,0,0,6,0.0,2,8,0.2,8320,11000,0.7564,116.65,0.0,0,0,0,0,0,0,25.4,10.0,0.0,0.0,1.76,0.0,52851,True
2026-02-08T03:00:00+00:00,3,6,8,2,1,0,0,0,0,0,6,0.0,2,8,0.2,8320,11000,0.7564,116.65,0.0,0,0,0,0,0,0,24.0,7.0,0.0,0.0,1.34,0.2,52851,True
2026-02-08T04:00:00+00:00,4,6,8,2,1,0,0,0,0,0,6,0.0,2,8,0.2,8320,11000,0.7564,116.65,0.0,0,0,0,0,0,0,24.4,28.5,34.4,0.85,1.0,0.2,52851,True
2026-02-08T05:00:00+00:00,5,6,8,2,1,0,0,0,0,0,6,0.0,2,8,0.2,8320,11000,0.7564,116.65,0.0,0,0,0,0,0,0,24.0,13.1,2.0,0.2,0.73,0.4,52851,True
2026-02-08T06:00:00+00:00,6,6,8,2,1,0,0,0,0,0,6,0.0,2,8,0.2,8320,11000,0.7564,116.65,0.0,0,0,0,0,0,0,25.9,6.3,0.0,0.0,0.89,0.4,52851,True
2026-02-08T07:00:00+00:00,7,6,8,2,1,0,0,0,0,0,6,0.0,2,8,0.2,8320,11000,0.7564,116.65,0.0,0,0,0,0,0,0,25.4,17.1,6.2,0.2,1.37,0.2,52851,True
2026-02-08T08:00:00+00:00,8,6,8,2,1,0,0,0,0,0,6,0.0,2,8,0.2,8320,11000,0.7564,116.65,0.0,0,0,0,0,0,0,27.9,7.9,0.0,0.0,2.07,0.0,52851,True
2026-02-08T09:00:00+00:00,9,6,8,2,1,0,0,0,0,0,6,0.0,2,8,0.2,8320,11000,0.7564,116.65,0.0,0,0,0,0,0,0,27.8,9.6,0.0,0.0,2.74,0.0,52851,True
2026-02-08T10:00:00+00:00,10,6,8,2,1,0,0,0,0,0,6,0.0,2,8,0.2,8320,11000,0.7564,116.65,0.0,0,0,0,0,0,0,29.3,6.9,0.0,0.0,3.03,0.0,52851,True
2026-02-08T11:00:00+00:00,11,6,8,2,1,0,0,0,0,0,6,0.0,2,8,0.2,8320,11000,0.7564,116.65,0.0,0,0,0,0,0,0,29.0,10.5,0.0,0.0,2.93,0.0,52851,True
2026-02-08T12:00:00+00:00,12,6,8,2,1,0,0,0,0,0,6,0.0,2,8,0.2,8320,11000,0.7564,116.65,0.0,0,0,0,0,0,0,29.7,9.2,0.0,0.0,2.66,0.0,52851,True
2026-02-08T13:00:00+00:00,13,6,8,2,1,0,0,0,0,0,6,0.0,2,8,0.2,8320,11000,0.7564,116.65,0.0,0,0,0,0,0,0,30.5,37.1,30.0,0.85,2.27,0.0,52851,True
2026-02-08T14:00:00+00:00,14,6,8,2,1,0,0,0,0,0,6,0.0,2,8,0.2,8320,11000,0.7564,116.65,0.0,0,0,0,0,0,0,31.1,14.6,0.0,0.0,1.91,0.0,52851,True
2026-02-08T15:00:00+00:00,15,6,8,2,1,0,0,0,0,0,6,0.0,2,8,0.2,8320,11000,0.7564,116.65,0.0,0,0,0,0,0,0,30.9,14.1,0.0,0.0,1.52,0.0,52851,True
2026-02-08T16:00:00+00:00,16,6,8,2,1,0,0,0,0,0,6,0.0,2,8,0.2,8320,11000,0.7564,116.65,0.0,0,0,0,0,0,0,30.7,12.3,0.0,0.0,1.13,0.2,52851,True
2026-02-08T17:00:00+00:00,17,6,8,2,1,0,0,0,0,0,6,0.0,2,8,0.2,8320,11000,0.7564,116.65,0.0,0,0,0,0,0,0,31.4,19.0,3.6,0.2,0.86,0.4,52851,True
2026-02-08T18:00:00+00:00,18,6,8,2,1,0,0,0,0,0,6,0.0,2,8,0.2,8320,11000,0.7564,116.65,0.0,0,0,0,0,0,0,29.9,26.4,16.4,0.5,0.77,0.4,52851,True
2026-02-08T19:00:00+00:00,19,6,8,2,1,0,0,0,0,0,6,0.0,2,8,0.2,8320,11000,0.7564,116.65,0.0,0,0,0,0,0,0,30.0,10.9,0.0,0.0,1.1,0.2,52851,True
2026-02-08T20:00:00+00:00,20,6,8,2,1,0,0,0,0,0,6,0.0,2,8,0.2,8320,11000,0.7564,116.65,0.0,0,0,0,0,0,0,29.0,14.1,0.0,0.0,1.73,0.0,52851,True
2026-02-08T21:00:00+00:00,21,6,8,2,1,0,0,0,0,0,6,0.0,2,8,0.2,8320,11000,0.7564,116.65,0.0,0,0,0,0,0,0,28.3,18.1,2.8,0.2,2.46,0.0,52851,True
2026-02-08T22:00:00+00:00,22,6,8,2,1,0,0,0,0,0,6,0.0,2,8,0.2,8320,11000,0.7564,116.65,0.0,0,0,0,0,0,0,27.2,23.7,2.9,0.2,3.0,0.0,52851,True
2026-02-08T23:00:00+00:00,23,6,8,2,1,0,0,0,0,0,6,0.0,2,8,0.2,8320,11000,0.7564,116.65,0.0,0,0,0,0,0,0,26.9,12.8,0.0,0.0,3.04,0.0,52851,True
2026-02-09T00:00:00+00:00,0,0,9,2,0,0,0,0,0,0,6,0.0,2,8,0.2,8320,11000,0.7564,116.65,0.0,0,0,0,0,0,0,25.7,11.5,0.0,0.0,2.77,0.0,52851,True
2026-02-09T01:00:00+00:00,1,0,9,2,0,0,0,0,0,0,6,0.0,2,8,0.2,8320,11000,0.7564,116.65,0.0,0,0,0,0,0,0,25.0,13.8,0.0,0.0,2.36,0.0,52851,True
2026-02-09T02:00:00+00:00,2,0,9,2,0,0,0,0,0,0,6,0.0,2,8,0.2,8320,11000,0.7564,116.65,0.0,0,0,0,0,0,0,25.2,7.0,0.0,0.0,1.99,0.0,52851,True
2026-02-09T03:00:00+00:00,3,0,9,2,0,0,0,0,0,0,6,0.0,2,8,0.2,8320,11000,0.7564,116.65,0.0,0,0,0,0,0,0,24.8,6.5,0.0,0.0,1.64,0.0,52851,True
2026-02-09T04:00:00+00:00,4,0,9,2,0,0,0,0,0,0,6,0.0,2,8,0.2,8320,11000,0.7564,116.65,0.0,0,0,0,0,0,0,25.4,8.7,0.0,0.0,1.24,0.2,52851,True
2026-02-09T05:00:00+00:00,5,0,9,2,0,0,0,0,0,0,6,0.0,2,8,0.2,8320,11000,0.7564,116.65,0.0,0,0,0,0,0,0,25.4,5.9,0.0,0.0,0.95,0.4,52851,True
2026-02-09T06:00:00+00:00,6,0,9,2,0,0,0,0,0,0,6,0.0,2,8,0.2,8320,11000,0.7564,116.65,0.0,0,0,0,0,0,0,24.9,8.9,0.0,0.0,0.71,0.4,52851,True
2026-02-09T07:00:00+00:00,7,0,9,2,0,0,0,0,0,0,6,0.0,2,8,0.2,8320,11000,0.7564,116.65,0.0,0,0,0,0,0,0,26.1,7.8,0.0,0.0,0.9,0.4,52851,True
2026-02-09T08:00:00+00:00,8,0,9,2,0,0,0,0,0,0,6,0.0,2,8,0.2,8320,11000,0.7564,116.65,0.0,0,0,0,0,0,0,27.9,16.1,5.5,0.2,1.42,0.0,52851,True
2026-02-09T09:00:00+00:00,9,0,9,2,0,0,0,0,0,0,6,0.0,2,8,0.2,8320,11000,0.7564,116.65,0.0,0,0,0,0,0,0,27.9,9.0,0.0,0.0,2.19,0.0,52851,True
2026-02-09T10:00:00+00:00,10,0,9,2,0,0,0,0,0,0,6,0.0,2,8,0.2,8320,11000,0.7564,116.65,0.0,0,0,0,0,0,0,29.3,22.9,13.6,0.5,2.78,0.0,52851,True
2026-02-09T11:00:00+00:00,11,0,9,2,0,0,0,0,0,0,6,0.0,2,8,0.2,8320,11000,0.7564,116.65,0.0,0,0,0,0,0,0,30.5,13.2,0.0,0.0,3.1,0.0,52851,True
2026-02-09T12:00:00+00:00,12,0,9,2,0,0,0,0,0,0,6,0.0,2,8,0.2,8320,11000,0.7564,116.65,0.0,0,0,0,0,0,0,30.5,12.2,0.0,0.0,2.92,0.0,52851,True
2026-02-09T13:00:00+00:00,13,0,9,2,0,0,0,0,0,0,6,0.0,2,8,0.2,8320,11000,0.7564,116.65,0.0,0,0,0,0,0,0,30.3,15.1,0.0,0.0,2.58,0.0,52851,True
2026-02-09T14:00:00+00:00,14,0,9,2,0,0,0,0,0,0,6,0.0,2,8,0.2,8320,11000,0.7564,116.65,0.0,0,0,0,0,0,0,30.8,13.1,0.0,0.0,2.22,0.0,52851,True
2026-02-09T15:00:00+00:00,15,0,9,2,0,0,0,0,0,0,6,0.0,2,8,0.2,8320,11000,0.7564,116.65,0.0,0,0,0,0,0,0,30.8,28.6,13.2,0.5,1.83,0.0,52851,True
2026-02-09T16:00:00+00:00,16,0,9,2,0,0,0,0,0,0,6,0.0,2,8,0.2,8320,11000,0.7564,116.65,0.0,0,0,0,0,0,0,31.0,12.6,0.0,0.0,1.48,0.0,52851,True
2026-02-09T17:00:00+00:00,17,0,9,2,0,0,0,0,0,0,6,0.0,2,8,0.2,8320,11000,0.7564,116.65,0.0,0,0,0,0,0,0,30.1,17.9,5.6,0.2,1.11,0.2,52851,True
2026-02-09T18:00:00+00:00,18,0,9,2,0,0,0,0,0,0,6,0.0,2,8,0.2,8320,11000,0.7564,116.65,0.0,0,0,0,0,0,0,29.9,13.9,0.0,0.0,0.78,0.4,52851,True
2026-02-09T19:00:00+00:00,19,0,9,2,0,0,0,0,0,0,6,0.0,2,8,0.2,8320,11000,0.7564,116.65,0.0,0,0,0,0,0,0,29.5,16.4,0.0,0.0,0.76,0.4,52851,True
2026-02-09T20:00:00+00:00,20,0,9,2,0,0,0,0,0,0,6,0.0,2,8,0.2,8320,11000,0.7564,116.65,0.0,0,0,0,0,0,0,28.6,14.8,0.0,0.0,1.16,0.2,52851,True
2026-02-09T21:00:00+00:00,21,0,9,2,0,0,0,0,0,0,6,0.0,2,8,0.2,8320,11000,0.7564,116.65,0.0,0,0,0,0,0,0,28.6,11.7,0.0,0.0,1.94,0.0,52851,True
2026-02-09T22:00:00+00:00,22,0,9,2,0,0,0,0,0,0,6,0.0,2,8,0.2,8320,11000,0.7564,116.65,0.0,0,0,0,0,0,0,28.0,16.0,0.0,0.0,2.56,0.0,52851,True
2026-02-09T23:00:00+00:00,23,0,9,2,0,0,0,0,0,0,6,0.0,2,8,0.2,8320,11000,0.7564,116.65,0.0,0,0,0,0,0,0,25.5,11.1,0.0,0.0,3.0,0.0,52851,True
2026-02-10T00:00:00+00:00,0,1,10,2,0,0,0,0,0,0,6,0.0,2,8,0.2,8320,11000,0.7564,116.65,0.0,0,0,0,0,0,0,25.9,20.8,3.9,0.2,2.98,0.0,52851,True
2026-02-10T01:00:00+00:00,1,1,10,2,0,0,0,0,0,0,6,0.0,2,8,0.2,8320,11000,0.7564,116.65,0.0,0,0,0,0,0,0,25.7,10.2,0.0,0.0,2.76,0.0,52851,True
2026-02-10T02:00:00+00:00,2,1,10,2,0,0,0,0,0,0,6,0.0,2,8,0.2,8320,11000,0.7564,116.65,0.0,0,0,0,0,0,0,23.6,7.0,0.0,0.0,2.36,0.0,52851,True
2026-02-10T03:00:00+00:00,3,1,10,2,0,0,0,0,0,0,6,0.0,2,8,0.2,8320,11000,0.7564,116.65,0.0,0,0,0,0,0,0,25.1,7.4,0.0,0.0,1.95,0.0,52851,True
2026-02-10T04:00:00+00:00,4,1,10,2,0,0,0,0,0,0,6,0.0,2,8,0.2,8320,11000,0.7564,116.65,0.0,0,0,0,0,0,0,25.1,8.5,0.0,0.0,1.6,0.0,52851,True
2026-02-10T05:00:00+00:00,5,1,10,2,0,0,0,0,0,0,6,0.0,2,8,0.2,8320,11000,0.7564,116.65,0.0,0,0,0,0,0,0,25.0,6.8,0.0,0.0,1.26,0.2,52851,True
2026-02-10T06:00:00+00:00,6,1,10,2,0,0,0,0,0,0,6,0.0,2,8,0.2,8320,11000,0.7564,116.65,0.0,0,0,0,0,0,0,26.0,9.3,0.0,0.0,0.89,0.4,52851,True
2026-02-10T07:00:00+00:00,7,1,10,2,0,0,0,0,0,0,6,0.0,2,8,0.2,8320,11000,0.7564,116.65,0.0,0,0,0,0,0,0,26.2,8.4,0.0,0.0,0.76,0.4,52851,True
2026-02-10T08:00:00+00:00,8,1,10,2,0,0,0,0,0,0,6,0.0,2,8,0.2,8320,11000,0.7564,116.65,0.0,0,0,0,0,0,0,26.6,9.6,0.0,0.0,0.99,0.4,52851,True
2026-02-10T09:00:00+00:00,9,1,10,2,0,0,0,0,0,0,6,0.0,2,8,0.2,8320,11000,0.7564,116.65,0.0,0,0,0,0,0,0,28.5,7.0,0.0,0.0,1.62,0.0,52851,True
2026-02-10T10:00:00+00:00,10,1,10,2,0,0,0,0,0,0,6,0.0,2,8,0.2,8320,11000,0.7564,116.65,0.0,0,0,0,0,0,0,28.4,14.0,5.6,0.2,2.35,0.0,52851,True
2026-02-10T11:00:00+00:00,11,1,10,2,0,0,0,0,0,0,6,0.0,2,8,0.2,8320,11000,0.7564,116.65,0.0,0,0,0,0,0,0,30.7,7.6,0.0,0.0,2.88,0.0,52851,True
2026-02-10T12:00:00+00:00,12,1,10,2,0,0,0,0,0,0,6,0.0,2,8,0.2,8320,11000,0.7564,116.65,0.0,0,0,0,0,0,0,29.6,13.9,0.0,0.0,3.1,0.0,52851,True
2026-02-10T13:00:00+00:00,13,1,10,2,0,0,0,0,0,0,6,0.0,2,8,0.2,8320,11000,0.7564,116.65,0.0,0,0,0,0,0,0,31.0,10.5,0.0,0.0,2.84,0.0,52851,True
2026-02-10T14:00:00+00:00,14,1,10,2,0,0,0,0,0,0,6,0.0,2,8,0.2,8320,11000,0.7564,116.65,0.0,0,0,0,0,0,0,30.9,16.1,0.0,0.0,2.55,0.0,52851,True
2026-02-10T15:00:00+00:00,15,1,10,2,0,0,0,0,0,0,6,0.0,2,8,0.2,8320,11000,0.7564,116.65,0.0,0,0,0,0,0,0,31.8,11.0,0.0,0.0,2.14,0.0,52851,True
2026-02-10T16:00:00+00:00,16,1,10,2,0,0,0,0,0,0,6,0.0,2,8,0.2,8320,11000,0.7564,116.65,0.0,0,0,0,0,0,0,31.8,15.8,0.0,0.0,1.75,0.0,52851,True
2026-02-10T17:00:00+00:00,17,1,10,2,0,0,0,0,0,0,6,0.0,2,8,0.2,8320,11000,0.7564,116.65,0.0,0,0,0,0,0,0,30.8,16.9,0.0,0.0,1.37,0.2,52851,True
2026-02-10T18:00:00+00:00,18,1,10,2,0,0,0,0,0,0,6,0.0,2,8,0.2,8320,11000,0.7564,116.65,0.0,0,0,0,0,0,0,29.9,17.7,0.0,0.0,0.99,0.4,52851,True
2026-02-10T19:00:00+00:00,19,1,10,2,0,0,0,0,0,0,6,0.0,2,8,0.2,8320,11000,0.7564,116.65,0.0,0,0,0,0,0,0,28.8,13.1,0.0,0.0,0.73,0.4,52851,True
2026-02-10T20:00:00+00:00,20,1,10,2,0,0,0,0,0,0,6,0.0,2,8,0.2,8320,11000,0.7564,116.65,0.0,0,0,0,0,0,0,29.1,11.9,0.0,0.0,0.78,0.4,52851,True
2026-02-10T21:00:00+00:00,21,1,10,2,0,0,0,0,0,0,6,0.0,2,8,0.2,8320,11000,0.7564,116.65,0.0,0,0,0,0,0,0,28.0,14.0,0.0,0.0,1.29,0.2,52851,True
2026-02-10T22:00:00+00:00,22,1,10,2,0,0,0,0,0,0,6,0.0,2,8,0.2,8320,11000,0.7564,116.65,0.0,0,0,0,0,0,0,26.6,15.1,0.0,0.0,2.06,0.0,52851,True
2026-02-10T23:00:00+00:00,23,1,10,2,0,0,0,0,0,0,6,0.0,2,8,0.2,8320,11000,0.7564,116.65,0.0,0,0,0,0,0,0,25.7,15.3,0.0,0.0,2.66,0.0,52851,True
2026-02-11T00:00:00+00:00,0,2,11,2,0,0,0,0,0,0,6,0.0,2,8,0.2,8320,11000,0.7564,116.65,0.0,0,0,0,0,0,0,25.8,13.9,0.0,0.0,3.06,0.0,52851,True
2026-02-11T01:00:00+00:00,1,2,11,2,0,0,0,0,0,0,6,0.0,2,8,0.2,8320,11000,0.7564,116.65,0.0,0,0,0,0,0,0,24.4,9.4,0.0,0.0,2.99,0.0,52851,True
2026-02-11T02:00:00+00:00,2,2,11,2,0,0,0,0,0,0,6,0.0,2,8,0.2,8320,11000,0.7564,116.65,0.0,0,0,0,0,0,0,25.1,20.3,4.2,0.2,2.66,0.0,52851,True
2026-02-11T03:00:00+00:00,3,2,11,2,0,0,0,0,0,0,6,0.0,2,8,0.2,8320,11000,0.7564,116.65,0.0,0,0,0,0,0,0,23.6,33.7,30.0,0.85,2.3,0.0,52851,True
2026-02-11T04:00:00+00:00,4,2,11,2,0,0,0,0,0,0,6,0.0,2,8,0.2,8320,11000,0.7564,116.65,0.0,0,0,0,0,0,0,24.3,11.1,0.0,0.0,1.9,0.0,52851,True
2026-02-11T05:00:00+00:00,5,2,11,2,0,0,0,0,0,0,6,0.0,2,8,0.2,8320,11000,0.7564,116.65,0.0,0,0,0,0,0,0,25.9,7.4,0.0,0.0,1.54,0.0,52851,True
2026-02-11T06:00:00+00:00,6,2,11,2,0,0,0,0,0,0,6,0.0,2,8,0.2,8320,11000,0.7564,116.65,0.0,0,0,0,0,0,0,25.7,11.8,0.0,0.0,1.17,0.2,52851,True
2026-02-11T07:00:00+00:00,7,2,11,2,0,0,0,0,0,0,6,0.0,2,8,0.2,8320,11000,0.7564,116.65,0.0,0,0,0,0,0,0,25.8,6.2,0.0,0.0,0.88,0.4,52851,True
2026-02-11T08:00:00+00:00,8,2,11,2,0,0,0,0,0,0,6,0.0,2,8,0.2,8320,11000,0.7564,116.65,0.0,0,0,0,0,0,0,26.7,7.8,0.0,0.0,0.73,0.4,52851,True
2026-02-11T09:00:00+00:00,9,2,11,2,0,0,0,0,0,0,6,0.0,2,8,0.2,8320,11000,0.7564,116.65,0.0,0,0,0,0,0,0,28.2,8.5,0.0,0.0,1.06,0.2,52851,True
2026-02-11T10:00:00+00:00,10,2,11,2,0,0,0,0,0,0,6,0.0,2,8,0.2,8320,11000,0.7564,116.65,0.0,0,0,0,0,0,0,28.5,10.1,0.0,0.0,1.74,0.0,52851,True
2026-02-11T11:00:00+00:00,11,2,11,2,0,0,0,0,0,0,6,0.0,2,8,0.2,8320,11000,0.7564,116.65,0.0,0,0,0,0,0,0,30.3,14.5,7.9,0.2,2.42,0.0,52851,True
2026-02-11T12:00:00+00:00,12,2,11,2,0,0,0,0,0,0,6,0.0,2,8,0.2,8320,11000,0.7564,116.65,0.0,0,0,0,0,0,0,29.5,13.0,0.0,0.0,2.99,0.0,52851,True
2026-02-11T13:00:00+00:00,13,2,11,2,0,0,0,0,0,0,6,0.0,2,8,0.2,8320,11000,0.7564,116.65,0.0,0,0,0,0,0,0,31.3,10.6,0.0,0.0,3.07,0.0,52851,True
2026-02-11T14:00:00+00:00,14,2,11,2,0,0,0,0,0,0,6,0.0,2,8,0.2,8320,11000,0.7564,116.65,0.0,0,0,0,0,0,0,31.8,12.8,0.0,0.0,2.84,0.0,52851,True
2026-02-11T15:00:00+00:00,15,2,11,2,0,0,0,0,0,0,6,0.0,2,8,0.2,8320,11000,0.7564,116.65,0.0,0,0,0,0,0,0,32.0,12.6,0.0,0.0,2.42,0.0,52851,True
2026-02-11T16:00:00+00:00,16,2,11,2,0,0,0,0,0,0,6,0.0,2,8,0.2,8320,11000,0.7564,116.65,0.0,0,0,0,0,0,0,31.2,23.2,5.9,0.2,2.09,0.0,52851,True
2026-02-11T17:00:00+00:00,17,2,11,2,0,0,0,0,0,0,6,0.0,2,8,0.2,8320,11000,0.7564,116.65,0.0,0,0,0,0,0,0,30.1,24.7,7.1,0.2,1.71,0.0,52851,True
2026-02-11T18:00:00+00:00,18,2,11,2,0,0,0,0,0,0,6,0.0,2,8,0.2,8320,11000,0.7564,116.65,0.0,0,0,0,0,0,0,30.5,13.6,0.0,0.0,1.36,0.2,52851,True
2026-02-11T19:00:00+00:00,19,2,11,2,0,0,0,0,0,0,6,0.0,2,8,0.2,8320,11000,0.7564,116.65,0.0,0,0,0,0,0,0,29.4,11.0,0.0,0.0,0.96,0.4,52851,True
2026-02-11T20:00:00+00:00,20,2,11,2,0,0,0,0,0,0,6,0.0,2,8,0.2,8320,11000,0.7564,116.65,0.0,0,0,0,0,0,0,29.8,12.8,0.0,0.0,0.75,0.4,52851,True
2026-02-11T21:00:00+00:00,21,2,11,2,0,0,0,0,0,0,6,0.0,2,8,0.2,8320,11000,0.7564,116.65,0.0,0,0,0,0,0,0,28.2,14.7,0.0,0.0,0.83,0.4,52851,True
2026-02-11T22:00:00+00:00,22,2,11,2,0,0,0,0,0,0,6,0.0,2,8,0.2,8320,11000,0.7564,116.65,0.0,0,0,0,0,0,0,27.4,13.7,0.0,0.0,1.38,0.2,52851,True
2026-02-11T23:00:00+00:00,23,2,11,2,0,0,0,0,0,0,6,0.0,2,8,0.2,8320,11000,0.7564,116.65,0.0,0,0,0,0,0,0,25.6,10.3,0.0,0.0,2.14,0.0,52851,True
2026-02-12T00:00:00+00:00,0,3,12,2,0,0,0,0,0,0,6,0.0,2,8,0.2,8320,11000,0.7564,116.65,0.0,0,0,0,0,0,0,26.4,8.3,0.0,0.0,2.77,0.0,52851,True
2026-02-12T01:00:00+00:00,1,3,12,2,0,0,0,0,0,0,6,0.0,2,8,0.2,8320,11000,0.7564,116.65,0.0,0,0,0,0,0,0,24.1,13.6,0.0,0.0,3.09,0.0,52851,True
2026-02-12T02:00:00+00:00,2,3,12,2,0,0,0,0,0,0,6,0.0,2,8,0.2,8320,11000,0.7564,116.65,0.0,0,0,0,0,0,0,23.8,6.9,0.0,0.0,2.96,0.0,52851,True
2026-02-12T03:00:00+00:00,3,3,12,2,0,0,0,0,0,0,6,0.0,2,8,0.2,8320,11000,0.7564,116.65,0.0,0,0,0,0,0,0,25.2,9.5,0.0,0.0,2.65,0.0,52851,True
2026-02-12T04:00:00+00:00,4,3,12,2,0,0,0,0,0,0,6,0.0,2,8,0.2,8320,11000,0.7564,116.65,0.0,0,0,0,0,0,0,24.0,7.4,0.0,0.0,2.19,0.0,52851,True
2026-02-12T05:00:00+00:00,5,3,12,2,0,0,0,0,0,0,6,0.0,2,8,0.2,8320,11000,0.7564,116.65,0.0,0,0,0,0,0,0,24.2,11.7,0.0,0.0,1.86,0.0,52851,True
2026-02-12T06:00:00+00:00,6,3,12,2,0,0,0,0,0,0,6,0.0,2,8,0.2,8320,11000,0.7564,116.65,0.0,0,0,0,0,0,0,26.5,8.3,0.0,0.0,1.45,0.0,52851,True
2026-02-12T07:00:00+00:00,7,3,12,2,0,0,0,0,0,0,6,0.0,2,8,0.2,8320,11000,0.7564,116.65,0.0,0,0,0,0,0,0,26.3,9.9,0.0,0.0,1.09,0.2,52851,True
2026-02-12T08:00:00+00:00,8,3,12,2,0,0,0,0,0,0,6,0.0,2,8,0.2,8320,11000,0.7564,116.65,0.0,0,0,0,0,0,0,26.2,15.7,4.0,0.2,0.81,0.4,52851,True
2026-02-12T09:00:00+00:00,9,3,12,2,0,0,0,0,0,0,6,0.0,2,8,0.2,8320,11000,0.7564,116.65,0.0,0,0,0,0,0,0,28.5,15.9,4.9,0.2,0.72,0.4,52851,True
2026-02-12T10:00:00+00:00,10,3,12,2,0,0,0,0,0,0,6,0.0,2,8,0.2,8320,11000,0.7564,116.65,0.0,0,0,0,0,0,0,29.6,11.6,0.0,0.0,1.15,0.2,52851,True
2026-02-12T11:00:00+00:00,11,3,12,2,0,0,0,0,0,0,6,0.0,2,8,0.2,8320,11000,0.7564,116.65,0.0,0,0,0,0,0,0,30.1,13.3,0.0,0.0,1.83,0.0,52851,True
2026-02-12T12:00:00+00:00,12,3,12,2,0,0,0,0,0,0,6,0.0,2,8,0.2,8320,11000,0.7564,116.65,0.0,0,0,0,0,0,0,30.4,10.5,0.0,0.0,2.56,0.0,52851,True
2026-02-12T13:00:00+00:00,13,3,12,2,0,0,0,0,0,0,6,0.0,2,8,0.2,8320,11000,0.7564,116.65,0.0,0,0,0,0,0,0,30.5,13.8,0.0,0.0,2.99,0.0,52851,True
2026-02-12T14:00:00+00:00,14,3,12,2,0,0,0,0,0,0,6,0.0,2,8,0.2,8320,11000,0.7564,116.65,0.0,0,0,0,0,0,0,30.8,14.9,0.0,0.0,3.02,0.0,52851,True
2026-02-12T15:00:00+00:00,15,3,12,2,0,0,0,0,0,0,6,0.0,2,8,0.2,8320,11000,0.7564,116.65,0.0,0,0,0,0,0,0,31.5,14.3,0.0,0.0,2.8,0.0,52851,True
2026-02-12T16:00:00+00:00,16,3,12,2,0,0,0,0,0,0,6,0.0,2,8,0.2,8320,11000,0.7564,116.65,0.0,0,0,0,0,0,0,30.6,12.4,0.0,0.0,2.41,0.0,52851,True
2026-02-12T17:00:00+00:00,17,3,12,2,0,0,0,0,0,0,6,0.0,2,8,0.2,8320,11000,0.7564,116.65,0.0,0,0,0,0,0,0,30.4,21.3,3.6,0.2,1.98,0.0,52851,True
2026-02-12T18:00:00+00:00,18,3,12,2,0,0,0,0,0,0,6,0.0,2,8,0.2,8320,11000,0.7564,116.65,0.0,0,0,0,0,0,0,30.5,16.1,0.0,0.0,1.61,0.0,52851,True
2026-02-12T19:00:00+00:00,19,3,12,2,0,0,0,0,0,0,6,0.0,2,8,0.2,8320,11000,0.7564,116.65,0.0,0,0,0,0,0,0,29.9,16.2,0.0,0.0,1.24,0.2,52851,True
2026-02-12T20:00:00+00:00,20,3,12,2,0,0,0,0,0,0,6,0.0,2,8,0.2,8320,11000,0.7564,116.65,0.0,0,0,0,0,0,0,28.5,13.6,0.0,0.0,0.95,0.4,52851,True
2026-02-12T21:00:00+00:00,21,3,12,2,0,0,0,0,0,0,6,0.0,2,8,0.2,8320,11000,0.7564,116.65,0.0,0,0,0,0,0,0,27.7,12.9,0.0,0.0,0.73,0.4,52851,True
2026-02-12T22:00:00+00:00,22,3,12,2,0,0,0,0,0,0,6,0.0,2,8,0.2,8320,11000,0.7564,116.65,0.0,0,0,0,0,0,0,27.6,13.0,0.0,0.0,0.89,0.4,52851,True
2026-02-12T23:00:00+00:00,23,3,12,2,0,0,0,0,0,0,6,0.0,2,8,0.2,8320,11000,0.7564,116.65,0.0,0,0,0,0,0,0,25.7,22.0,4.1,0.2,1.48,0.0,52851,True
2026-02-13T00:00:00+00:00,0,4,13,2,0,0,0,0,0,0,6,0.0,2,8,0.2,8320,11000,0.7564,116.65,0.0,0,0,0,0,0,0,25.2,13.5,0.0,0.0,2.24,0.0,52851,True
2026-02-13T01:00:00+00:00,1,4,13,2,0,0,0,0,0,0,6,0.0,2,8,0.2,8320,11000,0.7564,116.65,0.0,0,0,0,0,0,0,24.9,20.2,4.3,0.2,2.85,0.0,52851,True
2026-02-13T02:00:00+00:00,2,4,13,2,0,0,0,0,0,0,6,0.0,2,8,0.2,8320,11000,0.7564,116.65,0.0,0,0,0,0,0,0,24.8,7.6,0.0,0.0,3.05,0.0,52851,True
2026-02-13T03:00:00+00:00,3,4,13,2,0,0,0,0,0,0,6,0.0,2,8,0.2,8320,11000,0.7564,116.65,0.0,0,0,0,0,0,0,24.6,20.4,3.6,0.2,2.92,0.0,52851,True
2026-02-13T04:00:00+00:00,4,4,13,2,0,0,0,0,0,0,6,0.0,2,8,0.2,8320,11000,0.7564,116.65,0.0,0,0,0,0,0,0,25.5,7.4,0.0,0.0,2.54,0.0,52851,True
2026-02-13T05:00:00+00:00,5,4,13,2,0,0,0,0,0,0,6,0.0,2,8,0.2,8320,11000,0.7564,116.65,0.0,0,0,0,0,0,0,26.0,7.2,0.0,0.0,2.18,0.0,52851,True
2026-02-13T06:00:00+00:00,6,4,13,2,0,0,0,0,0,0,6,0.0,2,8,0.2,8320,11000,0.7564,116.65,0.0,0,0,0,0,0,0,26.0,5.3,0.0,0.0,1.84,0.0,52851,True
2026-02-13T07:00:00+00:00,7,4,13,2,0,0,0,0,0,0,6,0.0,2,8,0.2,8320,11000,0.7564,116.65,0.0,0,0,0,0,0,0,26.9,9.1,0.0,0.0,1.42,0.0,52851,True
2026-02-13T08:00:00+00:00,8,4,13,2,0,0,0,0,0,0,6,0.0,2,8,0.2,8320,11000,0.7564,116.65,0.0,0,0,0,0,0,0,26.6,18.0,4.4,0.2,1.03,0.2,52851,True
2026-02-13T09:00:00+00:00,9,4,13,2,0,0,0,0,0,0,6,0.0,2,8,0.2,8320,11000,0.7564,116.65,0.0,0,0,0,0,0,0,28.5,7.6,0.0,0.0,0.79,0.4,52851,True
2026-02-13T10:00:00+00:00,10,4,13,2,0,0,0,0,0,0,6,0.0,2,8,0.2,8320,11000,0.7564,116.65,0.0,0,0,0,0,0,0,28.0,10.6,0.0,0.0,0.84,0.4,52851,True
2026-02-13T11:00:00+00:00,11,4,13,2,0,0,0,0,0,0,6,0.0,2,8,0.2,8320,11000,0.7564,116.65,0.0,0,0,0,0,0,0,30.0,11.6,0.0,0.0,1.22,0.2,52851,True
2026-02-13T12:00:00+00:00,12,4,13,2,0,0,0,0,0,0,6,0.0,2,8,0.2,8320,11000,0.7564,116.65,0.0,0,0,0,0,0,0,30.9,34.1,34.2,0.85,1.99,0.0,52851,True
2026-02-13T13:00:00+00:00,13,4,13,2,0,0,0,0,0,0,6,0.0,2,8,0.2,8320,11000,0.7564,116.65,0.0,0,0,0,0,0,0,30.6,29.2,18.3,0.5,2.62,0.0,52851,True
2026-02-13T14:00:00+00:00,14,4,13,2,0,0,0,0,0,0,6,0.0,2,8,0.2,8320,11000,0.7564,116.65,0.0,0,0,0,0,0,0,32.0,10.6,0.0,0.0,2.98,0.0,52851,True
2026-02-13T15:00:00+00:00,15,4,13,2,0,0,0,0,0,0,6,0.0,2,8,0.2,8320,11000,0.7564,116.65,0.0,0,0,0,0,0,0,31.2,22.8,2.2,0.2,2.98,0.0,52851,True
2026-02-13T16:00:00+00:00,16,4,13,2,0,0,0,0,0,0,6,0.0,2,8,0.2,8320,11000,0.7564,116.65,0.0,0,0,0,0,0,0,30.5,13.3,0.0,0.0,2.67,0.0,52851,True
2026-02-13T17:00:00+00:00,17,4,13,2,0,0,0,0,0,0,6,0.0,2,8,0.2,8320,11000,0.7564,116.65,0.0,0,0,0,0,0,0,32.0,11.6,0.0,0.0,2.32,0.0,52851,True
2026-02-13T18:00:00+00:00,18,4,13,2,0,0,0,0,0,0,6,0.0,2,8,0.2,8320,11000,0.7564,116.65,0.0,0,0,0,0,0,0,30.5,16.2,0.0,0.0,1.92,0.0,52851,True
2026-02-13T19:00:00+00:00,19,4,13,2,0,0,0,0,0,0,6,0.0,2,8,0.2,8320,11000,0.7564,116.65,0.0,0,0,0,0,0,0,29.8,15.3,0.0,0.0,1.56,0.0,52851,True
2026-02-13T20:00:00+00:00,20,4,13,2,0,0,0,0,0,0,6,0.0,2,8,0.2,8320,11000,0.7564,116.65,0.0,0,0,0,0,0,0,29.7,13.0,0.0,0.0,1.17,0.2,52851,True
2026-02-13T21:00:00+00:00,21,4,13,2,0,0,0,0,0,0,6,0.0,2,8,0.2,8320,11000,0.7564,116.65,0.0,0,0,0,0,0,0,28.4,15.7,0.0,0.0,0.84,0.4,52851,True
2026-02-13T22:00:00+00:00,22,4,13,2,0,0,0,0,0,0,6,0.0,2,8,0.2,8320,11000,0.7564,116.65,0.0,0,0,0,0,0,0,26.3,13.2,0.0,0.0,0.76,0.4,52851,True
2026-02-13T23:00:00+00:00,23,4,13,2,0,0,0,0,0,0,6,0.0,2,8,0.2,8320,11000,0.7564,116.65,0.0,0,0,0,0,0,0,26.5,9.0,0.0,0.0,1.05,0.2,52851,True
2026-02-14T00:00:00+00:00,0,5,14,2,1,0,0,0,0,0,6,0.0,2,8,0.2,8320,11000,0.7564,116.65,0.0,0,0,0,0,0,0,25.4,10.3,0.0,0.0,1.63,0.0,52851,True
2026-02-14T01:00:00+00:00,1,5,14,2,1,0,0,0,0,0,6,0.0,2,8,0.2,8320,11000,0.7564,116.65,0.0,0,0,0,0,0,0,25.6,12.9,0.0,0.0,2.41,0.0,52851,True
2026-02-14T02:00:00+00:00,2,5,14,2,1,0,0,0,0,0,6,0.0,2,8,0.2,8320,11000,0.7564,116.65,0.0,0,0,0,0,0,0,24.2,30.0,37.4,0.85,2.87,0.0,52851,True
2026-02-14T03:00:00+00:00,3,5,14,2,1,0,0,0,0,0,6,0.0,2,8,0.2,8320,11000,0.7564,116.65,0.0,0,0,0,0,0,0,25.2,28.9,25.9,0.85,3.04,0.0,52851,True
2026-02-14T04:00:00+00:00,4,5,14,2,1,0,0,0,0,0,6,0.0,2,8,0.2,8320,11000,0.7564,116.65,0.0,0,0,0,0,0,0,24.1,5.9,0.0,0.0,2.87,0.0,52851,True
2026-02-14T05:00:00+00:00,5,5,14,2,1,0,0,0,0,0,6,0.0,2,8,0.2,8320,11000,0.7564,116.65,0.0,0,0,0,0,0,0,25.0,10.0,0.0,0.0,2.44,0.0,52851,True
2026-02-14T06:00:00+00:00,6,5,14,2,1,0,0,0,0,0,6,0.0,2,8,0.2,8320,11000,0.7564,116.65,0.0,0,0,0,0,0,0,25.7,5.9,0.0,0.0,2.09,0.0,52851,True
2026-02-14T07:00:00+00:00,7,5,14,2,1,0,0,0,0,0,6,0.0,2,8,0.2,8320,11000,0.7564,116.65,0.0,0,0,0,0,0,0,26.8,9.8,0.0,0.0,1.78,0.0,52851,True
2026-02-14T08:00:00+00:00,8,5,14,2,1,0,0,0,0,0,6,0.0,2,8,0.2,8320,11000,0.7564,116.65,0.0,0,0,0,0,0,0,26.1,8.6,0.0,0.0,1.38,0.2,52851,True
2026-02-14T09:00:00+00:00,9,5,14,2,1,0,0,0,0,0,6,0.0,2,8,0.2,8320,11000,0.7564,116.65,0.0,0,0,0,0,0,0,28.0,17.3,5.5,0.2,0.97,0.4,52851,True
2026-02-14T10:00:00+00:00,10,5,14,2,1,0,0,0,0,0,6,0.0,2,8,0.2,8320,11000,0.7564,116.65,0.0,0,0,0,0,0,0,28.5,13.1,0.0,0.0,0.74,0.4,52851,True
2026-02-14T11:00:00+00:00,11,5,14,2,1,0,0,0,0,0,6,0.0,2,8,0.2,8320,11000,0.7564,116.65,0.0,0,0,0,0,0,0,29.0,9.3,0.0,0.0,0.83,0.4,52851,True
2026-02-14T12:00:00+00:00,12,5,14,2,1,0,0,0,0,0,6,0.0,2,8,0.2,8320,11000,0.7564,116.65,0.0,0,0,0,0,0,0,30.8,15.5,3.6,0.2,1.37,0.2,52851,True
2026-02-14T13:00:00+00:00,13,5,14,2,1,0,0,0,0,0,6,0.0,2,8,0.2,8320,11000,0.7564,116.65,0.0,0,0,0,0,0,0,30.2,9.5,0.0,0.0,2.08,0.0,52851,True
2026-02-14T14:00:00+00:00,14,5,14,2,1,0,0,0,0,0,6,0.0,2,8,0.2,8320,11000,0.7564,116.65,0.0,0,0,0,0,0,0,31.5,30.5,43.0,0.85,2.72,0.0,52851,True
2026-02-14T15:00:00+00:00,15,5,14,2,1,0,0,0,0,0,6,0.0,2,8,0.2,8320,11000,0.7564,116.65,0.0,0,0,0,0,0,0,31.1,10.9,0.0,0.0,3.04,0.0,52851,True
2026-02-14T16:00:00+00:00,16,5,14,2,1,0,0,0,0,0,6,0.0,2,8,0.2,8320,11000,0.7564,116.65,0.0,0,0,0,0,0,0,31.0,13.8,0.0,0.0,3.0,0.0,52851,True
2026-02-14T17:00:00+00:00,17,5,14,2,1,0,0,0,0,0,6,0.0,2,8,0.2,8320,11000,0.7564,116.65,0.0,0,0,0,0,0,0,31.2,37.4,29.7,0.85,2.66,0.0,52851,True
2026-02-14T18:00:00+00:00,18,5,14,2,1,0,0,0,0,0,6,0.0,2,8,0.2,8320,11000,0.7564,116.65,0.0,0,0,0,0,0,0,30.5,23.5,3.6,0.2,2.21,0.0,52851,True
2026-02-14T19:00:00+00:00,19,5,14,2,1,0,0,0,0,0,6,0.0,2,8,0.2,8320,11000,0.7564,116.65,0.0,0,0,0,0,0,0,29.5,27.9,15.5,0.5,1.89,0.0,52851,True
2026-02-14T20:00:00+00:00,20,5,14,2,1,0,0,0,0,0,6,0.0,2,8,0.2,8320,11000,0.7564,116.65,0.0,0,0,0,0,0,0,28.4,11.0,0.0,0.0,1.57,0.0,52851,True
2026-02-14T21:00:00+00:00,21,5,14,2,1,0,0,0,0,0,6,0.0,2,8,0.2,8320,11000,0.7564,116.65,0.0,0,0,0,0,0,0,27.4,17.1,0.0,0.0,1.19,0.2,52851,True
2026-02-14T22:00:00+00:00,22,5,14,2,1,0,0,0,0,0,6,0.0,2,8,0.2,8320,11000,0.7564,116.65,0.0,0,0,0,0,0,0,27.3,13.8,0.0,0.0,0.86,0.4,52851,True
2026-02-14T23:00:00+00:00,23,5,14,2,1,0,0,0,0,0,6,0.0,2,8,0.2,8320,11000,0.7564,116.65,0.0,0,0,0,0,0,0,26.5,10.4,0.0,0.0,0.78,0.4,52851,True
2026-02-15T00:00:00+00:00,0,6,15,2,1,0,0,0,0,0,6,0.0,2,8,0.2,8320,11000,0.7564,116.65,0.0,0,0,0,0,0,0,25.3,14.8,0.0,0.0,1.07,0.2,52851,True
2026-02-15T01:00:00+00:00,1,6,15,2,1,0,0,0,0,0,6,0.0,2,8,0.2,8320,11000,0.7564,116.65,0.0,0,0,0,0,0,0,25.6,10.1,0.0,0.0,1.79,0.0,52851,True
2026-02-15T02:00:00+00:00,2,6,15,2,1,0,0,0,0,0,6,0.0,2,8,0.2,8320,11000,0.7564,116.65,0.0,0,0,0,0,0,0,24.4,8.1,0.0,0.0,2.48,0.0,52851,True
2026-02-15T03:00:00+00:00,3,6,15,2,1,0,0,0,0,0,6,0.0,2,8,0.2,8320,11000,0.7564,116.65,0.0,0,0,0,0,0,0,24.2,12.5,0.0,0.0,3.0,0.0,52851,True
2026-02-15T04:00:00+00:00,4,6,15,2,1,0,0,0,0,0,6,0.0,2,8,0.2,8320,11000,0.7564,116.65,0.0,0,0,0,0,0,0,24.3,11.9,0.0,0.0,3.05,0.0,52851,True
2026-02-15T05:00:00+00:00,5,6,15,2,1,0,0,0,0,0,6,0.0,2,8,0.2,8320,11000,0.7564,116.65,0.0,0,0,0,0,0,0,25.6,5.7,0.0,0.0,2.83,0.0,52851,True
2026-02-15T06:00:00+00:00,6,6,15,2,1,0,0,0,0,0,6,0.0,2,8,0.2,8320,11000,0.7564,116.65,0.0,0,0,0,0,0,0,25.8,7.1,0.0,0.0,2.44,0.0,52851,True
2026-02-15T07:00:00+00:00,7,6,15,2,1,0,0,0,0,0,6,0.0,2,8,0.2,8320,11000,0.7564,116.65,0.0,0,0,0,0,0,0,25.7,5.4,0.0,0.0,2.07,0.0,52851,True
2026-02-15T08:00:00+00:00,8,6,15,2,1,0,0,0,0,0,6,0.0,2,8,0.2,8320,11000,0.7564,116.65,0.0,0,0,0,0,0,0,26.7,7.4,0.0,0.0,1.71,0.0,52851,True
2026-02-15T09:00:00+00:00,9,6,15,2,1,0,0,0,0,0,6,0.0,2,8,0.2,8320,11000,0.7564,116.65,0.0,0,0,0,0,0,0,27.6,9.8,0.0,0.0,1.29,0.2,52851,True
2026-02-15T10:00:00+00:00,10,6,15,2,1,0,0,0,0,0,6,0.0,2,8,0.2,8320,11000,0.7564,116.65,0.0,0,0,0,0,0,0,29.5,10.6,0.0,0.0,0.9,0.4,52851,True
2026-02-15T11:00:00+00:00,11,6,15,2,1,0,0,0,0,0,6,0.0,2,8,0.2,8320,11000,0.7564,116.65,0.0,0,0,0,0,0,0,29.7,13.5,0.0,0.0,0.78,0.4,52851,True
2026-02-15T12:00:00+00:00,12,6,15,2,1,0,0,0,0,0,6,0.0,2,8,0.2,8320,11000,0.7564,116.65,0.0,0,0,0,0,0,0,29.5,8.4,0.0,0.0,0.94,0.4,52851,True
2026-02-15T13:00:00+00:00,13,6,15,2,1,0,0,0,0,0,6,0.0,2,8,0.2,8320,11000,0.7564,116.65,0.0,0,0,0,0,0,0,30.0,9.3,0.0,0.0,1.47,0.0,52851,True
2026-02-15T14:00:00+00:00,14,6,15,2,1,0,0,0,0,0,6,0.0,2,8,0.2,8320,11000,0.7564,116.65,0.0,0,0,0,0,0,0,32.1,14.1,0.0,0.0,2.22,0.0,52851,True
2026-02-15T15:00:00+00:00,15,6,15,2,1,0,0,0,0,0,6,0.0,2,8,0.2,8320,11000,0.7564,116.65,0.0,0,0,0,0,0,0,31.7,15.8,0.0,0.0,2.8,0.0,52851,True
2026-02-15T16:00:00+00:00,16,6,15,2,1,0,0,0,0,0,6,0.0,2,8,0.2,8320,11000,0.7564,116.65,0.0,0,0,0,0,0,0,31.3,11.3,0.0,0.0,3.09,0.0,52851,True
2026-02-15T17:00:00+00:00,17,6,15,2,1,0,0,0,0,0,6,0.0,2,8,0.2,8320,11000,0.7564,116.65,0.0,0,0,0,0,0,0,30.2,15.8,0.0,0.0,2.97,0.0,52851,True
2026-02-15T18:00:00+00:00,18,6,15,2,1,0,0,0,0,0,6,0.0,2,8,0.2,8320,11000,0.7564,116.65,0.0,0,0,0,0,0,0,29.5,25.2,3.7,0.2,2.54,0.0,52851,True
2026-02-15T19:00:00+00:00,19,6,15,2,1,0,0,0,0,0,6,0.0,2,8,0.2,8320,11000,0.7564,116.65,0.0,0,0,0,0,0,0,29.5,16.8,0.0,0.0,2.22,0.0,52851,True
2026-02-15T20:00:00+00:00,20,6,15,2,1,0,0,0,0,0,6,0.0,2,8,0.2,8320,11000,0.7564,116.65,0.0,0,0,0,0,0,0,28.4,15.3,0.0,0.0,1.87,0.0,52851,True
2026-02-15T21:00:00+00:00,21,6,15,2,1,0,0,0,0,0,6,0.0,2,8,0.2,8320,11000,0.7564,116.65,0.0,0,0,0,0,0,0,28.5,17.0,0.0,0.0,1.5,0.0,52851,True
2026-02-15T22:00:00+00:00,22,6,15,2,1,0,0,0,0,0,6,0.0,2,8,0.2,8320,11000,0.7564,116.65,0.0,0,0,0,0,0,0,26.4,26.9,10.3,0.5,1.12,0.2,52851,True
2026-02-15T23:00:00+00:00,23,6,15,2,1,0,0,0,0,0,6,0.0,2,8,0.2,8320,11000,0.7564,116.65,0.0,0,0,0,0,0,0,25.7,8.8,0.0,0.0,0.82,0.4,52851,True
2026-02-16T00:00:00+00:00,0,0,16,2,0,0,0,0,0,0,6,0.0,2,8,0.2,8320,11000,0.7564,116.65,0.0,0,0,0,0,0,0,25.8,13.6,0.0,0.0,0.79,0.4,52851,True
2026-02-16T01:00:00+00:00,1,0,16,2,0,0,0,0,0,0,6,0.0,2,8,0.2,8320,11000,0.7564,116.65,0.0,0,0,0,0,0,0,24.8,9.7,0.0,0.0,1.19,0.2,52851,True
2026-02-16T02:00:00+00:00,2,0,16,2,0,0,0,0,0,0,6,0.0,2,8,0.2,8320,11000,0.7564,116.65,0.0,0,0,0,0,0,0,25.5,10.8,0.0,0.0,1.84,0.0,52851,True
2026-02-16T03:00:00+00:00,3,0,16,2,0,0,0,0,0,0,6,0.0,2,8,0.2,8320,11000,0.7564,116.65,0.0,0,0,0,0,0,0,23.7,9.1,0.0,0.0,2.56,0.0,52851,True
2026-02-16T04:00:00+00:00,4,0,16,2,0,0,0,0,0,0,6,0.0,2,8,0.2,8320,11000,0.7564,116.65,0.0,0,0,0,0,0,0,25.1,19.9,6.3,0.2,3.02,0.0,52851,True
2026-02-16T05:00:00+00:00,5,0,16,2,0,0,0,0,0,0,6,0.0,2,8,0.2,8320,11000,0.7564,116.65,0.0,0,0,0,0,0,0,25.6,10.8,0.0,0.0,3.06,0.0,52851,True
2026-02-16T06:00:00+00:00,6,0,16,2,0,0,0,0,0,0,6,0.0,2,8,0.2,8320,11000,0.7564,116.65,0.0,0,0,0,0,0,0,25.3,7.3,0.0,0.0,2.74,0.0,52851,True
2026-02-16T07:00:00+00:00,7,0,16,2,0,0,0,0,0,0,6,0.0,2,8,0.2,8320,11000,0.7564,116.65,0.0,0,0,0,0,0,0,25.6,8.5,0.0,0.0,2.4,0.0,52851,True
2026-02-16T08:00:00+00:00,8,0,16,2,0,0,0,0,0,0,6,0.0,2,8,0.2,8320,11000,0.7564,116.65,0.0,0,0,0,0,0,0,27.4,33.1,26.0,0.85,1.96,0.0,52851,True
2026-02-16T09:00:00+00:00,9,0,16,2,0,0,0,0,0,0,6,0.0,2,8,0.2,8320,11000,0.7564,116.65,0.0,0,0,0,0,0,0,28.8,9.2,0.0,0.0,1.64,0.0,52851,True
2026-02-16T10:00:00+00:00,10,0,16,2,0,0,0,0,0,0,6,0.0,2,8,0.2,8320,11000,0.7564,116.65,0.0,0,0,0,0,0,0,28.0,6.5,0.0,0.0,1.24,0.2,52851,True
2026-02-16T11:00:00+00:00,11,0,16,2,0,0,0,0,0,0,6,0.0,2,8,0.2,8320,11000,0.7564,116.65,0.0,0,0,0,0,0,0,29.7,8.8,0.0,0.0,0.91,0.4,52851,True
2026-02-16T12:00:00+00:00,12,0,16,2,0,0,0,0,0,0,6,0.0,2,8,0.2,8320,11000,0.7564,116.65,0.0,0,0,0,0,0,0,29.7,13.0,0.0,0.0,0.75,0.4,52851,True
2026-02-16T13:00:00+00:00,13,0,16,2,0,0,0,0,0,0,6,0.0,2,8,0.2,8320,11000,0.7564,116.65,0.0,0,0,0,0,0,0,30.8,14.5,0.0,0.0,1.0,0.2,52851,True
2026-02-16T14:00:00+00:00,14,0,16,2,0,0,0,0,0,0,6,0.0,2,8,0.2,8320,11000,0.7564,116.65,0.0,0,0,0,0,0,0,32.1,14.8,0.0,0.0,1.57,0.0,52851,True
2026-02-16T15:00:00+00:00,15,0,16,2,0,0,0,0,0,0,6,0.0,2,8,0.2,8320,11000,0.7564,116.65,0.0,0,0,0,0,0,0,32.1,13.9,0.0,0.0,2.26,0.0,52851,True
2026-02-16T16:00:00+00:00,16,0,16,2,0,0,0,0,0,0,6,0.0,2,8,0.2,8320,11000,0.7564,116.65,0.0,0,0,0,0,0,0,32.3,15.2,0.0,0.0,2.9,0.0,52851,True
2026-02-16T17:00:00+00:00,17,0,16,2,0,0,0,0,0,0,6,0.0,2,8,0.2,8320,11000,0.7564,116.65,0.0,0,0,0,0,0,0,31.0,16.8,0.0,0.0,3.08,0.0,52851,True
2026-02-16T18:00:00+00:00,18,0,16,2,0,0,0,0,0,0,6,0.0,2,8,0.2,8320,11000,0.7564,116.65,0.0,0,0,0,0,0,0,30.0,11.9,0.0,0.0,2.87,0.0,52851,True
2026-02-16T19:00:00+00:00,19,0,16,2,0,0,0,0,0,0,6,0.0,2,8,0.2,8320,11000,0.7564,116.65,0.0,0,0,0,0,0,0,30.2,17.8,0.0,0.0,2.48,0.0,52851,True
2026-02-16T20:00:00+00:00,20,0,16,2,0,0,0,0,0,0,6,0.0,2,8,0.2,8320,11000,0.7564,116.65,0.0,0,0,0,0,0,0,29.8,28.8,17.8,0.5,2.09,0.0,52851,True
2026-02-16T21:00:00+00:00,21,0,16,2,0,0,0,0,0,0,6,0.0,2,8,0.2,8320,11000,0.7564,116.65,0.0,0,0,0,0,0,0,27.3,29.7,19.4,0.5,1.79,0.0,52851,True
2026-02-16T22:00:00+00:00,22,0,16,2,0,0,0,0,0,0,6,0.0,2,8,0.2,8320,11000,0.7564,116.65,0.0,0,0,0,0,0,0,27.6,9.9,0.0,0.0,1.44,0.0,52851,True
2026-02-16T23:00:00+00:00,23,0,16,2,0,0,0,0,0,0,6,0.0,2,8,0.2,8320,11000,0.7564,116.65,0.0,0,0,0,0,0,0,26.1,14.7,0.0,0.0,1.01,0.2,52851,True
2026-02-17T00:00:00+00:00,0,1,17,2,0,0,0,0,0,0,6,0.0,2,8,0.2,8320,11000,0.7564,116.65,0.0,0,0,0,0,0,0,26.1,14.8,0.0,0.0,0.78,0.4,52851,True
2026-02-17T01:00:00+00:00,1,1,17,2,0,0,0,0,0,0,6,0.0,2,8,0.2,8320,11000,0.7564,116.65,0.0,0,0,0,0,0,0,24.1,13.9,0.0,0.0,0.86,0.4,52851,True
2026-02-17T02:00:00+00:00,2,1,17,2,0,0,0,0,0,0,6,0.0,2,8,0.2,8320,11000,0.7564,116.65,0.0,0,0,0,0,0,0,25.0,28.2,16.4,0.5,1.25,0.2,52851,True
2026-02-17T03:00:00+00:00,3,1,17,2,0,0,0,0,0,0,6,0.0,2,8,0.2,8320,11000,0.7564,116.65,0.0,0,0,0,0,0,0,25.2,10.3,0.0,0.0,1.98,0.0,52851,True
2026-02-17T04:00:00+00:00,4,1,17,2,0,0,0,0,0,0,6,0.0,2,8,0.2,8320,11000,0.7564,116.65,0.0,0,0,0,0,0,0,25.4,10.4,0.0,0.0,2.7,0.0,52851,True
2026-02-17T05:00:00+00:00,5,1,17,2,0,0,0,0,0,0,6,0.0,2,8,0.2,8320,11000,0.7564,116.65,0.0,0,0,0,0,0,0,24.2,9.8,0.0,0.0,3.03,0.0,52851,True
2026-02-17T06:00:00+00:00,6,1,17,2,0,0,0,0,0,0,6,0.0,2,8,0.2,8320,11000,0.7564,116.65,0.0,0,0,0,0,0,0,25.9,8.7,0.0,0.0,2.98,0.0,52851,True
2026-02-17T07:00:00+00:00,7,1,17,2,0,0,0,0,0,0,6,0.0,2,8,0.2,8320,11000,0.7564,116.65,0.0,0,0,0,0,0,0,27.2,11.7,0.0,0.0,2.72,0.0,52851,True
2026-02-17T08:00:00+00:00,8,1,17,2,0,0,0,0,0,0,6,0.0,2,8,0.2,8320,11000,0.7564,116.65,0.0,0,0,0,0,0,0,27.8,12.0,0.0,0.0,2.3,0.0,52851,True
2026-02-17T09:00:00+00:00,9,1,17,2,0,0,0,0,0,0,6,0.0,2,8,0.2,8320,11000,0.7564,116.65,0.0,0,0,0,0,0,0,27.1,6.8,0.0,0.0,1.89,0.0,52851,True
2026-02-17T10:00:00+00:00,10,1,17,2,0,0,0,0,0,0,6,0.0,2,8,0.2,8320,11000,0.7564,116.65,0.0,0,0,0,0,0,0,29.0,17.4,6.5,0.2,1.62,0.0,52851,True
2026-02-17T11:00:00+00:00,11,1,17,2,0,0,0,0,0,0,6,0.0,2,8,0.2,8320,11000,0.7564,116.65,0.0,0,0,0,0,0,0,30.4,8.1,0.0,0.0,1.2,0.2,52851,True
2026-02-17T12:00:00+00:00,12,1,17,2,0,0,0,0,0,0,6,0.0,2,8,0.2,8320,11000,0.7564,116.65,0.0,0,0,0,0,0,0,30.7,13.0,0.0,0.0,0.86,0.4,52851,True
2026-02-17T13:00:00+00:00,13,1,17,2,0,0,0,0,0,0,6,0.0,2,8,0.2,8320,11000,0.7564,116.65,0.0,0,0,0,0,0,0,30.9,14.1,0.0,0.0,0.74,0.4,52851,True
2026-02-17T14:00:00+00:00,14,1,17,2,0,0,0,0,0,0,6,0.0,2,8,0.2,8320,11000,0.7564,116.65,0.0,0,0,0,0,0,0,30.9,13.0,0.0,0.0,1.05,0.2,52851,True
2026-02-17T15:00:00+00:00,15,1,17,2,0,0,0,0,0,0,6,0.0,2,8,0.2,8320,11000,0.7564,116.65,0.0,0,0,0,0,0,0,31.7,13.0,0.0,0.0,1.66,0.0,52851,True
2026-02-17T16:00:00+00:00,16,1,17,2,0,0,0,0,0,0,6,0.0,2,8,0.2,8320,11000,0.7564,116.65,0.0,0,0,0,0,0,0,32.1,11.6,0.0,0.0,2.42,0.0,52851,True
2026-02-17T17:00:00+00:00,17,1,17,2,0,0,0,0,0,0,6,0.0,2,8,0.2,8320,11000,0.7564,116.65,0.0,0,0,0,0,0,0,31.5,16.0,0.0,0.0,2.92,0.0,52851,True
2026-02-17T18:00:00+00:00,18,1,17,2,0,0,0,0,0,0,6,0.0,2,8,0.2,8320,11000,0.7564,116.65,0.0,0,0,0,0,0,0,29.8,44.4,40.1,0.85,3.04,0.0,52851,True
2026-02-17T19:00:00+00:00,19,1,17,2,0,0,0,0,0,0,6,0.0,2,8,0.2,8320,11000,0.7564,116.65,0.0,0,0,0,0,0,0,29.1,17.1,0.0,0.0,2.86,0.0,52851,True
2026-02-17T20:00:00+00:00,20,1,17,2,0,0,0,0,0,0,6,0.0,2,8,0.2,8320,11000,0.7564,116.65,0.0,0,0,0,0,0,0,29.1,15.0,0.0,0.0,2.49,0.0,52851,True
2026-02-17T21:00:00+00:00,21,1,17,2,0,0,0,0,0,0,6,0.0,2,8,0.2,8320,11000,0.7564,116.65,0.0,0,0,0,0,0,0,28.9,12.3,0.0,0.0,2.03,0.0,52851,True
2026-02-17T22:00:00+00:00,22,1,17,2,0,0,0,0,0,0,6,0.0,2,8,0.2,8320,11000,0.7564,116.65,0.0,0,0,0,0,0,0,26.6,11.6,0.0,0.0,1.68,0.0,52851,True
2026-02-17T23:00:00+00:00,23,1,17,2,0,0,0,0,0,0,6,0.0,2,8,0.2,8320,11000,0.7564,116.65,0.0,0,0,0,0,0,0,25.7,15.2,0.0,0.0,1.33,0.2,52851,True
2026-02-18T00:00:00+00:00,0,2,18,2,0,0,0,0,0,0,6,0.0,2,8,0.2,8320,11000,0.7564,116.65,0.0,0,0,0,0,0,0,26.0,38.7,22.9,0.85,0.92,0.4,52851,True
2026-02-18T01:00:00+00:00,1,2,18,2,0,0,0,0,0,0,6,0.0,2,8,0.2,8320,11000,0.7564,116.65,0.0,0,0,0,0,0,0,24.4,25.1,10.3,0.5,0.77,0.4,52851,True
2026-02-18T02:00:00+00:00,2,2,18,2,0,0,0,0,0,0,6,0.0,2,8,0.2,8320,11000,0.7564,116.65,0.0,0,0,0,0,0,0,25.3,8.7,0.0,0.0,0.83,0.4,52851,True
2026-02-18T03:00:00+00:00,3,2,18,2,0,0,0,0,0,0,6,0.0,2,8,0.2,8320,11000,0.7564,116.65,0.0,0,0,0,0,0,0,25.1,6.3,0.0,0.0,1.41,0.0,52851,True
2026-02-18T04:00:00+00:00,4,2,18,2,0,0,0,0,0,0,6,0.0,2,8,0.2,8320,11000,0.7564,116.65,0.0,0,0,0,0,0,0,25.4,10.9,0.0,0.0,2.07,0.0,52851,True
2026-02-18T05:00:00+00:00,5,2,18,2,0,0,0,0,0,0,6,0.0,2,8,0.2,8320,11000,0.7564,116.65,0.0,0,0,0,0,0,0,24.1,11.6,0.0,0.0,2.76,0.0,52851,True
2026-02-18T06:00:00+00:00,6,2,18,2,0,0,0,0,0,0,6,0.0,2,8,0.2,8320,11000,0.7564,116.65,0.0,0,0,0,0,0,0,24.6,10.1,0.0,0.0,3.05,0.0,52851,True
2026-02-18T07:00:00+00:00,7,2,18,2,0,0,0,0,0,0,6,0.0,2,8,0.2,8320,11000,0.7564,116.65,0.0,0,0,0,0,0,0,26.2,19.2,14.8,0.5,2.96,0.0,52851,True
2026-02-18T08:00:00+00:00,8,2,18,2,0,0,0,0,0,0,6,0.0,2,8,0.2,8320,11000,0.7564,116.65,0.0,0,0,0,0,0,0,26.5,24.9,12.1,0.5,2.62,0.0,52851,True
2026-02-18T09:00:00+00:00,9,2,18,2,0,0,0,0,0,0,6,0.0,2,8,0.2,8320,11000,0.7564,116.65,0.0,0,0,0,0,0,0,28.2,12.5,0.0,0.0,2.24,0.0,52851,True
2026-02-18T10:00:00+00:00,10,2,18,2,0,0,0,0,0,0,6,0.0,2,8,0.2,8320,11000,0.7564,116.65,0.0,0,0,0,0,0,0,28.8,12.9,0.0,0.0,1.89,0.0,52851,True
2026-02-18T11:00:00+00:00,11,2,18,2,0,0,0,0,0,0,6,0.0,2,8,0.2,8320,11000,0.7564,116.65,0.0,0,0,0,0,0,0,29.5,10.6,0.0,0.0,1.55,0.0,52851,True
2026-02-18T12:00:00+00:00,12,2,18,2,0,0,0,0,0,0,6,0.0,2,8,0.2,8320,11000,0.7564,116.65,0.0,0,0,0,0,0,0,29.6,14.7,0.0,0.0,1.17,0.2,52851,True
2026-02-18T13:00:00+00:00,13,2,18,2,0,0,0,0,0,0,6,0.0,2,8,0.2,8320,11000,0.7564,116.65,0.0,0,0,0,0,0,0,30.9,23.2,3.3,0.2,0.85,0.4,52851,True
2026-02-18T14:00:00+00:00,14,2,18,2,0,0,0,0,0,0,6,0.0,2,8,0.2,8320,11000,0.7564,116.65,0.0,0,0,0,0,0,0,30.4,14.5,0.0,0.0,0.73,0.4,52851,True
2026-02-18T15:00:00+00:00,15,2,18,2,0,0,0,0,0,0,6,0.0,2,8,0.2,8320,11000,0.7564,116.65,0.0,0,0,0,0,0,0,31.3,14.7,0.0,0.0,1.09,0.2,52851,True
2026-02-18T16:00:00+00:00,16,2,18,2,0,0,0,0,0,0,6,0.0,2,8,0.2,8320,11000,0.7564,116.65,0.0,0,0,0,0,0,0,30.7,17.2,0.0,0.0,1.79,0.0,52851,True
2026-02-18T17:00:00+00:00,17,2,18,2,0,0,0,0,0,0,6,0.0,2,8,0.2,8320,11000,0.7564,116.65,0.0,0,0,0,0,0,0,30.4,19.8,4.4,0.2,2.5,0.0,52851,True
2026-02-18T18:00:00+00:00,18,2,18,2,0,0,0,0,0,0,6,0.0,2,8,0.2,8320,11000,0.7564,116.65,0.0,0,0,0,0,0,0,30.5,12.0,0.0,0.0,3.0,0.0,52851,True
2026-02-18T19:00:00+00:00,19,2,18,2,0,0,0,0,0,0,6,0.0,2,8,0.2,8320,11000,0.7564,116.65,0.0,0,0,0,0,0,0,30.7,14.8,0.0,0.0,3.05,0.0,52851,True
2026-02-18T20:00:00+00:00,20,2,18,2,0,0,0,0,0,0,6,0.0,2,8,0.2,8320,11000,0.7564,116.65,0.0,0,0,0,0,0,0,29.7,16.6,0.0,0.0,2.78,0.0,52851,True
2026-02-18T21:00:00+00:00,21,2,18,2,0,0,0,0,0,0,6,0.0,2,8,0.2,8320,11000,0.7564,116.65,0.0,0,0,0,0,0,0,27.9,15.1,0.0,0.0,2.43,0.0,52851,True
2026-02-18T22:00:00+00:00,22,2,18,2,0,0,0,0,0,0,6,0.0,2,8,0.2,8320,11000,0.7564,116.65,0.0,0,0,0,0,0,0,27.4,11.1,0.0,0.0,2.05,0.0,52851,True
2026-02-18T23:00:00+00:00,23,2,18,2,0,0,0,0,0,0,6,0.0,2,8,0.2,8320,11000,0.7564,116.65,0.0,0,0,0,0,0,0,27.1,19.8,2.8,0.2,1.62,0.0,52851,True
2026-02-19T00:00:00+00:00,0,3,19,2,0,0,0,0,0,0,6,0.0,2,8,0.2,8320,11000,0.7564,116.65,0.0,0,0,0,0,0,0,24.6,10.1,0.0,0.0,1.26,0.2,52851,True
2026-02-19T01:00:00+00:00,1,3,19,2,0,0,0,0,0,0,6,0.0,2,8,0.2,8320,11000,0.7564,116.65,0.0,0,0,0,0,0,0,25.3,10.3,0.0,0.0,0.97,0.4,52851,True
2026-02-19T02:00:00+00:00,2,3,19,2,0,0,0,0,0,0,6,0.0,2,8,0.2,8320,11000,0.7564,116.65,0.0,0,0,0,0,0,0,25.0,11.8,0.0,0.0,0.76,0.4,52851,True
2026-02-19T03:00:00+00:00,3,3,19,2,0,0,0,0,0,0,6,0.0,2,8,0.2,8320,11000,0.7564,116.65,0.0,0,0,0,0,0,0,23.6,10.3,0.0,0.0,0.94,0.4,52851,True
2026-02-19T04:00:00+00:00,4,3,19,2,0,0,0,0,0,0,6,0.0,2,8,0.2,8320,11000,0.7564,116.65,0.0,0,0,0,0,0,0,23.8,18.5,2.5,0.2,1.44,0.0,52851,True
2026-02-19T05:00:00+00:00,5,3,19,2,0,0,0,0,0,0,6,0.0,2,8,0.2,8320,11000,0.7564,116.65,0.0,0,0,0,0,0,0,25.3,10.5,0.0,0.0,2.26,0.0,52851,True
2026-02-19T06:00:00+00:00,6,3,19,2,0,0,0,0,0,0,6,0.0,2,8,0.2,8320,11000,0.7564,116.65,0.0,0,0,0,0,0,0,26.3,12.1,2.1,0.2,2.81,0.0,52851,True
2026-02-19T07:00:00+00:00,7,3,19,2,0,0,0,0,0,0,6,0.0,2,8,0.2,8320,11000,0.7564,116.65,0.0,0,0,0,0,0,0,25.9,6.2,0.0,0.0,3.02,0.0,52851,True
2026-02-19T08:00:00+00:00,8,3,19,2,0,0,0,0,0,0,6,0.0,2,8,0.2,8320,11000,0.7564,116.65,0.0,0,0,0,0,0,0,27.5,6.7,0.0,0.0,2.93,0.0,52851,True
2026-02-19T09:00:00+00:00,9,3,19,2,0,0,0,0,0,0,6,0.0,2,8,0.2,8320,11000,0.7564,116.65,0.0,0,0,0,0,0,0,28.6,7.8,0.0,0.0,2.54,0.0,52851,True
2026-02-19T10:00:00+00:00,10,3,19,2,0,0,0,0,0,0,6,0.0,2,8,0.2,8320,11000,0.7564,116.65,0.0,0,0,0,0,0,0,28.3,7.3,0.0,0.0,2.19,0.0,52851,True
2026-02-19T11:00:00+00:00,11,3,19,2,0,0,0,0,0,0,6,0.0,2,8,0.2,8320,11000,0.7564,116.65,0.0,0,0,0,0,0,0,30.4,11.1,0.0,0.0,1.85,0.0,52851,True
2026-02-19T12:00:00+00:00,12,3,19,2,0,0,0,0,0,0,6,0.0,2,8,0.2,8320,11000,0.7564,116.65,0.0,0,0,0,0,0,0,30.3,27.8,19.4,0.5,1.4,0.0,52851,True
2026-02-19T13:00:00+00:00,13,3,19,2,0,0,0,0,0,0,6,0.0,2,8,0.2,8320,11000,0.7564,116.65,0.0,0,0,0,0,0,0,31.0,23.0,2.0,0.2,1.03,0.2,52851,True
2026-02-19T14:00:00+00:00,14,3,19,2,0,0,0,0,0,0,6,0.0,2,8,0.2,8320,11000,0.7564,116.65,0.0,0,0,0,0,0,0,30.5,18.0,5.5,0.2,0.73,0.4,52851,True
2026-02-19T15:00:00+00:00,15,3,19,2,0,0,0,0,0,0,6,0.0,2,8,0.2,8320,11000,0.7564,116.65,0.0,0,0,0,0,0,0,31.1,15.6,0.0,0.0,0.8,0.4,52851,True
2026-02-19T16:00:00+00:00,16,3,19,2,0,0,0,0,0,0,6,0.0,2,8,0.2,8320,11000,0.7564,116.65,0.0,0,0,0,0,0,0,31.0,15.2,0.0,0.0,1.18,0.2,52851,True
2026-02-19T17:00:00+00:00,17,3,19,2,0,0,0,0,0,0,6,0.0,2,8,0.2,8320,11000,0.7564,116.65,0.0,0,0,0,0,0,0,31.2,13.8,0.0,0.0,1.89,0.0,52851,True
2026-02-19T18:00:00+00:00,18,3,19,2,0,0,0,0,0,0,6,0.0,2,8,0.2,8320,11000,0.7564,116.65,0.0,0,0,0,0,0,0,30.6,22.9,6.9,0.2,2.66,0.0,52851,True
2026-02-19T19:00:00+00:00,19,3,19,2,0,0,0,0,0,0,6,0.0,2,8,0.2,8320,11000,0.7564,116.65,0.0,0,0,0,0,0,0,29.6,14.9,0.0,0.0,3.02,0.0,52851,True
2026-02-19T20:00:00+00:00,20,3,19,2,0,0,0,0,0,0,6,0.0,2,8,0.2,8320,11000,0.7564,116.65,0.0,0,0,0,0,0,0,29.3,12.0,0.0,0.0,3.04,0.0,52851,True
2026-02-19T21:00:00+00:00,21,3,19,2,0,0,0,0,0,0,6,0.0,2,8,0.2,8320,11000,0.7564,116.65,0.0,0,0,0,0,0,0,27.7,11.2,0.0,0.0,2.74,0.0,52851,True
2026-02-19T22:00:00+00:00,22,3,19,2,0,0,0,0,0,0,6,0.0,2,8,0.2,8320,11000,0.7564,116.65,0.0,0,0,0,0,0,0,27.4,16.4,0.0,0.0,2.29,0.0,52851,True
2026-02-19T23:00:00+00:00,23,3,19,2,0,0,0,0,0,0,6,0.0,2,8,0.2,8320,11000,0.7564,116.65,0.0,0,0,0,0,0,0,26.9,10.1,0.0,0.0,1.98,0.0,52851,True
2026-02-20T00:00:00+00:00,0,4,20,2,0,0,0,0,0,0,6,0.0,2,8,0.2,8320,11000,0.7564,116.65,0.0,0,0,0,0,0,0,25.1,10.4,0.0,0.0,1.65,0.0,52851,True
2026-02-20T01:00:00+00:00,1,4,20,2,0,0,0,0,0,0,6,0.0,2,8,0.2,8320,11000,0.7564,116.65,0.0,0,0,0,0,0,0,25.4,12.2,0.0,0.0,1.22,0.2,52851,True
2026-02-20T02:00:00+00:00,2,4,20,2,0,0,0,0,0,0,6,0.0,2,8,0.2,8320,11000,0.7564,116.65,0.0,0,0,0,0,0,0,25.5,11.7,0.0,0.0,0.92,0.4,52851,True
2026-02-20T03:00:00+00:00,3,4,20,2,0,0,0,0,0,0,6,0.0,2,8,0.2,8320,11000,0.7564,116.65,0.0,0,0,0,0,0,0,23.6,14.1,3.0,0.2,0.78,0.4,52851,True
2026-02-20T04:00:00+00:00,4,4,20,2,0,0,0,0,0,0,6,0.0,2,8,0.2,8320,11000,0.7564,116.65,0.0,0,0,0,0,0,0,24.5,6.7,0.0,0.0,0.99,0.4,52851,True
2026-02-20T05:00:00+00:00,5,4,20,2,0,0,0,0,0,0,6,0.0,2,8,0.2,8320,11000,0.7564,116.65,0.0,0,0,0,0,0,0,25.0,7.9,0.0,0.0,1.6,0.0,52851,True
2026-02-20T06:00:00+00:00,6,4,20,2,0,0,0,0,0,0,6,0.0,2,8,0.2,8320,11000,0.7564,116.65,0.0,0,0,0,0,0,0,25.1,9.1,0.0,0.0,2.34,0.0,52851,True
2026-02-20T07:00:00+00:00,7,4,20,2,0,0,0,0,0,0,6,0.0,2,8,0.2,8320,11000,0.7564,116.65,0.0,0,0,0,0,0,0,27.1,7.6,0.0,0.0,2.87,0.0,52851,True
2026-02-20T08:00:00+00:00,8,4,20,2,0,0,0,0,0,0,6,0.0,2,8,0.2,8320,11000,0.7564,116.65,0.0,0,0,0,0,0,0,27.1,10.3,0.0,0.0,3.05,0.0,52851,True
2026-02-20T09:00:00+00:00,9,4,20,2,0,0,0,0,0,0,6,0.0,2,8,0.2,8320,11000,0.7564,116.65,0.0,0,0,0,0,0,0,28.1,6.4,0.0,0.0,2.9,0.0,52851,True
2026-02-20T10:00:00+00:00,10,4,20,2,0,0,0,0,0,0,6,0.0,2,8,0.2,8320,11000,0.7564,116.65,0.0,0,0,0,0,0,0,29.6,7.4,0.0,0.0,2.5,0.0,52851,True
2026-02-20T11:00:00+00:00,11,4,20,2,0,0,0,0,0,0,6,0.0,2,8,0.2,8320,11000,0.7564,116.65,0.0,0,0,0,0,0,0,29.5,12.1,0.0,0.0,2.1,0.0,52851,True
2026-02-20T12:00:00+00:00,12,4,20,2,0,0,0,0,0,0,6,0.0,2,8,0.2,8320,11000,0.7564,116.65,0.0,0,0,0,0,0,0,30.8,10.6,0.0,0.0,1.75,0.0,52851,True
2026-02-20T13:00:00+00:00,13,4,20,2,0,0,0,0,0,0,6,0.0,2,8,0.2,8320,11000,0.7564,116.65,0.0,0,0,0,0,0,0,31.5,11.2,0.0,0.0,1.37,0.2,52851,True
2026-02-20T14:00:00+00:00,14,4,20,2,0,0,0,0,0,0,6,0.0,2,8,0.2,8320,11000,0.7564,116.65,0.0,0,0,0,0,0,0,31.4,13.8,0.0,0.0,1.04,0.2,52851,True
2026-02-20T15:00:00+00:00,15,4,20,2,0,0,0,0,0,0,6,0.0,2,8,0.2,8320,11000,0.7564,116.65,0.0,0,0,0,0,0,0,30.9,13.3,0.0,0.0,0.73,0.4,52851,True
2026-02-20T16:00:00+00:00,16,4,20,2,0,0,0,0,0,0,6,0.0,2,8,0.2,8320,11000,0.7564,116.65,0.0,0,0,0,0,0,0,30.4,12.7,0.0,0.0,0.87,0.4,52851,True
2026-02-20T17:00:00+00:00,17,4,20,2,0,0,0,0,0,0,6,0.0,2,8,0.2,8320,11000,0.7564,116.65,0.0,0,0,0,0,0,0,30.3,17.0,0.0,0.0,1.31,0.2,52851,True
2026-02-20T18:00:00+00:00,18,4,20,2,0,0,0,0,0,0,6,0.0,2,8,0.2,8320,11000,0.7564,116.65,0.0,0,0,0,0,0,0,29.7,25.7,7.4,0.2,2.05,0.0,52851,True
2026-02-20T19:00:00+00:00,19,4,20,2,0,0,0,0,0,0,6,0.0,2,8,0.2,8320,11000,0.7564,116.65,0.0,0,0,0,0,0,0,29.7,17.5,0.0,0.0,2.73,0.0,52851,True
2026-02-20T20:00:00+00:00,20,4,20,2,0,0,0,0,0,0,6,0.0,2,8,0.2,8320,11000,0.7564,116.65,0.0,0,0,0,0,0,0,28.6,24.7,3.2,0.2,3.06,0.0,52851,True
2026-02-20T21:00:00+00:00,21,4,20,2,0,0,0,0,0,0,6,0.0,2,8,0.2,8320,11000,0.7564,116.65,0.0,0,0,0,0,0,0,28.6,10.5,0.0,0.0,2.95,0.0,52851,True
2026-02-20T22:00:00+00:00,22,4,20,2,0,0,0,0,0,0,6,0.0,2,8,0.2,8320,11000,0.7564,116.65,0.0,0,0,0,0,0,0,27.0,29.8,17.6,0.5,2.69,0.0,52851,True
2026-02-20T23:00:00+00:00,23,4,20,2,0,0,0,0,0,0,6,0.0,2,8,0.2,8320,11000,0.7564,116.65,0.0,0,0,0,0,0,0,26.7,8.8,0.0,0.0,2.3,0.0,52851,True
2026-02-21T00:00:00+00:00,0,5,21,2,1,0,0,0,0,0,6,0.0,2,8,0.2,8320,11000,0.7564,116.65,0.0,0,0,0,0,0,0,25.3,16.9,7.0,0.2,1.87,0.0,52851,True
2026-02-21T01:00:00+00:00,1,5,21,2,1,0,0,0,0,0,6,0.0,2,8,0.2,8320,11000,0.7564,116.65,0.0,0,0,0,0,0,0,25.1,13.2,0.0,0.0,1.5,0.0,52851,True
2026-02-21T02:00:00+00:00,2,5,21,2,1,0,0,0,0,0,6,0.0,2,8,0.2,8320,11000,0.7564,116.65,0.0,0,0,0,0,0,0,24.9,13.0,0.0,0.0,1.15,0.2,52851,True
2026-02-21T03:00:00+00:00,3,5,21,2,1,0,0,0,0,0,6,0.0,2,8,0.2,8320,11000,0.7564,116.65,0.0,0,0,0,0,0,0,25.3,11.9,0.0,0.0,0.8,0.4,52851,True
2026-02-21T04:00:00+00:00,4,5,21,2,1,0,0,0,0,0,6,0.0,2,8,0.2,8320,11000,0.7564,116.65,0.0,0,0,0,0,0,0,24.6,9.2,0.0,0.0,0.73,0.4,52851,True
2026-02-21T05:00:00+00:00,5,5,21,2,1,0,0,0,0,0,6,0.0,2,8,0.2,8320,11000,0.7564,116.65,0.0,0,0,0,0,0,0,25.6,8.7,0.0,0.0,1.03,0.2,52851,True
2026-02-21T06:00:00+00:00,6,5,21,2,1,0,0,0,0,0,6,0.0,2,8,0.2,8320,11000,0.7564,116.65,0.0,0,0,0,0,0,0,25.6,9.3,0.0,0.0,1.75,0.0,52851,True
2026-02-21T07:00:00+00:00,7,5,21,2,1,0,0,0,0,0,6,0.0,2,8,0.2,8320,11000,0.7564,116.65,0.0,0,0,0,0,0,0,26.3,10.5,0.0,0.0,2.46,0.0,52851,True
2026-02-21T08:00:00+00:00,8,5,21,2,1,0,0,0,0,0,6,0.0,2,8,0.2,8320,11000,0.7564,116.65,0.0,0,0,0,0,0,0,27.0,33.0,34.2,0.85,2.97,0.0,52851,True
2026-02-21T09:00:00+00:00,9,5,21,2,1,0,0,0,0,0,6,0.0,2,8,0.2,8320,11000,0.7564,116.65,0.0,0,0,0,0,0,0,28.0,7.9,0.0,0.0,3.02,0.0,52851,True
2026-02-21T10:00:00+00:00,10,5,21,2,1,0,0,0,0,0,6,0.0,2,8,0.2,8320,11000,0.7564,116.65,0.0,0,0,0,0,0,0,29.5,11.6,0.0,0.0,2.84,0.0,52851,True
2026-02-21T11:00:00+00:00,11,5,21,2,1,0,0,0,0,0,6,0.0,2,8,0.2,8320,11000,0.7564,116.65,0.0,0,0,0,0,0,0,29.4,12.0,0.0,0.0,2.41,0.0,52851,True
2026-02-21T12:00:00+00:00,12,5,21,2,1,0,0,0,0,0,6,0.0,2,8,0.2,8320,11000,0.7564,116.65,0.0,0,0,0,0,0,0,31.1,9.9,0.0,0.0,2.1,0.0,52851,True
2026-02-21T13:00:00+00:00,13,5,21,2,1,0,0,0,0,0,6,0.0,2,8,0.2,8320,11000,0.7564,116.65,0.0,0,0,0,0,0,0,30.8,21.8,4.3,0.2,1.66,0.0,52851,True
2026-02-21T14:00:00+00:00,14,5,21,2,1,0,0,0,0,0,6,0.0,2,8,0.2,8320,11000,0.7564,116.65,0.0,0,0,0,0,0,0,31.7,11.6,0.0,0.0,1.31,0.2,52851,True
2026-02-21T15:00:00+00:00,15,5,21,2,1,0,0,0,0,0,6,0.0,2,8,0.2,8320,11000,0.7564,116.65,0.0,0,0,0,0,0,0,31.6,30.8,13.1,0.5,0.97,0.4,52851,True
2026-02-21T16:00:00+00:00,16,5,21,2,1,0,0,0,0,0,6,0.0,2,8,0.2,8320,11000,0.7564,116.65,0.0,0,0,0,0,0,0,31.4,17.0,0.0,0.0,0.7,0.4,52851,True
2026-02-21T17:00:00+00:00,17,5,21,2,1,0,0,0,0,0,6,0.0,2,8,0.2,8320,11000,0.7564,116.65,0.0,0,0,0,0,0,0,31.3,16.9,0.0,0.0,0.93,0.4,52851,True
2026-02-21T18:00:00+00:00,18,5,21,2,1,0,0,0,0,0,6,0.0,2,8,0.2,8320,11000,0.7564,116.65,0.0,0,0,0,0,0,0,30.7,16.5,0.0,0.0,1.42,0.0,52851,True
2026-02-21T19:00:00+00:00,19,5,21,2,1,0,0,0,0,0,6,0.0,2,8,0.2,8320,11000,0.7564,116.65,0.0,0,0,0,0,0,0,30.5,14.1,0.0,0.0,2.14,0.0,52851,True
2026-02-21T20:00:00+00:00,20,5,21,2,1,0,0,0,0,0,6,0.0,2,8,0.2,8320,11000,0.7564,116.65,0.0,0,0,0,0,0,0,28.9,13.5,0.0,0.0,2.81,0.0,52851,True
2026-02-21T21:00:00+00:00,21,5,21,2,1,0,0,0,0,0,6,0.0,2,8,0.2,8320,11000,0.7564,116.65,0.0,0,0,0,0,0,0,27.8,13.8,0.0,0.0,3.05,0.0,52851,True
2026-02-21T22:00:00+00:00,22,5,21,2,1,0,0,0,0,0,6,0.0,2,8,0.2,8320,11000,0.7564,116.65,0.0,0,0,0,0,0,0,26.7,9.8,0.0,0.0,2.91,0.0,52851,True
2026-02-21T23:00:00+00:00,23,5,21,2,1,0,0,0,0,0,6,0.0,2,8,0.2,8320,11000,0.7564,116.65,0.0,0,0,0,0,0,0,25.4,11.9,0.0,0.0,2.58,0.0,52851,True
2026-02-22T00:00:00+00:00,0,6,22,2,1,0,0,0,0,0,6,0.0,2,8,0.2,8320,11000,0.7564,116.65,0.0,0,0,0,0,0,0,26.2,11.3,0.0,0.0,2.21,0.0,52851,True
2026-02-22T01:00:00+00:00,1,6,22,2,1,0,0,0,0,0,6,0.0,2,8,0.2,8320,11000,0.7564,116.65,0.0,0,0,0,0,0,0,25.3,13.2,0.0,0.0,1.88,0.0,52851,True
2026-02-22T02:00:00+00:00,2,6,22,2,1,0,0,0,0,0,6,0.0,2,8,0.2,8320,11000,0.7564,116.65,0.0,0,0,0,0,0,0,24.9,9.9,0.0,0.0,1.48,0.0,52851,True
2026-02-22T03:00:00+00:00,3,6,22,2,1,0,0,0,0,0,6,0.0,2,8,0.2,8320,11000,0.7564,116.65,0.0,0,0,0,0,0,0,23.8,7.2,0.0,0.0,1.09,0.2,52851,True
2026-02-22T04:00:00+00:00,4,6,22,2,1,0,0,0,0,0,6,0.0,2,8,0.2,8320,11000,0.7564,116.65,0.0,0,0,0,0,0,0,24.2,14.9,5.6,0.2,0.77,0.4,52851,True
2026-02-22T05:00:00+00:00,5,6,22,2,1,0,0,0,0,0,6,0.0,2,8,0.2,8320,11000,0.7564,116.65,0.0,0,0,0,0,0,0,25.3,14.5,8.0,0.2,0.73,0.4,52851,True
2026-02-22T06:00:00+00:00,6,6,22,2,1,0,0,0,0,0,6,0.0,2,8,0.2,8320,11000,0.7564,116.65,0.0,0,0,0,0,0,0,26.1,16.2,6.2,0.2,1.16,0.2,52851,True
2026-02-22T07:00:00+00:00,7,6,22,2,1,0,0,0,0,0,6,0.0,2,8,0.2,8320,11000,0.7564,116.65,0.0,0,0,0,0,0,0,25.8,8.3,0.0,0.0,1.8,0.0,52851,True
2026-02-22T08:00:00+00:00,8,6,22,2,1,0,0,0,0,0,6,0.0,2,8,0.2,8320,11000,0.7564,116.65,0.0,0,0,0,0,0,0,26.5,12.2,0.0,0.0,2.59,0.0,52851,True
2026-02-22T09:00:00+00:00,9,6,22,2,1,0,0,0,0,0,6,0.0,2,8,0.2,8320,11000,0.7564,116.65,0.0,0,0,0,0,0,0,27.1,8.8,0.0,0.0,2.98,0.0,52851,True
2026-02-22T10:00:00+00:00,10,6,22,2,1,0,0,0,0,0,6,0.0,2,8,0.2,8320,11000,0.7564,116.65,0.0,0,0,0,0,0,0,29.1,11.5,0.0,0.0,3.03,0.0,52851,True
2026-02-22T11:00:00+00:00,11,6,22,2,1,0,0,0,0,0,6,0.0,2,8,0.2,8320,11000,0.7564,116.65,0.0,0,0,0,0,0,0,29.7,14.1,0.0,0.0,2.75,0.0,52851,True
2026-02-22T12:00:00+00:00,12,6,22,2,1,0,0,0,0,0,6,0.0,2,8,0.2,8320,11000,0.7564,116.65,0.0,0,0,0,0,0,0,29.6,8.8,0.0,0.0,2.34,0.0,52851,True
2026-02-22T13:00:00+00:00,13,6,22,2,1,0,0,0,0,0,6,0.0,2,8,0.2,8320,11000,0.7564,116.65,0.0,0,0,0,0,0,0,32.0,10.6,0.0,0.0,2.05,0.0,52851,True
2026-02-22T14:00:00+00:00,14,6,22,2,1,0,0,0,0,0,6,0.0,2,8,0.2,8320,11000,0.7564,116.65,0.0,0,0,0,0,0,0,30.9,12.8,0.0,0.0,1.69,0.0,52851,True
2026-02-22T15:00:00+00:00,15,6,22,2,1,0,0,0,0,0,6,0.0,2,8,0.2,8320,11000,0.7564,116.65,0.0,0,0,0,0,0,0,30.7,14.1,0.0,0.0,1.31,0.2,52851,True
2026-02-22T16:00:00+00:00,16,6,22,2,1,0,0,0,0,0,6,0.0,2,8,0.2,8320,11000,0.7564,116.65,0.0,0,0,0,0,0,0,32.3,11.6,0.0,0.0,0.91,0.4,52851,True
2026-02-22T17:00:00+00:00,17,6,22,2,1,0,0,0,0,0,6,0.0,2,8,0.2,8320,11000,0.7564,116.65,0.0,0,0,0,0,0,0,30.1,31.0,11.2,0.5,0.71,0.4,52851,True
2026-02-22T18:00:00+00:00,18,6,22,2,1,0,0,0,0,0,6,0.0,2,8,0.2,8320,11000,0.7564,116.65,0.0,0,0,0,0,0,0,31.3,14.8,0.0,0.0,0.99,0.4,52851,True
2026-02-22T19:00:00+00:00,19,6,22,2,1,0,0,0,0,0,6,0.0,2,8,0.2,8320,11000,0.7564,116.65,0.0,0,0,0,0,0,0,28.8,13.6,0.0,0.0,1.54,0.0,52851,True
2026-02-22T20:00:00+00:00,20,6,22,2,1,0,0,0,0,0,6,0.0,2,8,0.2,8320,11000,0.7564,116.65,0.0,0,0,0,0,0,0,28.6,15.3,0.0,0.0,2.27,0.0,52851,True
2026-02-22T21:00:00+00:00,21,6,22,2,1,0,0,0,0,0,6,0.0,2,8,0.2,8320,11000,0.7564,116.65,0.0,0,0,0,0,0,0,27.6,16.7,0.0,0.0,2.89,0.0,52851,True
2026-02-22T22:00:00+00:00,22,6,22,2,1,0,0,0,0,0,6,0.0,2,8,0.2,8320,11000,0.7564,116.65,0.0,0,0,0,0,0,0,28.0,11.0,0.0,0.0,3.1,0.0,52851,True
2026-02-22T23:00:00+00:00,23,6,22,2,1,0,0,0,0,0,6,0.0,2,8,0.2,8320,11000,0.7564,116.65,0.0,0,0,0,0,0,0,26.2,14.2,0.0,0.0,2.9,0.0,52851,True
2026-02-23T00:00:00+00:00,0,0,23,2,0,0,0,0,0,0,6,0.0,2,8,0.2,8320,11000,0.7564,116.65,0.0,0,0,0,0,0,0,26.4,9.5,0.0,0.0,2.5,0.0,52851,True
2026-02-23T01:00:00+00:00,1,0,23,2,0,0,0,0,0,0,6,0.0,2,8,0.2,8320,11000,0.7564,116.65,0.0,0,0,0,0,0,0,25.7,8.6,0.0,0.0,2.16,0.0,52851,True
2026-02-23T02:00:00+00:00,2,0,23,2,0,0,0,0,0,0,6,0.0,2,8,0.2,8320,11000,0.7564,116.65,0.0,0,0,0,0,0,0,25.0,17.2,6.5,0.2,1.75,0.0,52851,True
2026-02-23T03:00:00+00:00,3,0,23,2,0,0,0,0,0,0,6,0.0,2,8,0.2,8320,11000,0.7564,116.65,0.0,0,0,0,0,0,0,24.9,12.8,0.0,0.0,1.43,0.0,52851,True
2026-02-23T04:00:00+00:00,4,0,23,2,0,0,0,0,0,0,6,0.0,2,8,0.2,8320,11000,0.7564,116.65,0.0,0,0,0,0,0,0,24.5,34.3,24.6,0.85,1.07,0.2,52851,True
2026-02-23T05:00:00+00:00,5,0,23,2,0,0,0,0,0,0,6,0.0,2,8,0.2,8320,11000,0.7564,116.65,0.0,0,0,0,0,0,0,25.9,9.8,0.0,0.0,0.81,0.4,52851,True
2026-02-23T06:00:00+00:00,6,0,23,2,0,0,0,0,0,0,6,0.0,2,8,0.2,8320,11000,0.7564,116.65,0.0,0,0,0,0,0,0,25.7,8.0,0.0,0.0,0.79,0.4,52851,True
2026-02-23T07:00:00+00:00,7,0,23,2,0,0,0,0,0,0,6,0.0,2,8,0.2,8320,11000,0.7564,116.65,0.0,0,0,0,0,0,0,27.1,5.6,0.0,0.0,1.26,0.2,52851,True
2026-02-23T08:00:00+00:00,8,0,23,2,0,0,0,0,0,0,6,0.0,2,8,0.2,8320,11000,0.7564,116.65,0.0,0,0,0,0,0,0,26.2,6.9,0.0,0.0,1.93,0.0,52851,True
2026-02-23T09:00:00+00:00,9,0,23,2,0,0,0,0,0,0,6,0.0,2,8,0.2,8320,11000,0.7564,116.65,0.0,0,0,0,0,0,0,28.2,9.1,0.0,0.0,2.67,0.0,52851,True
2026-02-23T10:00:00+00:00,10,0,23,2,0,0,0,0,0,0,6,0.0,2,8,0.2,8320,11000,0.7564,116.65,0.0,0,0,0,0,0,0,29.7,9.2,0.0,0.0,3.06,0.0,52851,True
2026-02-23T11:00:00+00:00,11,0,23,2,0,0,0,0,0,0,6,0.0,2,8,0.2,8320,11000,0.7564,116.65,0.0,0,0,0,0,0,0,29.1,8.9,0.0,0.0,2.99,0.0,52851,True
2026-02-23T12:00:00+00:00,12,0,23,2,0,0,0,0,0,0,6,0.0,2,8,0.2,8320,11000,0.7564,116.65,0.0,0,0,0,0,0,0,30.9,22.2,5.5,0.2,2.71,0.0,52851,True
2026-02-23T13:00:00+00:00,13,0,23,2,0,0,0,0,0,0,6,0.0,2,8,0.2,8320,11000,0.7564,116.65,0.0,0,0,0,0,0,0,30.3,8.8,0.0,0.0,2.31,0.0,52851,True
2026-02-23T14:00:00+00:00,14,0,23,2,0,0,0,0,0,0,6,0.0,2,8,0.2,8320,11000,0.7564,116.65,0.0,0,0,0,0,0,0,30.6,10.7,0.0,0.0,1.97,0.0,52851,True
2026-02-23T15:00:00+00:00,15,0,23,2,0,0,0,0,0,0,6,0.0,2,8,0.2,8320,11000,0.7564,116.65,0.0,0,0,0,0,0,0,32.3,16.9,4.8,0.2,1.55,0.0,52851,True
2026-02-23T16:00:00+00:00,16,0,23,2,0,0,0,0,0,0,6,0.0,2,8,0.2,8320,11000,0.7564,116.65,0.0,0,0,0,0,0,0,31.9,12.8,0.0,0.0,1.2,0.2,52851,True
2026-02-23T17:00:00+00:00,17,0,23,2,0,0,0,0,0,0,6,0.0,2,8,0.2,8320,11000,0.7564,116.65,0.0,0,0,0,0,0,0,31.5,14.6,0.0,0.0,0.86,0.4,52851,True
2026-02-23T18:00:00+00:00,18,0,23,2,0,0,0,0,0,0,6,0.0,2,8,0.2,8320,11000,0.7564,116.65,0.0,0,0,0,0,0,0,30.6,12.0,0.0,0.0,0.74,0.4,52851,True
2026-02-23T19:00:00+00:00,19,0,23,2,0,0,0,0,0,0,6,0.0,2,8,0.2,8320,11000,0.7564,116.65,0.0,0,0,0,0,0,0,30.1,14.5,0.0,0.0,1.04,0.2,52851,True
2026-02-23T20:00:00+00:00,20,0,23,2,0,0,0,0,0,0,6,0.0,2,8,0.2,8320,11000,0.7564,116.65,0.0,0,0,0,0,0,0,29.8,38.1,33.8,0.85,1.65,0.0,52851,True
2026-02-23T21:00:00+00:00,21,0,23,2,0,0,0,0,0,0,6,0.0,2,8,0.2,8320,11000,0.7564,116.65,0.0,0,0,0,0,0,0,28.4,12.7,0.0,0.0,2.34,0.0,52851,True
2026-02-23T22:00:00+00:00,22,0,23,2,0,0,0,0,0,0,6,0.0,2,8,0.2,8320,11000,0.7564,116.65,0.0,0,0,0,0,0,0,27.9,21.1,6.9,0.2,2.93,0.0,52851,True
2026-02-23T23:00:00+00:00,23,0,23,2,0,0,0,0,0,0,6,0.0,2,8,0.2,8320,11000,0.7564,116.65,0.0,0,0,0,0,0,0,27.0,15.4,0.0,0.0,3.09,0.0,52851,True
2026-02-24T00:00:00+00:00,0,1,24,2,0,0,0,0,0,0,6,0.0,2,8,0.2,8320,11000,0.7564,116.65,0.0,0,0,0,0,0,0,25.0,13.7,0.0,0.0,2.86,0.0,52851,True
2026-02-24T01:00:00+00:00,1,1,24,2,0,0,0,0,0,0,6,0.0,2,8,0.2,8320,11000,0.7564,116.65,0.0,0,0,0,0,0,0,24.4,11.1,0.0,0.0,2.52,0.0,52851,True
2026-02-24T02:00:00+00:00,2,1,24,2,0,0,0,0,0,0,6,0.0,2,8,0.2,8320,11000,0.7564,116.65,0.0,0,0,0,0,0,0,24.7,17.4,6.2,0.2,2.13,0.0,52851,True
2026-02-24T03:00:00+00:00,3,1,24,2,0,0,0,0,0,0,6,0.0,2,8,0.2,8320,11000,0.7564,116.65,0.0,0,0,0,0,0,0,24.5,9.1,0.0,0.0,1.73,0.0,52851,True
2026-02-24T04:00:00+00:00,4,1,24,2,0,0,0,0,0,0,6,0.0,2,8,0.2,8320,11000,0.7564,116.65,0.0,0,0,0,0,0,0,23.8,11.7,0.0,0.0,1.32,0.2,52851,True
2026-02-24T05:00:00+00:00,5,1,24,2,0,0,0,0,0,0,6,0.0,2,8,0.2,8320,11000,0.7564,116.65,0.0,0,0,0,0,0,0,25.9,6.2,0.0,0.0,1.0,0.2,52851,True
2026-02-24T06:00:00+00:00,6,1,24,2,0,0,0,0,0,0,6,0.0,2,8,0.2,8320,11000,0.7564,116.65,0.0,0,0,0,0,0,0,24.6,9.2,0.0,0.0,0.73,0.4,52851,True
2026-02-24T07:00:00+00:00,7,1,24,2,0,0,0,0,0,0,6,0.0,2,8,0.2,8320,11000,0.7564,116.65,0.0,0,0,0,0,0,0,27.0,22.1,14.5,0.5,0.86,0.4,52851,True
2026-02-24T08:00:00+00:00,8,1,24,2,0,0,0,0,0,0,6,0.0,2,8,0.2,8320,11000,0.7564,116.65,0.0,0,0,0,0,0,0,26.8,20.1,4.5,0.2,1.37,0.2,52851,True
2026-02-24T09:00:00+00:00,9,1,24,2,0,0,0,0,0,0,6,0.0,2,8,0.2,8320,11000,0.7564,116.65,0.0,0,0,0,0,0,0,27.8,9.5,0.0,0.0,2.1,0.0,52851,True
2026-02-24T10:00:00+00:00,10,1,24,2,0,0,0,0,0,0,6,0.0,2,8,0.2,8320,11000,0.7564,116.65,0.0,0,0,0,0,0,0,29.6,11.0,0.0,0.0,2.71,0.0,52851,True
2026-02-24T11:00:00+00:00,11,1,24,2,0,0,0,0,0,0,6,0.0,2,8,0.2,8320,11000,0.7564,116.65,0.0,0,0,0,0,0,0,30.7,11.3,0.0,0.0,3.08,0.0,52851,True
2026-02-24T12:00:00+00:00,12,1,24,2,0,0,0,0,0,0,6,0.0,2,8,0.2,8320,11000,0.7564,116.65,0.0,0,0,0,0,0,0,30.4,11.7,0.0,0.0,2.96,0.0,52851,True
2026-02-24T13:00:00+00:00,13,1,24,2,0,0,0,0,0,0,6,0.0,2,8,0.2,8320,11000,0.7564,116.65,0.0,0,0,0,0,0,0,31.6,31.9,12.9,0.5,2.69,0.0,52851,True
2026-02-24T14:00:00+00:00,14,1,24,2,0,0,0,0,0,0,6,0.0,2,8,0.2,8320,11000,0.7564,116.65,0.0,0,0,0,0,0,0,30.5,20.7,2.5,0.2,2.3,0.0,52851,True
2026-02-24T15:00:00+00:00,15,1,24,2,0,0,0,0,0,0,6,0.0,2,8,0.2,8320,11000,0.7564,116.65,0.0,0,0,0,0,0,0,31.6,30.5,15.7,0.5,1.88,0.0,52851,True
2026-02-24T16:00:00+00:00,16,1,24,2,0,0,0,0,0,0,6,0.0,2,8,0.2,8320,11000,0.7564,116.65,0.0,0,0,0,0,0,0,31.8,14.0,0.0,0.0,1.55,0.0,52851,True
2026-02-24T17:00:00+00:00,17,1,24,2,0,0,0,0,0,0,6,0.0,2,8,0.2,8320,11000,0.7564,116.65,0.0,0,0,0,0,0,0,30.1,35.0,31.8,0.85,1.1,0.2,52851,True
2026-02-24T18:00:00+00:00,18,1,24,2,0,0,0,0,0,0,6,0.0,2,8,0.2,8320,11000,0.7564,116.65,0.0,0,0,0,0,0,0,29.9,17.8,0.0,0.0,0.85,0.4,52851,True
2026-02-24T19:00:00+00:00,19,1,24,2,0,0,0,0,0,0,6,0.0,2,8,0.2,8320,11000,0.7564,116.65,0.0,0,0,0,0,0,0,29.9,35.4,30.3,0.85,0.71,0.4,52851,True
2026-02-24T20:00:00+00:00,20,1,24,2,0,0,0,0,0,0,6,0.0,2,8,0.2,8320,11000,0.7564,116.65,0.0,0,0,0,0,0,0,28.0,10.8,0.0,0.0,1.07,0.2,52851,True
2026-02-24T21:00:00+00:00,21,1,24,2,0,0,0,0,0,0,6,0.0,2,8,0.2,8320,11000,0.7564,116.65,0.0,0,0,0,0,0,0,27.1,13.4,0.0,0.0,1.81,0.0,52851,True
2026-02-24T22:00:00+00:00,22,1,24,2,0,0,0,0,0,0,6,0.0,2,8,0.2,8320,11000,0.7564,116.65,0.0,0,0,0,0,0,0,27.6,17.5,2.9,0.2,2.46,0.0,52851,True
2026-02-24T23:00:00+00:00,23,1,24,2,0,0,0,0,0,0,6,0.0,2,8,0.2,8320,11000,0.7564,116.65,0.0,0,0,0,0,0,0,25.6,14.1,0.0,0.0,3.01,0.0,52851,True
2026-02-25T00:00:00+00:00,0,2,25,2,0,0,0,0,0,0,6,0.0,2,8,0.2,8320,11000,0.7564,116.65,0.0,0,0,0,0,0,0,25.8,22.4,17.4,0.5,3.09,0.0,52851,True
2026-02-25T01:00:00+00:00,1,2,25,2,0,0,0,0,0,0,6,0.0,2,8,0.2,8320,11000,0.7564,116.65,0.0,0,0,0,0,0,0,25.2,11.4,0.0,0.0,2.83,0.0,52851,True
2026-02-25T02:00:00+00:00,2,2,25,2,0,0,0,0,0,0,6,0.0,2,8,0.2,8320,11000,0.7564,116.65,0.0,0,0,0,0,0,0,25.0,11.1,0.0,0.0,2.44,0.0,52851,True
2026-02-25T03:00:00+00:00,3,2,25,2,0,0,0,0,0,0,6,0.0,2,8,0.2,8320,11000,0.7564,116.65,0.0,0,0,0,0,0,0,25.2,8.8,0.0,0.0,2.03,0.0,52851,True
2026-02-25T04:00:00+00:00,4,2,25,2,0,0,0,0,0,0,6,0.0,2,8,0.2,8320,11000,0.7564,116.65,0.0,0,0,0,0,0,0,24.5,7.6,0.0,0.0,1.69,0.0,52851,True
2026-02-25T05:00:00+00:00,5,2,25,2,0,0,0,0,0,0,6,0.0,2,8,0.2,8320,11000,0.7564,116.65,0.0,0,0,0,0,0,0,24.3,9.7,0.0,0.0,1.28,0.2,52851,True
2026-02-25T06:00:00+00:00,6,2,25,2,0,0,0,0,0,0,6,0.0,2,8,0.2,8320,11000,0.7564,116.65,0.0,0,0,0,0,0,0,25.0,18.1,3.7,0.2,0.93,0.4,52851,True
2026-02-25T07:00:00+00:00,7,2,25,2,0,0,0,0,0,0,6,0.0,2,8,0.2,8320,11000,0.7564,116.65,0.0,0,0,0,0,0,0,26.1,5.4,0.0,0.0,0.69,0.4,52851,True
2026-02-25T08:00:00+00:00,8,2,25,2,0,0,0,0,0,0,6,0.0,2,8,0.2,8320,11000,0.7564,116.65,0.0,0,0,0,0,0,0,26.8,11.7,0.0,0.0,0.86,0.4,52851,True
2026-02-25T09:00:00+00:00,9,2,25,2,0,0,0,0,0,0,6,0.0,2,8,0.2,8320,11000,0.7564,116.65,0.0,0,0,0,0,0,0,28.9,12.8,0.0,0.0,1.47,0.0,52851,True
2026-02-25T10:00:00+00:00,10,2,25,2,0,0,0,0,0,0,6,0.0,2,8,0.2,8320,11000,0.7564,116.65,0.0,0,0,0,0,0,0,29.5,12.1,0.0,0.0,2.23,0.0,52851,True
2026-02-25T11:00:00+00:00,11,2,25,2,0,0,0,0,0,0,6,0.0,2,8,0.2,8320,11000,0.7564,116.65,0.0,0,0,0,0,0,0,30.3,11.5,0.0,0.0,2.82,0.0,52851,True
2026-02-25T12:00:00+00:00,12,2,25,2,0,0,0,0,0,0,6,0.0,2,8,0.2,8320,11000,0.7564,116.65,0.0,0,0,0,0,0,0,30.8,10.6,0.0,0.0,3.05,0.0,52851,True
2026-02-25T13:00:00+00:00,13,2,25,2,0,0,0,0,0,0,6,0.0,2,8,0.2,8320,11000,0.7564,116.65,0.0,0,0,0,0,0,0,30.7,29.1,13.6,0.5,2.88,0.0,52851,True
2026-02-25T14:00:00+00:00,14,2,25,2,0,0,0,0,0,0,6,0.0,2,8,0.2,8320,11000,0.7564,116.65,0.0,0,0,0,0,0,0,31.4,13.8,0.0,0.0,2.62,0.0,52851,True
2026-02-25T15:00:00+00:00,15,2,25,2,0,0,0,0,0,0,6,0.0,2,8,0.2,8320,11000,0.7564,116.65,0.0,0,0,0,0,0,0,31.1,21.7,7.7,0.2,2.17,0.0,52851,True
2026-02-25T16:00:00+00:00,16,2,25,2,0,0,0,0,0,0,6,0.0,2,8,0.2,8320,11000,0.7564,116.65,0.0,0,0,0,0,0,0,30.7,15.7,0.0,0.0,1.83,0.0,52851,True
2026-02-25T17:00:00+00:00,17,2,25,2,0,0,0,0,0,0,6,0.0,2,8,0.2,8320,11000,0.7564,116.65,0.0,0,0,0,0,0,0,30.6,11.1,0.0,0.0,1.42,0.0,52851,True
2026-02-25T18:00:00+00:00,18,2,25,2,0,0,0,0,0,0,6,0.0,2,8,0.2,8320,11000,0.7564,116.65,0.0,0,0,0,0,0,0,29.9,12.8,0.0,0.0,1.12,0.2,52851,True
2026-02-25T19:00:00+00:00,19,2,25,2,0,0,0,0,0,0,6,0.0,2,8,0.2,8320,11000,0.7564,116.65,0.0,0,0,0,0,0,0,30.7,43.2,22.3,0.85,0.8,0.4,52851,True
2026-02-25T20:00:00+00:00,20,2,25,2,0,0,0,0,0,0,6,0.0,2,8,0.2,8320,11000,0.7564,116.65,0.0,0,0,0,0,0,0,28.9,16.2,0.0,0.0,0.76,0.4,52851,True
2026-02-25T21:00:00+00:00,21,2,25,2,0,0,0,0,0,0,6,0.0,2,8,0.2,8320,11000,0.7564,116.65,0.0,0,0,0,0,0,0,27.5,14.9,0.0,0.0,1.18,0.2,52851,True
2026-02-25T22:00:00+00:00,22,2,25,2,0,0,0,0,0,0,6,0.0,2,8,0.2,8320,11000,0.7564,116.65,0.0,0,0,0,0,0,0,27.4,14.6,0.0,0.0,1.91,0.0,52851,True
2026-02-25T23:00:00+00:00,23,2,25,2,0,0,0,0,0,0,6,0.0,2,8,0.2,8320,11000,0.7564,116.65,0.0,0,0,0,0,0,0,25.4,11.3,0.0,0.0,2.64,0.0,52851,True
2026-02-26T00:00:00+00:00,0,3,26,2,0,0,0,0,0,0,6,0.0,2,8,0.2,8320,11000,0.7564,116.65,0.0,0,0,0,0,0,0,25.9,8.4,0.0,0.0,3.05,0.0,52851,True
2026-02-26T01:00:00+00:00,1,3,26,2,0,0,0,0,0,0,6,0.0,2,8,0.2,8320,11000,0.7564,116.65,0.0,0,0,0,0,0,0,24.4,9.1,0.0,0.0,3.05,0.0,52851,True
2026-02-26T02:00:00+00:00,2,3,26,2,0,0,0,0,0,0,6,0.0,2,8,0.2,8320,11000,0.7564,116.65,0.0,0,0,0,0,0,0,25.4,22.5,15.0,0.5,2.78,0.0,52851,True
2026-02-26T03:00:00+00:00,3,3,26,2,0,0,0,0,0,0,6,0.0,2,8,0.2,8320,11000,0.7564,116.65,0.0,0,0,0,0,0,0,25.4,16.3,4.0,0.2,2.37,0.0,52851,True
2026-02-26T04:00:00+00:00,4,3,26,2,0,0,0,0,0,0,6,0.0,2,8,0.2,8320,11000,0.7564,116.65,0.0,0,0,0,0,0,0,24.8,11.5,0.0,0.0,1.94,0.0,52851,True
2026-02-26T05:00:00+00:00,5,3,26,2,0,0,0,0,0,0,6,0.0,2,8,0.2,8320,11000,0.7564,116.65,0.0,0,0,0,0,0,0,25.1,5.8,0.0,0.0,1.64,0.0,52851,True
2026-02-26T06:00:00+00:00,6,3,26,2,0,0,0,0,0,0,6,0.0,2,8,0.2,8320,11000,0.7564,116.65,0.0,0,0,0,0,0,0,26.2,10.6,0.0,0.0,1.25,0.2,52851,True
2026-02-26T07:00:00+00:00,7,3,26,2,0,0,0,0,0,0,6,0.0,2,8,0.2,8320,11000,0.7564,116.65,0.0,0,0,0,0,0,0,26.5,8.9,0.0,0.0,0.88,0.4,52851,True
2026-02-26T08:00:00+00:00,8,3,26,2,0,0,0,0,0,0,6,0.0,2,8,0.2,8320,11000,0.7564,116.65,0.0,0,0,0,0,0,0,26.7,9.5,0.0,0.0,0.78,0.4,52851,True
2026-02-26T09:00:00+00:00,9,3,26,2,0,0,0,0,0,0,6,0.0,2,8,0.2,8320,11000,0.7564,116.65,0.0,0,0,0,0,0,0,28.0,9.7,0.0,0.0,0.92,0.4,52851,True
2026-02-26T10:00:00+00:00,10,3,26,2,0,0,0,0,0,0,6,0.0,2,8,0.2,8320,11000,0.7564,116.65,0.0,0,0,0,0,0,0,29.5,7.8,0.0,0.0,1.58,0.0,52851,True
2026-02-26T11:00:00+00:00,11,3,26,2,0,0,0,0,0,0,6,0.0,2,8,0.2,8320,11000,0.7564,116.65,0.0,0,0,0,0,0,0,29.1,19.1,6.8,0.2,2.29,0.0,52851,True
2026-02-26T12:00:00+00:00,12,3,26,2,0,0,0,0,0,0,6,0.0,2,8,0.2,8320,11000,0.7564,116.65,0.0,0,0,0,0,0,0,30.3,14.0,0.0,0.0,2.9,0.0,52851,True
2026-02-26T13:00:00+00:00,13,3,26,2,0,0,0,0,0,0,6,0.0,2,8,0.2,8320,11000,0.7564,116.65,0.0,0,0,0,0,0,0,31.0,13.3,0.0,0.0,3.06,0.0,52851,True
2026-02-26T14:00:00+00:00,14,3,26,2,0,0,0,0,0,0,6,0.0,2,8,0.2,8320,11000,0.7564,116.65,0.0,0,0,0,0,0,0,31.4,16.1,0.0,0.0,2.9,0.0,52851,True
2026-02-26T15:00:00+00:00,15,3,26,2,0,0,0,0,0,0,6,0.0,2,8,0.2,8320,11000,0.7564,116.65,0.0,0,0,0,0,0,0,31.5,16.3,0.0,0.0,2.48,0.0,52851,True
2026-02-26T16:00:00+00:00,16,3,26,2,0,0,0,0,0,0,6,0.0,2,8,0.2,8320,11000,0.7564,116.65,0.0,0,0,0,0,0,0,30.9,10.6,0.0,0.0,2.09,0.0,52851,True
2026-02-26T17:00:00+00:00,17,3,26,2,0,0,0,0,0,0,6,0.0,2,8,0.2,8320,11000,0.7564,116.65,0.0,0,0,0,0,0,0,30.3,17.4,0.0,0.0,1.79,0.0,52851,True
2026-02-26T18:00:00+00:00,18,3,26,2,0,0,0,0,0,0,6,0.0,2,8,0.2,8320,11000,0.7564,116.65,0.0,0,0,0,0,0,0,30.3,24.5,5.6,0.2,1.35,0.2,52851,True
2026-02-26T19:00:00+00:00,19,3,26,2,0,0,0,0,0,0,6,0.0,2,8,0.2,8320,11000,0.7564,116.65,0.0,0,0,0,0,0,0,30.1,11.3,0.0,0.0,1.02,0.2,52851,True
2026-02-26T20:00:00+00:00,20,3,26,2,0,0,0,0,0,0,6,0.0,2,8,0.2,8320,11000,0.7564,116.65,0.0,0,0,0,0,0,0,28.7,12.3,0.0,0.0,0.77,0.4,52851,True
2026-02-26T21:00:00+00:00,21,3,26,2,0,0,0,0,0,0,6,0.0,2,8,0.2,8320,11000,0.7564,116.65,0.0,0,0,0,0,0,0,28.7,16.0,0.0,0.0,0.85,0.4,52851,True
2026-02-26T22:00:00+00:00,22,3,26,2,0,0,0,0,0,0,6,0.0,2,8,0.2,8320,11000,0.7564,116.65,0.0,0,0,0,0,0,0,27.1,11.2,0.0,0.0,1.31,0.2,52851,True
2026-02-26T23:00:00+00:00,23,3,26,2,0,0,0,0,0,0,6,0.0,2,8,0.2,8320,11000,0.7564,116.65,0.0,0,0,0,0,0,0,26.1,23.7,5.3,0.2,1.99,0.0,52851,True
2026-02-27T00:00:00+00:00,0,4,27,2,0,0,0,0,0,0,6,0.0,2,8,0.2,8320,11000,0.7564,116.65,0.0,0,0,0,0,0,0,25.9,9.7,0.0,0.0,2.66,0.0,52851,True
2026-02-27T01:00:00+00:00,1,4,27,2,0,0,0,0,0,0,6,0.0,2,8,0.2,8320,11000,0.7564,116.65,0.0,0,0,0,0,0,0,25.6,7.4,0.0,0.0,3.04,0.0,52851,True
2026-02-27T02:00:00+00:00,2,4,27,2,0,0,0,0,0,0,6,0.0,2,8,0.2,8320,11000,0.7564,116.65,0.0,0,0,0,0,0,0,24.7,12.6,0.0,0.0,3.03,0.0,52851,True
2026-02-27T03:00:00+00:00,3,4,27,2,0,0,0,0,0,0,6,0.0,2,8,0.2,8320,11000,0.7564,116.65,0.0,0,0,0,0,0,0,23.6,10.8,0.0,0.0,2.68,0.0,52851,True
2026-02-27T04:00:00+00:00,4,4,27,2,0,0,0,0,0,0,6,0.0,2,8,0.2,8320,11000,0.7564,116.65,0.0,0,0,0,0,0,0,24.1,5.8,0.0,0.0,2.27,0.0,52851,True
2026-02-27T05:00:00+00:00,5,4,27,2,0,0,0,0,0,0,6,0.0,2,8,0.2,8320,11000,0.7564,116.65,0.0,0,0,0,0,0,0,24.3,11.3,0.0,0.0,1.89,0.0,52851,True
2026-02-27T06:00:00+00:00,6,4,27,2,0,0,0,0,0,0,6,0.0,2,8,0.2,8320,11000,0.7564,116.65,0.0,0,0,0,0,0,0,25.5,8.8,0.0,0.0,1.56,0.0,52851,True
2026-02-27T07:00:00+00:00,7,4,27,2,0,0,0,0,0,0,6,0.0,2,8,0.2,8320,11000,0.7564,116.65,0.0,0,0,0,0,0,0,25.8,11.2,0.0,0.0,1.22,0.2,52851,True
2026-02-27T08:00:00+00:00,8,4,27,2,0,0,0,0,0,0,6,0.0,2,8,0.2,8320,11000,0.7564,116.65,0.0,0,0,0,0,0,0,26.2,18.7,5.3,0.2,0.88,0.4,52851,True
2026-02-27T09:00:00+00:00,9,4,27,2,0,0,0,0,0,0,6,0.0,2,8,0.2,8320,11000,0.7564,116.65,0.0,0,0,0,0,0,0,27.4,12.2,0.0,0.0,0.78,0.4,52851,True
2026-02-27T10:00:00+00:00,10,4,27,2,0,0,0,0,0,0,6,0.0,2,8,0.2,8320,11000,0.7564,116.65,0.0,0,0,0,0,0,0,29.7,9.4,0.0,0.0,1.07,0.2,52851,True
2026-02-27T11:00:00+00:00,11,4,27,2,0,0,0,0,0,0,6,0.0,2,8,0.2,8320,11000,0.7564,116.65,0.0,0,0,0,0,0,0,29.4,13.3,0.0,0.0,1.71,0.0,52851,True
2026-02-27T12:00:00+00:00,12,4,27,2,0,0,0,0,0,0,6,0.0,2,8,0.2,8320,11000,0.7564,116.65,0.0,0,0,0,0,0,0,29.9,11.0,0.0,0.0,2.42,0.0,52851,True
2026-02-27T13:00:00+00:00,13,4,27,2,0,0,0,0,0,0,6,0.0,2,8,0.2,8320,11000,0.7564,116.65,0.0,0,0,0,0,0,0,31.1,9.0,0.0,0.0,2.98,0.0,52851,True
2026-02-27T14:00:00+00:00,14,4,27,2,0,0,0,0,0,0,6,0.0,2,8,0.2,8320,11000,0.7564,116.65,0.0,0,0,0,0,0,0,31.4,18.8,6.0,0.2,3.04,0.0,52851,True
2026-02-27T15:00:00+00:00,15,4,27,2,0,0,0,0,0,0,6,0.0,2,8,0.2,8320,11000,0.7564,116.65,0.0,0,0,0,0,0,0,31.7,16.5,0.0,0.0,2.79,0.0,52851,True
2026-02-27T16:00:00+00:00,16,4,27,2,0,0,0,0,0,0,6,0.0,2,8,0.2,8320,11000,0.7564,116.65,0.0,0,0,0,0,0,0,30.9,14.7,0.0,0.0,2.44,0.0,52851,True
2026-02-27T17:00:00+00:00,17,4,27,2,0,0,0,0,0,0,6,0.0,2,8,0.2,8320,11000,0.7564,116.65,0.0,0,0,0,0,0,0,30.7,14.7,0.0,0.0,2.03,0.0,52851,True
2026-02-27T18:00:00+00:00,18,4,27,2,0,0,0,0,0,0,6,0.0,2,8,0.2,8320,11000,0.7564,116.65,0.0,0,0,0,0,0,0,31.2,17.9,0.0,0.0,1.76,0.0,52851,True
2026-02-27T19:00:00+00:00,19,4,27,2,0,0,0,0,0,0,6,0.0,2,8,0.2,8320,11000,0.7564,116.65,0.0,0,0,0,0,0,0,29.1,12.6,0.0,0.0,1.33,0.2,52851,True
2026-02-27T20:00:00+00:00,20,4,27,2,0,0,0,0,0,0,6,0.0,2,8,0.2,8320,11000,0.7564,116.65,0.0,0,0,0,0,0,0,28.2,14.9,0.0,0.0,1.01,0.2,52851,True
2026-02-27T21:00:00+00:00,21,4,27,2,0,0,0,0,0,0,6,0.0,2,8,0.2,8320,11000,0.7564,116.65,0.0,0,0,0,0,0,0,27.2,15.3,0.0,0.0,0.7,0.4,52851,True
2026-02-27T22:00:00+00:00,22,4,27,2,0,0,0,0,0,0,6,0.0,2,8,0.2,8320,11000,0.7564,116.65,0.0,0,0,0,0,0,0,26.4,9.6,0.0,0.0,0.85,0.4,52851,True
2026-02-27T23:00:00+00:00,23,4,27,2,0,0,0,0,0,0,6,0.0,2,8,0.2,8320,11000,0.7564,116.65,0.0,0,0,0,0,0,0,26.3,22.5,7.2,0.2,1.39,0.2,52851,True
2026-02-28T00:00:00+00:00,0,5,28,2,1,0,0,0,0,0,6,0.0,2,8,0.2,8320,11000,0.7564,116.65,0.0,0,0,0,0,0,0,25.4,11.8,0.0,0.0,2.15,0.0,52851,True
2026-02-28T01:00:00+00:00,1,5,28,2,1,0,0,0,0,0,6,0.0,2,8,0.2,8320,11000,0.7564,116.65,0.0,0,0,0,0,0,0,24.9,10.9,0.0,0.0,2.75,0.0,52851,True
2026-02-28T02:00:00+00:00,2,5,28,2,1,0,0,0,0,0,6,0.0,2,8,0.2,8320,11000,0.7564,116.65,0.0,0,0,0,0,0,0,25.1,7.5,0.0,0.0,3.05,0.0,52851,True
2026-02-28T03:00:00+00:00,3,5,28,2,1,0,0,0,0,0,6,0.0,2,8,0.2,8320,11000,0.7564,116.65,0.0,0,0,0,0,0,0,24.4,7.5,0.0,0.0,2.95,0.0,52851,True
2026-02-28T04:00:00+00:00,4,5,28,2,1,0,0,0,0,0,6,0.0,2,8,0.2,8320,11000,0.7564,116.65,0.0,0,0,0,0,0,0,25.5,13.7,6.9,0.2,2.65,0.0,52851,True
2026-02-28T05:00:00+00:00,5,5,28,2,1,0,0,0,0,0,6,0.0,2,8,0.2,8320,11000,0.7564,116.65,0.0,0,0,0,0,0,0,25.6,10.4,0.0,0.0,2.22,0.0,52851,True
2026-02-28T06:00:00+00:00,6,5,28,2,1,0,0,0,0,0,6,0.0,2,8,0.2,8320,11000,0.7564,116.65,0.0,0,0,0,0,0,0,25.3,6.7,0.0,0.0,1.92,0.0,52851,True
2026-02-28T07:00:00+00:00,7,5,28,2,1,0,0,0,0,0,6,0.0,2,8,0.2,8320,11000,0.7564,116.65,0.0,0,0,0,0,0,0,27.2,6.0,0.0,0.0,1.54,0.0,52851,True
2026-02-28T08:00:00+00:00,8,5,28,2,1,0,0,0,0,0,6,0.0,2,8,0.2,8320,11000,0.7564,116.65,0.0,0,0,0,0,0,0,27.1,18.9,3.3,0.2,1.16,0.2,52851,True
2026-02-28T09:00:00+00:00,9,5,28,2,1,0,0,0,0,0,6,0.0,2,8,0.2,8320,11000,0.7564,116.65,0.0,0,0,0,0,0,0,27.9,11.9,6.5,0.2,0.81,0.4,52851,True
2026-02-28T10:00:00+00:00,10,5,28,2,1,0,0,0,0,0,6,0.0,2,8,0.2,8320,11000,0.7564,116.65,0.0,0,0,0,0,0,0,29.0,12.2,0.0,0.0,0.76,0.4,52851,True
2026-02-28T11:00:00+00:00,11,5,28,2,1,0,0,0,0,0,6,0.0,2,8,0.2,8320,11000,0.7564,116.65,0.0,0,0,0,0,0,0,28.8,12.2,0.0,0.0,1.15,0.2,52851,True
2026-02-28T12:00:00+00:00,12,5,28,2,1,0,0,0,0,0,6,0.0,2,8,0.2,8320,11000,0.7564,116.65,0.0,0,0,0,0,0,0,30.9,9.1,0.0,0.0,1.8,0.0,52851,True
2026-02-28T13:00:00+00:00,13,5,28,2,1,0,0,0,0,0,6,0.0,2,8,0.2,8320,11000,0.7564,116.65,0.0,0,0,0,0,0,0,30.9,13.0,0.0,0.0,2.52,0.0,52851,True
2026-02-28T14:00:00+00:00,14,5,28,2,1,0,0,0,0,0,6,0.0,2,8,0.2,8320,11000,0.7564,116.65,0.0,0,0,0,0,0,0,32.3,15.1,0.0,0.0,2.94,0.0,52851,True
2026-02-28T15:00:00+00:00,15,5,28,2,1,0,0,0,0,0,6,0.0,2,8,0.2,8320,11000,0.7564,116.65,0.0,0,0,0,0,0,0,31.8,17.5,5.3,0.2,3.04,0.0,52851,True
2026-02-28T16:00:00+00:00,16,5,28,2,1,0,0,0,0,0,6,0.0,2,8,0.2,8320,11000,0.7564,116.65,0.0,0,0,0,0,0,0,32.0,13.5,0.0,0.0,2.76,0.0,52851,True
2026-02-28T17:00:00+00:00,17,5,28,2,1,0,0,0,0,0,6,0.0,2,8,0.2,8320,11000,0.7564,116.65,0.0,0,0,0,0,0,0,31.8,14.1,0.0,0.0,2.35,0.0,52851,True
2026-02-28T18:00:00+00:00,18,5,28,2,1,0,0,0,0,0,6,0.0,2,8,0.2,8320,11000,0.7564,116.65,0.0,0,0,0,0,0,0,31.4,13.4,0.0,0.0,2.01,0.0,52851,True
2026-02-28T19:00:00+00:00,19,5,28,2,1,0,0,0,0,0,6,0.0,2,8,0.2,8320,11000,0.7564,116.65,0.0,0,0,0,0,0,0,30.7,14.5,0.0,0.0,1.7,0.0,52851,True
2026-02-28T20:00:00+00:00,20,5,28,2,1,0,0,0,0,0,6,0.0,2,8,0.2,8320,11000,0.7564,116.65,0.0,0,0,0,0,0,0,29.2,14.1,0.0,0.0,1.23,0.2,52851,True
2026-02-28T21:00:00+00:00,21,5,28,2,1,0,0,0,0,0,6,0.0,2,8,0.2,8320,11000,0.7564,116.65,0.0,0,0,0,0,0,0,27.4,16.1,0.0,0.0,0.88,0.4,52851,True
2026-02-28T22:00:00+00:00,22,5,28,2,1,0,0,0,0,0,6,0.0,2,8,0.2,8320,11000,0.7564,116.65,0.0,0,0,0,0,0,0,27.2,11.8,0.0,0.0,0.72,0.4,52851,True
2026-02-28T23:00:00+00:00,23,5,28,2,1,0,0,0,0,0,6,0.0,2,8,0.2,8320,11000,0.7564,116.65,0.0,0,0,0,0,0,0,26.1,8.9,0.0,0.0,0.98,0.4,52851,True
2026-03-01T00:00:00+00:00,0,6,1,3,1,0,0,0,0,0,6,0.0,2,8,0.2,8320,11000,0.7564,116.65,0.0,0,0,0,0,0,0,25.0,12.3,0.0,0.0,1.47,0.0,52851,True
2026-03-01T01:00:00+00:00,1,6,1,3,1,0,0,0,0,0,6,0.0,2,8,0.2,8320,11000,0.7564,116.65,0.0,0,0,0,0,0,0,25.2,13.1,0.0,0.0,2.22,0.0,52851,True
2026-03-01T02:00:00+00:00,2,6,1,3,1,0,0,0,0,0,6,0.0,2,8,0.2,8320,11000,0.7564,116.65,0.0,0,0,0,0,0,0,23.7,9.4,0.0,0.0,2.83,0.0,52851,True
2026-03-01T03:00:00+00:00,3,6,1,3,1,0,0,0,0,0,6,0.0,2,8,0.2,8320,11000,0.7564,116.65,0.0,0,0,0,0,0,0,23.9,6.5,0.0,0.0,3.02,0.0,52851,True
2026-03-01T04:00:00+00:00,4,6,1,3,1,0,0,0,0,0,6,0.0,2,8,0.2,8320,11000,0.7564,116.65,0.0,0,0,0,0,0,0,25.3,7.1,0.0,0.0,2.88,0.0,52851,True
2026-03-01T05:00:00+00:00,5,6,1,3,1,0,0,0,0,0,6,0.0,2,8,0.2,8320,11000,0.7564,116.65,0.0,0,0,0,0,0,0,24.5,11.7,0.0,0.0,2.54,0.0,52851,True
2026-03-01T06:00:00+00:00,6,6,1,3,1,0,0,0,0,0,6,0.0,2,8,0.2,8320,11000,0.7564,116.65,0.0,0,0,0,0,0,0,25.3,8.8,0.0,0.0,2.16,0.0,52851,True
2026-03-01T07:00:00+00:00,7,6,1,3,1,0,0,0,0,0,6,0.0,2,8,0.2,8320,11000,0.7564,116.65,0.0,0,0,0,0,0,0,26.5,7.3,0.0,0.0,1.82,0.0,52851,True
2026-03-01T08:00:00+00:00,8,6,1,3,1,0,0,0,0,0,6,0.0,2,8,0.2,8320,11000,0.7564,116.65,0.0,0,0,0,0,0,0,26.2,15.6,6.9,0.2,1.4,0.0,52851,True
2026-03-01T09:00:00+00:00,9,6,1,3,1,0,0,0,0,0,6,0.0,2,8,0.2,8320,11000,0.7564,116.65,0.0,0,0,0,0,0,0,28.6,8.2,0.0,0.0,1.02,0.2,52851,True
2026-03-01T10:00:00+00:00,10,6,1,3,1,0,0,0,0,0,6,0.0,2,8,0.2,8320,11000,0.7564,116.65,0.0,0,0,0,0,0,0,29.2,9.9,0.0,0.0,0.79,0.4,52851,True
2026-03-01T11:00:00+00:00,11,6,1,3,1,0,0,0,0,0,6,0.0,2,8,0.2,8320,11000,0.7564,116.65,0.0,0,0,0,0,0,0,30.7,13.7,0.0,0.0,0.84,0.4,52851,True
2026-03-01T12:00:00+00:00,12,6,1,3,1,0,0,0,0,0,6,0.0,2,8,0.2,8320,11000,0.7564,116.65,0.0,0,0,0,0,0,0,30.7,11.2,0.0,0.0,1.22,0.2,52851,True
2026-03-01T13:00:00+00:00,13,6,1,3,1,0,0,0,0,0,6,0.0,2,8,0.2,8320,11000,0.7564,116.65,0.0,0,0,0,0,0,0,30.6,15.5,0.0,0.0,1.95,0.0,52851,True
2026-03-01T14:00:00+00:00,14,6,1,3,1,0,0,0,0,0,6,0.0,2,8,0.2,8320,11000,0.7564,116.65,0.0,0,0,0,0,0,0,31.5,24.4,7.4,0.2,2.61,0.0,52851,True
2026-03-01T15:00:00+00:00,15,6,1,3,1,0,0,0,0,0,6,0.0,2,8,0.2,8320,11000,0.7564,116.65,0.0,0,0,0,0,0,0,30.8,24.9,5.1,0.2,3.05,0.0,52851,True
2026-03-01T16:00:00+00:00,16,6,1,3,1,0,0,0,0,0,6,0.0,2,8,0.2,8320,11000,0.7564,116.65,0.0,0,0,0,0,0,0,31.0,11.1,0.0,0.0,3.03,0.0,52851,True
2026-03-01T17:00:00+00:00,17,6,1,3,1,0,0,0,0,0,6,0.0,2,8,0.2,8320,11000,0.7564,116.65,0.0,0,0,0,0,0,0,30.4,13.1,0.0,0.0,2.71,0.0,52851,True
2026-03-01T18:00:00+00:00,18,6,1,3,1,0,0,0,0,0,6,0.0,2,8,0.2,8320,11000,0.7564,116.65,0.0,0,0,0,0,0,0,30.2,26.6,6.0,0.2,2.33,0.0,52851,True
2026-03-01T19:00:00+00:00,19,6,1,3,1,0,0,0,0,0,6,0.0,2,8,0.2,8320,11000,0.7564,116.65,0.0,0,0,0,0,0,0,29.1,16.2,0.0,0.0,1.94,0.0,52851,True
2026-03-01T20:00:00+00:00,20,6,1,3,1,0,0,0,0,0,6,0.0,2,8,0.2,8320,11000,0.7564,116.65,0.0,0,0,0,0,0,0,29.7,14.9,0.0,0.0,1.6,0.0,52851,True
2026-03-01T21:00:00+00:00,21,6,1,3,1,0,0,0,0,0,6,0.0,2,8,0.2,8320,11000,0.7564,116.65,0.0,0,0,0,0,0,0,28.7,12.7,0.0,0.0,1.24,0.2,52851,True
2026-03-01T22:00:00+00:00,22,6,1,3,1,0,0,0,0,0,6,0.0,2,8,0.2,8320,11000,0.7564,116.65,0.0,0,0,0,0,0,0,26.4,31.7,11.6,0.5,0.87,0.4,52851,True
2026-03-01T23:00:00+00:00,23,6,1,3,1,0,0,0,0,0,6,0.0,2,8,0.2,8320,11000,0.7564,116.65,0.0,0,0,0,0,0,0,27.0,24.3,16.6,0.5,0.75,0.4,52851,True
2026-03-02T00:00:00+00:00,0,0,2,3,0,0,0,0,0,0,6,0.0,2,8,0.2,8320,11000,0.7564,116.65,0.0,0,0,0,0,0,0,26.2,10.5,0.0,0.0,0.99,0.4,52851,True
2026-03-02T01:00:00+00:00,1,0,2,3,0,0,0,0,0,0,6,0.0,2,8,0.2,8320,11000,0.7564,116.65,0.0,0,0,0,0,0,0,25.8,12.7,0.0,0.0,1.58,0.0,52851,True
2026-03-02T02:00:00+00:00,2,0,2,3,0,0,0,0,0,0,6,0.0,2,8,0.2,8320,11000,0.7564,116.65,0.0,0,0,0,0,0,0,25.6,6.6,0.0,0.0,2.36,0.0,52851,True
2026-03-02T03:00:00+00:00,3,0,2,3,0,0,0,0,0,0,6,0.0,2,8,0.2,8320,11000,0.7564,116.65,0.0,0,0,0,0,0,0,25.5,8.9,0.0,0.0,2.95,0.0,52851,True
2026-03-02T04:00:00+00:00,4,0,2,3,0,0,0,0,0,0,6,0.0,2,8,0.2,8320,11000,0.7564,116.65,0.0,0,0,0,0,0,0,25.2,21.6,11.1,0.5,3.02,0.0,52851,True
2026-03-02T05:00:00+00:00,5,0,2,3,0,0,0,0,0,0,6,0.0,2,8,0.2,8320,11000,0.7564,116.65,0.0,0,0,0,0,0,0,25.4,9.7,0.0,0.0,2.83,0.0,52851,True
2026-03-02T06:00:00+00:00,6,0,2,3,0,0,0,0,0,0,6,0.0,2,8,0.2,8320,11000,0.7564,116.65,0.0,0,0,0,0,0,0,25.7,24.3,32.0,0.85,2.51,0.0,52851,True
2026-03-02T07:00:00+00:00,7,0,2,3,0,0,0,0,0,0,6,0.0,2,8,0.2,8320,11000,0.7564,116.65,0.0,0,0,0,0,0,0,26.9,9.7,0.0,0.0,2.09,0.0,52851,True
2026-03-02T08:00:00+00:00,8,0,2,3,0,0,0,0,0,0,6,0.0,2,8,0.2,8320,11000,0.7564,116.65,0.0,0,0,0,0,0,0,26.9,6.0,0.0,0.0,1.72,0.0,52851,True
2026-03-02T09:00:00+00:00,9,0,2,3,0,0,0,0,0,0,6,0.0,2,8,0.2,8320,11000,0.7564,116.65,0.0,0,0,0,0,0,0,28.9,6.7,0.0,0.0,1.39,0.2,52851,True
2026-03-02T10:00:00+00:00,10,0,2,3,0,0,0,0,0,0,6,0.0,2,8,0.2,8320,11000,0.7564,116.65,0.0,0,0,0,0,0,0,29.4,8.1,0.0,0.0,1.03,0.2,52851,True
2026-03-02T11:00:00+00:00,11,0,2,3,0,0,0,0,0,0,6,0.0,2,8,0.2,8320,11000,0.7564,116.65,0.0,0,0,0,0,0,0,29.7,8.6,0.0,0.0,0.72,0.4,52851,True
2026-03-02T12:00:00+00:00,12,0,2,3,0,0,0,0,0,0,6,0.0,2,8,0.2,8320,11000,0.7564,116.65,0.0,0,0,0,0,0,0,30.3,9.2,0.0,0.0,0.86,0.4,52851,True
2026-03-02T13:00:00+00:00,13,0,2,3,0,0,0,0,0,0,6,0.0,2,8,0.2,8320,11000,0.7564,116.65,0.0,0,0,0,0,0,0,30.2,12.2,0.0,0.0,1.35,0.2,52851,True
2026-03-02T14:00:00+00:00,14,0,2,3,0,0,0,0,0,0,6,0.0,2,8,0.2,8320,11000,0.7564,116.65,0.0,0,0,0,0,0,0,31.9,10.6,0.0,0.0,2.07,0.0,52851,True
2026-03-02T15:00:00+00:00,15,0,2,3,0,0,0,0,0,0,6,0.0,2,8,0.2,8320,11000,0.7564,116.65,0.0,0,0,0,0,0,0,32.3,15.1,0.0,0.0,2.71,0.0,52851,True
2026-03-02T16:00:00+00:00,16,0,2,3,0,0,0,0,0,0,6,0.0,2,8,0.2,8320,11000,0.7564,116.65,0.0,0,0,0,0,0,0,30.5,12.6,0.0,0.0,3.01,0.0,52851,True
2026-03-02T17:00:00+00:00,17,0,2,3,0,0,0,0,0,0,6,0.0,2,8,0.2,8320,11000,0.7564,116.65,0.0,0,0,0,0,0,0,30.4,14.6,0.0,0.0,2.93,0.0,52851,True
2026-03-02T18:00:00+00:00,18,0,2,3,0,0,0,0,0,0,6,0.0,2,8,0.2,8320,11000,0.7564,116.65,0.0,0,0,0,0,0,0,30.8,16.0,0.0,0.0,2.62,0.0,52851,True
2026-03-02T19:00:00+00:00,19,0,2,3,0,0,0,0,0,0,6,0.0,2,8,0.2,8320,11000,0.7564,116.65,0.0,0,0,0,0,0,0,29.4,28.9,11.3,0.5,2.27,0.0,52851,True
2026-03-02T20:00:00+00:00,20,0,2,3,0,0,0,0,0,0,6,0.0,2,8,0.2,8320,11000,0.7564,116.65,0.0,0,0,0,0,0,0,28.9,11.1,0.0,0.0,1.89,0.0,52851,True
2026-03-02T21:00:00+00:00,21,0,2,3,0,0,0,0,0,0,6,0.0,2,8,0.2,8320,11000,0.7564,116.65,0.0,0,0,0,0,0,0,28.9,15.2,0.0,0.0,1.58,0.0,52851,True
2026-03-02T22:00:00+00:00,22,0,2,3,0,0,0,0,0,0,6,0.0,2,8,0.2,8320,11000,0.7564,116.65,0.0,0,0,0,0,0,0,28.0,11.1,0.0,0.0,1.18,0.2,52851,True
2026-03-02T23:00:00+00:00,23,0,2,3,0,0,0,0,0,0,6,0.0,2,8,0.2,8320,11000,0.7564,116.65,0.0,0,0,0,0,0,0,26.0,9.2,0.0,0.0,0.79,0.4,52851,True
2026-03-03T00:00:00+00:00,0,1,3,3,0,0,0,0,0,0,6,0.0,2,8,0.2,8320,11000,0.7564,116.65,0.0,0,0,0,0,0,0,26.3,14.9,0.0,0.0,0.74,0.4,52851,True
2026-03-03T01:00:00+00:00,1,1,3,3,0,0,0,0,0,0,6,0.0,2,8,0.2,8320,11000,0.7564,116.65,0.0,0,0,0,0,0,0,25.7,8.7,0.0,0.0,1.12,0.2,52851,True
2026-03-03T02:00:00+00:00,2,1,3,3,0,0,0,0,0,0,6,0.0,2,8,0.2,8320,11000,0.7564,116.65,0.0,0,0,0,0,0,0,24.9,12.7,0.0,0.0,1.76,0.0,52851,True
2026-03-03T03:00:00+00:00,3,1,3,3,0,0,0,0,0,0,6,0.0,2,8,0.2,8320,11000,0.7564,116.65,0.0,0,0,0,0,0,0,23.6,20.4,3.2,0.2,2.42,0.0,52851,True
2026-03-03T04:00:00+00:00,4,1,3,3,0,0,0,0,0,0,6,0.0,2,8,0.2,8320,11000,0.7564,116.65,0.0,0,0,0,0,0,0,25.6,7.3,0.0,0.0,2.99,0.0,52851,True
2026-03-03T05:00:00+00:00,5,1,3,3,0,0,0,0,0,0,6,0.0,2,8,0.2,8320,11000,0.7564,116.65,0.0,0,0,0,0,0,0,24.8,30.4,31.9,0.85,3.09,0.0,52851,True
2026-03-03T06:00:00+00:00,6,1,3,3,0,0,0,0,0,0,6,0.0,2,8,0.2,8320,11000,0.7564,116.65,0.0,0,0,0,0,0,0,26.0,8.2,0.0,0.0,2.78,0.0,52851,True
2026-03-03T07:00:00+00:00,7,1,3,3,0,0,0,0,0,0,6,0.0,2,8,0.2,8320,11000,0.7564,116.65,0.0,0,0,0,0,0,0,26.7,15.3,4.3,0.2,2.48,0.0,52851,True
2026-03-03T08:00:00+00:00,8,1,3,3,0,0,0,0,0,0,6,0.0,2,8,0.2,8320,11000,0.7564,116.65,0.0,0,0,0,0,0,0,26.1,6.8,0.0,0.0,2.07,0.0,52851,True
2026-03-03T09:00:00+00:00,9,1,3,3,0,0,0,0,0,0,6,0.0,2,8,0.2,8320,11000,0.7564,116.65,0.0,0,0,0,0,0,0,28.5,6.5,0.0,0.0,1.73,0.0,52851,True
2026-03-03T10:00:00+00:00,10,1,3,3,0,0,0,0,0,0,6,0.0,2,8,0.2,8320,11000,0.7564,116.65,0.0,0,0,0,0,0,0,29.9,6.9,0.0,0.0,1.3,0.2,52851,True
2026-03-03T11:00:00+00:00,11,1,3,3,0,0,0,0,0,0,6,0.0,2,8,0.2,8320,11000,0.7564,116.65,0.0,0,0,0,0,0,0,29.6,22.5,7.1,0.2,0.93,0.4,52851,True
2026-03-03T12:00:00+00:00,12,1,3,3,0,0,0,0,0,0,6,0.0,2,8,0.2,8320,11000,0.7564,116.65,0.0,0,0,0,0,0,0,29.9,11.0,0.0,0.0,0.77,0.4,52851,True
2026-03-03T13:00:00+00:00,13,1,3,3,0,0,0,0,0,0,6,0.0,2,8,0.2,8320,11000,0.7564,116.65,0.0,0,0,0,0,0,0,30.7,13.0,0.0,0.0,0.84,0.4,52851,True
2026-03-03T14:00:00+00:00,14,1,3,3,0,0,0,0,0,0,6,0.0,2,8,0.2,8320,11000,0.7564,116.65,0.0,0,0,0,0,0,0,32.1,12.3,0.0,0.0,1.46,0.0,52851,True
2026-03-03T15:00:00+00:00,15,1,3,3,0,0,0,0,0,0,6,0.0,2,8,0.2,8320,11000,0.7564,116.65,0.0,0,0,0,0,0,0,31.9,17.0,0.0,0.0,2.14,0.0,52851,True
2026-03-03T16:00:00+00:00,16,1,3,3,0,0,0,0,0,0,6,0.0,2,8,0.2,8320,11000,0.7564,116.65,0.0,0,0,0,0,0,0,30.5,14.1,0.0,0.0,2.75,0.0,52851,True
2026-03-03T17:00:00+00:00,17,1,3,3,0,0,0,0,0,0,6,0.0,2,8,0.2,8320,11000,0.7564,116.65,0.0,0,0,0,0,0,0,31.7,16.4,0.0,0.0,3.03,0.0,52851,True
2026-03-03T18:00:00+00:00,18,1,3,3,0,0,0,0,0,0,6,0.0,2,8,0.2,8320,11000,0.7564,116.65,0.0,0,0,0,0,0,0,29.6,15.6,0.0,0.0,2.93,0.0,52851,True
2026-03-03T19:00:00+00:00,19,1,3,3,0,0,0,0,0,0,6,0.0,2,8,0.2,8320,11000,0.7564,116.65,0.0,0,0,0,0,0,0,29.1,13.0,0.0,0.0,2.57,0.0,52851,True
2026-03-03T20:00:00+00:00,20,1,3,3,0,0,0,0,0,0,6,0.0,2,8,0.2,8320,11000,0.7564,116.65,0.0,0,0,0,0,0,0,28.7,16.8,0.0,0.0,2.23,0.0,52851,True
2026-03-03T21:00:00+00:00,21,1,3,3,0,0,0,0,0,0,6,0.0,2,8,0.2,8320,11000,0.7564,116.65,0.0,0,0,0,0,0,0,28.8,13.9,0.0,0.0,1.85,0.0,52851,True
2026-03-03T22:00:00+00:00,22,1,3,3,0,0,0,0,0,0,6,0.0,2,8,0.2,8320,11000,0.7564,116.65,0.0,0,0,0,0,0,0,27.8,10.7,0.0,0.0,1.47,0.0,52851,True
2026-03-03T23:00:00+00:00,23,1,3,3,0,0,0,0,0,0,6,0.0,2,8,0.2,8320,11000,0.7564,116.65,0.0,0,0,0,0,0,0,25.3,22.0,7.3,0.2,1.1,0.2,52851,True
2026-03-04T00:00:00+00:00,0,2,4,3,0,0,0,0,0,0,6,0.0,2,8,0.2,8320,11000,0.7564,116.65,0.0,0,0,0,0,0,0,24.8,10.6,0.0,0.0,0.77,0.4,52851,True
2026-03-04T01:00:00+00:00,1,2,4,3,0,0,0,0,0,0,6,0.0,2,8,0.2,8320,11000,0.7564,116.65,0.0,0,0,0,0,0,0,24.7,28.7,11.4,0.5,0.8,0.4,52851,True
2026-03-04T02:00:00+00:00,2,2,4,3,0,0,0,0,0,0,6,0.0,2,8,0.2,8320,11000,0.7564,116.65,0.0,0,0,0,0,0,0,23.7,8.0,0.0,0.0,1.16,0.2,52851,True
2026-03-04T03:00:00+00:00,3,2,4,3,0,0,0,0,0,0,6,0.0,2,8,0.2,8320,11000,0.7564,116.65,0.0,0,0,0,0,0,0,25.1,7.5,0.0,0.0,1.88,0.0,52851,True
2026-03-04T04:00:00+00:00,4,2,4,3,0,0,0,0,0,0,6,0.0,2,8,0.2,8320,11000,0.7564,116.65,0.0,0,0,0,0,0,0,24.0,37.9,41.0,0.85,2.52,0.0,52851,True
2026-03-04T05:00:00+00:00,5,2,4,3,0,0,0,0,0,0,6,0.0,2,8,0.2,8320,11000,0.7564,116.65,0.0,0,0,0,0,0,0,25.0,5.3,0.0,0.0,2.98,0.0,52851,True
2026-03-04T06:00:00+00:00,6,2,4,3,0,0,0,0,0,0,6,0.0,2,8,0.2,8320,11000,0.7564,116.65,0.0,0,0,0,0,0,0,25.4,8.6,0.0,0.0,2.98,0.0,52851,True
2026-03-04T07:00:00+00:00,7,2,4,3,0,0,0,0,0,0,6,0.0,2,8,0.2,8320,11000,0.7564,116.65,0.0,0,0,0,0,0,0,25.8,8.1,0.0,0.0,2.8,0.0,52851,True
2026-03-04T08:00:00+00:00,8,2,4,3,0,0,0,0,0,0,6,0.0,2,8,0.2,8320,11000,0.7564,116.65,0.0,0,0,0,0,0,0,26.3,7.0,0.0,0.0,2.32,0.0,52851,True
2026-03-04T09:00:00+00:00,9,2,4,3,0,0,0,0,0,0,6,0.0,2,8,0.2,8320,11000,0.7564,116.65,0.0,0,0,0,0,0,0,27.8,6.6,0.0,0.0,2.03,0.0,52851,True
2026-03-04T10:00:00+00:00,10,2,4,3,0,0,0,0,0,0,6,0.0,2,8,0.2,8320,11000,0.7564,116.65,0.0,0,0,0,0,0,0,29.1,15.4,5.1,0.2,1.6,0.0,52851,True
2026-03-04T11:00:00+00:00,11,2,4,3,0,0,0,0,0,0,6,0.0,2,8,0.2,8320,11000,0.7564,116.65,0.0,0,0,0,0,0,0,30.2,9.1,0.0,0.0,1.22,0.2,52851,True
2026-03-04T12:00:00+00:00,12,2,4,3,0,0,0,0,0,0,6,0.0,2,8,0.2,8320,11000,0.7564,116.65,0.0,0,0,0,0,0,0,29.8,8.8,0.0,0.0,0.87,0.4,52851,True
2026-03-04T13:00:00+00:00,13,2,4,3,0,0,0,0,0,0,6,0.0,2,8,0.2,8320,11000,0.7564,116.65,0.0,0,0,0,0,0,0,30.8,9.3,0.0,0.0,0.7,0.4,52851,True
2026-03-04T14:00:00+00:00,14,2,4,3,0,0,0,0,0,0,6,0.0,2,8,0.2,8320,11000,0.7564,116.65,0.0,0,0,0,0,0,0,30.6,20.2,4.3,0.2,0.98,0.4,52851,True
2026-03-04T15:00:00+00:00,15,2,4,3,0,0,0,0,0,0,6,0.0,2,8,0.2,8320,11000,0.7564,116.65,0.0,0,0,0,0,0,0,31.3,15.4,0.0,0.0,1.51,0.0,52851,True
2026-03-04T16:00:00+00:00,16,2,4,3,0,0,0,0,0,0,6,0.0,2,8,0.2,8320,11000,0.7564,116.65,0.0,0,0,0,0,0,0,31.8,12.5,0.0,0.0,2.28,0.0,52851,True
2026-03-04T17:00:00+00:00,17,2,4,3,0,0,0,0,0,0,6,0.0,2,8,0.2,8320,11000,0.7564,116.65,0.0,0,0,0,0,0,0,30.4,13.7,0.0,0.0,2.9,0.0,52851,True
2026-03-04T18:00:00+00:00,18,2,4,3,0,0,0,0,0,0,6,0.0,2,8,0.2,8320,11000,0.7564,116.65,0.0,0,0,0,0,0,0,31.0,17.5,0.0,0.0,3.11,0.0,52851,True
2026-03-04T19:00:00+00:00,19,2,4,3,0,0,0,0,0,0,6,0.0,2,8,0.2,8320,11000,0.7564,116.65,0.0,0,0,0,0,0,0,30.7,23.4,2.2,0.2,2.87,0.0,52851,True
2026-03-04T20:00:00+00:00,20,2,4,3,0,0,0,0,0,0,6,0.0,2,8,0.2,8320,11000,0.7564,116.65,0.0,0,0,0,0,0,0,28.5,15.4,0.0,0.0,2.56,0.0,52851,True
2026-03-04T21:00:00+00:00,21,2,4,3,0,0,0,0,0,0,6,0.0,2,8,0.2,8320,11000,0.7564,116.65,0.0,0,0,0,0,0,0,28.1,14.8,0.0,0.0,2.11,0.0,52851,True
2026-03-04T22:00:00+00:00,22,2,4,3,0,0,0,0,0,0,6,0.0,2,8,0.2,8320,11000,0.7564,116.65,0.0,0,0,0,0,0,0,26.6,22.4,15.0,0.5,1.81,0.0,52851,True
2026-03-04T23:00:00+00:00,23,2,4,3,0,0,0,0,0,0,6,0.0,2,8,0.2,8320,11000,0.7564,116.65,0.0,0,0,0,0,0,0,26.8,15.5,0.0,0.0,1.45,0.0,52851,True
2026-03-05T00:00:00+00:00,0,3,5,3,0,0,0,0,0,0,6,0.0,2,8,0.2,8320,11000,0.7564,116.65,0.0,0,0,0,0,0,0,25.7,14.3,0.0,0.0,1.07,0.2,52851,True
2026-03-05T01:00:00+00:00,1,3,5,3,0,0,0,0,0,0,6,0.0,2,8,0.2,8320,11000,0.7564,116.65,0.0,0,0,0,0,0,0,25.3,12.3,0.0,0.0,0.72,0.4,52851,True
2026-03-05T02:00:00+00:00,2,3,5,3,0,0,0,0,0,0,6,0.0,2,8,0.2,8320,11000,0.7564,116.65,0.0,0,0,0,0,0,0,25.2,9.2,0.0,0.0,0.82,0.4,52851,True
2026-03-05T03:00:00+00:00,3,3,5,3,0,0,0,0,0,0,6,0.0,2,8,0.2,8320,11000,0.7564,116.65,0.0,0,0,0,0,0,0,24.8,12.0,0.0,0.0,1.28,0.2,52851,True
2026-03-05T04:00:00+00:00,4,3,5,3,0,0,0,0,0,0,6,0.0,2,8,0.2,8320,11000,0.7564,116.65,0.0,0,0,0,0,0,0,25.0,8.6,0.0,0.0,1.94,0.0,52851,True
2026-03-05T05:00:00+00:00,5,3,5,3,0,0,0,0,0,0,6,0.0,2,8,0.2,8320,11000,0.7564,116.65,0.0,0,0,0,0,0,0,24.5,10.6,0.0,0.0,2.71,0.0,52851,True
2026-03-05T06:00:00+00:00,6,3,5,3,0,0,0,0,0,0,6,0.0,2,8,0.2,8320,11000,0.7564,116.65,0.0,0,0,0,0,0,0,25.9,20.3,3.1,0.2,3.06,0.0,52851,True
2026-03-05T07:00:00+00:00,7,3,5,3,0,0,0,0,0,0,6,0.0,2,8,0.2,8320,11000,0.7564,116.65,0.0,0,0,0,0,0,0,27.0,10.4,0.0,0.0,3.01,0.0,52851,True
2026-03-05T08:00:00+00:00,8,3,5,3,0,0,0,0,0,0,6,0.0,2,8,0.2,8320,11000,0.7564,116.65,0.0,0,0,0,0,0,0,27.7,9.8,0.0,0.0,2.71,0.0,52851,True
2026-03-05T09:00:00+00:00,9,3,5,3,0,0,0,0,0,0,6,0.0,2,8,0.2,8320,11000,0.7564,116.65,0.0,0,0,0,0,0,0,28.5,9.2,0.0,0.0,2.3,0.0,52851,True
2026-03-05T10:00:00+00:00,10,3,5,3,0,0,0,0,0,0,6,0.0,2,8,0.2,8320,11000,0.7564,116.65,0.0,0,0,0,0,0,0,28.7,12.2,0.0,0.0,1.97,0.0,52851,True
2026-03-05T11:00:00+00:00,11,3,5,3,0,0,0,0,0,0,6,0.0,2,8,0.2,8320,11000,0.7564,116.65,0.0,0,0,0,0,0,0,30.1,9.6,0.0,0.0,1.6,0.0,52851,True
2026-03-05T12:00:00+00:00,12,3,5,3,0,0,0,0,0,0,6,0.0,2,8,0.2,8320,11000,0.7564,116.65,0.0,0,0,0,0,0,0,29.8,14.7,0.0,0.0,1.2,0.2,52851,True
2026-03-05T13:00:00+00:00,13,3,5,3,0,0,0,0,0,0,6,0.0,2,8,0.2,8320,11000,0.7564,116.65,0.0,0,0,0,0,0,0,30.8,12.8,0.0,0.0,0.85,0.4,52851,True
2026-03-05T14:00:00+00:00,14,3,5,3,0,0,0,0,0,0,6,0.0,2,8,0.2,8320,11000,0.7564,116.65,0.0,0,0,0,0,0,0,32.3,14.8,0.0,0.0,0.79,0.4,52851,True
2026-03-05T15:00:00+00:00,15,3,5,3,0,0,0,0,0,0,6,0.0,2,8,0.2,8320,11000,0.7564,116.65,0.0,0,0,0,0,0,0,32.4,21.6,5.0,0.2,1.07,0.2,52851,True
2026-03-05T16:00:00+00:00,16,3,5,3,0,0,0,0,0,0,6,0.0,2,8,0.2,8320,11000,0.7564,116.65,0.0,0,0,0,0,0,0,32.3,15.8,0.0,0.0,1.68,0.0,52851,True
2026-03-05T17:00:00+00:00,17,3,5,3,0,0,0,0,0,0,6,0.0,2,8,0.2,8320,11000,0.7564,116.65,0.0,0,0,0,0,0,0,31.8,15.4,0.0,0.0,2.4,0.0,52851,True
2026-03-05T18:00:00+00:00,18,3,5,3,0,0,0,0,0,0,6,0.0,2,8,0.2,8320,11000,0.7564,116.65,0.0,0,0,0,0,0,0,30.4,15.6,0.0,0.0,2.89,0.0,52851,True
2026-03-05T19:00:00+00:00,19,3,5,3,0,0,0,0,0,0,6,0.0,2,8,0.2,8320,11000,0.7564,116.65,0.0,0,0,0,0,0,0,29.9,12.5,0.0,0.0,3.07,0.0,52851,True
2026-03-05T20:00:00+00:00,20,3,5,3,0,0,0,0,0,0,6,0.0,2,8,0.2,8320,11000,0.7564,116.65,0.0,0,0,0,0,0,0,29.3,14.5,0.0,0.0,2.86,0.0,52851,True
2026-03-05T21:00:00+00:00,21,3,5,3,0,0,0,0,0,0,6,0.0,2,8,0.2,8320,11000,0.7564,116.65,0.0,0,0,0,0,0,0,28.8,13.7,0.0,0.0,2.43,0.0,52851,True
2026-03-05T22:00:00+00:00,22,3,5,3,0,0,0,0,0,0,6,0.0,2,8,0.2,8320,11000,0.7564,116.65,0.0,0,0,0,0,0,0,28.0,21.0,4.8,0.2,2.05,0.0,52851,True
2026-03-05T23:00:00+00:00,23,3,5,3,0,0,0,0,0,0,6,0.0,2,8,0.2,8320,11000,0.7564,116.65,0.0,0,0,0,0,0,0,26.6,13.1,0.0,0.0,1.75,0.0,52851,True
2026-03-06T00:00:00+00:00,0,4,6,3,0,0,0,0,0,0,6,0.0,2,8,0.2,8320,11000,0.7564,116.65,0.0,0,0,0,0,0,0,25.3,8.5,0.0,0.0,1.32,0.2,52851,True
2026-03-06T01:00:00+00:00,1,4,6,3,0,0,0,0,0,0,6,0.0,2,8,0.2,8320,11000,0.7564,116.65,0.0,0,0,0,0,0,0,24.5,14.2,0.0,0.0,1.0,0.2,52851,True
2026-03-06T02:00:00+00:00,2,4,6,3,0,0,0,0,0,0,6,0.0,2,8,0.2,8320,11000,0.7564,116.65,0.0,0,0,0,0,0,0,24.7,7.1,0.0,0.0,0.74,0.4,52851,True
2026-03-06T03:00:00+00:00,3,4,6,3,0,0,0,0,0,0,6,0.0,2,8,0.2,8320,11000,0.7564,116.65,0.0,0,0,0,0,0,0,24.8,12.1,0.0,0.0,0.89,0.4,52851,True
2026-03-06T04:00:00+00:00,4,4,6,3,0,0,0,0,0,0,6,0.0,2,8,0.2,8320,11000,0.7564,116.65,0.0,0,0,0,0,0,0,24.2,32.3,40.3,0.85,1.31,0.2,52851,True
2026-03-06T05:00:00+00:00,5,4,6,3,0,0,0,0,0,0,6,0.0,2,8,0.2,8320,11000,0.7564,116.65,0.0,0,0,0,0,0,0,24.9,9.8,0.0,0.0,2.14,0.0,52851,True
2026-03-06T06:00:00+00:00,6,4,6,3,0,0,0,0,0,0,6,0.0,2,8,0.2,8320,11000,0.7564,116.65,0.0,0,0,0,0,0,0,26.2,9.6,0.0,0.0,2.76,0.0,52851,True
2026-03-06T07:00:00+00:00,7,4,6,3,0,0,0,0,0,0,6,0.0,2,8,0.2,8320,11000,0.7564,116.65,0.0,0,0,0,0,0,0,26.6,32.9,29.5,0.85,3.04,0.0,52851,True
2026-03-06T08:00:00+00:00,8,4,6,3,0,0,0,0,0,0,6,0.0,2,8,0.2,8320,11000,0.7564,116.65,0.0,0,0,0,0,0,0,27.0,11.2,0.0,0.0,2.95,0.0,52851,True
2026-03-06T09:00:00+00:00,9,4,6,3,0,0,0,0,0,0,6,0.0,2,8,0.2,8320,11000,0.7564,116.65,0.0,0,0,0,0,0,0,28.8,16.2,7.9,0.2,2.62,0.0,52851,True
2026-03-06T10:00:00+00:00,10,4,6,3,0,0,0,0,0,0,6,0.0,2,8,0.2,8320,11000,0.7564,116.65,0.0,0,0,0,0,0,0,29.7,12.0,0.0,0.0,2.27,0.0,52851,True
2026-03-06T11:00:00+00:00,11,4,6,3,0,0,0,0,0,0,6,0.0,2,8,0.2,8320,11000,0.7564,116.65,0.0,0,0,0,0,0,0,30.6,10.6,0.0,0.0,1.89,0.0,52851,True
2026-03-06T12:00:00+00:00,12,4,6,3,0,0,0,0,0,0,6,0.0,2,8,0.2,8320,11000,0.7564,116.65,0.0,0,0,0,0,0,0,30.3,8.5,0.0,0.0,1.52,0.0,52851,True
2026-03-06T13:00:00+00:00,13,4,6,3,0,0,0,0,0,0,6,0.0,2,8,0.2,8320,11000,0.7564,116.65,0.0,0,0,0,0,0,0,30.8,13.3,0.0,0.0,1.13,0.2,52851,True
2026-03-06T14:00:00+00:00,14,4,6,3,0,0,0,0,0,0,6,0.0,2,8,0.2,8320,11000,0.7564,116.65,0.0,0,0,0,0,0,0,32.1,11.2,0.0,0.0,0.83,0.4,52851,True
2026-03-06T15:00:00+00:00,15,4,6,3,0,0,0,0,0,0,6,0.0,2,8,0.2,8320,11000,0.7564,116.65,0.0,0,0,0,0,0,0,32.1,11.3,0.0,0.0,0.73,0.4,52851,True
2026-03-06T16:00:00+00:00,16,4,6,3,0,0,0,0,0,0,6,0.0,2,8,0.2,8320,11000,0.7564,116.65,0.0,0,0,0,0,0,0,31.4,17.3,0.0,0.0,1.15,0.2,52851,True
2026-03-06T17:00:00+00:00,17,4,6,3,0,0,0,0,0,0,6,0.0,2,8,0.2,8320,11000,0.7564,116.65,0.0,0,0,0,0,0,0,31.9,16.9,0.0,0.0,1.76,0.0,52851,True
2026-03-06T18:00:00+00:00,18,4,6,3,0,0,0,0,0,0,6,0.0,2,8,0.2,8320,11000,0.7564,116.65,0.0,0,0,0,0,0,0,29.8,14.5,0.0,0.0,2.51,0.0,52851,True
2026-03-06T19:00:00+00:00,19,4,6,3,0,0,0,0,0,0,6,0.0,2,8,0.2,8320,11000,0.7564,116.65,0.0,0,0,0,0,0,0,29.3,15.6,0.0,0.0,2.96,0.0,52851,True
2026-03-06T20:00:00+00:00,20,4,6,3,0,0,0,0,0,0,6,0.0,2,8,0.2,8320,11000,0.7564,116.65,0.0,0,0,0,0,0,0,27.9,13.9,0.0,0.0,3.01,0.0,52851,True
2026-03-06T21:00:00+00:00,21,4,6,3,0,0,0,0,0,0,6,0.0,2,8,0.2,8320,11000,0.7564,116.65,0.0,0,0,0,0,0,0,27.3,11.8,0.0,0.0,2.84,0.0,52851,True
2026-03-06T22:00:00+00:00,22,4,6,3,0,0,0,0,0,0,6,0.0,2,8,0.2,8320,11000,0.7564,116.65,0.0,0,0,0,0,0,0,26.3,14.0,0.0,0.0,2.41,0.0,52851,True
2026-03-06T23:00:00+00:00,23,4,6,3,0,0,0,0,0,0,6,0.0,2,8,0.2,8320,11000,0.7564,116.65,0.0,0,0,0,0,0,0,26.4,16.9,7.8,0.2,1.99,0.0,52851,True
2026-03-07T00:00:00+00:00,0,5,7,3,1,0,0,0,0,0,6,0.0,2,8,0.2,8320,11000,0.7564,116.65,0.0,0,0,0,0,0,0,25.3,20.8,7.5,0.2,1.64,0.0,52851,True
2026-03-07T01:00:00+00:00,1,5,7,3,1,0,0,0,0,0,6,0.0,2,8,0.2,8320,11000,0.7564,116.65,0.0,0,0,0,0,0,0,24.4,11.2,0.0,0.0,1.31,0.2,52851,True
2026-03-07T02:00:00+00:00,2,5,7,3,1,0,0,0,0,0,6,0.0,2,8,0.2,8320,11000,0.7564,116.65,0.0,0,0,0,0,0,0,24.4,9.3,0.0,0.0,0.9,0.4,52851,True
2026-03-07T03:00:00+00:00,3,5,7,3,1,0,0,0,0,0,6,0.0,2,8,0.2,8320,11000,0.7564,116.65,0.0,0,0,0,0,0,0,25.5,16.3,6.1,0.2,0.79,0.4,52851,True
2026-03-07T04:00:00+00:00,4,5,7,3,1,0,0,0,0,0,6,0.0,2,8,0.2,8320,11000,0.7564,116.65,0.0,0,0,0,0,0,0,25.1,9.6,0.0,0.0,0.94,0.4,52851,True
2026-03-07T05:00:00+00:00,5,5,7,3,1,0,0,0,0,0,6,0.0,2,8,0.2,8320,11000,0.7564,116.65,0.0,0,0,0,0,0,0,25.6,8.5,0.0,0.0,1.47,0.0,52851,True
2026-03-07T06:00:00+00:00,6,5,7,3,1,0,0,0,0,0,6,0.0,2,8,0.2,8320,11000,0.7564,116.65,0.0,0,0,0,0,0,0,25.5,10.1,0.0,0.0,2.19,0.0,52851,True
2026-03-07T07:00:00+00:00,7,5,7,3,1,0,0,0,0,0,6,0.0,2,8,0.2,8320,11000,0.7564,116.65,0.0,0,0,0,0,0,0,26.1,10.8,0.0,0.0,2.84,0.0,52851,True
2026-03-07T08:00:00+00:00,8,5,7,3,1,0,0,0,0,0,6,0.0,2,8,0.2,8320,11000,0.7564,116.65,0.0,0,0,0,0,0,0,27.1,11.3,0.0,0.0,3.03,0.0,52851,True
2026-03-07T09:00:00+00:00,9,5,7,3,1,0,0,0,0,0,6,0.0,2,8,0.2,8320,11000,0.7564,116.65,0.0,0,0,0,0,0,0,28.9,12.1,0.0,0.0,2.95,0.0,52851,True
2026-03-07T10:00:00+00:00,10,5,7,3,1,0,0,0,0,0,6,0.0,2,8,0.2,8320,11000,0.7564,116.65,0.0,0,0,0,0,0,0,29.1,11.2,0.0,0.0,2.59,0.0,52851,True
2026-03-07T11:00:00+00:00,11,5,7,3,1,0,0,0,0,0,6,0.0,2,8,0.2,8320,11000,0.7564,116.65,0.0,0,0,0,0,0,0,29.4,10.3,0.0,0.0,2.15,0.0,52851,True
2026-03-07T12:00:00+00:00,12,5,7,3,1,0,0,0,0,0,6,0.0,2,8,0.2,8320,11000,0.7564,116.65,0.0,0,0,0,0,0,0,30.7,10.4,0.0,0.0,1.8,0.0,52851,True
2026-03-07T13:00:00+00:00,13,5,7,3,1,0,0,0,0,0,6,0.0,2,8,0.2,8320,11000,0.7564,116.65,0.0,0,0,0,0,0,0,31.4,10.7,0.0,0.0,1.44,0.0,52851,True
2026-03-07T14:00:00+00:00,14,5,7,3,1,0,0,0,0,0,6,0.0,2,8,0.2,8320,11000,0.7564,116.65,0.0,0,0,0,0,0,0,30.6,12.8,0.0,0.0,1.1,0.2,52851,True
2026-03-07T15:00:00+00:00,15,5,7,3,1,0,0,0,0,0,6,0.0,2,8,0.2,8320,11000,0.7564,116.65,0.0,0,0,0,0,0,0,32.0,13.7,0.0,0.0,0.78,0.4,52851,True
2026-03-07T16:00:00+00:00,16,5,7,3,1,0,0,0,0,0,6,0.0,2,8,0.2,8320,11000,0.7564,116.65,0.0,0,0,0,0,0,0,31.6,14.1,0.0,0.0,0.81,0.4,52851,True
2026-03-07T17:00:00+00:00,17,5,7,3,1,0,0,0,0,0,6,0.0,2,8,0.2,8320,11000,0.7564,116.65,0.0,0,0,0,0,0,0,31.9,11.2,0.0,0.0,1.19,0.2,52851,True
2026-03-07T18:00:00+00:00,18,5,7,3,1,0,0,0,0,0,6,0.0,2,8,0.2,8320,11000,0.7564,116.65,0.0,0,0,0,0,0,0,31.0,11.4,0.0,0.0,1.93,0.0,52851,True
2026-03-07T19:00:00+00:00,19,5,7,3,1,0,0,0,0,0,6,0.0,2,8,0.2,8320,11000,0.7564,116.65,0.0,0,0,0,0,0,0,30.0,27.2,6.5,0.2,2.61,0.0,52851,True
2026-03-07T20:00:00+00:00,20,5,7,3,1,0,0,0,0,0,6,0.0,2,8,0.2,8320,11000,0.7564,116.65,0.0,0,0,0,0,0,0,28.6,17.3,0.0,0.0,3.0,0.0,52851,True
2026-03-07T21:00:00+00:00,21,5,7,3,1,0,0,0,0,0,6,0.0,2,8,0.2,8320,11000,0.7564,116.65,0.0,0,0,0,0,0,0,27.5,14.4,0.0,0.0,3.05,0.0,52851,True
2026-03-07T22:00:00+00:00,22,5,7,3,1,0,0,0,0,0,6,0.0,2,8,0.2,8320,11000,0.7564,116.65,0.0,0,0,0,0,0,0,28.1,14.8,0.0,0.0,2.76,0.0,52851,True
2026-03-07T23:00:00+00:00,23,5,7,3,1,0,0,0,0,0,6,0.0,2,8,0.2,8320,11000,0.7564,116.65,0.0,0,0,0,0,0,0,25.3,11.4,0.0,0.0,2.37,0.0,52851,True
2026-03-08T00:00:00+00:00,0,6,8,3,1,0,0,0,0,0,6,0.0,2,8,0.2,8320,11000,0.7564,116.65,0.0,0,0,0,0,0,0,25.2,12.5,0.0,0.0,1.93,0.0,52851,True
2026-03-08T01:00:00+00:00,1,6,8,3,1,0,0,0,0,0,6,0.0,2,8,0.2,8320,11000,0.7564,116.65,0.0,0,0,0,0,0,0,24.9,8.1,0.0,0.0,1.61,0.0,52851,True
2026-03-08T02:00:00+00:00,2,6,8,3,1,0,0,0,0,0,6,0.0,2,8,0.2,8320,11000,0.7564,116.65,0.0,0,0,0,0,0,0,24.6,10.9,0.0,0.0,1.22,0.2,52851,True
2026-03-08T03:00:00+00:00,3,6,8,3,1,0,0,0,0,0,6,0.0,2,8,0.2,8320,11000,0.7564,116.65,0.0,0,0,0,0,0,0,24.9,8.4,0.0,0.0,0.83,0.4,52851,True
2026-03-08T04:00:00+00:00,4,6,8,3,1,0,0,0,0,0,6,0.0,2,8,0.2,8320,11000,0.7564,116.65,0.0,0,0,0,0,0,0,25.1,10.8,0.0,0.0,0.77,0.4,52851,True
2026-03-08T05:00:00+00:00,5,6,8,3,1,0,0,0,0,0,6,0.0,2,8,0.2,8320,11000,0.7564,116.65,0.0,0,0,0,0,0,0,24.2,8.1,0.0,0.0,0.94,0.4,52851,True
2026-03-08T06:00:00+00:00,6,6,8,3,1,0,0,0,0,0,6,0.0,2,8,0.2,8320,11000,0.7564,116.65,0.0,0,0,0,0,0,0,24.8,11.6,0.0,0.0,1.62,0.0,52851,True
2026-03-08T07:00:00+00:00,7,6,8,3,1,0,0,0,0,0,6,0.0,2,8,0.2,8320,11000,0.7564,116.65,0.0,0,0,0,0,0,0,27.1,8.7,0.0,0.0,2.32,0.0,52851,True
2026-03-08T08:00:00+00:00,8,6,8,3,1,0,0,0,0,0,6,0.0,2,8,0.2,8320,11000,0.7564,116.65,0.0,0,0,0,0,0,0,27.8,11.1,0.0,0.0,2.85,0.0,52851,True
2026-03-08T09:00:00+00:00,9,6,8,3,1,0,0,0,0,0,6,0.0,2,8,0.2,8320,11000,0.7564,116.65,0.0,0,0,0,0,0,0,27.7,18.7,3.4,0.2,3.1,0.0,52851,True
2026-03-08T10:00:00+00:00,10,6,8,3,1,0,0,0,0,0,6,0.0,2,8,0.2,8320,11000,0.7564,116.65,0.0,0,0,0,0,0,0,29.3,26.2,13.7,0.5,2.89,0.0,52851,True
2026-03-08T11:00:00+00:00,11,6,8,3,1,0,0,0,0,0,6,0.0,2,8,0.2,8320,11000,0.7564,116.65,0.0,0,0,0,0,0,0,30.5,8.7,0.0,0.0,2.54,0.0,52851,True
2026-03-08T12:00:00+00:00,12,6,8,3,1,0,0,0,0,0,6,0.0,2,8,0.2,8320,11000,0.7564,116.65,0.0,0,0,0,0,0,0,29.9,21.8,5.8,0.2,2.14,0.0,52851,True
2026-03-08T13:00:00+00:00,13,6,8,3,1,0,0,0,0,0,6,0.0,2,8,0.2,8320,11000,0.7564,116.65,0.0,0,0,0,0,0,0,31.1,11.3,0.0,0.0,1.77,0.0,52851,True
2026-03-08T14:00:00+00:00,14,6,8,3,1,0,0,0,0,0,6,0.0,2,8,0.2,8320,11000,0.7564,116.65,0.0,0,0,0,0,0,0,30.6,14.0,0.0,0.0,1.36,0.2,52851,True
2026-03-08T15:00:00+00:00,15,6,8,3,1,0,0,0,0,0,6,0.0,2,8,0.2,8320,11000,0.7564,116.65,0.0,0,0,0,0,0,0,30.5,13.4,0.0,0.0,1.03,0.2,52851,True
2026-03-08T16:00:00+00:00,16,6,8,3,1,0,0,0,0,0,6,0.0,2,8,0.2,8320,11000,0.7564,116.65,0.0,0,0,0,0,0,0,32.0,15.1,0.0,0.0,0.8,0.4,52851,True
2026-03-08T17:00:00+00:00,17,6,8,3,1,0,0,0,0,0,6,0.0,2,8,0.2,8320,11000,0.7564,116.65,0.0,0,0,0,0,0,0,31.4,14.2,0.0,0.0,0.8,0.4,52851,True
2026-03-08T18:00:00+00:00,18,6,8,3,1,0,0,0,0,0,6,0.0,2,8,0.2,8320,11000,0.7564,116.65,0.0,0,0,0,0,0,0,30.6,17.3,0.0,0.0,1.3,0.2,52851,True
2026-03-08T19:00:00+00:00,19,6,8,3,1,0,0,0,0,0,6,0.0,2,8,0.2,8320,11000,0.7564,116.65,0.0,0,0,0,0,0,0,29.5,15.8,0.0,0.0,1.99,0.0,52851,True
2026-03-08T20:00:00+00:00,20,6,8,3,1,0,0,0,0,0,6,0.0,2,8,0.2,8320,11000,0.7564,116.65,0.0,0,0,0,0,0,0,29.3,11.3,0.0,0.0,2.64,0.0,52851,True
2026-03-08T21:00:00+00:00,21,6,8,3,1,0,0,0,0,0,6,0.0,2,8,0.2,8320,11000,0.7564,116.65,0.0,0,0,0,0,0,0,28.6,13.4,0.0,0.0,3.06,0.0,52851,True
2026-03-08T22:00:00+00:00,22,6,8,3,1,0,0,0,0,0,6,0.0,2,8,0.2,8320,11000,0.7564,116.65,0.0,0,0,0,0,0,0,26.2,28.7,12.4,0.5,2.97,0.0,52851,True
2026-03-08T23:00:00+00:00,23,6,8,3,1,0,0,0,0,0,6,0.0,2,8,0.2,8320,11000,0.7564,116.65,0.0,0,0,0,0,0,0,26.1,12.5,0.0,0.0,2.65,0.0,52851,True
2026-03-09T00:00:00+00:00,0,0,9,3,0,0,0,0,0,0,6,0.0,2,8,0.2,8320,11000,0.7564,116.65,0.0,0,0,0,0,0,0,26.4,11.7,0.0,0.0,2.28,0.0,52851,True
2026-03-09T01:00:00+00:00,1,0,9,3,0,0,0,0,0,0,6,0.0,2,8,0.2,8320,11000,0.7564,116.65,0.0,0,0,0,0,0,0,25.1,8.8,0.0,0.0,1.92,0.0,52851,True
2026-03-09T02:00:00+00:00,2,0,9,3,0,0,0,0,0,0,6,0.0,2,8,0.2,8320,11000,0.7564,116.65,0.0,0,0,0,0,0,0,24.6,12.9,0.0,0.0,1.53,0.0,52851,True
2026-03-09T03:00:00+00:00,3,0,9,3,0,0,0,0,0,0,6,0.0,2,8,0.2,8320,11000,0.7564,116.65,0.0,0,0,0,0,0,0,24.9,6.4,0.0,0.0,1.13,0.2,52851,True
2026-03-09T04:00:00+00:00,4,0,9,3,0,0,0,0,0,0,6,0.0,2,8,0.2,8320,11000,0.7564,116.65,0.0,0,0,0,0,0,0,23.8,9.0,0.0,0.0,0.82,0.4,52851,True
2026-03-09T05:00:00+00:00,5,0,9,3,0,0,0,0,0,0,6,0.0,2,8,0.2,8320,11000,0.7564,116.65,0.0,0,0,0,0,0,0,24.8,7.5,0.0,0.0,0.71,0.4,52851,True
2026-03-09T06:00:00+00:00,6,0,9,3,0,0,0,0,0,0,6,0.0,2,8,0.2,8320,11000,0.7564,116.65,0.0,0,0,0,0,0,0,25.9,5.2,0.0,0.0,1.09,0.2,52851,True
2026-03-09T07:00:00+00:00,7,0,9,3,0,0,0,0,0,0,6,0.0,2,8,0.2,8320,11000,0.7564,116.65,0.0,0,0,0,0,0,0,26.1,11.5,0.0,0.0,1.7,0.0,52851,True
2026-03-09T08:00:00+00:00,8,0,9,3,0,0,0,0,0,0,6,0.0,2,8,0.2,8320,11000,0.7564,116.65,0.0,0,0,0,0,0,0,27.4,5.7,0.0,0.0,2.47,0.0,52851,True
2026-03-09T09:00:00+00:00,9,0,9,3,0,0,0,0,0,0,6,0.0,2,8,0.2,8320,11000,0.7564,116.65,0.0,0,0,0,0,0,0,27.6,15.9,5.4,0.2,2.91,0.0,52851,True
2026-03-09T10:00:00+00:00,10,0,9,3,0,0,0,0,0,0,6,0.0,2,8,0.2,8320,11000,0.7564,116.65,0.0,0,0,0,0,0,0,28.2,10.6,0.0,0.0,3.09,0.0,52851,True
2026-03-09T11:00:00+00:00,11,0,9,3,0,0,0,0,0,0,6,0.0,2,8,0.2,8320,11000,0.7564,116.65,0.0,0,0,0,0,0,0,30.2,8.8,0.0,0.0,2.79,0.0,52851,True
2026-03-09T12:00:00+00:00,12,0,9,3,0,0,0,0,0,0,6,0.0,2,8,0.2,8320,11000,0.7564,116.65,0.0,0,0,0,0,0,0,31.2,20.2,5.4,0.2,2.41,0.0,52851,True
2026-03-09T13:00:00+00:00,13,0,9,3,0,0,0,0,0,0,6,0.0,2,8,0.2,8320,11000,0.7564,116.65,0.0,0,0,0,0,0,0,30.9,10.2,0.0,0.0,2.11,0.0,52851,True
2026-03-09T14:00:00+00:00,14,0,9,3,0,0,0,0,0,0,6,0.0,2,8,0.2,8320,11000,0.7564,116.65,0.0,0,0,0,0,0,0,31.6,11.3,0.0,0.0,1.74,0.0,52851,True
2026-03-09T15:00:00+00:00,15,0,9,3,0,0,0,0,0,0,6,0.0,2,8,0.2,8320,11000,0.7564,116.65,0.0,0,0,0,0,0,0,30.5,14.0,0.0,0.0,1.29,0.2,52851,True
2026-03-09T16:00:00+00:00,16,0,9,3,0,0,0,0,0,0,6,0.0,2,8,0.2,8320,11000,0.7564,116.65,0.0,0,0,0,0,0,0,31.0,13.1,0.0,0.0,0.96,0.4,52851,True
2026-03-09T17:00:00+00:00,17,0,9,3,0,0,0,0,0,0,6,0.0,2,8,0.2,8320,11000,0.7564,116.65,0.0,0,0,0,0,0,0,30.4,14.2,0.0,0.0,0.72,0.4,52851,True
2026-03-09T18:00:00+00:00,18,0,9,3,0,0,0,0,0,0,6,0.0,2,8,0.2,8320,11000,0.7564,116.65,0.0,0,0,0,0,0,0,29.6,33.8,18.8,0.5,0.85,0.4,52851,True
2026-03-09T19:00:00+00:00,19,0,9,3,0,0,0,0,0,0,6,0.0,2,8,0.2,8320,11000,0.7564,116.65,0.0,0,0,0,0,0,0,29.5,13.5,0.0,0.0,1.44,0.0,52851,True
2026-03-09T20:00:00+00:00,20,0,9,3,0,0,0,0,0,0,6,0.0,2,8,0.2,8320,11000,0.7564,116.65,0.0,0,0,0,0,0,0,28.6,13.3,0.0,0.0,2.16,0.0,52851,True
2026-03-09T21:00:00+00:00,21,0,9,3,0,0,0,0,0,0,6,0.0,2,8,0.2,8320,11000,0.7564,116.65,0.0,0,0,0,0,0,0,28.4,11.4,0.0,0.0,2.73,0.0,52851,True
2026-03-09T22:00:00+00:00,22,0,9,3,0,0,0,0,0,0,6,0.0,2,8,0.2,8320,11000,0.7564,116.65,0.0,0,0,0,0,0,0,27.9,12.7,0.0,0.0,3.09,0.0,52851,True
2026-03-09T23:00:00+00:00,23,0,9,3,0,0,0,0,0,0,6,0.0,2,8,0.2,8320,11000,0.7564,116.65,0.0,0,0,0,0,0,0,25.4,19.9,2.7,0.2,2.91,0.0,52851,True
2026-03-10T00:00:00+00:00,0,1,10,3,0,0,0,0,0,0,6,0.0,2,8,0.2,8320,11000,0.7564,116.65,0.0,0,0,0,0,0,0,25.6,10.8,0.0,0.0,2.59,0.0,52851,True
2026-03-10T01:00:00+00:00,1,1,10,3,0,0,0,0,0,0,6,0.0,2,8,0.2,8320,11000,0.7564,116.65,0.0,0,0,0,0,0,0,24.9,14.1,0.0,0.0,2.26,0.0,52851,True
2026-03-10T02:00:00+00:00,2,1,10,3,0,0,0,0,0,0,6,0.0,2,8,0.2,8320,11000,0.7564,116.65,0.0,0,0,0,0,0,0,24.2,11.8,0.0,0.0,1.87,0.0,52851,True
2026-03-10T03:00:00+00:00,3,1,10,3,0,0,0,0,0,0,6,0.0,2,8,0.2,8320,11000,0.7564,116.65,0.0,0,0,0,0,0,0,24.6,10.7,0.0,0.0,1.47,0.0,52851,True
2026-03-10T04:00:00+00:00,4,1,10,3,0,0,0,0,0,0,6,0.0,2,8,0.2,8320,11000,0.7564,116.65,0.0,0,0,0,0,0,0,24.8,9.8,0.0,0.0,1.12,0.2,52851,True
2026-03-10T05:00:00+00:00,5,1,10,3,0,0,0,0,0,0,6,0.0,2,8,0.2,8320,11000,0.7564,116.65,0.0,0,0,0,0,0,0,24.8,5.5,0.0,0.0,0.82,0.4,52851,True
2026-03-10T06:00:00+00:00,6,1,10,3,0,0,0,0,0,0,6,0.0,2,8,0.2,8320,11000,0.7564,116.65,0.0,0,0,0,0,0,0,25.7,8.5,0.0,0.0,0.74,0.4,52851,True
2026-03-10T07:00:00+00:00,7,1,10,3,0,0,0,0,0,0,6,0.0,2,8,0.2,8320,11000,0.7564,116.65,0.0,0,0,0,0,0,0,27.1,10.1,0.0,0.0,1.18,0.2,52851,True
2026-03-10T08:00:00+00:00,8,1,10,3,0,0,0,0,0,0,6,0.0,2,8,0.2,8320,11000,0.7564,116.65,0.0,0,0,0,0,0,0,27.2,5.5,0.0,0.0,1.82,0.0,52851,True
2026-03-10T09:00:00+00:00,9,1,10,3,0,0,0,0,0,0,6,0.0,2,8,0.2,8320,11000,0.7564,116.65,0.0,0,0,0,0,0,0,27.5,7.8,0.0,0.0,2.58,0.0,52851,True
2026-03-10T10:00:00+00:00,10,1,10,3,0,0,0,0,0,0,6,0.0,2,8,0.2,8320,11000,0.7564,116.65,0.0,0,0,0,0,0,0,28.5,12.9,0.0,0.0,3.04,0.0,52851,True
2026-03-10T11:00:00+00:00,11,1,10,3,0,0,0,0,0,0,6,0.0,2,8,0.2,8320,11000,0.7564,116.65,0.0,0,0,0,0,0,0,30.7,11.0,0.0,0.0,3.07,0.0,52851,True
2026-03-10T12:00:00+00:00,12,1,10,3,0,0,0,0,0,0,6,0.0,2,8,0.2,8320,11000,0.7564,116.65,0.0,0,0,0,0,0,0,31.0,13.5,0.0,0.0,2.73,0.0,52851,True
2026-03-10T13:00:00+00:00,13,1,10,3,0,0,0,0,0,0,6,0.0,2,8,0.2,8320,11000,0.7564,116.65,0.0,0,0,0,0,0,0,31.0,12.8,0.0,0.0,2.42,0.0,52851,True
2026-03-10T14:00:00+00:00,14,1,10,3,0,0,0,0,0,0,6,0.0,2,8,0.2,8320,11000,0.7564,116.65,0.0,0,0,0,0,0,0,31.1,16.4,0.0,0.0,2.05,0.0,52851,True
2026-03-10T15:00:00+00:00,15,1,10,3,0,0,0,0,0,0,6,0.0,2,8,0.2,8320,11000,0.7564,116.65,0.0,0,0,0,0,0,0,32.1,12.2,0.0,0.0,1.66,0.0,52851,True
2026-03-10T16:00:00+00:00,16,1,10,3,0,0,0,0,0,0,6,0.0,2,8,0.2,8320,11000,0.7564,116.65,0.0,0,0,0,0,0,0,31.4,15.9,0.0,0.0,1.26,0.2,52851,True
2026-03-10T17:00:00+00:00,17,1,10,3,0,0,0,0,0,0,6,0.0,2,8,0.2,8320,11000,0.7564,116.65,0.0,0,0,0,0,0,0,30.6,16.6,0.0,0.0,0.92,0.4,52851,True
2026-03-10T18:00:00+00:00,18,1,10,3,0,0,0,0,0,0,6,0.0,2,8,0.2,8320,11000,0.7564,116.65,0.0,0,0,0,0,0,0,30.3,13.2,0.0,0.0,0.69,0.4,52851,True
2026-03-10T19:00:00+00:00,19,1,10,3,0,0,0,0,0,0,6,0.0,2,8,0.2,8320,11000,0.7564,116.65,0.0,0,0,0,0,0,0,29.1,22.3,7.2,0.2,0.96,0.4,52851,True
2026-03-10T20:00:00+00:00,20,1,10,3,0,0,0,0,0,0,6,0.0,2,8,0.2,8320,11000,0.7564,116.65,0.0,0,0,0,0,0,0,28.7,13.4,0.0,0.0,1.55,0.0,52851,True
2026-03-10T21:00:00+00:00,21,1,10,3,0,0,0,0,0,0,6,0.0,2,8,0.2,8320,11000,0.7564,116.65,0.0,0,0,0,0,0,0,27.5,11.7,0.0,0.0,2.21,0.0,52851,True
2026-03-10T22:00:00+00:00,22,1,10,3,0,0,0,0,0,0,6,0.0,2,8,0.2,8320,11000,0.7564,116.65,0.0,0,0,0,0,0,0,26.6,12.3,0.0,0.0,2.89,0.0,52851,True
2026-03-10T23:00:00+00:00,23,1,10,3,0,0,0,0,0,0,6,0.0,2,8,0.2,8320,11000,0.7564,116.65,0.0,0,0,0,0,0,0,25.6,9.5,0.0,0.0,3.1,0.0,52851,True
2026-03-11T00:00:00+00:00,0,2,11,3,0,0,0,0,0,0,6,0.0,2,8,0.2,8320,11000,0.7564,116.65,0.0,0,0,0,0,0,0,25.0,18.3,3.3,0.2,2.93,0.0,52851,True
2026-03-11T01:00:00+00:00,1,2,11,3,0,0,0,0,0,0,6,0.0,2,8,0.2,8320,11000,0.7564,116.65,0.0,0,0,0,0,0,0,24.6,10.2,0.0,0.0,2.56,0.0,52851,True
2026-03-11T02:00:00+00:00,2,2,11,3,0,0,0,0,0,0,6,0.0,2,8,0.2,8320,11000,0.7564,116.65,0.0,0,0,0,0,0,0,23.7,9.8,0.0,0.0,2.18,0.0,52851,True
2026-03-11T03:00:00+00:00,3,2,11,3,0,0,0,0,0,0,6,0.0,2,8,0.2,8320,11000,0.7564,116.65,0.0,0,0,0,0,0,0,24.4,25.4,11.0,0.5,1.83,0.0,52851,True
2026-03-11T04:00:00+00:00,4,2,11,3,0,0,0,0,0,0,6,0.0,2,8,0.2,8320,11000,0.7564,116.65,0.0,0,0,0,0,0,0,25.2,5.7,0.0,0.0,1.43,0.0,52851,True
2026-03-11T05:00:00+00:00,5,2,11,3,0,0,0,0,0,0,6,0.0,2,8,0.2,8320,11000,0.7564,116.65,0.0,0,0,0,0,0,0,25.6,7.9,0.0,0.0,1.01,0.2,52851,True
2026-03-11T06:00:00+00:00,6,2,11,3,0,0,0,0,0,0,6,0.0,2,8,0.2,8320,11000,0.7564,116.65,0.0,0,0,0,0,0,0,26.1,10.0,0.0,0.0,0.74,0.4,52851,True
2026-03-11T07:00:00+00:00,7,2,11,3,0,0,0,0,0,0,6,0.0,2,8,0.2,8320,11000,0.7564,116.65,0.0,0,0,0,0,0,0,26.5,27.0,13.6,0.5,0.82,0.4,52851,True
2026-03-11T08:00:00+00:00,8,2,11,3,0,0,0,0,0,0,6,0.0,2,8,0.2,8320,11000,0.7564,116.65,0.0,0,0,0,0,0,0,26.5,8.0,0.0,0.0,1.28,0.2,52851,True
2026-03-11T09:00:00+00:00,9,2,11,3,0,0,0,0,0,0,6,0.0,2,8,0.2,8320,11000,0.7564,116.65,0.0,0,0,0,0,0,0,28.4,17.5,3.9,0.2,1.97,0.0,52851,True
2026-03-11T10:00:00+00:00,10,2,11,3,0,0,0,0,0,0,6,0.0,2,8,0.2,8320,11000,0.7564,116.65,0.0,0,0,0,0,0,0,28.0,10.6,0.0,0.0,2.62,0.0,52851,True
2026-03-11T11:00:00+00:00,11,2,11,3,0,0,0,0,0,0,6,0.0,2,8,0.2,8320,11000,0.7564,116.65,0.0,0,0,0,0,0,0,30.3,7.3,0.0,0.0,3.07,0.0,52851,True
2026-03-11T12:00:00+00:00,12,2,11,3,0,0,0,0,0,0,6,0.0,2,8,0.2,8320,11000,0.7564,116.65,0.0,0,0,0,0,0,0,29.6,14.0,0.0,0.0,3.02,0.0,52851,True
2026-03-11T13:00:00+00:00,13,2,11,3,0,0,0,0,0,0,6,0.0,2,8,0.2,8320,11000,0.7564,116.65,0.0,0,0,0,0,0,0,30.2,12.6,0.0,0.0,2.68,0.0,52851,True
2026-03-11T14:00:00+00:00,14,2,11,3,0,0,0,0,0,0,6,0.0,2,8,0.2,8320,11000,0.7564,116.65,0.0,0,0,0,0,0,0,31.2,15.9,0.0,0.0,2.35,0.0,52851,True
2026-03-11T15:00:00+00:00,15,2,11,3,0,0,0,0,0,0,6,0.0,2,8,0.2,8320,11000,0.7564,116.65,0.0,0,0,0,0,0,0,31.7,33.9,35.6,0.85,2.0,0.0,52851,True
2026-03-11T16:00:00+00:00,16,2,11,3,0,0,0,0,0,0,6,0.0,2,8,0.2,8320,11000,0.7564,116.65,0.0,0,0,0,0,0,0,31.1,29.0,19.7,0.5,1.6,0.0,52851,True
2026-03-11T17:00:00+00:00,17,2,11,3,0,0,0,0,0,0,6,0.0,2,8,0.2,8320,11000,0.7564,116.65,0.0,0,0,0,0,0,0,30.9,14.0,0.0,0.0,1.18,0.2,52851,True
2026-03-11T18:00:00+00:00,18,2,11,3,0,0,0,0,0,0,6,0.0,2,8,0.2,8320,11000,0.7564,116.65,0.0,0,0,0,0,0,0,30.5,14.4,0.0,0.0,0.83,0.4,52851,True
2026-03-11T19:00:00+00:00,19,2,11,3,0,0,0,0,0,0,6,0.0,2,8,0.2,8320,11000,0.7564,116.65,0.0,0,0,0,0,0,0,30.0,11.9,0.0,0.0,0.74,0.4,52851,True
2026-03-11T20:00:00+00:00,20,2,11,3,0,0,0,0,0,0,6,0.0,2,8,0.2,8320,11000,0.7564,116.65,0.0,0,0,0,0,0,0,29.4,17.2,0.0,0.0,1.0,0.2,52851,True
2026-03-11T21:00:00+00:00,21,2,11,3,0,0,0,0,0,0,6,0.0,2,8,0.2,8320,11000,0.7564,116.65,0.0,0,0,0,0,0,0,28.9,16.1,0.0,0.0,1.59,0.0,52851,True
2026-03-11T22:00:00+00:00,22,2,11,3,0,0,0,0,0,0,6,0.0,2,8,0.2,8320,11000,0.7564,116.65,0.0,0,0,0,0,0,0,27.9,14.4,0.0,0.0,2.4,0.0,52851,True
2026-03-11T23:00:00+00:00,23,2,11,3,0,0,0,0,0,0,6,0.0,2,8,0.2,8320,11000,0.7564,116.65,0.0,0,0,0,0,0,0,27.2,10.3,0.0,0.0,2.93,0.0,52851,True
2026-03-12T00:00:00+00:00,0,3,12,3,0,0,0,0,0,0,6,0.0,2,8,0.2,8320,11000,0.7564,116.65,0.0,0,0,0,0,0,0,24.9,20.9,5.4,0.2,3.05,0.0,52851,True
2026-03-12T01:00:00+00:00,1,3,12,3,0,0,0,0,0,0,6,0.0,2,8,0.2,8320,11000,0.7564,116.65,0.0,0,0,0,0,0,0,24.5,11.9,0.0,0.0,2.88,0.0,52851,True
2026-03-12T02:00:00+00:00,2,3,12,3,0,0,0,0,0,0,6,0.0,2,8,0.2,8320,11000,0.7564,116.65,0.0,0,0,0,0,0,0,24.6,11.2,0.0,0.0,2.48,0.0,52851,True
2026-03-12T03:00:00+00:00,3,3,12,3,0,0,0,0,0,0,6,0.0,2,8,0.2,8320,11000,0.7564,116.65,0.0,0,0,0,0,0,0,24.2,9.8,0.0,0.0,2.06,0.0,52851,True
2026-03-12T04:00:00+00:00,4,3,12,3,0,0,0,0,0,0,6,0.0,2,8,0.2,8320,11000,0.7564,116.65,0.0,0,0,0,0,0,0,24.1,5.5,0.0,0.0,1.79,0.0,52851,True
2026-03-12T05:00:00+00:00,5,3,12,3,0,0,0,0,0,0,6,0.0,2,8,0.2,8320,11000,0.7564,116.65,0.0,0,0,0,0,0,0,25.8,16.9,7.9,0.2,1.33,0.2,52851,True
2026-03-12T06:00:00+00:00,6,3,12,3,0,0,0,0,0,0,6,0.0,2,8,0.2,8320,11000,0.7564,116.65,0.0,0,0,0,0,0,0,25.0,5.4,0.0,0.0,1.01,0.2,52851,True
2026-03-12T07:00:00+00:00,7,3,12,3,0,0,0,0,0,0,6,0.0,2,8,0.2,8320,11000,0.7564,116.65,0.0,0,0,0,0,0,0,26.0,5.6,0.0,0.0,0.7,0.4,52851,True
2026-03-12T08:00:00+00:00,8,3,12,3,0,0,0,0,0,0,6,0.0,2,8,0.2,8320,11000,0.7564,116.65,0.0,0,0,0,0,0,0,26.4,6.2,0.0,0.0,0.88,0.4,52851,True
2026-03-12T09:00:00+00:00,9,3,12,3,0,0,0,0,0,0,6,0.0,2,8,0.2,8320,11000,0.7564,116.65,0.0,0,0,0,0,0,0,27.1,23.2,20.4,0.5,1.31,0.2,52851,True
2026-03-12T10:00:00+00:00,10,3,12,3,0,0,0,0,0,0,6,0.0,2,8,0.2,8320,11000,0.7564,116.65,0.0,0,0,0,0,0,0,29.7,10.8,0.0,0.0,2.08,0.0,52851,True
2026-03-12T11:00:00+00:00,11,3,12,3,0,0,0,0,0,0,6,0.0,2,8,0.2,8320,11000,0.7564,116.65,0.0,0,0,0,0,0,0,28.9,9.5,0.0,0.0,2.7,0.0,52851,True
2026-03-12T12:00:00+00:00,12,3,12,3,0,0,0,0,0,0,6,0.0,2,8,0.2,8320,11000,0.7564,116.65,0.0,0,0,0,0,0,0,31.0,12.1,0.0,0.0,3.09,0.0,52851,True
2026-03-12T13:00:00+00:00,13,3,12,3,0,0,0,0,0,0,6,0.0,2,8,0.2,8320,11000,0.7564,116.65,0.0,0,0,0,0,0,0,31.6,10.3,0.0,0.0,2.93,0.0,52851,True
2026-03-12T14:00:00+00:00,14,3,12,3,0,0,0,0,0,0,6,0.0,2,8,0.2,8320,11000,0.7564,116.65,0.0,0,0,0,0,0,0,31.1,12.5,0.0,0.0,2.61,0.0,52851,True
2026-03-12T15:00:00+00:00,15,3,12,3,0,0,0,0,0,0,6,0.0,2,8,0.2,8320,11000,0.7564,116.65,0.0,0,0,0,0,0,0,31.7,21.5,5.5,0.2,2.21,0.0,52851,True
2026-03-12T16:00:00+00:00,16,3,12,3,0,0,0,0,0,0,6,0.0,2,8,0.2,8320,11000,0.7564,116.65,0.0,0,0,0,0,0,0,31.9,21.9,2.2,0.2,1.94,0.0,52851,True
2026-03-12T17:00:00+00:00,17,3,12,3,0,0,0,0,0,0,6,0.0,2,8,0.2,8320,11000,0.7564,116.65,0.0,0,0,0,0,0,0,31.5,16.8,0.0,0.0,1.54,0.0,52851,True
2026-03-12T18:00:00+00:00,18,3,12,3,0,0,0,0,0,0,6,0.0,2,8,0.2,8320,11000,0.7564,116.65,0.0,0,0,0,0,0,0,29.7,16.5,0.0,0.0,1.13,0.2,52851,True
2026-03-12T19:00:00+00:00,19,3,12,3,0,0,0,0,0,0,6,0.0,2,8,0.2,8320,11000,0.7564,116.65,0.0,0,0,0,0,0,0,30.5,16.3,0.0,0.0,0.82,0.4,52851,True
2026-03-12T20:00:00+00:00,20,3,12,3,0,0,0,0,0,0,6,0.0,2,8,0.2,8320,11000,0.7564,116.65,0.0,0,0,0,0,0,0,29.5,16.5,0.0,0.0,0.8,0.4,52851,True
2026-03-12T21:00:00+00:00,21,3,12,3,0,0,0,0,0,0,6,0.0,2,8,0.2,8320,11000,0.7564,116.65,0.0,0,0,0,0,0,0,28.4,20.0,6.6,0.2,1.08,0.2,52851,True
2026-03-12T22:00:00+00:00,22,3,12,3,0,0,0,0,0,0,6,0.0,2,8,0.2,8320,11000,0.7564,116.65,0.0,0,0,0,0,0,0,27.2,11.3,0.0,0.0,1.79,0.0,52851,True
2026-03-12T23:00:00+00:00,23,3,12,3,0,0,0,0,0,0,6,0.0,2,8,0.2,8320,11000,0.7564,116.65,0.0,0,0,0,0,0,0,26.9,8.9,0.0,0.0,2.45,0.0,52851,True
2026-03-13T00:00:00+00:00,0,4,13,3,0,0,0,0,0,0,6,0.0,2,8,0.2,8320,11000,0.7564,116.65,0.0,0,0,0,0,0,0,25.2,14.4,0.0,0.0,2.96,0.0,52851,True
2026-03-13T01:00:00+00:00,1,4,13,3,0,0,0,0,0,0,6,0.0,2,8,0.2,8320,11000,0.7564,116.65,0.0,0,0,0,0,0,0,24.2,13.8,0.0,0.0,3.03,0.0,52851,True
2026-03-13T02:00:00+00:00,2,4,13,3,0,0,0,0,0,0,6,0.0,2,8,0.2,8320,11000,0.7564,116.65,0.0,0,0,0,0,0,0,24.8,8.0,0.0,0.0,2.78,0.0,52851,True
2026-03-13T03:00:00+00:00,3,4,13,3,0,0,0,0,0,0,6,0.0,2,8,0.2,8320,11000,0.7564,116.65,0.0,0,0,0,0,0,0,25.2,16.4,5.7,0.2,2.39,0.0,52851,True
2026-03-13T04:00:00+00:00,4,4,13,3,0,0,0,0,0,0,6,0.0,2,8,0.2,8320,11000,0.7564,116.65,0.0,0,0,0,0,0,0,24.9,10.0,0.0,0.0,2.09,0.0,52851,True
2026-03-13T05:00:00+00:00,5,4,13,3,0,0,0,0,0,0,6,0.0,2,8,0.2,8320,11000,0.7564,116.65,0.0,0,0,0,0,0,0,25.8,12.1,0.0,0.0,1.68,0.0,52851,True
2026-03-13T06:00:00+00:00,6,4,13,3,0,0,0,0,0,0,6,0.0,2,8,0.2,8320,11000,0.7564,116.65,0.0,0,0,0,0,0,0,25.2,6.3,0.0,0.0,1.31,0.2,52851,True
2026-03-13T07:00:00+00:00,7,4,13,3,0,0,0,0,0,0,6,0.0,2,8,0.2,8320,11000,0.7564,116.65,0.0,0,0,0,0,0,0,26.2,10.4,0.0,0.0,0.93,0.4,52851,True
2026-03-13T08:00:00+00:00,8,4,13,3,0,0,0,0,0,0,6,0.0,2,8,0.2,8320,11000,0.7564,116.65,0.0,0,0,0,0,0,0,27.7,30.0,44.2,0.85,0.7,0.4,52851,True
2026-03-13T09:00:00+00:00,9,4,13,3,0,0,0,0,0,0,6,0.0,2,8,0.2,8320,11000,0.7564,116.65,0.0,0,0,0,0,0,0,28.3,6.7,0.0,0.0,0.91,0.4,52851,True
2026-03-13T10:00:00+00:00,10,4,13,3,0,0,0,0,0,0,6,0.0,2,8,0.2,8320,11000,0.7564,116.65,0.0,0,0,0,0,0,0,28.7,10.1,0.0,0.0,1.39,0.2,52851,True
2026-03-13T11:00:00+00:00,11,4,13,3,0,0,0,0,0,0,6,0.0,2,8,0.2,8320,11000,0.7564,116.65,0.0,0,0,0,0,0,0,30.7,14.0,0.0,0.0,2.18,0.0,52851,True
2026-03-13T12:00:00+00:00,12,4,13,3,0,0,0,0,0,0,6,0.0,2,8,0.2,8320,11000,0.7564,116.65,0.0,0,0,0,0,0,0,30.4,17.7,2.8,0.2,2.84,0.0,52851,True
2026-03-13T13:00:00+00:00,13,4,13,3,0,0,0,0,0,0,6,0.0,2,8,0.2,8320,11000,0.7564,116.65,0.0,0,0,0,0,0,0,30.0,10.1,0.0,0.0,3.06,0.0,52851,True
2026-03-13T14:00:00+00:00,14,4,13,3,0,0,0,0,0,0,6,0.0,2,8,0.2,8320,11000,0.7564,116.65,0.0,0,0,0,0,0,0,32.0,12.3,0.0,0.0,2.91,0.0,52851,True
2026-03-13T15:00:00+00:00,15,4,13,3,0,0,0,0,0,0,6,0.0,2,8,0.2,8320,11000,0.7564,116.65,0.0,0,0,0,0,0,0,32.5,14.8,0.0,0.0,2.62,0.0,52851,True
2026-03-13T16:00:00+00:00,16,4,13,3,0,0,0,0,0,0,6,0.0,2,8,0.2,8320,11000,0.7564,116.65,0.0,0,0,0,0,0,0,31.2,13.2,0.0,0.0,2.17,0.0,52851,True
2026-03-13T17:00:00+00:00,17,4,13,3,0,0,0,0,0,0,6,0.0,2,8,0.2,8320,11000,0.7564,116.65,0.0,0,0,0,0,0,0,31.7,32.3,40.5,0.85,1.83,0.0,52851,True
2026-03-13T18:00:00+00:00,18,4,13,3,0,0,0,0,0,0,6,0.0,2,8,0.2,8320,11000,0.7564,116.65,0.0,0,0,0,0,0,0,29.6,17.6,0.0,0.0,1.47,0.0,52851,True
2026-03-13T19:00:00+00:00,19,4,13,3,0,0,0,0,0,0,6,0.0,2,8,0.2,8320,11000,0.7564,116.65,0.0,0,0,0,0,0,0,30.7,13.3,0.0,0.0,1.06,0.2,52851,True
2026-03-13T20:00:00+00:00,20,4,13,3,0,0,0,0,0,0,6,0.0,2,8,0.2,8320,11000,0.7564,116.65,0.0,0,0,0,0,0,0,29.6,10.6,0.0,0.0,0.78,0.4,52851,True
2026-03-13T21:00:00+00:00,21,4,13,3,0,0,0,0,0,0,6,0.0,2,8,0.2,8320,11000,0.7564,116.65,0.0,0,0,0,0,0,0,28.7,12.3,0.0,0.0,0.77,0.4,52851,True
2026-03-13T22:00:00+00:00,22,4,13,3,0,0,0,0,0,0,6,0.0,2,8,0.2,8320,11000,0.7564,116.65,0.0,0,0,0,0,0,0,26.5,12.0,0.0,0.0,1.18,0.2,52851,True
2026-03-13T23:00:00+00:00,23,4,13,3,0,0,0,0,0,0,6,0.0,2,8,0.2,8320,11000,0.7564,116.65,0.0,0,0,0,0,0,0,25.6,13.2,0.0,0.0,1.83,0.0,52851,True
2026-03-14T00:00:00+00:00,0,5,14,3,1,0,0,0,0,0,6,0.0,2,8,0.2,8320,11000,0.7564,116.65,0.0,0,0,0,0,0,0,25.2,18.5,3.6,0.2,2.55,0.0,52851,True
2026-03-14T01:00:00+00:00,1,5,14,3,1,0,0,0,0,0,6,0.0,2,8,0.2,8320,11000,0.7564,116.65,0.0,0,0,0,0,0,0,25.2,13.0,0.0,0.0,3.01,0.0,52851,True
2026-03-14T02:00:00+00:00,2,5,14,3,1,0,0,0,0,0,6,0.0,2,8,0.2,8320,11000,0.7564,116.65,0.0,0,0,0,0,0,0,24.1,7.4,0.0,0.0,3.04,0.0,52851,True
2026-03-14T03:00:00+00:00,3,5,14,3,1,0,0,0,0,0,6,0.0,2,8,0.2,8320,11000,0.7564,116.65,0.0,0,0,0,0,0,0,24.7,12.1,0.0,0.0,2.77,0.0,52851,True
2026-03-14T04:00:00+00:00,4,5,14,3,1,0,0,0,0,0,6,0.0,2,8,0.2,8320,11000,0.7564,116.65,0.0,0,0,0,0,0,0,25.5,11.6,0.0,0.0,2.34,0.0,52851,True
2026-03-14T05:00:00+00:00,5,5,14,3,1,0,0,0,0,0,6,0.0,2,8,0.2,8320,11000,0.7564,116.65,0.0,0,0,0,0,0,0,25.6,11.5,0.0,0.0,2.04,0.0,52851,True
2026-03-14T06:00:00+00:00,6,5,14,3,1,0,0,0,0,0,6,0.0,2,8,0.2,8320,11000,0.7564,116.65,0.0,0,0,0,0,0,0,26.2,10.7,0.0,0.0,1.67,0.0,52851,True
2026-03-14T07:00:00+00:00,7,5,14,3,1,0,0,0,0,0,6,0.0,2,8,0.2,8320,11000,0.7564,116.65,0.0,0,0,0,0,0,0,26.3,7.0,0.0,0.0,1.26,0.2,52851,True
2026-03-14T08:00:00+00:00,8,5,14,3,1,0,0,0,0,0,6,0.0,2,8,0.2,8320,11000,0.7564,116.65,0.0,0,0,0,0,0,0,27.5,9.8,0.0,0.0,0.89,0.4,52851,True
2026-03-14T09:00:00+00:00,9,5,14,3,1,0,0,0,0,0,6,0.0,2,8,0.2,8320,11000,0.7564,116.65,0.0,0,0,0,0,0,0,28.5,6.9,0.0,0.0,0.78,0.4,52851,True
2026-03-14T10:00:00+00:00,10,5,14,3,1,0,0,0,0,0,6,0.0,2,8,0.2,8320,11000,0.7564,116.65,0.0,0,0,0,0,0,0,28.2,13.0,0.0,0.0,0.98,0.4,52851,True
2026-03-14T11:00:00+00:00,11,5,14,3,1,0,0,0,0,0,6,0.0,2,8,0.2,8320,11000,0.7564,116.65,0.0,0,0,0,0,0,0,29.2,8.7,0.0,0.0,1.51,0.0,52851,True
2026-03-14T12:00:00+00:00,12,5,14,3,1,0,0,0,0,0,6,0.0,2,8,0.2,8320,11000,0.7564,116.65,0.0,0,0,0,0,0,0,30.8,21.6,2.1,0.2,2.29,0.0,52851,True
2026-03-14T13:00:00+00:00,13,5,14,3,1,0,0,0,0,0,6,0.0,2,8,0.2,8320,11000,0.7564,116.65,0.0,0,0,0,0,0,0,30.8,22.9,8.0,0.2,2.92,0.0,52851,True
2026-03-14T14:00:00+00:00,14,5,14,3,1,0,0,0,0,0,6,0.0,2,8,0.2,8320,11000,0.7564,116.65,0.0,0,0,0,0,0,0,32.0,15.2,0.0,0.0,3.06,0.0,52851,True
2026-03-14T15:00:00+00:00,15,5,14,3,1,0,0,0,0,0,6,0.0,2,8,0.2,8320,11000,0.7564,116.65,0.0,0,0,0,0,0,0,31.4,16.9,0.0,0.0,2.85,0.0,52851,True
2026-03-14T16:00:00+00:00,16,5,14,3,1,0,0,0,0,0,6,0.0,2,8,0.2,8320,11000,0.7564,116.65,0.0,0,0,0,0,0,0,32.1,13.5,0.0,0.0,2.56,0.0,52851,True
2026-03-14T17:00:00+00:00,17,5,14,3,1,0,0,0,0,0,6,0.0,2,8,0.2,8320,11000,0.7564,116.65,0.0,0,0,0,0,0,0,31.1,28.5,15.9,0.5,2.12,0.0,52851,True
2026-03-14T18:00:00+00:00,18,5,14,3,1,0,0,0,0,0,6,0.0,2,8,0.2,8320,11000,0.7564,116.65,0.0,0,0,0,0,0,0,30.1,12.3,0.0,0.0,1.83,0.0,52851,True
2026-03-14T19:00:00+00:00,19,5,14,3,1,0,0,0,0,0,6,0.0,2,8,0.2,8320,11000,0.7564,116.65,0.0,0,0,0,0,0,0,29.0,17.2,0.0,0.0,1.37,0.2,52851,True
2026-03-14T20:00:00+00:00,20,5,14,3,1,0,0,0,0,0,6,0.0,2,8,0.2,8320,11000,0.7564,116.65,0.0,0,0,0,0,0,0,29.4,14.5,0.0,0.0,1.03,0.2,52851,True
2026-03-14T21:00:00+00:00,21,5,14,3,1,0,0,0,0,0,6,0.0,2,8,0.2,8320,11000,0.7564,116.65,0.0,0,0,0,0,0,0,27.5,12.7,0.0,0.0,0.73,0.4,52851,True
2026-03-14T22:00:00+00:00,22,5,14,3,1,0,0,0,0,0,6,0.0,2,8,0.2,8320,11000,0.7564,116.65,0.0,0,0,0,0,0,0,27.1,22.4,4.4,0.2,0.85,0.4,52851,True
2026-03-14T23:00:00+00:00,23,5,14,3,1,0,0,0,0,0,6,0.0,2,8,0.2,8320,11000,0.7564,116.65,0.0,0,0,0,0,0,0,26.7,12.5,0.0,0.0,1.26,0.2,52851,True
2026-03-15T00:00:00+00:00,0,6,15,3,1,0,0,0,0,0,6,0.0,2,8,0.2,8320,11000,0.7564,116.65,0.0,0,0,0,0,0,0,25.1,12.9,0.0,0.0,1.97,0.0,52851,True
2026-03-15T01:00:00+00:00,1,6,15,3,1,0,0,0,0,0,6,0.0,2,8,0.2,8320,11000,0.7564,116.65,0.0,0,0,0,0,0,0,25.4,8.1,0.0,0.0,2.72,0.0,52851,True
2026-03-15T02:00:00+00:00,2,6,15,3,1,0,0,0,0,0,6,0.0,2,8,0.2,8320,11000,0.7564,116.65,0.0,0,0,0,0,0,0,23.8,12.4,0.0,0.0,3.06,0.0,52851,True
2026-03-15T03:00:00+00:00,3,6,15,3,1,0,0,0,0,0,6,0.0,2,8,0.2,8320,11000,0.7564,116.65,0.0,0,0,0,0,0,0,24.6,22.7,18.5,0.5,3.04,0.0,52851,True
2026-03-15T04:00:00+00:00,4,6,15,3,1,0,0,0,0,0,6,0.0,2,8,0.2,8320,11000,0.7564,116.65,0.0,0,0,0,0,0,0,24.9,8.8,0.0,0.0,2.71,0.0,52851,True
2026-03-15T05:00:00+00:00,5,6,15,3,1,0,0,0,0,0,6,0.0,2,8,0.2,8320,11000,0.7564,116.65,0.0,0,0,0,0,0,0,24.1,10.6,0.0,0.0,2.3,0.0,52851,True
2026-03-15T06:00:00+00:00,6,6,15,3,1,0,0,0,0,0,6,0.0,2,8,0.2,8320,11000,0.7564,116.65,0.0,0,0,0,0,0,0,26.2,5.1,0.0,0.0,1.93,0.0,52851,True
2026-03-15T07:00:00+00:00,7,6,15,3,1,0,0,0,0,0,6,0.0,2,8,0.2,8320,11000,0.7564,116.65,0.0,0,0,0,0,0,0,25.8,6.1,0.0,0.0,1.55,0.0,52851,True
2026-03-15T08:00:00+00:00,8,6,15,3,1,0,0,0,0,0,6,0.0,2,8,0.2,8320,11000,0.7564,116.65,0.0,0,0,0,0,0,0,28.0,7.9,0.0,0.0,1.22,0.2,52851,True
2026-03-15T09:00:00+00:00,9,6,15,3,1,0,0,0,0,0,6,0.0,2,8,0.2,8320,11000,0.7564,116.65,0.0,0,0,0,0,0,0,27.4,6.4,0.0,0.0,0.87,0.4,52851,True
2026-03-15T10:00:00+00:00,10,6,15,3,1,0,0,0,0,0,6,0.0,2,8,0.2,8320,11000,0.7564,116.65,0.0,0,0,0,0,0,0,28.1,7.4,0.0,0.0,0.73,0.4,52851,True
2026-03-15T11:00:00+00:00,11,6,15,3,1,0,0,0,0,0,6,0.0,2,8,0.2,8320,11000,0.7564,116.65,0.0,0,0,0,0,0,0,30.4,13.4,0.0,0.0,1.07,0.2,52851,True
2026-03-15T12:00:00+00:00,12,6,15,3,1,0,0,0,0,0,6,0.0,2,8,0.2,8320,11000,0.7564,116.65,0.0,0,0,0,0,0,0,29.8,11.0,0.0,0.0,1.68,0.0,52851,True
2026-03-15T13:00:00+00:00,13,6,15,3,1,0,0,0,0,0,6,0.0,2,8,0.2,8320,11000,0.7564,116.65,0.0,0,0,0,0,0,0,30.1,9.1,0.0,0.0,2.41,0.0,52851,True
2026-03-15T14:00:00+00:00,14,6,15,3,1,0,0,0,0,0,6,0.0,2,8,0.2,8320,11000,0.7564,116.65,0.0,0,0,0,0,0,0,30.8,11.6,0.0,0.0,2.95,0.0,52851,True
2026-03-15T15:00:00+00:00,15,6,15,3,1,0,0,0,0,0,6,0.0,2,8,0.2,8320,11000,0.7564,116.65,0.0,0,0,0,0,0,0,31.9,15.0,0.0,0.0,3.01,0.0,52851,True
2026-03-15T16:00:00+00:00,16,6,15,3,1,0,0,0,0,0,6,0.0,2,8,0.2,8320,11000,0.7564,116.65,0.0,0,0,0,0,0,0,31.6,15.7,0.0,0.0,2.79,0.0,52851,True
2026-03-15T17:00:00+00:00,17,6,15,3,1,0,0,0,0,0,6,0.0,2,8,0.2,8320,11000,0.7564,116.65,0.0,0,0,0,0,0,0,31.9,27.2,21.2,0.5,2.47,0.0,52851,True
2026-03-15T18:00:00+00:00,18,6,15,3,1,0,0,0,0,0,6,0.0,2,8,0.2,8320,11000,0.7564,116.65,0.0,0,0,0,0,0,0,30.6,12.1,0.0,0.0,2.04,0.0,52851,True
2026-03-15T19:00:00+00:00,19,6,15,3,1,0,0,0,0,0,6,0.0,2,8,0.2,8320,11000,0.7564,116.65,0.0,0,0,0,0,0,0,29.6,17.3,0.0,0.0,1.76,0.0,52851,True
2026-03-15T20:00:00+00:00,20,6,15,3,1,0,0,0,0,0,6,0.0,2,8,0.2,8320,11000,0.7564,116.65,0.0,0,0,0,0,0,0,28.5,16.7,0.0,0.0,1.3,0.2,52851,True
2026-03-15T21:00:00+00:00,21,6,15,3,1,0,0,0,0,0,6,0.0,2,8,0.2,8320,11000,0.7564,116.65,0.0,0,0,0,0,0,0,27.2,11.3,0.0,0.0,0.94,0.4,52851,True
2026-03-15T22:00:00+00:00,22,6,15,3,1,0,0,0,0,0,6,0.0,2,8,0.2,8320,11000,0.7564,116.65,0.0,0,0,0,0,0,0,26.6,9.8,0.0,0.0,0.75,0.4,52851,True
2026-03-15T23:00:00+00:00,23,6,15,3,1,0,0,0,0,0,6,0.0,2,8,0.2,8320,11000,0.7564,116.65,0.0,0,0,0,0,0,0,26.2,13.6,0.0,0.0,0.84,0.4,52851,True
2026-03-16T00:00:00+00:00,0,0,16,3,0,0,0,0,0,0,6,0.0,2,8,0.2,8320,11000,0.7564,116.65,0.0,0,0,0,0,0,0,26.3,14.1,0.0,0.0,1.36,0.2,52851,True
2026-03-16T01:00:00+00:00,1,0,16,3,0,0,0,0,0,0,6,0.0,2,8,0.2,8320,11000,0.7564,116.65,0.0,0,0,0,0,0,0,25.1,9.4,0.0,0.0,2.15,0.0,52851,True
2026-03-16T02:00:00+00:00,2,0,16,3,0,0,0,0,0,0,6,0.0,2,8,0.2,8320,11000,0.7564,116.65,0.0,0,0,0,0,0,0,24.1,9.7,0.0,0.0,2.78,0.0,52851,True
2026-03-16T03:00:00+00:00,3,0,16,3,0,0,0,0,0,0,6,0.0,2,8,0.2,8320,11000,0.7564,116.65,0.0,0,0,0,0,0,0,25.2,12.8,0.0,0.0,3.07,0.0,52851,True
2026-03-16T04:00:00+00:00,4,0,16,3,0,0,0,0,0,0,6,0.0,2,8,0.2,8320,11000,0.7564,116.65,0.0,0,0,0,0,0,0,25.0,8.5,0.0,0.0,2.98,0.0,52851,True
2026-03-16T05:00:00+00:00,5,0,16,3,0,0,0,0,0,0,6,0.0,2,8,0.2,8320,11000,0.7564,116.65,0.0,0,0,0,0,0,0,25.7,32.3,24.5,0.85,2.6,0.0,52851,True
2026-03-16T06:00:00+00:00,6,0,16,3,0,0,0,0,0,0,6,0.0,2,8,0.2,8320,11000,0.7564,116.65,0.0,0,0,0,0,0,0,24.8,10.8,0.0,0.0,2.27,0.0,52851,True
2026-03-16T07:00:00+00:00,7,0,16,3,0,0,0,0,0,0,6,0.0,2,8,0.2,8320,11000,0.7564,116.65,0.0,0,0,0,0,0,0,26.1,18.9,3.6,0.2,1.9,0.0,52851,True
2026-03-16T08:00:00+00:00,8,0,16,3,0,0,0,0,0,0,6,0.0,2,8,0.2,8320,11000,0.7564,116.65,0.0,0,0,0,0,0,0,27.5,6.9,0.0,0.0,1.48,0.0,52851,True
2026-03-16T09:00:00+00:00,9,0,16,3,0,0,0,0,0,0,6,0.0,2,8,0.2,8320,11000,0.7564,116.65,0.0,0,0,0,0,0,0,28.8,10.9,0.0,0.0,1.13,0.2,52851,True
2026-03-16T10:00:00+00:00,10,0,16,3,0,0,0,0,0,0,6,0.0,2,8,0.2,8320,11000,0.7564,116.65,0.0,0,0,0,0,0,0,29.6,10.5,0.0,0.0,0.85,0.4,52851,True
2026-03-16T11:00:00+00:00,11,0,16,3,0,0,0,0,0,0,6,0.0,2,8,0.2,8320,11000,0.7564,116.65,0.0,0,0,0,0,0,0,29.6,11.8,0.0,0.0,0.77,0.4,52851,True
2026-03-16T12:00:00+00:00,12,0,16,3,0,0,0,0,0,0,6,0.0,2,8,0.2,8320,11000,0.7564,116.65,0.0,0,0,0,0,0,0,30.6,24.9,5.9,0.2,1.09,0.2,52851,True
2026-03-16T13:00:00+00:00,13,0,16,3,0,0,0,0,0,0,6,0.0,2,8,0.2,8320,11000,0.7564,116.65,0.0,0,0,0,0,0,0,31.1,13.9,0.0,0.0,1.76,0.0,52851,True
2026-03-16T14:00:00+00:00,14,0,16,3,0,0,0,0,0,0,6,0.0,2,8,0.2,8320,11000,0.7564,116.65,0.0,0,0,0,0,0,0,30.6,16.3,0.0,0.0,2.52,0.0,52851,True
2026-03-16T15:00:00+00:00,15,0,16,3,0,0,0,0,0,0,6,0.0,2,8,0.2,8320,11000,0.7564,116.65,0.0,0,0,0,0,0,0,32.1,21.3,2.7,0.2,2.96,0.0,52851,True
2026-03-16T16:00:00+00:00,16,0,16,3,0,0,0,0,0,0,6,0.0,2,8,0.2,8320,11000,0.7564,116.65,0.0,0,0,0,0,0,0,31.3,15.4,0.0,0.0,3.05,0.0,52851,True
2026-03-16T17:00:00+00:00,17,0,16,3,0,0,0,0,0,0,6,0.0,2,8,0.2,8320,11000,0.7564,116.65,0.0,0,0,0,0,0,0,30.6,15.9,0.0,0.0,2.78,0.0,52851,True
2026-03-16T18:00:00+00:00,18,0,16,3,0,0,0,0,0,0,6,0.0,2,8,0.2,8320,11000,0.7564,116.65,0.0,0,0,0,0,0,0,30.0,35.2,18.7,0.5,2.4,0.0,52851,True
2026-03-16T19:00:00+00:00,19,0,16,3,0,0,0,0,0,0,6,0.0,2,8,0.2,8320,11000,0.7564,116.65,0.0,0,0,0,0,0,0,30.2,16.6,0.0,0.0,1.99,0.0,52851,True
2026-03-16T20:00:00+00:00,20,0,16,3,0,0,0,0,0,0,6,0.0,2,8,0.2,8320,11000,0.7564,116.65,0.0,0,0,0,0,0,0,29.1,17.9,5.4,0.2,1.64,0.0,52851,True
2026-03-16T21:00:00+00:00,21,0,16,3,0,0,0,0,0,0,6,0.0,2,8,0.2,8320,11000,0.7564,116.65,0.0,0,0,0,0,0,0,28.5,13.0,0.0,0.0,1.24,0.2,52851,True
2026-03-16T22:00:00+00:00,22,0,16,3,0,0,0,0,0,0,6,0.0,2,8,0.2,8320,11000,0.7564,116.65,0.0,0,0,0,0,0,0,27.2,10.7,0.0,0.0,0.9,0.4,52851,True
2026-03-16T23:00:00+00:00,23,0,16,3,0,0,0,0,0,0,6,0.0,2,8,0.2,8320,11000,0.7564,116.65,0.0,0,0,0,0,0,0,26.2,12.2,0.0,0.0,0.78,0.4,52851,True
2026-03-17T00:00:00+00:00,0,1,17,3,0,0,0,0,0,0,6,0.0,2,8,0.2,8320,11000,0.7564,116.65,0.0,0,0,0,0,0,0,25.6,8.5,0.0,0.0,0.92,0.4,52851,True
2026-03-17T01:00:00+00:00,1,1,17,3,0,0,0,0,0,0,6,0.0,2,8,0.2,8320,11000,0.7564,116.65,0.0,0,0,0,0,0,0,24.9,19.3,6.6,0.2,1.46,0.0,52851,True
2026-03-17T02:00:00+00:00,2,1,17,3,0,0,0,0,0,0,6,0.0,2,8,0.2,8320,11000,0.7564,116.65,0.0,0,0,0,0,0,0,24.7,10.3,0.0,0.0,2.26,0.0,52851,True
2026-03-17T03:00:00+00:00,3,1,17,3,0,0,0,0,0,0,6,0.0,2,8,0.2,8320,11000,0.7564,116.65,0.0,0,0,0,0,0,0,24.5,6.8,0.0,0.0,2.8,0.0,52851,True
2026-03-17T04:00:00+00:00,4,1,17,3,0,0,0,0,0,0,6,0.0,2,8,0.2,8320,11000,0.7564,116.65,0.0,0,0,0,0,0,0,25.0,8.8,0.0,0.0,3.08,0.0,52851,True
2026-03-17T05:00:00+00:00,5,1,17,3,0,0,0,0,0,0,6,0.0,2,8,0.2,8320,11000,0.7564,116.65,0.0,0,0,0,0,0,0,24.0,17.8,14.0,0.5,2.88,0.0,52851,True
2026-03-17T06:00:00+00:00,6,1,17,3,0,0,0,0,0,0,6,0.0,2,8,0.2,8320,11000,0.7564,116.65,0.0,0,0,0,0,0,0,25.1,10.2,0.0,0.0,2.61,0.0,52851,True
2026-03-17T07:00:00+00:00,7,1,17,3,0,0,0,0,0,0,6,0.0,2,8,0.2,8320,11000,0.7564,116.65,0.0,0,0,0,0,0,0,26.5,10.4,0.0,0.0,2.19,0.0,52851,True
2026-03-17T08:00:00+00:00,8,1,17,3,0,0,0,0,0,0,6,0.0,2,8,0.2,8320,11000,0.7564,116.65,0.0,0,0,0,0,0,0,26.1,5.4,0.0,0.0,1.77,0.0,52851,True
2026-03-17T09:00:00+00:00,9,1,17,3,0,0,0,0,0,0,6,0.0,2,8,0.2,8320,11000,0.7564,116.65,0.0,0,0,0,0,0,0,27.2,12.4,0.0,0.0,1.47,0.0,52851,True
2026-03-17T10:00:00+00:00,10,1,17,3,0,0,0,0,0,0,6,0.0,2,8,0.2,8320,11000,0.7564,116.65,0.0,0,0,0,0,0,0,28.4,9.7,0.0,0.0,1.07,0.2,52851,True
2026-03-17T11:00:00+00:00,11,1,17,3,0,0,0,0,0,0,6,0.0,2,8,0.2,8320,11000,0.7564,116.65,0.0,0,0,0,0,0,0,30.0,12.8,0.0,0.0,0.81,0.4,52851,True
2026-03-17T12:00:00+00:00,12,1,17,3,0,0,0,0,0,0,6,0.0,2,8,0.2,8320,11000,0.7564,116.65,0.0,0,0,0,0,0,0,30.2,14.3,0.0,0.0,0.74,0.4,52851,True
2026-03-17T13:00:00+00:00,13,1,17,3,0,0,0,0,0,0,6,0.0,2,8,0.2,8320,11000,0.7564,116.65,0.0,0,0,0,0,0,0,30.1,12.0,0.0,0.0,1.19,0.2,52851,True
2026-03-17T14:00:00+00:00,14,1,17,3,0,0,0,0,0,0,6,0.0,2,8,0.2,8320,11000,0.7564,116.65,0.0,0,0,0,0,0,0,31.7,21.2,6.1,0.2,1.93,0.0,52851,True
2026-03-17T15:00:00+00:00,15,1,17,3,0,0,0,0,0,0,6,0.0,2,8,0.2,8320,11000,0.7564,116.65,0.0,0,0,0,0,0,0,32.0,13.3,0.0,0.0,2.59,0.0,52851,True
2026-03-17T16:00:00+00:00,16,1,17,3,0,0,0,0,0,0,6,0.0,2,8,0.2,8320,11000,0.7564,116.65,0.0,0,0,0,0,0,0,30.7,13.1,0.0,0.0,3.05,0.0,52851,True
2026-03-17T17:00:00+00:00,17,1,17,3,0,0,0,0,0,0,6,0.0,2,8,0.2,8320,11000,0.7564,116.65,0.0,0,0,0,0,0,0,30.9,12.0,0.0,0.0,3.0,0.0,52851,True
2026-03-17T18:00:00+00:00,18,1,17,3,0,0,0,0,0,0,6,0.0,2,8,0.2,8320,11000,0.7564,116.65,0.0,0,0,0,0,0,0,31.4,11.7,0.0,0.0,2.72,0.0,52851,True
2026-03-17T19:00:00+00:00,19,1,17,3,0,0,0,0,0,0,6,0.0,2,8,0.2,8320,11000,0.7564,116.65,0.0,0,0,0,0,0,0,29.5,15.7,0.0,0.0,2.35,0.0,52851,True
2026-03-17T20:00:00+00:00,20,1,17,3,0,0,0,0,0,0,6,0.0,2,8,0.2,8320,11000,0.7564,116.65,0.0,0,0,0,0,0,0,29.7,30.9,13.7,0.5,2.0,0.0,52851,True
2026-03-17T21:00:00+00:00,21,1,17,3,0,0,0,0,0,0,6,0.0,2,8,0.2,8320,11000,0.7564,116.65,0.0,0,0,0,0,0,0,27.9,13.6,0.0,0.0,1.56,0.0,52851,True
2026-03-17T22:00:00+00:00,22,1,17,3,0,0,0,0,0,0,6,0.0,2,8,0.2,8320,11000,0.7564,116.65,0.0,0,0,0,0,0,0,27.8,12.4,0.0,0.0,1.24,0.2,52851,True
2026-03-17T23:00:00+00:00,23,1,17,3,0,0,0,0,0,0,6,0.0,2,8,0.2,8320,11000,0.7564,116.65,0.0,0,0,0,0,0,0,26.3,11.6,0.0,0.0,0.9,0.4,52851,True
2026-03-18T00:00:00+00:00,0,2,18,3,0,0,0,0,0,0,6,0.0,2,8,0.2,8320,11000,0.7564,116.65,0.0,0,0,0,0,0,0,25.8,11.9,0.0,0.0,0.7,0.4,52851,True
2026-03-18T01:00:00+00:00,1,2,18,3,0,0,0,0,0,0,6,0.0,2,8,0.2,8320,11000,0.7564,116.65,0.0,0,0,0,0,0,0,25.5,9.6,0.0,0.0,0.99,0.4,52851,True
2026-03-18T02:00:00+00:00,2,2,18,3,0,0,0,0,0,0,6,0.0,2,8,0.2,8320,11000,0.7564,116.65,0.0,0,0,0,0,0,0,24.3,9.1,0.0,0.0,1.62,0.0,52851,True
2026-03-18T03:00:00+00:00,3,2,18,3,0,0,0,0,0,0,6,0.0,2,8,0.2,8320,11000,0.7564,116.65,0.0,0,0,0,0,0,0,25.1,11.7,0.0,0.0,2.36,0.0,52851,True
2026-03-18T04:00:00+00:00,4,2,18,3,0,0,0,0,0,0,6,0.0,2,8,0.2,8320,11000,0.7564,116.65,0.0,0,0,0,0,0,0,25.0,6.8,0.0,0.0,2.94,0.0,52851,True
2026-03-18T05:00:00+00:00,5,2,18,3,0,0,0,0,0,0,6,0.0,2,8,0.2,8320,11000,0.7564,116.65,0.0,0,0,0,0,0,0,25.7,5.5,0.0,0.0,3.05,0.0,52851,True
2026-03-18T06:00:00+00:00,6,2,18,3,0,0,0,0,0,0,6,0.0,2,8,0.2,8320,11000,0.7564,116.65,0.0,0,0,0,0,0,0,25.3,8.4,0.0,0.0,2.86,0.0,52851,True
2026-03-18T07:00:00+00:00,7,2,18,3,0,0,0,0,0,0,6,0.0,2,8,0.2,8320,11000,0.7564,116.65,0.0,0,0,0,0,0,0,27.0,9.3,0.0,0.0,2.55,0.0,52851,True
2026-03-18T08:00:00+00:00,8,2,18,3,0,0,0,0,0,0,6,0.0,2,8,0.2,8320,11000,0.7564,116.65,0.0,0,0,0,0,0,0,27.6,9.0,0.0,0.0,2.11,0.0,52851,True
2026-03-18T09:00:00+00:00,9,2,18,3,0,0,0,0,0,0,6,0.0,2,8,0.2,8320,11000,0.7564,116.65,0.0,0,0,0,0,0,0,28.2,11.6,0.0,0.0,1.73,0.0,52851,True
2026-03-18T10:00:00+00:00,10,2,18,3,0,0,0,0,0,0,6,0.0,2,8,0.2,8320,11000,0.7564,116.65,0.0,0,0,0,0,0,0,29.4,8.9,0.0,0.0,1.41,0.0,52851,True
2026-03-18T11:00:00+00:00,11,2,18,3,0,0,0,0,0,0,6,0.0,2,8,0.2,8320,11000,0.7564,116.65,0.0,0,0,0,0,0,0,29.2,13.2,0.0,0.0,1.01,0.2,52851,True
2026-03-18T12:00:00+00:00,12,2,18,3,0,0,0,0,0,0,6,0.0,2,8,0.2,8320,11000,0.7564,116.65,0.0,0,0,0,0,0,0,30.8,18.8,4.2,0.2,0.74,0.4,52851,True
2026-03-18T13:00:00+00:00,13,2,18,3,0,0,0,0,0,0,6,0.0,2,8,0.2,8320,11000,0.7564,116.65,0.0,0,0,0,0,0,0,31.3,12.7,0.0,0.0,0.88,0.4,52851,True
2026-03-18T14:00:00+00:00,14,2,18,3,0,0,0,0,0,0,6,0.0,2,8,0.2,8320,11000,0.7564,116.65,0.0,0,0,0,0,0,0,31.4,12.3,0.0,0.0,1.27,0.2,52851,True
2026-03-18T15:00:00+00:00,15,2,18,3,0,0,0,0,0,0,6,0.0,2,8,0.2,8320,11000,0.7564,116.65,0.0,0,0,0,0,0,0,31.0,16.3,0.0,0.0,2.01,0.0,52851,True
2026-03-18T16:00:00+00:00,16,2,18,3,0,0,0,0,0,0,6,0.0,2,8,0.2,8320,11000,0.7564,116.65,0.0,0,0,0,0,0,0,31.1,14.5,0.0,0.0,2.75,0.0,52851,True
2026-03-18T17:00:00+00:00,17,2,18,3,0,0,0,0,0,0,6,0.0,2,8,0.2,8320,11000,0.7564,116.65,0.0,0,0,0,0,0,0,31.0,10.9,0.0,0.0,3.02,0.0,52851,True
2026-03-18T18:00:00+00:00,18,2,18,3,0,0,0,0,0,0,6,0.0,2,8,0.2,8320,11000,0.7564,116.65,0.0,0,0,0,0,0,0,30.9,13.6,0.0,0.0,3.0,0.0,52851,True
2026-03-18T19:00:00+00:00,19,2,18,3,0,0,0,0,0,0,6,0.0,2,8,0.2,8320,11000,0.7564,116.65,0.0,0,0,0,0,0,0,30.2,11.7,0.0,0.0,2.67,0.0,52851,True
2026-03-18T20:00:00+00:00,20,2,18,3,0,0,0,0,0,0,6,0.0,2,8,0.2,8320,11000,0.7564,116.65,0.0,0,0,0,0,0,0,29.9,14.3,0.0,0.0,2.31,0.0,52851,True
2026-03-18T21:00:00+00:00,21,2,18,3,0,0,0,0,0,0,6,0.0,2,8,0.2,8320,11000,0.7564,116.65,0.0,0,0,0,0,0,0,28.6,13.4,0.0,0.0,1.91,0.0,52851,True
2026-03-18T22:00:00+00:00,22,2,18,3,0,0,0,0,0,0,6,0.0,2,8,0.2,8320,11000,0.7564,116.65,0.0,0,0,0,0,0,0,27.7,11.4,0.0,0.0,1.52,0.0,52851,True
2026-03-18T23:00:00+00:00,23,2,18,3,0,0,0,0,0,0,6,0.0,2,8,0.2,8320,11000,0.7564,116.65,0.0,0,0,0,0,0,0,26.0,10.0,0.0,0.0,1.15,0.2,52851,True
2026-03-19T00:00:00+00:00,0,3,19,3,0,0,0,0,0,0,6,0.0,2,8,0.2,8320,11000,0.7564,116.65,0.0,0,0,0,0,0,0,24.6,8.7,0.0,0.0,0.81,0.4,52851,True
2026-03-19T01:00:00+00:00,1,3,19,3,0,0,0,0,0,0,6,0.0,2,8,0.2,8320,11000,0.7564,116.65,0.0,0,0,0,0,0,0,24.8,10.8,0.0,0.0,0.77,0.4,52851,True
2026-03-19T02:00:00+00:00,2,3,19,3,0,0,0,0,0,0,6,0.0,2,8,0.2,8320,11000,0.7564,116.65,0.0,0,0,0,0,0,0,24.8,7.9,0.0,0.0,1.03,0.2,52851,True
2026-03-19T03:00:00+00:00,3,3,19,3,0,0,0,0,0,0,6,0.0,2,8,0.2,8320,11000,0.7564,116.65,0.0,0,0,0,0,0,0,24.4,10.4,0.0,0.0,1.72,0.0,52851,True
2026-03-19T04:00:00+00:00,4,3,19,3,0,0,0,0,0,0,6,0.0,2,8,0.2,8320,11000,0.7564,116.65,0.0,0,0,0,0,0,0,25.2,11.7,0.0,0.0,2.45,0.0,52851,True
2026-03-19T05:00:00+00:00,5,3,19,3,0,0,0,0,0,0,6,0.0,2,8,0.2,8320,11000,0.7564,116.65,0.0,0,0,0,0,0,0,24.5,11.1,0.0,0.0,2.94,0.0,52851,True
2026-03-19T06:00:00+00:00,6,3,19,3,0,0,0,0,0,0,6,0.0,2,8,0.2,8320,11000,0.7564,116.65,0.0,0,0,0,0,0,0,24.9,10.5,0.0,0.0,3.02,0.0,52851,True
2026-03-19T07:00:00+00:00,7,3,19,3,0,0,0,0,0,0,6,0.0,2,8,0.2,8320,11000,0.7564,116.65,0.0,0,0,0,0,0,0,25.9,24.8,34.4,0.85,2.84,0.0,52851,True
2026-03-19T08:00:00+00:00,8,3,19,3,0,0,0,0,0,0,6,0.0,2,8,0.2,8320,11000,0.7564,116.65,0.0,0,0,0,0,0,0,27.8,5.5,0.0,0.0,2.45,0.0,52851,True
2026-03-19T09:00:00+00:00,9,3,19,3,0,0,0,0,0,0,6,0.0,2,8,0.2,8320,11000,0.7564,116.65,0.0,0,0,0,0,0,0,28.0,9.6,0.0,0.0,2.07,0.0,52851,True
2026-03-19T10:00:00+00:00,10,3,19,3,0,0,0,0,0,0,6,0.0,2,8,0.2,8320,11000,0.7564,116.65,0.0,0,0,0,0,0,0,28.1,8.6,0.0,0.0,1.74,0.0,52851,True
2026-03-19T11:00:00+00:00,11,3,19,3,0,0,0,0,0,0,6,0.0,2,8,0.2,8320,11000,0.7564,116.65,0.0,0,0,0,0,0,0,29.7,11.2,0.0,0.0,1.36,0.2,52851,True
2026-03-19T12:00:00+00:00,12,3,19,3,0,0,0,0,0,0,6,0.0,2,8,0.2,8320,11000,0.7564,116.65,0.0,0,0,0,0,0,0,31.5,21.2,3.5,0.2,0.97,0.4,52851,True
2026-03-19T13:00:00+00:00,13,3,19,3,0,0,0,0,0,0,6,0.0,2,8,0.2,8320,11000,0.7564,116.65,0.0,0,0,0,0,0,0,31.3,10.7,0.0,0.0,0.71,0.4,52851,True
2026-03-19T14:00:00+00:00,14,3,19,3,0,0,0,0,0,0,6,0.0,2,8,0.2,8320,11000,0.7564,116.65,0.0,0,0,0,0,0,0,30.8,11.9,0.0,0.0,0.91,0.4,52851,True
2026-03-19T15:00:00+00:00,15,3,19,3,0,0,0,0,0,0,6,0.0,2,8,0.2,8320,11000,0.7564,116.65,0.0,0,0,0,0,0,0,31.8,15.5,0.0,0.0,1.39,0.2,52851,True
2026-03-19T16:00:00+00:00,16,3,19,3,0,0,0,0,0,0,6,0.0,2,8,0.2,8320,11000,0.7564,116.65,0.0,0,0,0,0,0,0,30.8,13.9,0.0,0.0,2.12,0.0,52851,True
2026-03-19T17:00:00+00:00,17,3,19,3,0,0,0,0,0,0,6,0.0,2,8,0.2,8320,11000,0.7564,116.65,0.0,0,0,0,0,0,0,31.0,13.9,0.0,0.0,2.74,0.0,52851,True
2026-03-19T18:00:00+00:00,18,3,19,3,0,0,0,0,0,0,6,0.0,2,8,0.2,8320,11000,0.7564,116.65,0.0,0,0,0,0,0,0,30.7,17.4,0.0,0.0,3.02,0.0,52851,True
2026-03-19T19:00:00+00:00,19,3,19,3,0,0,0,0,0,0,6,0.0,2,8,0.2,8320,11000,0.7564,116.65,0.0,0,0,0,0,0,0,30.6,15.1,0.0,0.0,2.99,0.0,52851,True
2026-03-19T20:00:00+00:00,20,3,19,3,0,0,0,0,0,0,6,0.0,2,8,0.2,8320,11000,0.7564,116.65,0.0,0,0,0,0,0,0,29.8,16.6,0.0,0.0,2.61,0.0,52851,True
2026-03-19T21:00:00+00:00,21,3,19,3,0,0,0,0,0,0,6,0.0,2,8,0.2,8320,11000,0.7564,116.65,0.0,0,0,0,0,0,0,28.0,11.9,0.0,0.0,2.22,0.0,52851,True
2026-03-19T22:00:00+00:00,22,3,19,3,0,0,0,0,0,0,6,0.0,2,8,0.2,8320,11000,0.7564,116.65,0.0,0,0,0,0,0,0,28.0,31.2,12.5,0.5,1.82,0.0,52851,True
2026-03-19T23:00:00+00:00,23,3,19,3,0,0,0,0,0,0,6,0.0,2,8,0.2,8320,11000,0.7564,116.65,0.0,0,0,0,0,0,0,27.1,11.9,0.0,0.0,1.46,0.0,52851,True
2026-03-20T00:00:00+00:00,0,4,20,3,0,0,0,0,0,0,6,0.0,2,8,0.2,8320,11000,0.7564,116.65,0.0,0,0,0,0,0,0,26.1,8.1,0.0,0.0,1.13,0.2,52851,True
2026-03-20T01:00:00+00:00,1,4,20,3,0,0,0,0,0,0,6,0.0,2,8,0.2,8320,11000,0.7564,116.65,0.0,0,0,0,0,0,0,25.2,12.5,0.0,0.0,0.75,0.4,52851,True
2026-03-20T02:00:00+00:00,2,4,20,3,0,0,0,0,0,0,6,0.0,2,8,0.2,8320,11000,0.7564,116.65,0.0,0,0,0,0,0,0,25.4,12.2,0.0,0.0,0.77,0.4,52851,True
2026-03-20T03:00:00+00:00,3,4,20,3,0,0,0,0,0,0,6,0.0,2,8,0.2,8320,11000,0.7564,116.65,0.0,0,0,0,0,0,0,25.4,9.6,0.0,0.0,1.14,0.2,52851,True
2026-03-20T04:00:00+00:00,4,4,20,3,0,0,0,0,0,0,6,0.0,2,8,0.2,8320,11000,0.7564,116.65,0.0,0,0,0,0,0,0,24.2,9.1,0.0,0.0,1.82,0.0,52851,True
2026-03-20T05:00:00+00:00,5,4,20,3,0,0,0,0,0,0,6,0.0,2,8,0.2,8320,11000,0.7564,116.65,0.0,0,0,0,0,0,0,25.6,6.7,0.0,0.0,2.59,0.0,52851,True
2026-03-20T06:00:00+00:00,6,4,20,3,0,0,0,0,0,0,6,0.0,2,8,0.2,8320,11000,0.7564,116.65,0.0,0,0,0,0,0,0,25.5,8.0,0.0,0.0,2.99,0.0,52851,True
2026-03-20T07:00:00+00:00,7,4,20,3,0,0,0,0,0,0,6,0.0,2,8,0.2,8320,11000,0.7564,116.65,0.0,0,0,0,0,0,0,26.6,5.2,0.0,0.0,3.03,0.0,52851,True
2026-03-20T08:00:00+00:00,8,4,20,3,0,0,0,0,0,0,6,0.0,2,8,0.2,8320,11000,0.7564,116.65,0.0,0,0,0,0,0,0,26.4,16.0,2.7,0.2,2.72,0.0,52851,True
2026-03-20T09:00:00+00:00,9,4,20,3,0,0,0,0,0,0,6,0.0,2,8,0.2,8320,11000,0.7564,116.65,0.0,0,0,0,0,0,0,28.0,11.4,0.0,0.0,2.34,0.0,52851,True
2026-03-20T10:00:00+00:00,10,4,20,3,0,0,0,0,0,0,6,0.0,2,8,0.2,8320,11000,0.7564,116.65,0.0,0,0,0,0,0,0,28.4,19.2,5.1,0.2,2.02,0.0,52851,True
2026-03-20T11:00:00+00:00,11,4,20,3,0,0,0,0,0,0,6,0.0,2,8,0.2,8320,11000,0.7564,116.65,0.0,0,0,0,0,0,0,29.3,9.1,0.0,0.0,1.68,0.0,52851,True
2026-03-20T12:00:00+00:00,12,4,20,3,0,0,0,0,0,0,6,0.0,2,8,0.2,8320,11000,0.7564,116.65,0.0,0,0,0,0,0,0,30.6,12.0,0.0,0.0,1.28,0.2,52851,True
2026-03-20T13:00:00+00:00,13,4,20,3,0,0,0,0,0,0,6,0.0,2,8,0.2,8320,11000,0.7564,116.65,0.0,0,0,0,0,0,0,30.5,24.8,15.5,0.5,0.9,0.4,52851,True
2026-03-20T14:00:00+00:00,14,4,20,3,0,0,0,0,0,0,6,0.0,2,8,0.2,8320,11000,0.7564,116.65,0.0,0,0,0,0,0,0,32.1,29.5,19.4,0.5,0.7,0.4,52851,True
2026-03-20T15:00:00+00:00,15,4,20,3,0,0,0,0,0,0,6,0.0,2,8,0.2,8320,11000,0.7564,116.65,0.0,0,0,0,0,0,0,30.9,23.5,7.7,0.2,0.9,0.4,52851,True
2026-03-20T16:00:00+00:00,16,4,20,3,0,0,0,0,0,0,6,0.0,2,8,0.2,8320,11000,0.7564,116.65,0.0,0,0,0,0,0,0,30.8,10.7,0.0,0.0,1.5,0.0,52851,True
2026-03-20T17:00:00+00:00,17,4,20,3,0,0,0,0,0,0,6,0.0,2,8,0.2,8320,11000,0.7564,116.65,0.0,0,0,0,0,0,0,31.9,13.4,0.0,0.0,2.31,0.0,52851,True
2026-03-20T18:00:00+00:00,18,4,20,3,0,0,0,0,0,0,6,0.0,2,8,0.2,8320,11000,0.7564,116.65,0.0,0,0,0,0,0,0,31.4,24.2,5.6,0.2,2.86,0.0,52851,True
2026-03-20T19:00:00+00:00,19,4,20,3,0,0,0,0,0,0,6,0.0,2,8,0.2,8320,11000,0.7564,116.65,0.0,0,0,0,0,0,0,30.3,17.0,7.5,0.2,3.11,0.0,52851,True
2026-03-20T20:00:00+00:00,20,4,20,3,0,0,0,0,0,0,6,0.0,2,8,0.2,8320,11000,0.7564,116.65,0.0,0,0,0,0,0,0,29.9,14.9,0.0,0.0,2.89,0.0,52851,True
2026-03-20T21:00:00+00:00,21,4,20,3,0,0,0,0,0,0,6,0.0,2,8,0.2,8320,11000,0.7564,116.65,0.0,0,0,0,0,0,0,28.8,10.2,0.0,0.0,2.57,0.0,52851,True
2026-03-20T22:00:00+00:00,22,4,20,3,0,0,0,0,0,0,6,0.0,2,8,0.2,8320,11000,0.7564,116.65,0.0,0,0,0,0,0,0,27.4,13.2,0.0,0.0,2.13,0.0,52851,True
2026-03-20T23:00:00+00:00,23,4,20,3,0,0,0,0,0,0,6,0.0,2,8,0.2,8320,11000,0.7564,116.65,0.0,0,0,0,0,0,0,26.6,11.5,0.0,0.0,1.78,0.0,52851,True
2026-03-21T00:00:00+00:00,0,5,21,3,1,0,0,0,0,0,6,0.0,2,8,0.2,8320,11000,0.7564,116.65,0.0,0,0,0,0,0,0,24.6,24.0,16.8,0.5,1.44,0.0,52851,True
2026-03-21T01:00:00+00:00,1,5,21,3,1,0,0,0,0,0,6,0.0,2,8,0.2,8320,11000,0.7564,116.65,0.0,0,0,0,0,0,0,25.9,9.3,0.0,0.0,1.08,0.2,52851,True
2026-03-21T02:00:00+00:00,2,5,21,3,1,0,0,0,0,0,6,0.0,2,8,0.2,8320,11000,0.7564,116.65,0.0,0,0,0,0,0,0,25.4,9.0,0.0,0.0,0.74,0.4,52851,True
2026-03-21T03:00:00+00:00,3,5,21,3,1,0,0,0,0,0,6,0.0,2,8,0.2,8320,11000,0.7564,116.65,0.0,0,0,0,0,0,0,24.4,7.3,0.0,0.0,0.84,0.4,52851,True
2026-03-21T04:00:00+00:00,4,5,21,3,1,0,0,0,0,0,6,0.0,2,8,0.2,8320,11000,0.7564,116.65,0.0,0,0,0,0,0,0,23.9,11.2,0.0,0.0,1.22,0.2,52851,True
2026-03-21T05:00:00+00:00,5,5,21,3,1,0,0,0,0,0,6,0.0,2,8,0.2,8320,11000,0.7564,116.65,0.0,0,0,0,0,0,0,24.4,10.9,0.0,0.0,1.91,0.0,52851,True
2026-03-21T06:00:00+00:00,6,5,21,3,1,0,0,0,0,0,6,0.0,2,8,0.2,8320,11000,0.7564,116.65,0.0,0,0,0,0,0,0,24.8,6.0,0.0,0.0,2.64,0.0,52851,True
2026-03-21T07:00:00+00:00,7,5,21,3,1,0,0,0,0,0,6,0.0,2,8,0.2,8320,11000,0.7564,116.65,0.0,0,0,0,0,0,0,27.0,8.2,0.0,0.0,3.03,0.0,52851,True
2026-03-21T08:00:00+00:00,8,5,21,3,1,0,0,0,0,0,6,0.0,2,8,0.2,8320,11000,0.7564,116.65,0.0,0,0,0,0,0,0,26.8,12.1,0.0,0.0,2.97,0.0,52851,True
2026-03-21T09:00:00+00:00,9,5,21,3,1,0,0,0,0,0,6,0.0,2,8,0.2,8320,11000,0.7564,116.65,0.0,0,0,0,0,0,0,27.7,10.4,0.0,0.0,2.74,0.0,52851,True
2026-03-21T10:00:00+00:00,10,5,21,3,1,0,0,0,0,0,6,0.0,2,8,0.2,8320,11000,0.7564,116.65,0.0,0,0,0,0,0,0,29.5,38.5,34.8,0.85,2.28,0.0,52851,True
2026-03-21T11:00:00+00:00,11,5,21,3,1,0,0,0,0,0,6,0.0,2,8,0.2,8320,11000,0.7564,116.65,0.0,0,0,0,0,0,0,29.0,10.2,0.0,0.0,1.97,0.0,52851,True
2026-03-21T12:00:00+00:00,12,5,21,3,1,0,0,0,0,0,6,0.0,2,8,0.2,8320,11000,0.7564,116.65,0.0,0,0,0,0,0,0,30.1,10.1,0.0,0.0,1.58,0.0,52851,True
2026-03-21T13:00:00+00:00,13,5,21,3,1,0,0,0,0,0,6,0.0,2,8,0.2,8320,11000,0.7564,116.65,0.0,0,0,0,0,0,0,30.2,29.9,13.5,0.5,1.24,0.2,52851,True
2026-03-21T14:00:00+00:00,14,5,21,3,1,0,0,0,0,0,6,0.0,2,8,0.2,8320,11000,0.7564,116.65,0.0,0,0,0,0,0,0,30.6,14.5,0.0,0.0,0.84,0.4,52851,True
2026-03-21T15:00:00+00:00,15,5,21,3,1,0,0,0,0,0,6,0.0,2,8,0.2,8320,11000,0.7564,116.65,0.0,0,0,0,0,0,0,31.6,14.7,0.0,0.0,0.73,0.4,52851,True
2026-03-21T16:00:00+00:00,16,5,21,3,1,0,0,0,0,0,6,0.0,2,8,0.2,8320,11000,0.7564,116.65,0.0,0,0,0,0,0,0,30.5,38.5,30.3,0.85,1.05,0.2,52851,True
2026-03-21T17:00:00+00:00,17,5,21,3,1,0,0,0,0,0,6,0.0,2,8,0.2,8320,11000,0.7564,116.65,0.0,0,0,0,0,0,0,30.7,15.8,0.0,0.0,1.6,0.0,52851,True
2026-03-21T18:00:00+00:00,18,5,21,3,1,0,0,0,0,0,6,0.0,2,8,0.2,8320,11000,0.7564,116.65,0.0,0,0,0,0,0,0,31.2,20.4,6.5,0.2,2.43,0.0,52851,True
2026-03-21T19:00:00+00:00,19,5,21,3,1,0,0,0,0,0,6,0.0,2,8,0.2,8320,11000,0.7564,116.65,0.0,0,0,0,0,0,0,29.6,13.2,0.0,0.0,2.9,0.0,52851,True
2026-03-21T20:00:00+00:00,20,5,21,3,1,0,0,0,0,0,6,0.0,2,8,0.2,8320,11000,0.7564,116.65,0.0,0,0,0,0,0,0,29.2,17.1,0.0,0.0,3.09,0.0,52851,True
2026-03-21T21:00:00+00:00,21,5,21,3,1,0,0,0,0,0,6,0.0,2,8,0.2,8320,11000,0.7564,116.65,0.0,0,0,0,0,0,0,27.4,12.1,0.0,0.0,2.85,0.0,52851,True
2026-03-21T22:00:00+00:00,22,5,21,3,1,0,0,0,0,0,6,0.0,2,8,0.2,8320,11000,0.7564,116.65,0.0,0,0,0,0,0,0,27.1,10.5,0.0,0.0,2.45,0.0,52851,True
2026-03-21T23:00:00+00:00,23,5,21,3,1,0,0,0,0,0,6,0.0,2,8,0.2,8320,11000,0.7564,116.65,0.0,0,0,0,0,0,0,26.9,12.2,0.0,0.0,2.08,0.0,52851,True
2026-03-22T00:00:00+00:00,0,6,22,3,1,0,0,0,0,0,6,0.0,2,8,0.2,8320,11000,0.7564,116.65,0.0,0,0,0,0,0,0,25.5,13.0,0.0,0.0,1.76,0.0,52851,True
2026-03-22T01:00:00+00:00,1,6,22,3,1,0,0,0,0,0,6,0.0,2,8,0.2,8320,11000,0.7564,116.65,0.0,0,0,0,0,0,0,25.2,9.2,0.0,0.0,1.34,0.2,52851,True
2026-03-22T02:00:00+00:00,2,6,22,3,1,0,0,0,0,0,6,0.0,2,8,0.2,8320,11000,0.7564,116.65,0.0,0,0,0,0,0,0,25.1,9.7,0.0,0.0,0.96,0.4,52851,True
2026-03-22T03:00:00+00:00,3,6,22,3,1,0,0,0,0,0,6,0.0,2,8,0.2,8320,11000,0.7564,116.65,0.0,0,0,0,0,0,0,25.3,26.0,14.1,0.5,0.73,0.4,52851,True
2026-03-22T04:00:00+00:00,4,6,22,3,1,0,0,0,0,0,6,0.0,2,8,0.2,8320,11000,0.7564,116.65,0.0,0,0,0,0,0,0,23.9,7.7,0.0,0.0,0.82,0.4,52851,True
2026-03-22T05:00:00+00:00,5,6,22,3,1,0,0,0,0,0,6,0.0,2,8,0.2,8320,11000,0.7564,116.65,0.0,0,0,0,0,0,0,24.0,6.3,0.0,0.0,1.34,0.2,52851,True
2026-03-22T06:00:00+00:00,6,6,22,3,1,0,0,0,0,0,6,0.0,2,8,0.2,8320,11000,0.7564,116.65,0.0,0,0,0,0,0,0,25.8,10.5,0.0,0.0,2.06,0.0,52851,True
2026-03-22T07:00:00+00:00,7,6,22,3,1,0,0,0,0,0,6,0.0,2,8,0.2,8320,11000,0.7564,116.65,0.0,0,0,0,0,0,0,25.6,19.5,4.9,0.2,2.77,0.0,52851,True
2026-03-22T08:00:00+00:00,8,6,22,3,1,0,0,0,0,0,6,0.0,2,8,0.2,8320,11000,0.7564,116.65,0.0,0,0,0,0,0,0,28.0,11.1,0.0,0.0,3.07,0.0,52851,True
2026-03-22T09:00:00+00:00,9,6,22,3,1,0,0,0,0,0,6,0.0,2,8,0.2,8320,11000,0.7564,116.65,0.0,0,0,0,0,0,0,27.4,6.6,0.0,0.0,3.02,0.0,52851,True
2026-03-22T10:00:00+00:00,10,6,22,3,1,0,0,0,0,0,6,0.0,2,8,0.2,8320,11000,0.7564,116.65,0.0,0,0,0,0,0,0,28.0,8.9,0.0,0.0,2.64,0.0,52851,True
2026-03-22T11:00:00+00:00,11,6,22,3,1,0,0,0,0,0,6,0.0,2,8,0.2,8320,11000,0.7564,116.65,0.0,0,0,0,0,0,0,29.2,9.3,0.0,0.0,2.22,0.0,52851,True
2026-03-22T12:00:00+00:00,12,6,22,3,1,0,0,0,0,0,6,0.0,2,8,0.2,8320,11000,0.7564,116.65,0.0,0,0,0,0,0,0,31.3,10.5,0.0,0.0,1.92,0.0,52851,True
2026-03-22T13:00:00+00:00,13,6,22,3,1,0,0,0,0,0,6,0.0,2,8,0.2,8320,11000,0.7564,116.65,0.0,0,0,0,0,0,0,30.3,15.7,0.0,0.0,1.49,0.0,52851,True
2026-03-22T14:00:00+00:00,14,6,22,3,1,0,0,0,0,0,6,0.0,2,8,0.2,8320,11000,0.7564,116.65,0.0,0,0,0,0,0,0,30.8,15.1,0.0,0.0,1.13,0.2,52851,True
2026-03-22T15:00:00+00:00,15,6,22,3,1,0,0,0,0,0,6,0.0,2,8,0.2,8320,11000,0.7564,116.65,0.0,0,0,0,0,0,0,32.4,15.5,0.0,0.0,0.85,0.4,52851,True
2026-03-22T16:00:00+00:00,16,6,22,3,1,0,0,0,0,0,6,0.0,2,8,0.2,8320,11000,0.7564,116.65,0.0,0,0,0,0,0,0,32.0,14.9,0.0,0.0,0.77,0.4,52851,True
2026-03-22T17:00:00+00:00,17,6,22,3,1,0,0,0,0,0,6,0.0,2,8,0.2,8320,11000,0.7564,116.65,0.0,0,0,0,0,0,0,31.6,20.4,6.3,0.2,1.14,0.2,52851,True
2026-03-22T18:00:00+00:00,18,6,22,3,1,0,0,0,0,0,6,0.0,2,8,0.2,8320,11000,0.7564,116.65,0.0,0,0,0,0,0,0,29.7,17.4,0.0,0.0,1.78,0.0,52851,True
2026-03-22T19:00:00+00:00,19,6,22,3,1,0,0,0,0,0,6,0.0,2,8,0.2,8320,11000,0.7564,116.65,0.0,0,0,0,0,0,0,30.3,11.6,0.0,0.0,2.52,0.0,52851,True
2026-03-22T20:00:00+00:00,20,6,22,3,1,0,0,0,0,0,6,0.0,2,8,0.2,8320,11000,0.7564,116.65,0.0,0,0,0,0,0,0,28.4,13.3,0.0,0.0,2.95,0.0,52851,True
2026-03-22T21:00:00+00:00,21,6,22,3,1,0,0,0,0,0,6,0.0,2,8,0.2,8320,11000,0.7564,116.65,0.0,0,0,0,0,0,0,28.9,14.9,0.0,0.0,3.01,0.0,52851,True
2026-03-22T22:00:00+00:00,22,6,22,3,1,0,0,0,0,0,6,0.0,2,8,0.2,8320,11000,0.7564,116.65,0.0,0,0,0,0,0,0,27.5,9.8,0.0,0.0,2.84,0.0,52851,True
2026-03-22T23:00:00+00:00,23,6,22,3,1,0,0,0,0,0,6,0.0,2,8,0.2,8320,11000,0.7564,116.65,0.0,0,0,0,0,0,0,26.3,12.3,0.0,0.0,2.45,0.0,52851,True
2026-03-23T00:00:00+00:00,0,0,23,3,0,0,0,0,0,0,6,0.0,2,8,0.2,8320,11000,0.7564,116.65,0.0,0,0,0,0,0,0,26.5,8.2,0.0,0.0,2.02,0.0,52851,True
2026-03-23T01:00:00+00:00,1,0,23,3,0,0,0,0,0,0,6,0.0,2,8,0.2,8320,11000,0.7564,116.65,0.0,0,0,0,0,0,0,24.4,21.5,12.1,0.5,1.67,0.0,52851,True
2026-03-23T02:00:00+00:00,2,0,23,3,0,0,0,0,0,0,6,0.0,2,8,0.2,8320,11000,0.7564,116.65,0.0,0,0,0,0,0,0,23.7,11.5,0.0,0.0,1.34,0.2,52851,True
2026-03-23T03:00:00+00:00,3,0,23,3,0,0,0,0,0,0,6,0.0,2,8,0.2,8320,11000,0.7564,116.65,0.0,0,0,0,0,0,0,24.9,12.5,0.0,0.0,0.96,0.4,52851,True
2026-03-23T04:00:00+00:00,4,0,23,3,0,0,0,0,0,0,6,0.0,2,8,0.2,8320,11000,0.7564,116.65,0.0,0,0,0,0,0,0,23.7,11.8,0.0,0.0,0.74,0.4,52851,True
2026-03-23T05:00:00+00:00,5,0,23,3,0,0,0,0,0,0,6,0.0,2,8,0.2,8320,11000,0.7564,116.65,0.0,0,0,0,0,0,0,25.1,9.6,0.0,0.0,0.89,0.4,52851,True
2026-03-23T06:00:00+00:00,6,0,23,3,0,0,0,0,0,0,6,0.0,2,8,0.2,8320,11000,0.7564,116.65,0.0,0,0,0,0,0,0,26.5,5.4,0.0,0.0,1.44,0.0,52851,True
2026-03-23T07:00:00+00:00,7,0,23,3,0,0,0,0,0,0,6,0.0,2,8,0.2,8320,11000,0.7564,116.65,0.0,0,0,0,0,0,0,25.8,11.8,0.0,0.0,2.19,0.0,52851,True
2026-03-23T08:00:00+00:00,8,0,23,3,0,0,0,0,0,0,6,0.0,2,8,0.2,8320,11000,0.7564,116.65,0.0,0,0,0,0,0,0,27.6,10.8,0.0,0.0,2.84,0.0,52851,True
2026-03-23T09:00:00+00:00,9,0,23,3,0,0,0,0,0,0,6,0.0,2,8,0.2,8320,11000,0.7564,116.65,0.0,0,0,0,0,0,0,28.8,12.0,0.0,0.0,3.06,0.0,52851,True
2026-03-23T10:00:00+00:00,10,0,23,3,0,0,0,0,0,0,6,0.0,2,8,0.2,8320,11000,0.7564,116.65,0.0,0,0,0,0,0,0,29.0,8.6,0.0,0.0,2.88,0.0,52851,True
2026-03-23T11:00:00+00:00,11,0,23,3,0,0,0,0,0,0,6,0.0,2,8,0.2,8320,11000,0.7564,116.65,0.0,0,0,0,0,0,0,29.1,12.6,0.0,0.0,2.57,0.0,52851,True
2026-03-23T12:00:00+00:00,12,0,23,3,0,0,0,0,0,0,6,0.0,2,8,0.2,8320,11000,0.7564,116.65,0.0,0,0,0,0,0,0,29.8,13.7,0.0,0.0,2.21,0.0,52851,True
2026-03-23T13:00:00+00:00,13,0,23,3,0,0,0,0,0,0,6,0.0,2,8,0.2,8320,11000,0.7564,116.65,0.0,0,0,0,0,0,0,30.5,30.2,12.0,0.5,1.86,0.0,52851,True
2026-03-23T14:00:00+00:00,14,0,23,3,0,0,0,0,0,0,6,0.0,2,8,0.2,8320,11000,0.7564,116.65,0.0,0,0,0,0,0,0,31.2,12.6,0.0,0.0,1.5,0.0,52851,True
2026-03-23T15:00:00+00:00,15,0,23,3,0,0,0,0,0,0,6,0.0,2,8,0.2,8320,11000,0.7564,116.65,0.0,0,0,0,0,0,0,30.7,15.0,0.0,0.0,1.08,0.2,52851,True
2026-03-23T16:00:00+00:00,16,0,23,3,0,0,0,0,0,0,6,0.0,2,8,0.2,8320,11000,0.7564,116.65,0.0,0,0,0,0,0,0,31.0,24.6,4.7,0.2,0.83,0.4,52851,True
2026-03-23T17:00:00+00:00,17,0,23,3,0,0,0,0,0,0,6,0.0,2,8,0.2,8320,11000,0.7564,116.65,0.0,0,0,0,0,0,0,30.5,16.6,0.0,0.0,0.79,0.4,52851,True
2026-03-23T18:00:00+00:00,18,0,23,3,0,0,0,0,0,0,6,0.0,2,8,0.2,8320,11000,0.7564,116.65,0.0,0,0,0,0,0,0,30.7,21.6,6.8,0.2,1.19,0.2,52851,True
2026-03-23T19:00:00+00:00,19,0,23,3,0,0,0,0,0,0,6,0.0,2,8,0.2,8320,11000,0.7564,116.65,0.0,0,0,0,0,0,0,29.1,12.9,0.0,0.0,1.86,0.0,52851,True
2026-03-23T20:00:00+00:00,20,0,23,3,0,0,0,0,0,0,6,0.0,2,8,0.2,8320,11000,0.7564,116.65,0.0,0,0,0,0,0,0,29.5,23.5,5.4,0.2,2.55,0.0,52851,True
2026-03-23T21:00:00+00:00,21,0,23,3,0,0,0,0,0,0,6,0.0,2,8,0.2,8320,11000,0.7564,116.65,0.0,0,0,0,0,0,0,28.2,12.9,0.0,0.0,3.02,0.0,52851,True
2026-03-23T22:00:00+00:00,22,0,23,3,0,0,0,0,0,0,6,0.0,2,8,0.2,8320,11000,0.7564,116.65,0.0,0,0,0,0,0,0,26.2,15.8,0.0,0.0,3.0,0.0,52851,True
2026-03-23T23:00:00+00:00,23,0,23,3,0,0,0,0,0,0,6,0.0,2,8,0.2,8320,11000,0.7564,116.65,0.0,0,0,0,0,0,0,26.9,12.8,0.0,0.0,2.72,0.0,52851,True
2026-03-24T00:00:00+00:00,0,1,24,3,0,0,0,0,0,0,6,0.0,2,8,0.2,8320,11000,0.7564,116.65,0.0,0,0,0,0,0,0,26.1,12.4,0.0,0.0,2.31,0.0,52851,True
2026-03-24T01:00:00+00:00,1,1,24,3,0,0,0,0,0,0,6,0.0,2,8,0.2,8320,11000,0.7564,116.65,0.0,0,0,0,0,0,0,24.7,19.2,4.8,0.2,2.01,0.0,52851,True
2026-03-24T02:00:00+00:00,2,1,24,3,0,0,0,0,0,0,6,0.0,2,8,0.2,8320,11000,0.7564,116.65,0.0,0,0,0,0,0,0,25.2,6.9,0.0,0.0,1.6,0.0,52851,True
2026-03-24T03:00:00+00:00,3,1,24,3,0,0,0,0,0,0,6,0.0,2,8,0.2,8320,11000,0.7564,116.65,0.0,0,0,0,0,0,0,23.9,8.8,0.0,0.0,1.28,0.2,52851,True
2026-03-24T04:00:00+00:00,4,1,24,3,0,0,0,0,0,0,6,0.0,2,8,0.2,8320,11000,0.7564,116.65,0.0,0,0,0,0,0,0,25.6,12.1,0.0,0.0,0.84,0.4,52851,True
2026-03-24T05:00:00+00:00,5,1,24,3,0,0,0,0,0,0,6,0.0,2,8,0.2,8320,11000,0.7564,116.65,0.0,0,0,0,0,0,0,25.8,10.6,0.0,0.0,0.78,0.4,52851,True
2026-03-24T06:00:00+00:00,6,1,24,3,0,0,0,0,0,0,6,0.0,2,8,0.2,8320,11000,0.7564,116.65,0.0,0,0,0,0,0,0,26.1,11.2,0.0,0.0,0.95,0.4,52851,True
2026-03-24T07:00:00+00:00,7,1,24,3,0,0,0,0,0,0,6,0.0,2,8,0.2,8320,11000,0.7564,116.65,0.0,0,0,0,0,0,0,26.0,10.8,0.0,0.0,1.6,0.0,52851,True
2026-03-24T08:00:00+00:00,8,1,24,3,0,0,0,0,0,0,6,0.0,2,8,0.2,8320,11000,0.7564,116.65,0.0,0,0,0,0,0,0,27.7,8.6,0.0,0.0,2.3,0.0,52851,True
2026-03-24T09:00:00+00:00,9,1,24,3,0,0,0,0,0,0,6,0.0,2,8,0.2,8320,11000,0.7564,116.65,0.0,0,0,0,0,0,0,27.1,23.2,21.0,0.5,2.85,0.0,52851,True
2026-03-24T10:00:00+00:00,10,1,24,3,0,0,0,0,0,0,6,0.0,2,8,0.2,8320,11000,0.7564,116.65,0.0,0,0,0,0,0,0,28.8,11.0,0.0,0.0,3.04,0.0,52851,True
2026-03-24T11:00:00+00:00,11,1,24,3,0,0,0,0,0,0,6,0.0,2,8,0.2,8320,11000,0.7564,116.65,0.0,0,0,0,0,0,0,30.7,20.8,4.5,0.2,2.85,0.0,52851,True
2026-03-24T12:00:00+00:00,12,1,24,3,0,0,0,0,0,0,6,0.0,2,8,0.2,8320,11000,0.7564,116.65,0.0,0,0,0,0,0,0,29.9,9.8,0.0,0.0,2.52,0.0,52851,True
2026-03-24T13:00:00+00:00,13,1,24,3,0,0,0,0,0,0,6,0.0,2,8,0.2,8320,11000,0.7564,116.65,0.0,0,0,0,0,0,0,30.6,9.4,0.0,0.0,2.1,0.0,52851,True
2026-03-24T14:00:00+00:00,14,1,24,3,0,0,0,0,0,0,6,0.0,2,8,0.2,8320,11000,0.7564,116.65,0.0,0,0,0,0,0,0,30.9,14.5,0.0,0.0,1.76,0.0,52851,True
2026-03-24T15:00:00+00:00,15,1,24,3,0,0,0,0,0,0,6,0.0,2,8,0.2,8320,11000,0.7564,116.65,0.0,0,0,0,0,0,0,31.0,10.7,0.0,0.0,1.45,0.0,52851,True
2026-03-24T16:00:00+00:00,16,1,24,3,0,0,0,0,0,0,6,0.0,2,8,0.2,8320,11000,0.7564,116.65,0.0,0,0,0,0,0,0,31.4,15.3,0.0,0.0,1.0,0.2,52851,True
2026-03-24T17:00:00+00:00,17,1,24,3,0,0,0,0,0,0,6,0.0,2,8,0.2,8320,11000,0.7564,116.65,0.0,0,0,0,0,0,0,30.8,15.3,0.0,0.0,0.74,0.4,52851,True
2026-03-24T18:00:00+00:00,18,1,24,3,0,0,0,0,0,0,6,0.0,2,8,0.2,8320,11000,0.7564,116.65,0.0,0,0,0,0,0,0,31.2,13.2,0.0,0.0,0.8,0.4,52851,True
2026-03-24T19:00:00+00:00,19,1,24,3,0,0,0,0,0,0,6,0.0,2,8,0.2,8320,11000,0.7564,116.65,0.0,0,0,0,0,0,0,30.7,17.3,0.0,0.0,1.24,0.2,52851,True
2026-03-24T20:00:00+00:00,20,1,24,3,0,0,0,0,0,0,6,0.0,2,8,0.2,8320,11000,0.7564,116.65,0.0,0,0,0,0,0,0,28.9,17.1,0.0,0.0,1.96,0.0,52851,True
2026-03-24T21:00:00+00:00,21,1,24,3,0,0,0,0,0,0,6,0.0,2,8,0.2,8320,11000,0.7564,116.65,0.0,0,0,0,0,0,0,29.0,11.4,0.0,0.0,2.72,0.0,52851,True
2026-03-24T22:00:00+00:00,22,1,24,3,0,0,0,0,0,0,6,0.0,2,8,0.2,8320,11000,0.7564,116.65,0.0,0,0,0,0,0,0,27.5,24.6,2.6,0.2,3.07,0.0,52851,True
2026-03-24T23:00:00+00:00,23,1,24,3,0,0,0,0,0,0,6,0.0,2,8,0.2,8320,11000,0.7564,116.65,0.0,0,0,0,0,0,0,26.7,12.3,0.0,0.0,3.01,0.0,52851,True
2026-03-25T00:00:00+00:00,0,2,25,3,0,0,0,0,0,0,6,0.0,2,8,0.2,8320,11000,0.7564,116.65,0.0,0,0,0,0,0,0,25.5,25.7,16.3,0.5,2.71,0.0,52851,True
2026-03-25T01:00:00+00:00,1,2,25,3,0,0,0,0,0,0,6,0.0,2,8,0.2,8320,11000,0.7564,116.65,0.0,0,0,0,0,0,0,25.3,13.1,0.0,0.0,2.33,0.0,52851,True
2026-03-25T02:00:00+00:00,2,2,25,3,0,0,0,0,0,0,6,0.0,2,8,0.2,8320,11000,0.7564,116.65,0.0,0,0,0,0,0,0,24.4,24.9,15.7,0.5,1.94,0.0,52851,True
2026-03-25T03:00:00+00:00,3,2,25,3,0,0,0,0,0,0,6,0.0,2,8,0.2,8320,11000,0.7564,116.65,0.0,0,0,0,0,0,0,24.7,15.6,3.9,0.2,1.55,0.0,52851,True
2026-03-25T04:00:00+00:00,4,2,25,3,0,0,0,0,0,0,6,0.0,2,8,0.2,8320,11000,0.7564,116.65,0.0,0,0,0,0,0,0,23.7,18.8,6.4,0.2,1.18,0.2,52851,True
2026-03-25T05:00:00+00:00,5,2,25,3,0,0,0,0,0,0,6,0.0,2,8,0.2,8320,11000,0.7564,116.65,0.0,0,0,0,0,0,0,24.4,20.8,20.8,0.5,0.79,0.4,52851,True
2026-03-25T06:00:00+00:00,6,2,25,3,0,0,0,0,0,0,6,0.0,2,8,0.2,8320,11000,0.7564,116.65,0.0,0,0,0,0,0,0,25.6,8.2,0.0,0.0,0.76,0.4,52851,True
2026-03-25T07:00:00+00:00,7,2,25,3,0,0,0,0,0,0,6,0.0,2,8,0.2,8320,11000,0.7564,116.65,0.0,0,0,0,0,0,0,26.9,5.9,0.0,0.0,1.07,0.2,52851,True
2026-03-25T08:00:00+00:00,8,2,25,3,0,0,0,0,0,0,6,0.0,2,8,0.2,8320,11000,0.7564,116.65,0.0,0,0,0,0,0,0,27.8,5.7,0.0,0.0,1.73,0.0,52851,True
2026-03-25T09:00:00+00:00,9,2,25,3,0,0,0,0,0,0,6,0.0,2,8,0.2,8320,11000,0.7564,116.65,0.0,0,0,0,0,0,0,27.9,12.8,4.5,0.2,2.47,0.0,52851,True
2026-03-25T10:00:00+00:00,10,2,25,3,0,0,0,0,0,0,6,0.0,2,8,0.2,8320,11000,0.7564,116.65,0.0,0,0,0,0,0,0,28.3,9.3,0.0,0.0,2.96,0.0,52851,True
2026-03-25T11:00:00+00:00,11,2,25,3,0,0,0,0,0,0,6,0.0,2,8,0.2,8320,11000,0.7564,116.65,0.0,0,0,0,0,0,0,29.4,7.4,0.0,0.0,3.1,0.0,52851,True
2026-03-25T12:00:00+00:00,12,2,25,3,0,0,0,0,0,0,6,0.0,2,8,0.2,8320,11000,0.7564,116.65,0.0,0,0,0,0,0,0,30.1,10.4,0.0,0.0,2.83,0.0,52851,True
2026-03-25T13:00:00+00:00,13,2,25,3,0,0,0,0,0,0,6,0.0,2,8,0.2,8320,11000,0.7564,116.65,0.0,0,0,0,0,0,0,31.8,13.5,0.0,0.0,2.44,0.0,52851,True
2026-03-25T14:00:00+00:00,14,2,25,3,0,0,0,0,0,0,6,0.0,2,8,0.2,8320,11000,0.7564,116.65,0.0,0,0,0,0,0,0,31.9,10.5,0.0,0.0,2.09,0.0,52851,True
2026-03-25T15:00:00+00:00,15,2,25,3,0,0,0,0,0,0,6,0.0,2,8,0.2,8320,11000,0.7564,116.65,0.0,0,0,0,0,0,0,30.5,16.8,0.0,0.0,1.74,0.0,52851,True
2026-03-25T16:00:00+00:00,16,2,25,3,0,0,0,0,0,0,6,0.0,2,8,0.2,8320,11000,0.7564,116.65,0.0,0,0,0,0,0,0,32.2,17.1,0.0,0.0,1.33,0.2,52851,True
2026-03-25T17:00:00+00:00,17,2,25,3,0,0,0,0,0,0,6,0.0,2,8,0.2,8320,11000,0.7564,116.65,0.0,0,0,0,0,0,0,31.2,13.1,0.0,0.0,0.93,0.4,52851,True
2026-03-25T18:00:00+00:00,18,2,25,3,0,0,0,0,0,0,6,0.0,2,8,0.2,8320,11000,0.7564,116.65,0.0,0,0,0,0,0,0,31.4,11.6,0.0,0.0,0.79,0.4,52851,True
2026-03-25T19:00:00+00:00,19,2,25,3,0,0,0,0,0,0,6,0.0,2,8,0.2,8320,11000,0.7564,116.65,0.0,0,0,0,0,0,0,29.7,15.7,0.0,0.0,0.87,0.4,52851,True
2026-03-25T20:00:00+00:00,20,2,25,3,0,0,0,0,0,0,6,0.0,2,8,0.2,8320,11000,0.7564,116.65,0.0,0,0,0,0,0,0,28.4,28.3,19.1,0.5,1.4,0.0,52851,True
2026-03-25T21:00:00+00:00,21,2,25,3,0,0,0,0,0,0,6,0.0,2,8,0.2,8320,11000,0.7564,116.65,0.0,0,0,0,0,0,0,28.7,12.0,0.0,0.0,2.13,0.0,52851,True
2026-03-25T22:00:00+00:00,22,2,25,3,0,0,0,0,0,0,6,0.0,2,8,0.2,8320,11000,0.7564,116.65,0.0,0,0,0,0,0,0,26.7,10.1,0.0,0.0,2.76,0.0,52851,True
2026-03-25T23:00:00+00:00,23,2,25,3,0,0,0,0,0,0,6,0.0,2,8,0.2,8320,11000,0.7564,116.65,0.0,0,0,0,0,0,0,26.9,15.1,0.0,0.0,3.08,0.0,52851,True
2026-03-26T00:00:00+00:00,0,3,26,3,0,0,0,0,0,0,6,0.0,2,8,0.2,8320,11000,0.7564,116.65,0.0,0,0,0,0,0,0,26.2,12.9,0.0,0.0,2.95,0.0,52851,True
2026-03-26T01:00:00+00:00,1,3,26,3,0,0,0,0,0,0,6,0.0,2,8,0.2,8320,11000,0.7564,116.65,0.0,0,0,0,0,0,0,24.3,12.0,0.0,0.0,2.64,0.0,52851,True
2026-03-26T02:00:00+00:00,2,3,26,3,0,0,0,0,0,0,6,0.0,2,8,0.2,8320,11000,0.7564,116.65,0.0,0,0,0,0,0,0,24.3,13.0,0.0,0.0,2.2,0.0,52851,True
2026-03-26T03:00:00+00:00,3,3,26,3,0,0,0,0,0,0,6,0.0,2,8,0.2,8320,11000,0.7564,116.65,0.0,0,0,0,0,0,0,23.5,10.9,0.0,0.0,1.91,0.0,52851,True
2026-03-26T04:00:00+00:00,4,3,26,3,0,0,0,0,0,0,6,0.0,2,8,0.2,8320,11000,0.7564,116.65,0.0,0,0,0,0,0,0,24.9,5.9,0.0,0.0,1.47,0.0,52851,True
2026-03-26T05:00:00+00:00,5,3,26,3,0,0,0,0,0,0,6,0.0,2,8,0.2,8320,11000,0.7564,116.65,0.0,0,0,0,0,0,0,24.0,15.9,3.7,0.2,1.11,0.2,52851,True
2026-03-26T06:00:00+00:00,6,3,26,3,0,0,0,0,0,0,6,0.0,2,8,0.2,8320,11000,0.7564,116.65,0.0,0,0,0,0,0,0,25.0,7.9,0.0,0.0,0.77,0.4,52851,True
2026-03-26T07:00:00+00:00,7,3,26,3,0,0,0,0,0,0,6,0.0,2,8,0.2,8320,11000,0.7564,116.65,0.0,0,0,0,0,0,0,26.2,10.5,0.0,0.0,0.77,0.4,52851,True
2026-03-26T08:00:00+00:00,8,3,26,3,0,0,0,0,0,0,6,0.0,2,8,0.2,8320,11000,0.7564,116.65,0.0,0,0,0,0,0,0,27.5,5.8,0.0,0.0,1.14,0.2,52851,True
2026-03-26T09:00:00+00:00,9,3,26,3,0,0,0,0,0,0,6,0.0,2,8,0.2,8320,11000,0.7564,116.65,0.0,0,0,0,0,0,0,27.6,8.7,0.0,0.0,1.79,0.0,52851,True
2026-03-26T10:00:00+00:00,10,3,26,3,0,0,0,0,0,0,6,0.0,2,8,0.2,8320,11000,0.7564,116.65,0.0,0,0,0,0,0,0,29.8,6.7,0.0,0.0,2.54,0.0,52851,True
2026-03-26T11:00:00+00:00,11,3,26,3,0,0,0,0,0,0,6,0.0,2,8,0.2,8320,11000,0.7564,116.65,0.0,0,0,0,0,0,0,29.7,13.0,0.0,0.0,2.98,0.0,52851,True
2026-03-26T12:00:00+00:00,12,3,26,3,0,0,0,0,0,0,6,0.0,2,8,0.2,8320,11000,0.7564,116.65,0.0,0,0,0,0,0,0,29.7,9.3,0.0,0.0,3.08,0.0,52851,True
2026-03-26T13:00:00+00:00,13,3,26,3,0,0,0,0,0,0,6,0.0,2,8,0.2,8320,11000,0.7564,116.65,0.0,0,0,0,0,0,0,30.4,15.1,0.0,0.0,2.74,0.0,52851,True
2026-03-26T14:00:00+00:00,14,3,26,3,0,0,0,0,0,0,6,0.0,2,8,0.2,8320,11000,0.7564,116.65,0.0,0,0,0,0,0,0,30.8,15.9,0.0,0.0,2.39,0.0,52851,True
2026-03-26T15:00:00+00:00,15,3,26,3,0,0,0,0,0,0,6,0.0,2,8,0.2,8320,11000,0.7564,116.65,0.0,0,0,0,0,0,0,30.7,14.6,0.0,0.0,2.02,0.0,52851,True
2026-03-26T16:00:00+00:00,16,3,26,3,0,0,0,0,0,0,6,0.0,2,8,0.2,8320,11000,0.7564,116.65,0.0,0,0,0,0,0,0,31.4,13.8,0.0,0.0,1.7,0.0,52851,True
2026-03-26T17:00:00+00:00,17,3,26,3,0,0,0,0,0,0,6,0.0,2,8,0.2,8320,11000,0.7564,116.65,0.0,0,0,0,0,0,0,30.7,11.6,0.0,0.0,1.32,0.2,52851,True
2026-03-26T18:00:00+00:00,18,3,26,3,0,0,0,0,0,0,6,0.0,2,8,0.2,8320,11000,0.7564,116.65,0.0,0,0,0,0,0,0,30.9,31.2,21.8,0.5,0.94,0.4,52851,True
2026-03-26T19:00:00+00:00,19,3,26,3,0,0,0,0,0,0,6,0.0,2,8,0.2,8320,11000,0.7564,116.65,0.0,0,0,0,0,0,0,30.5,15.0,0.0,0.0,0.7,0.4,52851,True
2026-03-26T20:00:00+00:00,20,3,26,3,0,0,0,0,0,0,6,0.0,2,8,0.2,8320,11000,0.7564,116.65,0.0,0,0,0,0,0,0,29.0,12.3,0.0,0.0,0.95,0.4,52851,True
2026-03-26T21:00:00+00:00,21,3,26,3,0,0,0,0,0,0,6,0.0,2,8,0.2,8320,11000,0.7564,116.65,0.0,0,0,0,0,0,0,27.4,16.3,0.0,0.0,1.54,0.0,52851,True
2026-03-26T22:00:00+00:00,22,3,26,3,0,0,0,0,0,0,6,0.0,2,8,0.2,8320,11000,0.7564,116.65,0.0,0,0,0,0,0,0,27.1,14.5,0.0,0.0,2.2,0.0,52851,True
2026-03-26T23:00:00+00:00,23,3,26,3,0,0,0,0,0,0,6,0.0,2,8,0.2,8320,11000,0.7564,116.65,0.0,0,0,0,0,0,0,26.0,13.7,0.0,0.0,2.87,0.0,52851,True
2026-03-27T00:00:00+00:00,0,4,27,3,0,0,0,0,0,0,6,0.0,2,8,0.2,8320,11000,0.7564,116.65,0.0,0,0,0,0,0,0,26.5,24.7,16.9,0.5,3.11,0.0,52851,True
2026-03-27T01:00:00+00:00,1,4,27,3,0,0,0,0,0,0,6,0.0,2,8,0.2,8320,11000,0.7564,116.65,0.0,0,0,0,0,0,0,24.0,10.7,0.0,0.0,2.96,0.0,52851,True
2026-03-27T02:00:00+00:00,2,4,27,3,0,0,0,0,0,0,6,0.0,2,8,0.2,8320,11000,0.7564,116.65,0.0,0,0,0,0,0,0,24.4,10.5,0.0,0.0,2.58,0.0,52851,True
2026-03-27T03:00:00+00:00,3,4,27,3,0,0,0,0,0,0,6,0.0,2,8,0.2,8320,11000,0.7564,116.65,0.0,0,0,0,0,0,0,24.4,12.0,0.0,0.0,2.13,0.0,52851,True
2026-03-27T04:00:00+00:00,4,4,27,3,0,0,0,0,0,0,6,0.0,2,8,0.2,8320,11000,0.7564,116.65,0.0,0,0,0,0,0,0,25.5,19.5,11.9,0.5,1.84,0.0,52851,True
2026-03-27T05:00:00+00:00,5,4,27,3,0,0,0,0,0,0,6,0.0,2,8,0.2,8320,11000,0.7564,116.65,0.0,0,0,0,0,0,0,25.8,9.5,0.0,0.0,1.39,0.2,52851,True
2026-03-27T06:00:00+00:00,6,4,27,3,0,0,0,0,0,0,6,0.0,2,8,0.2,8320,11000,0.7564,116.65,0.0,0,0,0,0,0,0,26.4,5.8,0.0,0.0,1.1,0.2,52851,True
2026-03-27T07:00:00+00:00,7,4,27,3,0,0,0,0,0,0,6,0.0,2,8,0.2,8320,11000,0.7564,116.65,0.0,0,0,0,0,0,0,25.3,5.9,0.0,0.0,0.82,0.4,52851,True
2026-03-27T08:00:00+00:00,8,4,27,3,0,0,0,0,0,0,6,0.0,2,8,0.2,8320,11000,0.7564,116.65,0.0,0,0,0,0,0,0,27.7,20.5,17.1,0.5,0.79,0.4,52851,True
2026-03-27T09:00:00+00:00,9,4,27,3,0,0,0,0,0,0,6,0.0,2,8,0.2,8320,11000,0.7564,116.65,0.0,0,0,0,0,0,0,28.1,32.6,44.9,0.85,1.21,0.2,52851,True
2026-03-27T10:00:00+00:00,10,4,27,3,0,0,0,0,0,0,6,0.0,2,8,0.2,8320,11000,0.7564,116.65,0.0,0,0,0,0,0,0,28.2,6.7,0.0,0.0,1.95,0.0,52851,True
2026-03-27T11:00:00+00:00,11,4,27,3,0,0,0,0,0,0,6,0.0,2,8,0.2,8320,11000,0.7564,116.65,0.0,0,0,0,0,0,0,30.1,10.9,0.0,0.0,2.6,0.0,52851,True
2026-03-27T12:00:00+00:00,12,4,27,3,0,0,0,0,0,0,6,0.0,2,8,0.2,8320,11000,0.7564,116.65,0.0,0,0,0,0,0,0,30.5,8.3,0.0,0.0,3.04,0.0,52851,True
2026-03-27T13:00:00+00:00,13,4,27,3,0,0,0,0,0,0,6,0.0,2,8,0.2,8320,11000,0.7564,116.65,0.0,0,0,0,0,0,0,30.3,36.0,22.6,0.85,3.05,0.0,52851,True
2026-03-27T14:00:00+00:00,14,4,27,3,0,0,0,0,0,0,6,0.0,2,8,0.2,8320,11000,0.7564,116.65,0.0,0,0,0,0,0,0,31.9,13.7,0.0,0.0,2.7,0.0,52851,True
2026-03-27T15:00:00+00:00,15,4,27,3,0,0,0,0,0,0,6,0.0,2,8,0.2,8320,11000,0.7564,116.65,0.0,0,0,0,0,0,0,32.4,13.3,0.0,0.0,2.31,0.0,52851,True
2026-03-27T16:00:00+00:00,16,4,27,3,0,0,0,0,0,0,6,0.0,2,8,0.2,8320,11000,0.7564,116.65,0.0,0,0,0,0,0,0,31.1,15.5,0.0,0.0,1.94,0.0,52851,True
2026-03-27T17:00:00+00:00,17,4,27,3,0,0,0,0,0,0,6,0.0,2,8,0.2,8320,11000,0.7564,116.65,0.0,0,0,0,0,0,0,31.2,32.1,42.5,0.85,1.63,0.0,52851,True
2026-03-27T18:00:00+00:00,18,4,27,3,0,0,0,0,0,0,6,0.0,2,8,0.2,8320,11000,0.7564,116.65,0.0,0,0,0,0,0,0,30.3,17.0,0.0,0.0,1.22,0.2,52851,True
2026-03-27T19:00:00+00:00,19,4,27,3,0,0,0,0,0,0,6,0.0,2,8,0.2,8320,11000,0.7564,116.65,0.0,0,0,0,0,0,0,30.2,14.1,0.0,0.0,0.85,0.4,52851,True
2026-03-27T20:00:00+00:00,20,4,27,3,0,0,0,0,0,0,6,0.0,2,8,0.2,8320,11000,0.7564,116.65,0.0,0,0,0,0,0,0,29.2,18.1,2.6,0.2,0.78,0.4,52851,True
2026-03-27T21:00:00+00:00,21,4,27,3,0,0,0,0,0,0,6,0.0,2,8,0.2,8320,11000,0.7564,116.65,0.0,0,0,0,0,0,0,28.6,13.8,0.0,0.0,1.03,0.2,52851,True
2026-03-27T22:00:00+00:00,22,4,27,3,0,0,0,0,0,0,6,0.0,2,8,0.2,8320,11000,0.7564,116.65,0.0,0,0,0,0,0,0,27.2,13.4,0.0,0.0,1.66,0.0,52851,True
2026-03-27T23:00:00+00:00,23,4,27,3,0,0,0,0,0,0,6,0.0,2,8,0.2,8320,11000,0.7564,116.65,0.0,0,0,0,0,0,0,26.2,12.3,0.0,0.0,2.32,0.0,52851,True
2026-03-28T00:00:00+00:00,0,5,28,3,1,0,0,0,0,0,6,0.0,2,8,0.2,8320,11000,0.7564,116.65,0.0,0,0,0,0,0,0,25.4,9.7,0.0,0.0,2.93,0.0,52851,True
2026-03-28T01:00:00+00:00,1,5,28,3,1,0,0,0,0,0,6,0.0,2,8,0.2,8320,11000,0.7564,116.65,0.0,0,0,0,0,0,0,25.2,12.0,0.0,0.0,3.02,0.0,52851,True
2026-03-28T02:00:00+00:00,2,5,28,3,1,0,0,0,0,0,6,0.0,2,8,0.2,8320,11000,0.7564,116.65,0.0,0,0,0,0,0,0,24.1,8.1,0.0,0.0,2.84,0.0,52851,True
2026-03-28T03:00:00+00:00,3,5,28,3,1,0,0,0,0,0,6,0.0,2,8,0.2,8320,11000,0.7564,116.65,0.0,0,0,0,0,0,0,24.4,6.7,0.0,0.0,2.48,0.0,52851,True
2026-03-28T04:00:00+00:00,4,5,28,3,1,0,0,0,0,0,6,0.0,2,8,0.2,8320,11000,0.7564,116.65,0.0,0,0,0,0,0,0,25.3,15.3,3.5,0.2,2.06,0.0,52851,True
2026-03-28T05:00:00+00:00,5,5,28,3,1,0,0,0,0,0,6,0.0,2,8,0.2,8320,11000,0.7564,116.65,0.0,0,0,0,0,0,0,24.7,8.5,0.0,0.0,1.79,0.0,52851,True
2026-03-28T06:00:00+00:00,6,5,28,3,1,0,0,0,0,0,6,0.0,2,8,0.2,8320,11000,0.7564,116.65,0.0,0,0,0,0,0,0,26.4,9.0,0.0,0.0,1.34,0.2,52851,True
2026-03-28T07:00:00+00:00,7,5,28,3,1,0,0,0,0,0,6,0.0,2,8,0.2,8320,11000,0.7564,116.65,0.0,0,0,0,0,0,0,25.3,9.5,0.0,0.0,0.96,0.4,52851,True
2026-03-28T08:00:00+00:00,8,5,28,3,1,0,0,0,0,0,6,0.0,2,8,0.2,8320,11000,0.7564,116.65,0.0,0,0,0,0,0,0,27.2,5.7,0.0,0.0,0.75,0.4,52851,True
2026-03-28T09:00:00+00:00,9,5,28,3,1,0,0,0,0,0,6,0.0,2,8,0.2,8320,11000,0.7564,116.65,0.0,0,0,0,0,0,0,28.0,11.0,0.0,0.0,0.82,0.4,52851,True
2026-03-28T10:00:00+00:00,10,5,28,3,1,0,0,0,0,0,6,0.0,2,8,0.2,8320,11000,0.7564,116.65,0.0,0,0,0,0,0,0,28.4,26.1,10.6,0.5,1.3,0.2,52851,True
2026-03-28T11:00:00+00:00,11,5,28,3,1,0,0,0,0,0,6,0.0,2,8,0.2,8320,11000,0.7564,116.65,0.0,0,0,0,0,0,0,29.8,10.7,0.0,0.0,2.06,0.0,52851,True
2026-03-28T12:00:00+00:00,12,5,28,3,1,0,0,0,0,0,6,0.0,2,8,0.2,8320,11000,0.7564,116.65,0.0,0,0,0,0,0,0,29.8,9.1,0.0,0.0,2.7,0.0,52851,True
2026-03-28T13:00:00+00:00,13,5,28,3,1,0,0,0,0,0,6,0.0,2,8,0.2,8320,11000,0.7564,116.65,0.0,0,0,0,0,0,0,30.4,19.7,7.8,0.2,3.04,0.0,52851,True
2026-03-28T14:00:00+00:00,14,5,28,3,1,0,0,0,0,0,6,0.0,2,8,0.2,8320,11000,0.7564,116.65,0.0,0,0,0,0,0,0,30.8,12.6,0.0,0.0,3.01,0.0,52851,True
2026-03-28T15:00:00+00:00,15,5,28,3,1,0,0,0,0,0,6,0.0,2,8,0.2,8320,11000,0.7564,116.65,0.0,0,0,0,0,0,0,32.3,10.2,0.0,0.0,2.66,0.0,52851,True
2026-03-28T16:00:00+00:00,16,5,28,3,1,0,0,0,0,0,6,0.0,2,8,0.2,8320,11000,0.7564,116.65,0.0,0,0,0,0,0,0,31.8,16.3,0.0,0.0,2.26,0.0,52851,True
2026-03-28T17:00:00+00:00,17,5,28,3,1,0,0,0,0,0,6,0.0,2,8,0.2,8320,11000,0.7564,116.65,0.0,0,0,0,0,0,0,31.3,11.3,0.0,0.0,1.9,0.0,52851,True
2026-03-28T18:00:00+00:00,18,5,28,3,1,0,0,0,0,0,6,0.0,2,8,0.2,8320,11000,0.7564,116.65,0.0,0,0,0,0,0,0,30.8,16.1,0.0,0.0,1.53,0.0,52851,True
2026-03-28T19:00:00+00:00,19,5,28,3,1,0,0,0,0,0,6,0.0,2,8,0.2,8320,11000,0.7564,116.65,0.0,0,0,0,0,0,0,29.7,12.3,0.0,0.0,1.18,0.2,52851,True
2026-03-28T20:00:00+00:00,20,5,28,3,1,0,0,0,0,0,6,0.0,2,8,0.2,8320,11000,0.7564,116.65,0.0,0,0,0,0,0,0,28.3,15.1,0.0,0.0,0.83,0.4,52851,True
2026-03-28T21:00:00+00:00,21,5,28,3,1,0,0,0,0,0,6,0.0,2,8,0.2,8320,11000,0.7564,116.65,0.0,0,0,0,0,0,0,28.8,10.7,0.0,0.0,0.75,0.4,52851,True
2026-03-28T22:00:00+00:00,22,5,28,3,1,0,0,0,0,0,6,0.0,2,8,0.2,8320,11000,0.7564,116.65,0.0,0,0,0,0,0,0,26.2,13.6,0.0,0.0,1.04,0.2,52851,True
2026-03-28T23:00:00+00:00,23,5,28,3,1,0,0,0,0,0,6,0.0,2,8,0.2,8320,11000,0.7564,116.65,0.0,0,0,0,0,0,0,25.4,24.9,14.6,0.5,1.7,0.0,52851,True
2026-03-29T00:00:00+00:00,0,6,29,3,1,0,0,0,0,0,6,0.0,2,8,0.2,8320,11000,0.7564,116.65,0.0,0,0,0,0,0,0,25.8,29.3,12.4,0.5,2.49,0.0,52851,True
2026-03-29T01:00:00+00:00,1,6,29,3,1,0,0,0,0,0,6,0.0,2,8,0.2,8320,11000,0.7564,116.65,0.0,0,0,0,0,0,0,24.7,13.0,0.0,0.0,2.99,0.0,52851,True
2026-03-29T02:00:00+00:00,2,6,29,3,1,0,0,0,0,0,6,0.0,2,8,0.2,8320,11000,0.7564,116.65,0.0,0,0,0,0,0,0,24.7,16.6,3.6,0.2,3.01,0.0,52851,True
2026-03-29T03:00:00+00:00,3,6,29,3,1,0,0,0,0,0,6,0.0,2,8,0.2,8320,11000,0.7564,116.65,0.0,0,0,0,0,0,0,25.3,24.8,10.8,0.5,2.8,0.0,52851,True
2026-03-29T04:00:00+00:00,4,6,29,3,1,0,0,0,0,0,6,0.0,2,8,0.2,8320,11000,0.7564,116.65,0.0,0,0,0,0,0,0,25.2,9.6,0.0,0.0,2.46,0.0,52851,True
2026-03-29T05:00:00+00:00,5,6,29,3,1,0,0,0,0,0,6,0.0,2,8,0.2,8320,11000,0.7564,116.65,0.0,0,0,0,0,0,0,24.5,27.9,22.7,0.85,2.04,0.0,52851,True
2026-03-29T06:00:00+00:00,6,6,29,3,1,0,0,0,0,0,6,0.0,2,8,0.2,8320,11000,0.7564,116.65,0.0,0,0,0,0,0,0,25.6,9.5,0.0,0.0,1.7,0.0,52851,True
2026-03-29T07:00:00+00:00,7,6,29,3,1,0,0,0,0,0,6,0.0,2,8,0.2,8320,11000,0.7564,116.65,0.0,0,0,0,0,0,0,26.5,5.9,0.0,0.0,1.3,0.2,52851,True
2026-03-29T08:00:00+00:00,8,6,29,3,1,0,0,0,0,0,6,0.0,2,8,0.2,8320,11000,0.7564,116.65,0.0,0,0,0,0,0,0,27.8,9.5,0.0,0.0,0.99,0.4,52851,True
2026-03-29T09:00:00+00:00,9,6,29,3,1,0,0,0,0,0,6,0.0,2,8,0.2,8320,11000,0.7564,116.65,0.0,0,0,0,0,0,0,27.6,9.6,0.0,0.0,0.71,0.4,52851,True
2026-03-29T10:00:00+00:00,10,6,29,3,1,0,0,0,0,0,6,0.0,2,8,0.2,8320,11000,0.7564,116.65,0.0,0,0,0,0,0,0,28.1,7.1,0.0,0.0,0.88,0.4,52851,True
2026-03-29T11:00:00+00:00,11,6,29,3,1,0,0,0,0,0,6,0.0,2,8,0.2,8320,11000,0.7564,116.65,0.0,0,0,0,0,0,0,29.1,10.4,0.0,0.0,1.38,0.2,52851,True
2026-03-29T12:00:00+00:00,12,6,29,3,1,0,0,0,0,0,6,0.0,2,8,0.2,8320,11000,0.7564,116.65,0.0,0,0,0,0,0,0,31.2,13.9,0.0,0.0,2.19,0.0,52851,True
2026-03-29T13:00:00+00:00,13,6,29,3,1,0,0,0,0,0,6,0.0,2,8,0.2,8320,11000,0.7564,116.65,0.0,0,0,0,0,0,0,31.4,11.5,0.0,0.0,2.83,0.0,52851,True
2026-03-29T14:00:00+00:00,14,6,29,3,1,0,0,0,0,0,6,0.0,2,8,0.2,8320,11000,0.7564,116.65,0.0,0,0,0,0,0,0,32.2,11.5,0.0,0.0,3.1,0.0,52851,True
2026-03-29T15:00:00+00:00,15,6,29,3,1,0,0,0,0,0,6,0.0,2,8,0.2,8320,11000,0.7564,116.65,0.0,0,0,0,0,0,0,30.9,11.0,0.0,0.0,2.91,0.0,52851,True
2026-03-29T16:00:00+00:00,16,6,29,3,1,0,0,0,0,0,6,0.0,2,8,0.2,8320,11000,0.7564,116.65,0.0,0,0,0,0,0,0,32.0,15.0,0.0,0.0,2.55,0.0,52851,True
2026-03-29T17:00:00+00:00,17,6,29,3,1,0,0,0,0,0,6,0.0,2,8,0.2,8320,11000,0.7564,116.65,0.0,0,0,0,0,0,0,30.5,12.9,0.0,0.0,2.17,0.0,52851,True
2026-03-29T18:00:00+00:00,18,6,29,3,1,0,0,0,0,0,6,0.0,2,8,0.2,8320,11000,0.7564,116.65,0.0,0,0,0,0,0,0,31.0,12.7,0.0,0.0,1.83,0.0,52851,True
2026-03-29T19:00:00+00:00,19,6,29,3,1,0,0,0,0,0,6,0.0,2,8,0.2,8320,11000,0.7564,116.65,0.0,0,0,0,0,0,0,29.5,11.3,0.0,0.0,1.47,0.0,52851,True
2026-03-29T20:00:00+00:00,20,6,29,3,1,0,0,0,0,0,6,0.0,2,8,0.2,8320,11000,0.7564,116.65,0.0,0,0,0,0,0,0,28.6,17.1,0.0,0.0,1.09,0.2,52851,True
2026-03-29T21:00:00+00:00,21,6,29,3,1,0,0,0,0,0,6,0.0,2,8,0.2,8320,11000,0.7564,116.65,0.0,0,0,0,0,0,0,28.3,13.0,0.0,0.0,0.82,0.4,52851,True
2026-03-29T22:00:00+00:00,22,6,29,3,1,0,0,0,0,0,6,0.0,2,8,0.2,8320,11000,0.7564,116.65,0.0,0,0,0,0,0,0,27.2,22.5,8.0,0.2,0.79,0.4,52851,True
2026-03-29T23:00:00+00:00,23,6,29,3,1,0,0,0,0,0,6,0.0,2,8,0.2,8320,11000,0.7564,116.65,0.0,0,0,0,0,0,0,25.9,9.3,0.0,0.0,1.15,0.2,52851,True
2026-03-30T00:00:00+00:00,0,0,30,3,0,0,0,0,0,0,6,0.0,2,8,0.2,8320,11000,0.7564,116.65,0.0,0,0,0,0,0,0,26.0,13.3,2.6,0.2,1.9,0.0,52851,True
2026-03-30T01:00:00+00:00,1,0,30,3,0,0,0,0,0,0,6,0.0,2,8,0.2,8320,11000,0.7564,116.65,0.0,0,0,0,0,0,0,25.0,13.6,0.0,0.0,2.58,0.0,52851,True
2026-03-30T02:00:00+00:00,2,0,30,3,0,0,0,0,0,0,6,0.0,2,8,0.2,8320,11000,0.7564,116.65,0.0,0,0,0,0,0,0,25.3,10.2,0.0,0.0,2.99,0.0,52851,True
2026-03-30T03:00:00+00:00,3,0,30,3,0,0,0,0,0,0,6,0.0,2,8,0.2,8320,11000,0.7564,116.65,0.0,0,0,0,0,0,0,23.7,15.0,6.4,0.2,2.99,0.0,52851,True
2026-03-30T04:00:00+00:00,4,0,30,3,0,0,0,0,0,0,6,0.0,2,8,0.2,8320,11000,0.7564,116.65,0.0,0,0,0,0,0,0,25.6,9.6,0.0,0.0,2.72,0.0,52851,True
2026-03-30T05:00:00+00:00,5,0,30,3,0,0,0,0,0,0,6,0.0,2,8,0.2,8320,11000,0.7564,116.65,0.0,0,0,0,0,0,0,24.8,10.4,0.0,0.0,2.32,0.0,52851,True
2026-03-30T06:00:00+00:00,6,0,30,3,0,0,0,0,0,0,6,0.0,2,8,0.2,8320,11000,0.7564,116.65,0.0,0,0,0,0,0,0,25.8,5.7,0.0,0.0,2.0,0.0,52851,True
2026-03-30T07:00:00+00:00,7,0,30,3,0,0,0,0,0,0,6,0.0,2,8,0.2,8320,11000,0.7564,116.65,0.0,0,0,0,0,0,0,25.6,5.5,0.0,0.0,1.63,0.0,52851,True
2026-03-30T08:00:00+00:00,8,0,30,3,0,0,0,0,0,0,6,0.0,2,8,0.2,8320,11000,0.7564,116.65,0.0,0,0,0,0,0,0,26.7,14.9,2.7,0.2,1.21,0.2,52851,True
2026-03-30T09:00:00+00:00,9,0,30,3,0,0,0,0,0,0,6,0.0,2,8,0.2,8320,11000,0.7564,116.65,0.0,0,0,0,0,0,0,27.3,10.0,0.0,0.0,0.86,0.4,52851,True
2026-03-30T10:00:00+00:00,10,0,30,3,0,0,0,0,0,0,6,0.0,2,8,0.2,8320,11000,0.7564,116.65,0.0,0,0,0,0,0,0,28.5,8.5,0.0,0.0,0.73,0.4,52851,True
2026-03-30T11:00:00+00:00,11,0,30,3,0,0,0,0,0,0,6,0.0,2,8,0.2,8320,11000,0.7564,116.65,0.0,0,0,0,0,0,0,29.8,9.8,0.0,0.0,0.99,0.4,52851,True
2026-03-30T12:00:00+00:00,12,0,30,3,0,0,0,0,0,0,6,0.0,2,8,0.2,8320,11000,0.7564,116.65,0.0,0,0,0,0,0,0,30.6,12.1,0.0,0.0,1.54,0.0,52851,True
2026-03-30T13:00:00+00:00,13,0,30,3,0,0,0,0,0,0,6,0.0,2,8,0.2,8320,11000,0.7564,116.65,0.0,0,0,0,0,0,0,30.7,15.3,6.3,0.2,2.24,0.0,52851,True
2026-03-30T14:00:00+00:00,14,0,30,3,0,0,0,0,0,0,6,0.0,2,8,0.2,8320,11000,0.7564,116.65,0.0,0,0,0,0,0,0,30.5,9.9,0.0,0.0,2.91,0.0,52851,True
2026-03-30T15:00:00+00:00,15,0,30,3,0,0,0,0,0,0,6,0.0,2,8,0.2,8320,11000,0.7564,116.65,0.0,0,0,0,0,0,0,31.9,13.2,0.0,0.0,3.08,0.0,52851,True
2026-03-30T16:00:00+00:00,16,0,30,3,0,0,0,0,0,0,6,0.0,2,8,0.2,8320,11000,0.7564,116.65,0.0,0,0,0,0,0,0,31.4,13.4,0.0,0.0,2.88,0.0,52851,True
2026-03-30T17:00:00+00:00,17,0,30,3,0,0,0,0,0,0,6,0.0,2,8,0.2,8320,11000,0.7564,116.65,0.0,0,0,0,0,0,0,31.4,26.6,11.5,0.5,2.54,0.0,52851,True
2026-03-30T18:00:00+00:00,18,0,30,3,0,0,0,0,0,0,6,0.0,2,8,0.2,8320,11000,0.7564,116.65,0.0,0,0,0,0,0,0,30.8,17.6,0.0,0.0,2.15,0.0,52851,True
2026-03-30T19:00:00+00:00,19,0,30,3,0,0,0,0,0,0,6,0.0,2,8,0.2,8320,11000,0.7564,116.65,0.0,0,0,0,0,0,0,29.4,12.8,0.0,0.0,1.82,0.0,52851,True
2026-03-30T20:00:00+00:00,20,0,30,3,0,0,0,0,0,0,6,0.0,2,8,0.2,8320,11000,0.7564,116.65,0.0,0,0,0,0,0,0,29.7,12.8,0.0,0.0,1.45,0.0,52851,True
2026-03-30T21:00:00+00:00,21,0,30,3,0,0,0,0,0,0,6,0.0,2,8,0.2,8320,11000,0.7564,116.65,0.0,0,0,0,0,0,0,28.1,16.4,5.1,0.2,1.05,0.2,52851,True
2026-03-30T22:00:00+00:00,22,0,30,3,0,0,0,0,0,0,6,0.0,2,8,0.2,8320,11000,0.7564,116.65,0.0,0,0,0,0,0,0,26.8,15.3,0.0,0.0,0.74,0.4,52851,True
2026-03-30T23:00:00+00:00,23,0,30,3,0,0,0,0,0,0,6,0.0,2,8,0.2,8320,11000,0.7564,116.65,0.0,0,0,0,0,0,0,27.2,10.8,0.0,0.0,0.77,0.4,52851,True
2026-03-31T00:00:00+00:00,0,1,31,3,0,0,0,0,0,0,6,0.0,2,8,0.2,8320,11000,0.7564,116.65,0.0,0,0,0,0,0,0,26.5,26.1,18.8,0.5,1.22,0.2,52851,True
2026-03-31T01:00:00+00:00,1,1,31,3,0,0,0,0,0,0,6,0.0,2,8,0.2,8320,11000,0.7564,116.65,0.0,0,0,0,0,0,0,24.8,13.1,0.0,0.0,2.01,0.0,52851,True
2026-03-31T02:00:00+00:00,2,1,31,3,0,0,0,0,0,0,6,0.0,2,8,0.2,8320,11000,0.7564,116.65,0.0,0,0,0,0,0,0,23.9,13.5,0.0,0.0,2.63,0.0,52851,True
2026-03-31T03:00:00+00:00,3,1,31,3,0,0,0,0,0,0,6,0.0,2,8,0.2,8320,11000,0.7564,116.65,0.0,0,0,0,0,0,0,25.4,19.2,4.6,0.2,3.07,0.0,52851,True
2026-03-31T04:00:00+00:00,4,1,31,3,0,0,0,0,0,0,6,0.0,2,8,0.2,8320,11000,0.7564,116.65,0.0,0,0,0,0,0,0,24.4,34.9,24.9,0.85,3.02,0.0,52851,True
2026-03-31T05:00:00+00:00,5,1,31,3,0,0,0,0,0,0,6,0.0,2,8,0.2,8320,11000,0.7564,116.65,0.0,0,0,0,0,0,0,25.3,10.4,0.0,0.0,2.73,0.0,52851,True
2026-03-31T06:00:00+00:00,6,1,31,3,0,0,0,0,0,0,6,0.0,2,8,0.2,8320,11000,0.7564,116.65,0.0,0,0,0,0,0,0,26.3,10.0,0.0,0.0,2.32,0.0,52851,True
2026-03-31T07:00:00+00:00,7,1,31,3,0,0,0,0,0,0,6,0.0,2,8,0.2,8320,11000,0.7564,116.65,0.0,0,0,0,0,0,0,27.2,10.0,0.0,0.0,1.91,0.0,52851,True
2026-03-31T08:00:00+00:00,8,1,31,3,0,0,0,0,0,0,6,0.0,2,8,0.2,8320,11000,0.7564,116.65,0.0,0,0,0,0,0,0,27.8,5.9,0.0,0.0,1.54,0.0,52851,True
2026-03-31T09:00:00+00:00,9,1,31,3,0,0,0,0,0,0,6,0.0,2,8,0.2,8320,11000,0.7564,116.65,0.0,0,0,0,0,0,0,28.6,20.8,3.3,0.2,1.21,0.2,52851,True
2026-03-31T10:00:00+00:00,10,1,31,3,0,0,0,0,0,0,6,0.0,2,8,0.2,8320,11000,0.7564,116.65,0.0,0,0,0,0,0,0,29.6,6.6,0.0,0.0,0.87,0.4,52851,True
2026-03-31T11:00:00+00:00,11,1,31,3,0,0,0,0,0,0,6,0.0,2,8,0.2,8320,11000,0.7564,116.65,0.0,0,0,0,0,0,0,29.9,13.3,0.0,0.0,0.73,0.4,52851,True
2026-03-31T12:00:00+00:00,12,1,31,3,0,0,0,0,0,0,6,0.0,2,8,0.2,8320,11000,0.7564,116.65,0.0,0,0,0,0,0,0,31.1,18.9,4.6,0.2,1.0,0.2,52851,True
2026-03-31T13:00:00+00:00,13,1,31,3,0,0,0,0,0,0,6,0.0,2,8,0.2,8320,11000,0.7564,116.65,0.0,0,0,0,0,0,0,31.5,13.4,0.0,0.0,1.65,0.0,52851,True
2026-03-31T14:00:00+00:00,14,1,31,3,0,0,0,0,0,0,6,0.0,2,8,0.2,8320,11000,0.7564,116.65,0.0,0,0,0,0,0,0,31.6,12.9,0.0,0.0,2.37,0.0,52851,True
2026-03-31T15:00:00+00:00,15,1,31,3,0,0,0,0,0,0,6,0.0,2,8,0.2,8320,11000,0.7564,116.65,0.0,0,0,0,0,0,0,32.4,15.1,0.0,0.0,2.95,0.0,52851,True
2026-03-31T16:00:00+00:00,16,1,31,3,0,0,0,0,0,0,6,0.0,2,8,0.2,8320,11000,0.7564,116.65,0.0,0,0,0,0,0,0,31.8,12.1,0.0,0.0,3.02,0.0,52851,True
2026-03-31T17:00:00+00:00,17,1,31,3,0,0,0,0,0,0,6,0.0,2,8,0.2,8320,11000,0.7564,116.65,0.0,0,0,0,0,0,0,30.4,17.4,0.0,0.0,2.82,0.0,52851,True
2026-03-31T18:00:00+00:00,18,1,31,3,0,0,0,0,0,0,6,0.0,2,8,0.2,8320,11000,0.7564,116.65,0.0,0,0,0,0,0,0,30.8,17.8,0.0,0.0,2.5,0.0,52851,True
2026-03-31T19:00:00+00:00,19,1,31,3,0,0,0,0,0,0,6,0.0,2,8,0.2,8320,11000,0.7564,116.65,0.0,0,0,0,0,0,0,29.7,15.5,0.0,0.0,2.07,0.0,52851,True
2026-03-31T20:00:00+00:00,20,1,31,3,0,0,0,0,0,0,6,0.0,2,8,0.2,8320,11000,0.7564,116.65,0.0,0,0,0,0,0,0,29.9,17.0,0.0,0.0,1.71,0.0,52851,True
2026-03-31T21:00:00+00:00,21,1,31,3,0,0,0,0,0,0,6,0.0,2,8,0.2,8320,11000,0.7564,116.65,0.0,0,0,0,0,0,0,27.5,16.4,0.0,0.0,1.3,0.2,52851,True
2026-03-31T22:00:00+00:00,22,1,31,3,0,0,0,0,0,0,6,0.0,2,8,0.2,8320,11000,0.7564,116.65,0.0,0,0,0,0,0,0,26.3,13.8,0.0,0.0,0.99,0.4,52851,True
2026-03-31T23:00:00+00:00,23,1,31,3,0,0,0,0,0,0,6,0.0,2,8,0.2,8320,11000,0.7564,116.65,0.0,0,0,0,0,0,0,26.9,13.9,0.0,0.0,0.74,0.4,52851,True
2026-04-01T00:00:00+00:00,0,2,1,4,0,0,0,0,0,0,6,0.0,2,8,0.2,8320,11000,0.7564,116.65,0.0,0,0,0,0,0,0,25.9,12.6,0.0,0.0,0.9,0.4,52851,True
2026-04-01T01:00:00+00:00,1,2,1,4,0,0,0,0,0,0,6,0.0,2,8,0.2,8320,11000,0.7564,116.65,0.0,0,0,0,0,0,0,24.9,15.1,7.1,0.2,1.4,0.0,52851,True
2026-04-01T02:00:00+00:00,2,2,1,4,0,0,0,0,0,0,6,0.0,2,8,0.2,8320,11000,0.7564,116.65,0.0,0,0,0,0,0,0,24.4,11.6,0.0,0.0,2.08,0.0,52851,True
2026-04-01T03:00:00+00:00,3,2,1,4,0,0,0,0,0,0,6,0.0,2,8,0.2,8320,11000,0.7564,116.65,0.0,0,0,0,0,0,0,24.1,7.9,0.0,0.0,2.71,0.0,52851,True
2026-04-01T04:00:00+00:00,4,2,1,4,0,0,0,0,0,0,6,0.0,2,8,0.2,8320,11000,0.7564,116.65,0.0,0,0,0,0,0,0,25.4,6.8,0.0,0.0,3.06,0.0,52851,True
2026-04-01T05:00:00+00:00,5,2,1,4,0,0,0,0,0,0,6,0.0,2,8,0.2,8320,11000,0.7564,116.65,0.0,0,0,0,0,0,0,24.8,18.4,5.3,0.2,2.92,0.0,52851,True
2026-04-01T06:00:00+00:00,6,2,1,4,0,0,0,0,0,0,6,0.0,2,8,0.2,8320,11000,0.7564,116.65,0.0,0,0,0,0,0,0,25.7,5.5,0.0,0.0,2.67,0.0,52851,True
2026-04-01T07:00:00+00:00,7,2,1,4,0,0,0,0,0,0,6,0.0,2,8,0.2,8320,11000,0.7564,116.65,0.0,0,0,0,0,0,0,25.8,7.6,0.0,0.0,2.26,0.0,52851,True
2026-04-01T08:00:00+00:00,8,2,1,4,0,0,0,0,0,0,6,0.0,2,8,0.2,8320,11000,0.7564,116.65,0.0,0,0,0,0,0,0,26.8,24.2,19.9,0.5,1.88,0.0,52851,True
2026-04-01T09:00:00+00:00,9,2,1,4,0,0,0,0,0,0,6,0.0,2,8,0.2,8320,11000,0.7564,116.65,0.0,0,0,0,0,0,0,28.2,17.9,6.0,0.2,1.52,0.0,52851,True
2026-04-01T10:00:00+00:00,10,2,1,4,0,0,0,0,0,0,6,0.0,2,8,0.2,8320,11000,0.7564,116.65,0.0,0,0,0,0,0,0,29.3,19.1,3.9,0.2,1.09,0.2,52851,True
2026-04-01T11:00:00+00:00,11,2,1,4,0,0,0,0,0,0,6,0.0,2,8,0.2,8320,11000,0.7564,116.65,0.0,0,0,0,0,0,0,30.5,13.7,0.0,0.0,0.8,0.4,52851,True
2026-04-01T12:00:00+00:00,12,2,1,4,0,0,0,0,0,0,6,0.0,2,8,0.2,8320,11000,0.7564,116.65,0.0,0,0,0,0,0,0,30.9,8.1,0.0,0.0,0.81,0.4,52851,True
2026-04-01T13:00:00+00:00,13,2,1,4,0,0,0,0,0,0,6,0.0,2,8,0.2,8320,11000,0.7564,116.65,0.0,0,0,0,0,0,0,30.5,12.2,0.0,0.0,1.1,0.2,52851,True
2026-04-01T14:00:00+00:00,14,2,1,4,0,0,0,0,0,0,6,0.0,2,8,0.2,8320,11000,0.7564,116.65,0.0,0,0,0,0,0,0,30.7,37.3,32.2,0.85,1.73,0.0,52851,True
2026-04-01T15:00:00+00:00,15,2,1,4,0,0,0,0,0,0,6,0.0,2,8,0.2,8320,11000,0.7564,116.65,0.0,0,0,0,0,0,0,32.2,16.8,0.0,0.0,2.52,0.0,52851,True
2026-04-01T16:00:00+00:00,16,2,1,4,0,0,0,0,0,0,6,0.0,2,8,0.2,8320,11000,0.7564,116.65,0.0,0,0,0,0,0,0,32.3,15.3,0.0,0.0,2.93,0.0,52851,True
2026-04-01T17:00:00+00:00,17,2,1,4,0,0,0,0,0,0,6,0.0,2,8,0.2,8320,11000,0.7564,116.65,0.0,0,0,0,0,0,0,30.3,14.5,0.0,0.0,3.08,0.0,52851,True
2026-04-01T18:00:00+00:00,18,2,1,4,0,0,0,0,0,0,6,0.0,2,8,0.2,8320,11000,0.7564,116.65,0.0,0,0,0,0,0,0,31.2,16.7,0.0,0.0,2.83,0.0,52851,True
2026-04-01T19:00:00+00:00,19,2,1,4,0,0,0,0,0,0,6,0.0,2,8,0.2,8320,11000,0.7564,116.65,0.0,0,0,0,0,0,0,29.2,17.5,0.0,0.0,2.39,0.0,52851,True
2026-04-01T20:00:00+00:00,20,2,1,4,0,0,0,0,0,0,6,0.0,2,8,0.2,8320,11000,0.7564,116.65,0.0,0,0,0,0,0,0,29.3,15.8,0.0,0.0,2.04,0.0,52851,True
2026-04-01T21:00:00+00:00,21,2,1,4,0,0,0,0,0,0,6,0.0,2,8,0.2,8320,11000,0.7564,116.65,0.0,0,0,0,0,0,0,27.2,16.4,0.0,0.0,1.69,0.0,52851,True
2026-04-01T22:00:00+00:00,22,2,1,4,0,0,0,0,0,0,6,0.0,2,8,0.2,8320,11000,0.7564,116.65,0.0,0,0,0,0,0,0,27.3,11.2,0.0,0.0,1.29,0.2,52851,True
2026-04-01T23:00:00+00:00,23,2,1,4,0,0,0,0,0,0,6,0.0,2,8,0.2,8320,11000,0.7564,116.65,0.0,0,0,0,0,0,0,25.7,9.4,0.0,0.0,0.94,0.4,52851,True
2026-04-02T00:00:00+00:00,0,3,2,4,0,0,0,0,0,0,6,0.0,2,8,0.2,8320,11000,0.7564,116.65,0.0,0,0,0,0,0,0,25.0,14.9,0.0,0.0,0.72,0.4,52851,True
2026-04-02T01:00:00+00:00,1,3,2,4,0,0,0,0,0,0,6,0.0,2,8,0.2,8320,11000,0.7564,116.65,0.0,0,0,0,0,0,0,25.0,8.4,0.0,0.0,0.91,0.4,52851,True
2026-04-02T02:00:00+00:00,2,3,2,4,0,0,0,0,0,0,6,0.0,2,8,0.2,8320,11000,0.7564,116.65,0.0,0,0,0,0,0,0,25.1,8.8,0.0,0.0,1.48,0.0,52851,True
2026-04-02T03:00:00+00:00,3,3,2,4,0,0,0,0,0,0,6,0.0,2,8,0.2,8320,11000,0.7564,116.65,0.0,0,0,0,0,0,0,24.8,6.1,0.0,0.0,2.18,0.0,52851,True
2026-04-02T04:00:00+00:00,4,3,2,4,0,0,0,0,0,0,6,0.0,2,8,0.2,8320,11000,0.7564,116.65,0.0,0,0,0,0,0,0,23.8,11.0,0.0,0.0,2.85,0.0,52851,True
2026-04-02T05:00:00+00:00,5,3,2,4,0,0,0,0,0,0,6,0.0,2,8,0.2,8320,11000,0.7564,116.65,0.0,0,0,0,0,0,0,25.1,13.5,2.3,0.2,3.05,0.0,52851,True
2026-04-02T06:00:00+00:00,6,3,2,4,0,0,0,0,0,0,6,0.0,2,8,0.2,8320,11000,0.7564,116.65,0.0,0,0,0,0,0,0,24.7,6.8,0.0,0.0,2.96,0.0,52851,True
2026-04-02T07:00:00+00:00,7,3,2,4,0,0,0,0,0,0,6,0.0,2,8,0.2,8320,11000,0.7564,116.65,0.0,0,0,0,0,0,0,25.5,6.9,0.0,0.0,2.61,0.0,52851,True
2026-04-02T08:00:00+00:00,8,3,2,4,0,0,0,0,0,0,6,0.0,2,8,0.2,8320,11000,0.7564,116.65,0.0,0,0,0,0,0,0,27.2,9.1,0.0,0.0,2.16,0.0,52851,True
2026-04-02T09:00:00+00:00,9,3,2,4,0,0,0,0,0,0,6,0.0,2,8,0.2,8320,11000,0.7564,116.65,0.0,0,0,0,0,0,0,27.4,6.3,0.0,0.0,1.87,0.0,52851,True
2026-04-02T10:00:00+00:00,10,3,2,4,0,0,0,0,0,0,6,0.0,2,8,0.2,8320,11000,0.7564,116.65,0.0,0,0,0,0,0,0,29.6,12.5,0.0,0.0,1.45,0.0,52851,True
2026-04-02T11:00:00+00:00,11,3,2,4,0,0,0,0,0,0,6,0.0,2,8,0.2,8320,11000,0.7564,116.65,0.0,0,0,0,0,0,0,28.8,8.5,0.0,0.0,1.08,0.2,52851,True
2026-04-02T12:00:00+00:00,12,3,2,4,0,0,0,0,0,0,6,0.0,2,8,0.2,8320,11000,0.7564,116.65,0.0,0,0,0,0,0,0,29.9,9.4,0.0,0.0,0.78,0.4,52851,True
2026-04-02T13:00:00+00:00,13,3,2,4,0,0,0,0,0,0,6,0.0,2,8,0.2,8320,11000,0.7564,116.65,0.0,0,0,0,0,0,0,30.9,14.3,7.1,0.2,0.77,0.4,52851,True
2026-04-02T14:00:00+00:00,14,3,2,4,0,0,0,0,0,0,6,0.0,2,8,0.2,8320,11000,0.7564,116.65,0.0,0,0,0,0,0,0,31.0,10.9,0.0,0.0,1.25,0.2,52851,True
2026-04-02T15:00:00+00:00,15,3,2,4,0,0,0,0,0,0,6,0.0,2,8,0.2,8320,11000,0.7564,116.65,0.0,0,0,0,0,0,0,32.4,13.3,0.0,0.0,1.94,0.0,52851,True
2026-04-02T16:00:00+00:00,16,3,2,4,0,0,0,0,0,0,6,0.0,2,8,0.2,8320,11000,0.7564,116.65,0.0,0,0,0,0,0,0,31.3,31.5,18.1,0.5,2.57,0.0,52851,True
2026-04-02T17:00:00+00:00,17,3,2,4,0,0,0,0,0,0,6,0.0,2,8,0.2,8320,11000,0.7564,116.65,0.0,0,0,0,0,0,0,31.5,17.9,0.0,0.0,3.05,0.0,52851,True
2026-04-02T18:00:00+00:00,18,3,2,4,0,0,0,0,0,0,6,0.0,2,8,0.2,8320,11000,0.7564,116.65,0.0,0,0,0,0,0,0,30.5,24.4,6.6,0.2,3.06,0.0,52851,True
2026-04-02T19:00:00+00:00,19,3,2,4,0,0,0,0,0,0,6,0.0,2,8,0.2,8320,11000,0.7564,116.65,0.0,0,0,0,0,0,0,29.9,14.4,0.0,0.0,2.72,0.0,52851,True
2026-04-02T20:00:00+00:00,20,3,2,4,0,0,0,0,0,0,6,0.0,2,8,0.2,8320,11000,0.7564,116.65,0.0,0,0,0,0,0,0,28.8,13.6,0.0,0.0,2.3,0.0,52851,True
2026-04-02T21:00:00+00:00,21,3,2,4,0,0,0,0,0,0,6,0.0,2,8,0.2,8320,11000,0.7564,116.65,0.0,0,0,0,0,0,0,28.7,11.6,0.0,0.0,1.94,0.0,52851,True
2026-04-02T22:00:00+00:00,22,3,2,4,0,0,0,0,0,0,6,0.0,2,8,0.2,8320,11000,0.7564,116.65,0.0,0,0,0,0,0,0,26.4,11.0,0.0,0.0,1.63,0.0,52851,True
2026-04-02T23:00:00+00:00,23,3,2,4,0,0,0,0,0,0,6,0.0,2,8,0.2,8320,11000,0.7564,116.65,0.0,0,0,0,0,0,0,26.4,13.1,0.0,0.0,1.19,0.2,52851,True
2026-04-03T00:00:00+00:00,0,4,3,4,0,0,0,0,0,0,6,0.0,2,8,0.2,8320,11000,0.7564,116.65,0.0,0,0,0,0,0,0,24.6,11.5,0.0,0.0,0.85,0.4,52851,True
2026-04-03T01:00:00+00:00,1,4,3,4,0,0,0,0,0,0,6,0.0,2,8,0.2,8320,11000,0.7564,116.65,0.0,0,0,0,0,0,0,24.2,9.0,0.0,0.0,0.74,0.4,52851,True
2026-04-03T02:00:00+00:00,2,4,3,4,0,0,0,0,0,0,6,0.0,2,8,0.2,8320,11000,0.7564,116.65,0.0,0,0,0,0,0,0,25.5,25.9,15.5,0.5,0.95,0.4,52851,True
2026-04-03T03:00:00+00:00,3,4,3,4,0,0,0,0,0,0,6,0.0,2,8,0.2,8320,11000,0.7564,116.65,0.0,0,0,0,0,0,0,24.6,33.3,34.5,0.85,1.56,0.0,52851,True
2026-04-03T04:00:00+00:00,4,4,3,4,0,0,0,0,0,0,6,0.0,2,8,0.2,8320,11000,0.7564,116.65,0.0,0,0,0,0,0,0,25.0,7.1,0.0,0.0,2.3,0.0,52851,True
2026-04-03T05:00:00+00:00,5,4,3,4,0,0,0,0,0,0,6,0.0,2,8,0.2,8320,11000,0.7564,116.65,0.0,0,0,0,0,0,0,25.7,10.7,0.0,0.0,2.92,0.0,52851,True
2026-04-03T06:00:00+00:00,6,4,3,4,0,0,0,0,0,0,6,0.0,2,8,0.2,8320,11000,0.7564,116.65,0.0,0,0,0,0,0,0,26.3,5.7,0.0,0.0,3.06,0.0,52851,True
2026-04-03T07:00:00+00:00,7,4,3,4,0,0,0,0,0,0,6,0.0,2,8,0.2,8320,11000,0.7564,116.65,0.0,0,0,0,0,0,0,25.7,13.8,3.7,0.2,2.91,0.0,52851,True
2026-04-03T08:00:00+00:00,8,4,3,4,0,0,0,0,0,0,6,0.0,2,8,0.2,8320,11000,0.7564,116.65,0.0,0,0,0,0,0,0,26.6,12.8,3.5,0.2,2.52,0.0,52851,True
2026-04-03T09:00:00+00:00,9,4,3,4,0,0,0,0,0,0,6,0.0,2,8,0.2,8320,11000,0.7564,116.65,0.0,0,0,0,0,0,0,27.6,8.8,0.0,0.0,2.08,0.0,52851,True
2026-04-03T10:00:00+00:00,10,4,3,4,0,0,0,0,0,0,6,0.0,2,8,0.2,8320,11000,0.7564,116.65,0.0,0,0,0,0,0,0,28.0,9.8,0.0,0.0,1.76,0.0,52851,True
2026-04-03T11:00:00+00:00,11,4,3,4,0,0,0,0,0,0,6,0.0,2,8,0.2,8320,11000,0.7564,116.65,0.0,0,0,0,0,0,0,29.1,11.1,0.0,0.0,1.36,0.2,52851,True
2026-04-03T12:00:00+00:00,12,4,3,4,0,0,0,0,0,0,6,0.0,2,8,0.2,8320,11000,0.7564,116.65,0.0,0,0,0,0,0,0,31.3,10.5,0.0,0.0,1.01,0.2,52851,True
2026-04-03T13:00:00+00:00,13,4,3,4,0,0,0,0,0,0,6,0.0,2,8,0.2,8320,11000,0.7564,116.65,0.0,0,0,0,0,0,0,31.5,13.5,0.0,0.0,0.71,0.4,52851,True
2026-04-03T14:00:00+00:00,14,4,3,4,0,0,0,0,0,0,6,0.0,2,8,0.2,8320,11000,0.7564,116.65,0.0,0,0,0,0,0,0,32.1,12.7,0.0,0.0,0.8,0.4,52851,True
2026-04-03T15:00:00+00:00,15,4,3,4,0,0,0,0,0,0,6,0.0,2,8,0.2,8320,11000,0.7564,116.65,0.0,0,0,0,0,0,0,31.7,13.0,0.0,0.0,1.31,0.2,52851,True
2026-04-03T16:00:00+00:00,16,4,3,4,0,0,0,0,0,0,6,0.0,2,8,0.2,8320,11000,0.7564,116.65,0.0,0,0,0,0,0,0,32.1,14.4,0.0,0.0,2.07,0.0,52851,True
2026-04-03T17:00:00+00:00,17,4,3,4,0,0,0,0,0,0,6,0.0,2,8,0.2,8320,11000,0.7564,116.65,0.0,0,0,0,0,0,0,30.4,15.9,0.0,0.0,2.71,0.0,52851,True
2026-04-03T18:00:00+00:00,18,4,3,4,0,0,0,0,0,0,6,0.0,2,8,0.2,8320,11000,0.7564,116.65,0.0,0,0,0,0,0,0,31.1,21.3,6.7,0.2,3.06,0.0,52851,True
2026-04-03T19:00:00+00:00,19,4,3,4,0,0,0,0,0,0,6,0.0,2,8,0.2,8320,11000,0.7564,116.65,0.0,0,0,0,0,0,0,29.3,16.3,0.0,0.0,3.02,0.0,52851,True
2026-04-03T20:00:00+00:00,20,4,3,4,0,0,0,0,0,0,6,0.0,2,8,0.2,8320,11000,0.7564,116.65,0.0,0,0,0,0,0,0,29.8,17.5,0.0,0.0,2.67,0.0,52851,True
2026-04-03T21:00:00+00:00,21,4,3,4,0,0,0,0,0,0,6,0.0,2,8,0.2,8320,11000,0.7564,116.65,0.0,0,0,0,0,0,0,27.2,13.2,0.0,0.0,2.24,0.0,52851,True
2026-04-03T22:00:00+00:00,22,4,3,4,0,0,0,0,0,0,6,0.0,2,8,0.2,8320,11000,0.7564,116.65,0.0,0,0,0,0,0,0,26.1,39.6,43.8,0.85,1.92,0.0,52851,True
2026-04-03T23:00:00+00:00,23,4,3,4,0,0,0,0,0,0,6,0.0,2,8,0.2,8320,11000,0.7564,116.65,0.0,0,0,0,0,0,0,26.1,9.3,0.0,0.0,1.53,0.0,52851,True
2026-04-04T00:00:00+00:00,0,5,4,4,1,0,0,0,0,0,6,0.0,2,8,0.2,8320,11000,0.7564,116.65,0.0,0,0,0,0,0,0,24.8,11.0,0.0,0.0,1.14,0.2,52851,True
2026-04-04T01:00:00+00:00,1,5,4,4,1,0,0,0,0,0,6,0.0,2,8,0.2,8320,11000,0.7564,116.65,0.0,0,0,0,0,0,0,25.9,10.7,0.0,0.0,0.8,0.4,52851,True
2026-04-04T02:00:00+00:00,2,5,4,4,1,0,0,0,0,0,6,0.0,2,8,0.2,8320,11000,0.7564,116.65,0.0,0,0,0,0,0,0,24.4,7.1,0.0,0.0,0.71,0.4,52851,True
2026-04-04T03:00:00+00:00,3,5,4,4,1,0,0,0,0,0,6,0.0,2,8,0.2,8320,11000,0.7564,116.65,0.0,0,0,0,0,0,0,24.5,17.6,4.0,0.2,1.08,0.2,52851,True
2026-04-04T04:00:00+00:00,4,5,4,4,1,0,0,0,0,0,6,0.0,2,8,0.2,8320,11000,0.7564,116.65,0.0,0,0,0,0,0,0,24.9,7.0,0.0,0.0,1.68,0.0,52851,True
2026-04-04T05:00:00+00:00,5,5,4,4,1,0,0,0,0,0,6,0.0,2,8,0.2,8320,11000,0.7564,116.65,0.0,0,0,0,0,0,0,24.2,11.0,0.0,0.0,2.45,0.0,52851,True
2026-04-04T06:00:00+00:00,6,5,4,4,1,0,0,0,0,0,6,0.0,2,8,0.2,8320,11000,0.7564,116.65,0.0,0,0,0,0,0,0,25.7,9.3,0.0,0.0,2.93,0.0,52851,True
2026-04-04T07:00:00+00:00,7,5,4,4,1,0,0,0,0,0,6,0.0,2,8,0.2,8320,11000,0.7564,116.65,0.0,0,0,0,0,0,0,26.5,20.6,6.7,0.2,3.03,0.0,52851,True
2026-04-04T08:00:00+00:00,8,5,4,4,1,0,0,0,0,0,6,0.0,2,8,0.2,8320,11000,0.7564,116.65,0.0,0,0,0,0,0,0,27.1,6.1,0.0,0.0,2.85,0.0,52851,True
2026-04-04T09:00:00+00:00,9,5,4,4,1,0,0,0,0,0,6,0.0,2,8,0.2,8320,11000,0.7564,116.65,0.0,0,0,0,0,0,0,28.8,9.4,0.0,0.0,2.41,0.0,52851,True
2026-04-04T10:00:00+00:00,10,5,4,4,1,0,0,0,0,0,6,0.0,2,8,0.2,8320,11000,0.7564,116.65,0.0,0,0,0,0,0,0,28.7,10.5,0.0,0.0,2.11,0.0,52851,True
2026-04-04T11:00:00+00:00,11,5,4,4,1,0,0,0,0,0,6,0.0,2,8,0.2,8320,11000,0.7564,116.65,0.0,0,0,0,0,0,0,30.5,8.1,0.0,0.0,1.75,0.0,52851,True
2026-04-04T12:00:00+00:00,12,5,4,4,1,0,0,0,0,0,6,0.0,2,8,0.2,8320,11000,0.7564,116.65,0.0,0,0,0,0,0,0,29.6,11.6,0.0,0.0,1.35,0.2,52851,True
2026-04-04T13:00:00+00:00,13,5,4,4,1,0,0,0,0,0,6,0.0,2,8,0.2,8320,11000,0.7564,116.65,0.0,0,0,0,0,0,0,30.3,9.4,0.0,0.0,0.94,0.4,52851,True
2026-04-04T14:00:00+00:00,14,5,4,4,1,0,0,0,0,0,6,0.0,2,8,0.2,8320,11000,0.7564,116.65,0.0,0,0,0,0,0,0,31.1,12.1,0.0,0.0,0.77,0.4,52851,True
2026-04-04T15:00:00+00:00,15,5,4,4,1,0,0,0,0,0,6,0.0,2,8,0.2,8320,11000,0.7564,116.65,0.0,0,0,0,0,0,0,31.4,14.3,0.0,0.0,0.84,0.4,52851,True
2026-04-04T16:00:00+00:00,16,5,4,4,1,0,0,0,0,0,6,0.0,2,8,0.2,8320,11000,0.7564,116.65,0.0,0,0,0,0,0,0,30.4,12.5,0.0,0.0,1.35,0.2,52851,True
2026-04-04T17:00:00+00:00,17,5,4,4,1,0,0,0,0,0,6,0.0,2,8,0.2,8320,11000,0.7564,116.65,0.0,0,0,0,0,0,0,30.4,16.8,0.0,0.0,2.17,0.0,52851,True
2026-04-04T18:00:00+00:00,18,5,4,4,1,0,0,0,0,0,6,0.0,2,8,0.2,8320,11000,0.7564,116.65,0.0,0,0,0,0,0,0,30.8,13.1,0.0,0.0,2.78,0.0,52851,True
2026-04-04T19:00:00+00:00,19,5,4,4,1,0,0,0,0,0,6,0.0,2,8,0.2,8320,11000,0.7564,116.65,0.0,0,0,0,0,0,0,30.3,13.2,0.0,0.0,3.07,0.0,52851,True
2026-04-04T20:00:00+00:00,20,5,4,4,1,0,0,0,0,0,6,0.0,2,8,0.2,8320,11000,0.7564,116.65,0.0,0,0,0,0,0,0,29.7,15.3,0.0,0.0,2.96,0.0,52851,True
2026-04-04T21:00:00+00:00,21,5,4,4,1,0,0,0,0,0,6,0.0,2,8,0.2,8320,11000,0.7564,116.65,0.0,0,0,0,0,0,0,27.7,16.6,7.5,0.2,2.6,0.0,52851,True
2026-04-04T22:00:00+00:00,22,5,4,4,1,0,0,0,0,0,6,0.0,2,8,0.2,8320,11000,0.7564,116.65,0.0,0,0,0,0,0,0,26.9,12.9,0.0,0.0,2.24,0.0,52851,True
2026-04-04T23:00:00+00:00,23,5,4,4,1,0,0,0,0,0,6,0.0,2,8,0.2,8320,11000,0.7564,116.65,0.0,0,0,0,0,0,0,26.4,30.2,24.4,0.85,1.82,0.0,52851,True
2026-04-05T00:00:00+00:00,0,6,5,4,1,0,0,0,0,0,6,0.0,2,8,0.2,8320,11000,0.7564,116.65,0.0,0,0,0,0,0,0,24.9,14.1,0.0,0.0,1.5,0.0,52851,True
2026-04-05T01:00:00+00:00,1,6,5,4,1,0,0,0,0,0,6,0.0,2,8,0.2,8320,11000,0.7564,116.65,0.0,0,0,0,0,0,0,25.9,8.9,0.0,0.0,1.16,0.2,52851,True
2026-04-05T02:00:00+00:00,2,6,5,4,1,0,0,0,0,0,6,0.0,2,8,0.2,8320,11000,0.7564,116.65,0.0,0,0,0,0,0,0,24.7,11.2,0.0,0.0,0.78,0.4,52851,True
2026-04-05T03:00:00+00:00,3,6,5,4,1,0,0,0,0,0,6,0.0,2,8,0.2,8320,11000,0.7564,116.65,0.0,0,0,0,0,0,0,23.7,8.7,0.0,0.0,0.73,0.4,52851,True
2026-04-05T04:00:00+00:00,4,6,5,4,1,0,0,0,0,0,6,0.0,2,8,0.2,8320,11000,0.7564,116.65,0.0,0,0,0,0,0,0,25.1,9.4,0.0,0.0,1.13,0.2,52851,True
2026-04-05T05:00:00+00:00,5,6,5,4,1,0,0,0,0,0,6,0.0,2,8,0.2,8320,11000,0.7564,116.65,0.0,0,0,0,0,0,0,24.3,17.8,7.0,0.2,1.81,0.0,52851,True
2026-04-05T06:00:00+00:00,6,6,5,4,1,0,0,0,0,0,6,0.0,2,8,0.2,8320,11000,0.7564,116.65,0.0,0,0,0,0,0,0,26.1,11.1,0.0,0.0,2.49,0.0,52851,True
2026-04-05T07:00:00+00:00,7,6,5,4,1,0,0,0,0,0,6,0.0,2,8,0.2,8320,11000,0.7564,116.65,0.0,0,0,0,0,0,0,26.3,10.1,0.0,0.0,3.04,0.0,52851,True
2026-04-05T08:00:00+00:00,8,6,5,4,1,0,0,0,0,0,6,0.0,2,8,0.2,8320,11000,0.7564,116.65,0.0,0,0,0,0,0,0,26.3,11.4,0.0,0.0,3.0,0.0,52851,True
2026-04-05T09:00:00+00:00,9,6,5,4,1,0,0,0,0,0,6,0.0,2,8,0.2,8320,11000,0.7564,116.65,0.0,0,0,0,0,0,0,27.6,6.1,0.0,0.0,2.78,0.0,52851,True
2026-04-05T10:00:00+00:00,10,6,5,4,1,0,0,0,0,0,6,0.0,2,8,0.2,8320,11000,0.7564,116.65,0.0,0,0,0,0,0,0,28.6,9.1,0.0,0.0,2.35,0.0,52851,True
2026-04-05T11:00:00+00:00,11,6,5,4,1,0,0,0,0,0,6,0.0,2,8,0.2,8320,11000,0.7564,116.65,0.0,0,0,0,0,0,0,28.9,8.7,0.0,0.0,2.06,0.0,52851,True
2026-04-05T12:00:00+00:00,12,6,5,4,1,0,0,0,0,0,6,0.0,2,8,0.2,8320,11000,0.7564,116.65,0.0,0,0,0,0,0,0,30.1,12.5,0.0,0.0,1.69,0.0,52851,True
2026-04-05T13:00:00+00:00,13,6,5,4,1,0,0,0,0,0,6,0.0,2,8,0.2,8320,11000,0.7564,116.65,0.0,0,0,0,0,0,0,30.1,14.4,0.0,0.0,1.29,0.2,52851,True
2026-04-05T14:00:00+00:00,14,6,5,4,1,0,0,0,0,0,6,0.0,2,8,0.2,8320,11000,0.7564,116.65,0.0,0,0,0,0,0,0,31.8,13.1,0.0,0.0,0.9,0.4,52851,True
2026-04-05T15:00:00+00:00,15,6,5,4,1,0,0,0,0,0,6,0.0,2,8,0.2,8320,11000,0.7564,116.65,0.0,0,0,0,0,0,0,31.8,13.3,0.0,0.0,0.71,0.4,52851,True
2026-04-05T16:00:00+00:00,16,6,5,4,1,0,0,0,0,0,6,0.0,2,8,0.2,8320,11000,0.7564,116.65,0.0,0,0,0,0,0,0,32.0,20.1,6.2,0.2,0.96,0.4,52851,True
2026-04-05T17:00:00+00:00,17,6,5,4,1,0,0,0,0,0,6,0.0,2,8,0.2,8320,11000,0.7564,116.65,0.0,0,0,0,0,0,0,30.5,16.3,0.0,0.0,1.49,0.0,52851,True
2026-04-05T18:00:00+00:00,18,6,5,4,1,0,0,0,0,0,6,0.0,2,8,0.2,8320,11000,0.7564,116.65,0.0,0,0,0,0,0,0,31.1,12.7,0.0,0.0,2.3,0.0,52851,True
2026-04-05T19:00:00+00:00,19,6,5,4,1,0,0,0,0,0,6,0.0,2,8,0.2,8320,11000,0.7564,116.65,0.0,0,0,0,0,0,0,28.9,13.9,0.0,0.0,2.8,0.0,52851,True
2026-04-05T20:00:00+00:00,20,6,5,4,1,0,0,0,0,0,6,0.0,2,8,0.2,8320,11000,0.7564,116.65,0.0,0,0,0,0,0,0,28.9,11.5,0.0,0.0,3.1,0.0,52851,True
2026-04-05T21:00:00+00:00,21,6,5,4,1,0,0,0,0,0,6,0.0,2,8,0.2,8320,11000,0.7564,116.65,0.0,0,0,0,0,0,0,28.9,14.8,0.0,0.0,2.89,0.0,52851,True
2026-04-05T22:00:00+00:00,22,6,5,4,1,0,0,0,0,0,6,0.0,2,8,0.2,8320,11000,0.7564,116.65,0.0,0,0,0,0,0,0,26.5,12.7,0.0,0.0,2.5,0.0,52851,True
2026-04-05T23:00:00+00:00,23,6,5,4,1,0,0,0,0,0,6,0.0,2,8,0.2,8320,11000,0.7564,116.65,0.0,0,0,0,0,0,0,27.2,11.2,0.0,0.0,2.19,0.0,52851,True
2026-04-06T00:00:00+00:00,0,0,6,4,0,0,0,0,0,0,6,0.0,2,8,0.2,8320,11000,0.7564,116.65,0.0,0,0,0,0,0,0,26.1,15.4,7.3,0.2,1.82,0.0,52851,True
2026-04-06T01:00:00+00:00,1,0,6,4,0,0,0,0,0,0,6,0.0,2,8,0.2,8320,11000,0.7564,116.65,0.0,0,0,0,0,0,0,25.7,9.0,0.0,0.0,1.4,0.0,52851,True
2026-04-06T02:00:00+00:00,2,0,6,4,0,0,0,0,0,0,6,0.0,2,8,0.2,8320,11000,0.7564,116.65,0.0,0,0,0,0,0,0,24.8,6.8,0.0,0.0,1.0,0.2,52851,True
2026-04-06T03:00:00+00:00,3,0,6,4,0,0,0,0,0,0,6,0.0,2,8,0.2,8320,11000,0.7564,116.65,0.0,0,0,0,0,0,0,25.2,10.2,0.0,0.0,0.8,0.4,52851,True
2026-04-06T04:00:00+00:00,4,0,6,4,0,0,0,0,0,0,6,0.0,2,8,0.2,8320,11000,0.7564,116.65,0.0,0,0,0,0,0,0,25.3,10.6,0.0,0.0,0.8,0.4,52851,True
2026-04-06T05:00:00+00:00,5,0,6,4,0,0,0,0,0,0,6,0.0,2,8,0.2,8320,11000,0.7564,116.65,0.0,0,0,0,0,0,0,24.3,11.8,0.0,0.0,1.24,0.2,52851,True
2026-04-06T06:00:00+00:00,6,0,6,4,0,0,0,0,0,0,6,0.0,2,8,0.2,8320,11000,0.7564,116.65,0.0,0,0,0,0,0,0,26.1,9.9,0.0,0.0,1.98,0.0,52851,True
2026-04-06T07:00:00+00:00,7,0,6,4,0,0,0,0,0,0,6,0.0,2,8,0.2,8320,11000,0.7564,116.65,0.0,0,0,0,0,0,0,26.0,15.4,7.0,0.2,2.67,0.0,52851,True
2026-04-06T08:00:00+00:00,8,0,6,4,0,0,0,0,0,0,6,0.0,2,8,0.2,8320,11000,0.7564,116.65,0.0,0,0,0,0,0,0,27.6,7.5,0.0,0.0,3.0,0.0,52851,True
2026-04-06T09:00:00+00:00,9,0,6,4,0,0,0,0,0,0,6,0.0,2,8,0.2,8320,11000,0.7564,116.65,0.0,0,0,0,0,0,0,28.9,7.7,0.0,0.0,2.98,0.0,52851,True
2026-04-06T10:00:00+00:00,10,0,6,4,0,0,0,0,0,0,6,0.0,2,8,0.2,8320,11000,0.7564,116.65,0.0,0,0,0,0,0,0,29.0,9.0,0.0,0.0,2.76,0.0,52851,True
2026-04-06T11:00:00+00:00,11,0,6,4,0,0,0,0,0,0,6,0.0,2,8,0.2,8320,11000,0.7564,116.65,0.0,0,0,0,0,0,0,28.9,13.2,0.0,0.0,2.3,0.0,52851,True
2026-04-06T12:00:00+00:00,12,0,6,4,0,0,0,0,0,0,6,0.0,2,8,0.2,8320,11000,0.7564,116.65,0.0,0,0,0,0,0,0,30.3,9.8,0.0,0.0,1.98,0.0,52851,True
2026-04-06T13:00:00+00:00,13,0,6,4,0,0,0,0,0,0,6,0.0,2,8,0.2,8320,11000,0.7564,116.65,0.0,0,0,0,0,0,0,31.4,15.0,0.0,0.0,1.64,0.0,52851,True
2026-04-06T14:00:00+00:00,14,0,6,4,0,0,0,0,0,0,6,0.0,2,8,0.2,8320,11000,0.7564,116.65,0.0,0,0,0,0,0,0,31.3,21.5,3.2,0.2,1.25,0.2,52851,True
2026-04-06T15:00:00+00:00,15,0,6,4,0,0,0,0,0,0,6,0.0,2,8,0.2,8320,11000,0.7564,116.65,0.0,0,0,0,0,0,0,31.1,15.2,0.0,0.0,0.88,0.4,52851,True
2026-04-06T16:00:00+00:00,16,0,6,4,0,0,0,0,0,0,6,0.0,2,8,0.2,8320,11000,0.7564,116.65,0.0,0,0,0,0,0,0,31.8,20.1,6.1,0.2,0.71,0.4,52851,True
2026-04-06T17:00:00+00:00,17,0,6,4,0,0,0,0,0,0,6,0.0,2,8,0.2,8320,11000,0.7564,116.65,0.0,0,0,0,0,0,0,31.2,12.4,0.0,0.0,1.02,0.2,52851,True
2026-04-06T18:00:00+00:00,18,0,6,4,0,0,0,0,0,0,6,0.0,2,8,0.2,8320,11000,0.7564,116.65,0.0,0,0,0,0,0,0,30.4,11.7,0.0,0.0,1.62,0.0,52851,True
2026-04-06T19:00:00+00:00,19,0,6,4,0,0,0,0,0,0,6,0.0,2,8,0.2,8320,11000,0.7564,116.65,0.0,0,0,0,0,0,0,30.2,16.3,0.0,0.0,2.34,0.0,52851,True
2026-04-06T20:00:00+00:00,20,0,6,4,0,0,0,0,0,0,6,0.0,2,8,0.2,8320,11000,0.7564,116.65,0.0,0,0,0,0,0,0,29.4,13.3,0.0,0.0,2.92,0.0,52851,True
2026-04-06T21:00:00+00:00,21,0,6,4,0,0,0,0,0,0,6,0.0,2,8,0.2,8320,11000,0.7564,116.65,0.0,0,0,0,0,0,0,27.3,12.8,0.0,0.0,3.04,0.0,52851,True
2026-04-06T22:00:00+00:00,22,0,6,4,0,0,0,0,0,0,6,0.0,2,8,0.2,8320,11000,0.7564,116.65,0.0,0,0,0,0,0,0,28.0,12.0,0.0,0.0,2.89,0.0,52851,True
2026-04-06T23:00:00+00:00,23,0,6,4,0,0,0,0,0,0,6,0.0,2,8,0.2,8320,11000,0.7564,116.65,0.0,0,0,0,0,0,0,26.9,12.5,0.0,0.0,2.49,0.0,52851,True
2026-04-07T00:00:00+00:00,0,1,7,4,0,0,0,0,0,0,6,0.0,2,8,0.2,8320,11000,0.7564,116.65,0.0,0,0,0,0,0,0,26.1,10.0,0.0,0.0,2.09,0.0,52851,True
2026-04-07T01:00:00+00:00,1,1,7,4,0,0,0,0,0,0,6,0.0,2,8,0.2,8320,11000,0.7564,116.65,0.0,0,0,0,0,0,0,24.3,13.8,0.0,0.0,1.75,0.0,52851,True
2026-04-07T02:00:00+00:00,2,1,7,4,0,0,0,0,0,0,6,0.0,2,8,0.2,8320,11000,0.7564,116.65,0.0,0,0,0,0,0,0,23.9,12.0,0.0,0.0,1.34,0.2,52851,True
2026-04-07T03:00:00+00:00,3,1,7,4,0,0,0,0,0,0,6,0.0,2,8,0.2,8320,11000,0.7564,116.65,0.0,0,0,0,0,0,0,25.1,7.2,0.0,0.0,1.04,0.2,52851,True
2026-04-07T04:00:00+00:00,4,1,7,4,0,0,0,0,0,0,6,0.0,2,8,0.2,8320,11000,0.7564,116.65,0.0,0,0,0,0,0,0,24.1,11.8,0.0,0.0,0.75,0.4,52851,True
2026-04-07T05:00:00+00:00,5,1,7,4,0,0,0,0,0,0,6,0.0,2,8,0.2,8320,11000,0.7564,116.65,0.0,0,0,0,0,0,0,25.7,6.5,0.0,0.0,0.86,0.4,52851,True
2026-04-07T06:00:00+00:00,6,1,7,4,0,0,0,0,0,0,6,0.0,2,8,0.2,8320,11000,0.7564,116.65,0.0,0,0,0,0,0,0,25.6,6.5,0.0,0.0,1.37,0.2,52851,True
2026-04-07T07:00:00+00:00,7,1,7,4,0,0,0,0,0,0,6,0.0,2,8,0.2,8320,11000,0.7564,116.65,0.0,0,0,0,0,0,0,25.6,10.9,0.0,0.0,2.05,0.0,52851,True
2026-04-07T08:00:00+00:00,8,1,7,4,0,0,0,0,0,0,6,0.0,2,8,0.2,8320,11000,0.7564,116.65,0.0,0,0,0,0,0,0,26.4,5.4,0.0,0.0,2.72,0.0,52851,True
2026-04-07T09:00:00+00:00,9,1,7,4,0,0,0,0,0,0,6,0.0,2,8,0.2,8320,11000,0.7564,116.65,0.0,0,0,0,0,0,0,27.5,12.1,0.0,0.0,3.02,0.0,52851,True
2026-04-07T10:00:00+00:00,10,1,7,4,0,0,0,0,0,0,6,0.0,2,8,0.2,8320,11000,0.7564,116.65,0.0,0,0,0,0,0,0,29.3,9.2,0.0,0.0,2.94,0.0,52851,True
2026-04-07T11:00:00+00:00,11,1,7,4,0,0,0,0,0,0,6,0.0,2,8,0.2,8320,11000,0.7564,116.65,0.0,0,0,0,0,0,0,29.5,12.8,0.0,0.0,2.66,0.0,52851,True
2026-04-07T12:00:00+00:00,12,1,7,4,0,0,0,0,0,0,6,0.0,2,8,0.2,8320,11000,0.7564,116.65,0.0,0,0,0,0,0,0,30.5,10.5,0.0,0.0,2.26,0.0,52851,True
2026-04-07T13:00:00+00:00,13,1,7,4,0,0,0,0,0,0,6,0.0,2,8,0.2,8320,11000,0.7564,116.65,0.0,0,0,0,0,0,0,32.0,17.4,3.2,0.2,1.93,0.0,52851,True
2026-04-07T14:00:00+00:00,14,1,7,4,0,0,0,0,0,0,6,0.0,2,8,0.2,8320,11000,0.7564,116.65,0.0,0,0,0,0,0,0,31.7,13.5,0.0,0.0,1.52,0.0,52851,True
2026-04-07T15:00:00+00:00,15,1,7,4,0,0,0,0,0,0,6,0.0,2,8,0.2,8320,11000,0.7564,116.65,0.0,0,0,0,0,0,0,30.9,11.8,0.0,0.0,1.1,0.2,52851,True
2026-04-07T16:00:00+00:00,16,1,7,4,0,0,0,0,0,0,6,0.0,2,8,0.2,8320,11000,0.7564,116.65,0.0,0,0,0,0,0,0,30.8,17.5,0.0,0.0,0.85,0.4,52851,True
2026-04-07T17:00:00+00:00,17,1,7,4,0,0,0,0,0,0,6,0.0,2,8,0.2,8320,11000,0.7564,116.65,0.0,0,0,0,0,0,0,31.8,21.6,4.0,0.2,0.8,0.4,52851,True
2026-04-07T18:00:00+00:00,18,1,7,4,0,0,0,0,0,0,6,0.0,2,8,0.2,8320,11000,0.7564,116.65,0.0,0,0,0,0,0,0,30.8,14.2,0.0,0.0,1.09,0.2,52851,True
2026-04-07T19:00:00+00:00,19,1,7,4,0,0,0,0,0,0,6,0.0,2,8,0.2,8320,11000,0.7564,116.65,0.0,0,0,0,0,0,0,30.0,25.2,5.3,0.2,1.75,0.0,52851,True
2026-04-07T20:00:00+00:00,20,1,7,4,0,0,0,0,0,0,6,0.0,2,8,0.2,8320,11000,0.7564,116.65,0.0,0,0,0,0,0,0,28.9,11.8,0.0,0.0,2.44,0.0,52851,True
2026-04-07T21:00:00+00:00,21,1,7,4,0,0,0,0,0,0,6,0.0,2,8,0.2,8320,11000,0.7564,116.65,0.0,0,0,0,0,0,0,27.2,11.2,0.0,0.0,2.97,0.0,52851,True
2026-04-07T22:00:00+00:00,22,1,7,4,0,0,0,0,0,0,6,0.0,2,8,0.2,8320,11000,0.7564,116.65,0.0,0,0,0,0,0,0,27.8,16.3,0.0,0.0,3.08,0.0,52851,True
2026-04-07T23:00:00+00:00,23,1,7,4,0,0,0,0,0,0,6,0.0,2,8,0.2,8320,11000,0.7564,116.65,0.0,0,0,0,0,0,0,27.2,13.7,0.0,0.0,2.77,0.0,52851,True
2026-04-08T00:00:00+00:00,0,2,8,4,0,0,0,0,0,0,6,0.0,2,8,0.2,8320,11000,0.7564,116.65,0.0,0,0,0,0,0,0,24.8,9.5,0.0,0.0,2.38,0.0,52851,True
2026-04-08T01:00:00+00:00,1,2,8,4,0,0,0,0,0,0,6,0.0,2,8,0.2,8320,11000,0.7564,116.65,0.0,0,0,0,0,0,0,25.8,13.5,0.0,0.0,2.02,0.0,52851,True
2026-04-08T02:00:00+00:00,2,2,8,4,0,0,0,0,0,0,6,0.0,2,8,0.2,8320,11000,0.7564,116.65,0.0,0,0,0,0,0,0,24.3,9.7,0.0,0.0,1.69,0.0,52851,True
2026-04-08T03:00:00+00:00,3,2,8,4,0,0,0,0,0,0,6,0.0,2,8,0.2,8320,11000,0.7564,116.65,0.0,0,0,0,0,0,0,23.9,7.3,0.0,0.0,1.27,0.2,52851,True
2026-04-08T04:00:00+00:00,4,2,8,4,0,0,0,0,0,0,6,0.0,2,8,0.2,8320,11000,0.7564,116.65,0.0,0,0,0,0,0,0,24.7,11.0,0.0,0.0,0.95,0.4,52851,True
2026-04-08T05:00:00+00:00,5,2,8,4,0,0,0,0,0,0,6,0.0,2,8,0.2,8320,11000,0.7564,116.65,0.0,0,0,0,0,0,0,24.5,5.6,0.0,0.0,0.74,0.4,52851,True
2026-04-08T06:00:00+00:00,6,2,8,4,0,0,0,0,0,0,6,0.0,2,8,0.2,8320,11000,0.7564,116.65,0.0,0,0,0,0,0,0,26.1,7.0,0.0,0.0,0.88,0.4,52851,True
2026-04-08T07:00:00+00:00,7,2,8,4,0,0,0,0,0,0,6,0.0,2,8,0.2,8320,11000,0.7564,116.65,0.0,0,0,0,0,0,0,25.3,8.7,0.0,0.0,1.44,0.0,52851,True
2026-04-08T08:00:00+00:00,8,2,8,4,0,0,0,0,0,0,6,0.0,2,8,0.2,8320,11000,0.7564,116.65,0.0,0,0,0,0,0,0,26.8,10.3,0.0,0.0,2.2,0.0,52851,True
2026-04-08T09:00:00+00:00,9,2,8,4,0,0,0,0,0,0,6,0.0,2,8,0.2,8320,11000,0.7564,116.65,0.0,0,0,0,0,0,0,28.1,17.7,6.5,0.2,2.81,0.0,52851,True
2026-04-08T10:00:00+00:00,10,2,8,4,0,0,0,0,0,0,6,0.0,2,8,0.2,8320,11000,0.7564,116.65,0.0,0,0,0,0,0,0,29.1,19.9,4.5,0.2,3.08,0.0,52851,True
2026-04-08T11:00:00+00:00,11,2,8,4,0,0,0,0,0,0,6,0.0,2,8,0.2,8320,11000,0.7564,116.65,0.0,0,0,0,0,0,0,29.6,10.7,0.0,0.0,2.93,0.0,52851,True
2026-04-08T12:00:00+00:00,12,2,8,4,0,0,0,0,0,0,6,0.0,2,8,0.2,8320,11000,0.7564,116.65,0.0,0,0,0,0,0,0,31.3,10.0,0.0,0.0,2.59,0.0,52851,True
2026-04-08T13:00:00+00:00,13,2,8,4,0,0,0,0,0,0,6,0.0,2,8,0.2,8320,11000,0.7564,116.65,0.0,0,0,0,0,0,0,31.6,15.2,0.0,0.0,2.17,0.0,52851,True
2026-04-08T14:00:00+00:00,14,2,8,4,0,0,0,0,0,0,6,0.0,2,8,0.2,8320,11000,0.7564,116.65,0.0,0,0,0,0,0,0,31.7,15.9,0.0,0.0,1.86,0.0,52851,True
2026-04-08T15:00:00+00:00,15,2,8,4,0,0,0,0,0,0,6,0.0,2,8,0.2,8320,11000,0.7564,116.65,0.0,0,0,0,0,0,0,32.3,11.1,0.0,0.0,1.42,0.0,52851,True
2026-04-08T16:00:00+00:00,16,2,8,4,0,0,0,0,0,0,6,0.0,2,8,0.2,8320,11000,0.7564,116.65,0.0,0,0,0,0,0,0,31.7,17.1,0.0,0.0,1.1,0.2,52851,True
2026-04-08T17:00:00+00:00,17,2,8,4,0,0,0,0,0,0,6,0.0,2,8,0.2,8320,11000,0.7564,116.65,0.0,0,0,0,0,0,0,31.2,12.9,0.0,0.0,0.77,0.4,52851,True
2026-04-08T18:00:00+00:00,18,2,8,4,0,0,0,0,0,0,6,0.0,2,8,0.2,8320,11000,0.7564,116.65,0.0,0,0,0,0,0,0,31.4,16.3,0.0,0.0,0.78,0.4,52851,True
2026-04-08T19:00:00+00:00,19,2,8,4,0,0,0,0,0,0,6,0.0,2,8,0.2,8320,11000,0.7564,116.65,0.0,0,0,0,0,0,0,28.8,14.8,0.0,0.0,1.21,0.2,52851,True
2026-04-08T20:00:00+00:00,20,2,8,4,0,0,0,0,0,0,6,0.0,2,8,0.2,8320,11000,0.7564,116.65,0.0,0,0,0,0,0,0,29.3,14.5,0.0,0.0,1.89,0.0,52851,True
2026-04-08T21:00:00+00:00,21,2,8,4,0,0,0,0,0,0,6,0.0,2,8,0.2,8320,11000,0.7564,116.65,0.0,0,0,0,0,0,0,28.4,16.0,0.0,0.0,2.62,0.0,52851,True
2026-04-08T22:00:00+00:00,22,2,8,4,0,0,0,0,0,0,6,0.0,2,8,0.2,8320,11000,0.7564,116.65,0.0,0,0,0,0,0,0,26.6,10.0,0.0,0.0,3.01,0.0,52851,True
2026-04-08T23:00:00+00:00,23,2,8,4,0,0,0,0,0,0,6,0.0,2,8,0.2,8320,11000,0.7564,116.65,0.0,0,0,0,0,0,0,26.5,15.3,0.0,0.0,3.01,0.0,52851,True
2026-04-09T00:00:00+00:00,0,3,9,4,0,0,0,0,0,0,6,0.0,2,8,0.2,8320,11000,0.7564,116.65,0.0,0,0,0,0,0,0,25.4,14.6,0.0,0.0,2.79,0.0,52851,True
2026-04-09T01:00:00+00:00,1,3,9,4,0,0,0,0,0,0,6,0.0,2,8,0.2,8320,11000,0.7564,116.65,0.0,0,0,0,0,0,0,25.3,10.4,0.0,0.0,2.38,0.0,52851,True
2026-04-09T02:00:00+00:00,2,3,9,4,0,0,0,0,0,0,6,0.0,2,8,0.2,8320,11000,0.7564,116.65,0.0,0,0,0,0,0,0,24.5,6.9,0.0,0.0,1.99,0.0,52851,True
2026-04-09T03:00:00+00:00,3,3,9,4,0,0,0,0,0,0,6,0.0,2,8,0.2,8320,11000,0.7564,116.65,0.0,0,0,0,0,0,0,23.9,11.8,0.0,0.0,1.66,0.0,52851,True
2026-04-09T04:00:00+00:00,4,3,9,4,0,0,0,0,0,0,6,0.0,2,8,0.2,8320,11000,0.7564,116.65,0.0,0,0,0,0,0,0,25.0,9.6,0.0,0.0,1.25,0.2,52851,True
2026-04-09T05:00:00+00:00,5,3,9,4,0,0,0,0,0,0,6,0.0,2,8,0.2,8320,11000,0.7564,116.65,0.0,0,0,0,0,0,0,24.5,6.8,0.0,0.0,0.88,0.4,52851,True
2026-04-09T06:00:00+00:00,6,3,9,4,0,0,0,0,0,0,6,0.0,2,8,0.2,8320,11000,0.7564,116.65,0.0,0,0,0,0,0,0,25.1,21.8,12.4,0.5,0.78,0.4,52851,True
2026-04-09T07:00:00+00:00,7,3,9,4,0,0,0,0,0,0,6,0.0,2,8,0.2,8320,11000,0.7564,116.65,0.0,0,0,0,0,0,0,26.9,7.7,0.0,0.0,0.95,0.4,52851,True
2026-04-09T08:00:00+00:00,8,3,9,4,0,0,0,0,0,0,6,0.0,2,8,0.2,8320,11000,0.7564,116.65,0.0,0,0,0,0,0,0,27.0,10.3,0.0,0.0,1.53,0.0,52851,True
2026-04-09T09:00:00+00:00,9,3,9,4,0,0,0,0,0,0,6,0.0,2,8,0.2,8320,11000,0.7564,116.65,0.0,0,0,0,0,0,0,28.7,11.3,0.0,0.0,2.29,0.0,52851,True
2026-04-09T10:00:00+00:00,10,3,9,4,0,0,0,0,0,0,6,0.0,2,8,0.2,8320,11000,0.7564,116.65,0.0,0,0,0,0,0,0,29.8,11.6,0.0,0.0,2.83,0.0,52851,True
2026-04-09T11:00:00+00:00,11,3,9,4,0,0,0,0,0,0,6,0.0,2,8,0.2,8320,11000,0.7564,116.65,0.0,0,0,0,0,0,0,29.4,16.1,4.9,0.2,3.04,0.0,52851,True
2026-04-09T12:00:00+00:00,12,3,9,4,0,0,0,0,0,0,6,0.0,2,8,0.2,8320,11000,0.7564,116.65,0.0,0,0,0,0,0,0,31.2,8.0,0.0,0.0,2.93,0.0,52851,True
2026-04-09T13:00:00+00:00,13,3,9,4,0,0,0,0,0,0,6,0.0,2,8,0.2,8320,11000,0.7564,116.65,0.0,0,0,0,0,0,0,31.4,14.8,0.0,0.0,2.52,0.0,52851,True
2026-04-09T14:00:00+00:00,14,3,9,4,0,0,0,0,0,0,6,0.0,2,8,0.2,8320,11000,0.7564,116.65,0.0,0,0,0,0,0,0,31.1,10.5,0.0,0.0,2.1,0.0,52851,True
2026-04-09T15:00:00+00:00,15,3,9,4,0,0,0,0,0,0,6,0.0,2,8,0.2,8320,11000,0.7564,116.65,0.0,0,0,0,0,0,0,31.3,10.3,0.0,0.0,1.73,0.0,52851,True
2026-04-09T16:00:00+00:00,16,3,9,4,0,0,0,0,0,0,6,0.0,2,8,0.2,8320,11000,0.7564,116.65,0.0,0,0,0,0,0,0,32.1,16.7,0.0,0.0,1.37,0.2,52851,True
2026-04-09T17:00:00+00:00,17,3,9,4,0,0,0,0,0,0,6,0.0,2,8,0.2,8320,11000,0.7564,116.65,0.0,0,0,0,0,0,0,31.1,13.7,0.0,0.0,0.97,0.4,52851,True
2026-04-09T18:00:00+00:00,18,3,9,4,0,0,0,0,0,0,6,0.0,2,8,0.2,8320,11000,0.7564,116.65,0.0,0,0,0,0,0,0,29.9,12.4,0.0,0.0,0.76,0.4,52851,True
2026-04-09T19:00:00+00:00,19,3,9,4,0,0,0,0,0,0,6,0.0,2,8,0.2,8320,11000,0.7564,116.65,0.0,0,0,0,0,0,0,30.6,12.6,0.0,0.0,0.82,0.4,52851,True
2026-04-09T20:00:00+00:00,20,3,9,4,0,0,0,0,0,0,6,0.0,2,8,0.2,8320,11000,0.7564,116.65,0.0,0,0,0,0,0,0,28.3,14.7,0.0,0.0,1.27,0.2,52851,True
2026-04-09T21:00:00+00:00,21,3,9,4,0,0,0,0,0,0,6,0.0,2,8,0.2,8320,11000,0.7564,116.65,0.0,0,0,0,0,0,0,28.1,14.4,0.0,0.0,1.96,0.0,52851,True
2026-04-09T22:00:00+00:00,22,3,9,4,0,0,0,0,0,0,6,0.0,2,8,0.2,8320,11000,0.7564,116.65,0.0,0,0,0,0,0,0,27.0,14.5,0.0,0.0,2.71,0.0,52851,True
2026-04-09T23:00:00+00:00,23,3,9,4,0,0,0,0,0,0,6,0.0,2,8,0.2,8320,11000,0.7564,116.65,0.0,0,0,0,0,0,0,26.7,14.4,0.0,0.0,3.0,0.0,52851,True
2026-04-10T00:00:00+00:00,0,4,10,4,0,0,0,0,0,0,6,0.0,2,8,0.2,8320,11000,0.7564,116.65,0.0,0,0,0,0,0,0,25.1,10.6,0.0,0.0,3.0,0.0,52851,True
2026-04-10T01:00:00+00:00,1,4,10,4,0,0,0,0,0,0,6,0.0,2,8,0.2,8320,11000,0.7564,116.65,0.0,0,0,0,0,0,0,24.5,10.3,0.0,0.0,2.73,0.0,52851,True
2026-04-10T02:00:00+00:00,2,4,10,4,0,0,0,0,0,0,6,0.0,2,8,0.2,8320,11000,0.7564,116.65,0.0,0,0,0,0,0,0,25.1,7.1,0.0,0.0,2.31,0.0,52851,True
2026-04-10T03:00:00+00:00,3,4,10,4,0,0,0,0,0,0,6,0.0,2,8,0.2,8320,11000,0.7564,116.65,0.0,0,0,0,0,0,0,24.1,21.6,2.5,0.2,1.88,0.0,52851,True
2026-04-10T04:00:00+00:00,4,4,10,4,0,0,0,0,0,0,6,0.0,2,8,0.2,8320,11000,0.7564,116.65,0.0,0,0,0,0,0,0,25.4,7.1,0.0,0.0,1.54,0.0,52851,True
2026-04-10T05:00:00+00:00,5,4,10,4,0,0,0,0,0,0,6,0.0,2,8,0.2,8320,11000,0.7564,116.65,0.0,0,0,0,0,0,0,24.3,5.7,0.0,0.0,1.16,0.2,52851,True
2026-04-10T06:00:00+00:00,6,4,10,4,0,0,0,0,0,0,6,0.0,2,8,0.2,8320,11000,0.7564,116.65,0.0,0,0,0,0,0,0,25.5,14.3,7.8,0.2,0.83,0.4,52851,True
2026-04-10T07:00:00+00:00,7,4,10,4,0,0,0,0,0,0,6,0.0,2,8,0.2,8320,11000,0.7564,116.65,0.0,0,0,0,0,0,0,25.5,6.1,0.0,0.0,0.73,0.4,52851,True
2026-04-10T08:00:00+00:00,8,4,10,4,0,0,0,0,0,0,6,0.0,2,8,0.2,8320,11000,0.7564,116.65,0.0,0,0,0,0,0,0,26.7,7.3,0.0,0.0,1.0,0.2,52851,True
2026-04-10T09:00:00+00:00,9,4,10,4,0,0,0,0,0,0,6,0.0,2,8,0.2,8320,11000,0.7564,116.65,0.0,0,0,0,0,0,0,27.5,20.8,16.0,0.5,1.68,0.0,52851,True
2026-04-10T10:00:00+00:00,10,4,10,4,0,0,0,0,0,0,6,0.0,2,8,0.2,8320,11000,0.7564,116.65,0.0,0,0,0,0,0,0,29.3,26.8,11.6,0.5,2.43,0.0,52851,True
2026-04-10T11:00:00+00:00,11,4,10,4,0,0,0,0,0,0,6,0.0,2,8,0.2,8320,11000,0.7564,116.65,0.0,0,0,0,0,0,0,29.9,12.8,0.0,0.0,2.93,0.0,52851,True
2026-04-10T12:00:00+00:00,12,4,10,4,0,0,0,0,0,0,6,0.0,2,8,0.2,8320,11000,0.7564,116.65,0.0,0,0,0,0,0,0,29.8,10.2,0.0,0.0,3.05,0.0,52851,True
2026-04-10T13:00:00+00:00,13,4,10,4,0,0,0,0,0,0,6,0.0,2,8,0.2,8320,11000,0.7564,116.65,0.0,0,0,0,0,0,0,31.4,9.6,0.0,0.0,2.8,0.0,52851,True
2026-04-10T14:00:00+00:00,14,4,10,4,0,0,0,0,0,0,6,0.0,2,8,0.2,8320,11000,0.7564,116.65,0.0,0,0,0,0,0,0,31.8,11.5,0.0,0.0,2.5,0.0,52851,True
2026-04-10T15:00:00+00:00,15,4,10,4,0,0,0,0,0,0,6,0.0,2,8,0.2,8320,11000,0.7564,116.65,0.0,0,0,0,0,0,0,32.3,12.6,0.0,0.0,2.07,0.0,52851,True
2026-04-10T16:00:00+00:00,16,4,10,4,0,0,0,0,0,0,6,0.0,2,8,0.2,8320,11000,0.7564,116.65,0.0,0,0,0,0,0,0,30.5,16.4,0.0,0.0,1.7,0.0,52851,True
2026-04-10T17:00:00+00:00,17,4,10,4,0,0,0,0,0,0,6,0.0,2,8,0.2,8320,11000,0.7564,116.65,0.0,0,0,0,0,0,0,31.9,15.4,0.0,0.0,1.35,0.2,52851,True
2026-04-10T18:00:00+00:00,18,4,10,4,0,0,0,0,0,0,6,0.0,2,8,0.2,8320,11000,0.7564,116.65,0.0,0,0,0,0,0,0,30.1,14.8,0.0,0.0,0.92,0.4,52851,True
2026-04-10T19:00:00+00:00,19,4,10,4,0,0,0,0,0,0,6,0.0,2,8,0.2,8320,11000,0.7564,116.65,0.0,0,0,0,0,0,0,30.5,13.7,0.0,0.0,0.76,0.4,52851,True
2026-04-10T20:00:00+00:00,20,4,10,4,0,0,0,0,0,0,6,0.0,2,8,0.2,8320,11000,0.7564,116.65,0.0,0,0,0,0,0,0,28.8,13.4,0.0,0.0,0.82,0.4,52851,True
2026-04-10T21:00:00+00:00,21,4,10,4,0,0,0,0,0,0,6,0.0,2,8,0.2,8320,11000,0.7564,116.65,0.0,0,0,0,0,0,0,28.9,15.4,0.0,0.0,1.34,0.2,52851,True
2026-04-10T22:00:00+00:00,22,4,10,4,0,0,0,0,0,0,6,0.0,2,8,0.2,8320,11000,0.7564,116.65,0.0,0,0,0,0,0,0,27.0,12.5,0.0,0.0,2.11,0.0,52851,True
2026-04-10T23:00:00+00:00,23,4,10,4,0,0,0,0,0,0,6,0.0,2,8,0.2,8320,11000,0.7564,116.65,0.0,0,0,0,0,0,0,27.2,9.1,0.0,0.0,2.71,0.0,52851,True
2026-04-11T00:00:00+00:00,0,5,11,4,1,0,0,0,0,0,6,0.0,2,8,0.2,8320,11000,0.7564,116.65,0.0,0,0,0,0,0,0,25.9,14.5,0.0,0.0,3.04,0.0,52851,True
2026-04-11T01:00:00+00:00,1,5,11,4,1,0,0,0,0,0,6,0.0,2,8,0.2,8320,11000,0.7564,116.65,0.0,0,0,0,0,0,0,24.8,9.5,0.0,0.0,2.94,0.0,52851,True
2026-04-11T02:00:00+00:00,2,5,11,4,1,0,0,0,0,0,6,0.0,2,8,0.2,8320,11000,0.7564,116.65,0.0,0,0,0,0,0,0,24.6,6.9,0.0,0.0,2.64,0.0,52851,True
2026-04-11T03:00:00+00:00,3,5,11,4,1,0,0,0,0,0,6,0.0,2,8,0.2,8320,11000,0.7564,116.65,0.0,0,0,0,0,0,0,24.5,6.8,0.0,0.0,2.19,0.0,52851,True
2026-04-11T04:00:00+00:00,4,5,11,4,1,0,0,0,0,0,6,0.0,2,8,0.2,8320,11000,0.7564,116.65,0.0,0,0,0,0,0,0,23.9,7.9,0.0,0.0,1.86,0.0,52851,True
2026-04-11T05:00:00+00:00,5,5,11,4,1,0,0,0,0,0,6,0.0,2,8,0.2,8320,11000,0.7564,116.65,0.0,0,0,0,0,0,0,24.0,5.6,0.0,0.0,1.51,0.0,52851,True
2026-04-11T06:00:00+00:00,6,5,11,4,1,0,0,0,0,0,6,0.0,2,8,0.2,8320,11000,0.7564,116.65,0.0,0,0,0,0,0,0,24.6,27.1,15.6,0.5,1.16,0.2,52851,True
2026-04-11T07:00:00+00:00,7,5,11,4,1,0,0,0,0,0,6,0.0,2,8,0.2,8320,11000,0.7564,116.65,0.0,0,0,0,0,0,0,26.1,19.2,4.9,0.2,0.77,0.4,52851,True
2026-04-11T08:00:00+00:00,8,5,11,4,1,0,0,0,0,0,6,0.0,2,8,0.2,8320,11000,0.7564,116.65,0.0,0,0,0,0,0,0,27.0,9.5,0.0,0.0,0.8,0.4,52851,True
2026-04-11T09:00:00+00:00,9,5,11,4,1,0,0,0,0,0,6,0.0,2,8,0.2,8320,11000,0.7564,116.65,0.0,0,0,0,0,0,0,27.2,17.1,3.1,0.2,1.16,0.2,52851,True
2026-04-11T10:00:00+00:00,10,5,11,4,1,0,0,0,0,0,6,0.0,2,8,0.2,8320,11000,0.7564,116.65,0.0,0,0,0,0,0,0,28.4,31.3,40.0,0.85,1.77,0.0,52851,True
2026-04-11T11:00:00+00:00,11,5,11,4,1,0,0,0,0,0,6,0.0,2,8,0.2,8320,11000,0.7564,116.65,0.0,0,0,0,0,0,0,29.6,9.0,0.0,0.0,2.53,0.0,52851,True
2026-04-11T12:00:00+00:00,12,5,11,4,1,0,0,0,0,0,6,0.0,2,8,0.2,8320,11000,0.7564,116.65,0.0,0,0,0,0,0,0,30.5,10.6,0.0,0.0,2.93,0.0,52851,True
2026-04-11T13:00:00+00:00,13,5,11,4,1,0,0,0,0,0,6,0.0,2,8,0.2,8320,11000,0.7564,116.65,0.0,0,0,0,0,0,0,31.2,16.2,5.7,0.2,3.09,0.0,52851,True
2026-04-11T14:00:00+00:00,14,5,11,4,1,0,0,0,0,0,6,0.0,2,8,0.2,8320,11000,0.7564,116.65,0.0,0,0,0,0,0,0,31.8,13.2,0.0,0.0,2.81,0.0,52851,True
2026-04-11T15:00:00+00:00,15,5,11,4,1,0,0,0,0,0,6,0.0,2,8,0.2,8320,11000,0.7564,116.65,0.0,0,0,0,0,0,0,32.4,22.5,6.3,0.2,2.38,0.0,52851,True
2026-04-11T16:00:00+00:00,16,5,11,4,1,0,0,0,0,0,6,0.0,2,8,0.2,8320,11000,0.7564,116.65,0.0,0,0,0,0,0,0,31.1,13.4,0.0,0.0,2.03,0.0,52851,True
2026-04-11T17:00:00+00:00,17,5,11,4,1,0,0,0,0,0,6,0.0,2,8,0.2,8320,11000,0.7564,116.65,0.0,0,0,0,0,0,0,32.0,12.6,0.0,0.0,1.63,0.0,52851,True
2026-04-11T18:00:00+00:00,18,5,11,4,1,0,0,0,0,0,6,0.0,2,8,0.2,8320,11000,0.7564,116.65,0.0,0,0,0,0,0,0,30.6,16.6,0.0,0.0,1.3,0.2,52851,True
2026-04-11T19:00:00+00:00,19,5,11,4,1,0,0,0,0,0,6,0.0,2,8,0.2,8320,11000,0.7564,116.65,0.0,0,0,0,0,0,0,29.8,31.6,21.1,0.5,0.95,0.4,52851,True
2026-04-11T20:00:00+00:00,20,5,11,4,1,0,0,0,0,0,6,0.0,2,8,0.2,8320,11000,0.7564,116.65,0.0,0,0,0,0,0,0,29.7,15.4,0.0,0.0,0.69,0.4,52851,True
2026-04-11T21:00:00+00:00,21,5,11,4,1,0,0,0,0,0,6,0.0,2,8,0.2,8320,11000,0.7564,116.65,0.0,0,0,0,0,0,0,29.0,15.5,0.0,0.0,0.93,0.4,52851,True
2026-04-11T22:00:00+00:00,22,5,11,4,1,0,0,0,0,0,6,0.0,2,8,0.2,8320,11000,0.7564,116.65,0.0,0,0,0,0,0,0,26.6,12.5,0.0,0.0,1.53,0.0,52851,True
2026-04-11T23:00:00+00:00,23,5,11,4,1,0,0,0,0,0,6,0.0,2,8,0.2,8320,11000,0.7564,116.65,0.0,0,0,0,0,0,0,26.1,15.4,0.0,0.0,2.2,0.0,52851,True
2026-04-12T00:00:00+00:00,0,6,12,4,1,0,0,0,0,0,6,0.0,2,8,0.2,8320,11000,0.7564,116.65,0.0,0,0,0,0,0,0,26.3,14.6,0.0,0.0,2.84,0.0,52851,True
2026-04-12T01:00:00+00:00,1,6,12,4,1,0,0,0,0,0,6,0.0,2,8,0.2,8320,11000,0.7564,116.65,0.0,0,0,0,0,0,0,25.7,13.1,0.0,0.0,3.07,0.0,52851,True
2026-04-12T02:00:00+00:00,2,6,12,4,1,0,0,0,0,0,6,0.0,2,8,0.2,8320,11000,0.7564,116.65,0.0,0,0,0,0,0,0,24.0,9.9,0.0,0.0,2.91,0.0,52851,True
2026-04-12T03:00:00+00:00,3,6,12,4,1,0,0,0,0,0,6,0.0,2,8,0.2,8320,11000,0.7564,116.65,0.0,0,0,0,0,0,0,25.5,6.5,0.0,0.0,2.54,0.0,52851,True
2026-04-12T04:00:00+00:00,4,6,12,4,1,0,0,0,0,0,6,0.0,2,8,0.2,8320,11000,0.7564,116.65,0.0,0,0,0,0,0,0,25.6,11.1,0.0,0.0,2.2,0.0,52851,True
2026-04-12T05:00:00+00:00,5,6,12,4,1,0,0,0,0,0,6,0.0,2,8,0.2,8320,11000,0.7564,116.65,0.0,0,0,0,0,0,0,25.5,9.9,0.0,0.0,1.77,0.0,52851,True
2026-04-12T06:00:00+00:00,6,6,12,4,1,0,0,0,0,0,6,0.0,2,8,0.2,8320,11000,0.7564,116.65,0.0,0,0,0,0,0,0,26.0,15.5,5.2,0.2,1.41,0.0,52851,True
2026-04-12T07:00:00+00:00,7,6,12,4,1,0,0,0,0,0,6,0.0,2,8,0.2,8320,11000,0.7564,116.65,0.0,0,0,0,0,0,0,27.1,6.0,0.0,0.0,1.07,0.2,52851,True
2026-04-12T08:00:00+00:00,8,6,12,4,1,0,0,0,0,0,6,0.0,2,8,0.2,8320,11000,0.7564,116.65,0.0,0,0,0,0,0,0,26.2,5.7,0.0,0.0,0.79,0.4,52851,True
2026-04-12T09:00:00+00:00,9,6,12,4,1,0,0,0,0,0,6,0.0,2,8,0.2,8320,11000,0.7564,116.65,0.0,0,0,0,0,0,0,28.6,7.1,0.0,0.0,0.83,0.4,52851,True
2026-04-12T10:00:00+00:00,10,6,12,4,1,0,0,0,0,0,6,0.0,2,8,0.2,8320,11000,0.7564,116.65,0.0,0,0,0,0,0,0,28.4,19.5,4.0,0.2,1.19,0.2,52851,True
2026-04-12T11:00:00+00:00,11,6,12,4,1,0,0,0,0,0,6,0.0,2,8,0.2,8320,11000,0.7564,116.65,0.0,0,0,0,0,0,0,29.2,8.7,0.0,0.0,1.96,0.0,52851,True
2026-04-12T12:00:00+00:00,12,6,12,4,1,0,0,0,0,0,6,0.0,2,8,0.2,8320,11000,0.7564,116.65,0.0,0,0,0,0,0,0,29.8,19.1,3.4,0.2,2.59,0.0,52851,True
2026-04-12T13:00:00+00:00,13,6,12,4,1,0,0,0,0,0,6,0.0,2,8,0.2,8320,11000,0.7564,116.65,0.0,0,0,0,0,0,0,30.1,9.2,0.0,0.0,3.02,0.0,52851,True
2026-04-12T14:00:00+00:00,14,6,12,4,1,0,0,0,0,0,6,0.0,2,8,0.2,8320,11000,0.7564,116.65,0.0,0,0,0,0,0,0,32.1,14.8,0.0,0.0,3.03,0.0,52851,True
2026-04-12T15:00:00+00:00,15,6,12,4,1,0,0,0,0,0,6,0.0,2,8,0.2,8320,11000,0.7564,116.65,0.0,0,0,0,0,0,0,31.0,17.9,3.8,0.2,2.74,0.0,52851,True
2026-04-12T16:00:00+00:00,16,6,12,4,1,0,0,0,0,0,6,0.0,2,8,0.2,8320,11000,0.7564,116.65,0.0,0,0,0,0,0,0,31.4,13.2,0.0,0.0,2.37,0.0,52851,True
2026-04-12T17:00:00+00:00,17,6,12,4,1,0,0,0,0,0,6,0.0,2,8,0.2,8320,11000,0.7564,116.65,0.0,0,0,0,0,0,0,30.5,17.0,0.0,0.0,1.92,0.0,52851,True
2026-04-12T18:00:00+00:00,18,6,12,4,1,0,0,0,0,0,6,0.0,2,8,0.2,8320,11000,0.7564,116.65,0.0,0,0,0,0,0,0,31.2,15.5,0.0,0.0,1.63,0.0,52851,True
2026-04-12T19:00:00+00:00,19,6,12,4,1,0,0,0,0,0,6,0.0,2,8,0.2,8320,11000,0.7564,116.65,0.0,0,0,0,0,0,0,29.7,11.9,0.0,0.0,1.27,0.2,52851,True
2026-04-12T20:00:00+00:00,20,6,12,4,1,0,0,0,0,0,6,0.0,2,8,0.2,8320,11000,0.7564,116.65,0.0,0,0,0,0,0,0,29.5,11.2,0.0,0.0,0.83,0.4,52851,True
2026-04-12T21:00:00+00:00,21,6,12,4,1,0,0,0,0,0,6,0.0,2,8,0.2,8320,11000,0.7564,116.65,0.0,0,0,0,0,0,0,28.0,32.4,18.4,0.5,0.79,0.4,52851,True
2026-04-12T22:00:00+00:00,22,6,12,4,1,0,0,0,0,0,6,0.0,2,8,0.2,8320,11000,0.7564,116.65,0.0,0,0,0,0,0,0,27.6,12.9,0.0,0.0,0.98,0.4,52851,True
2026-04-12T23:00:00+00:00,23,6,12,4,1,0,0,0,0,0,6,0.0,2,8,0.2,8320,11000,0.7564,116.65,0.0,0,0,0,0,0,0,26.1,11.2,0.0,0.0,1.56,0.0,52851,True
2026-04-13T00:00:00+00:00,0,0,13,4,0,0,0,0,0,0,6,0.0,2,8,0.2,8320,11000,0.7564,116.65,0.0,0,0,0,0,0,0,24.8,10.5,0.0,0.0,2.32,0.0,52851,True
2026-04-13T01:00:00+00:00,1,0,13,4,0,0,0,0,0,0,6,0.0,2,8,0.2,8320,11000,0.7564,116.65,0.0,0,0,0,0,0,0,24.6,13.7,0.0,0.0,2.93,0.0,52851,True
2026-04-13T02:00:00+00:00,2,0,13,4,0,0,0,0,0,0,6,0.0,2,8,0.2,8320,11000,0.7564,116.65,0.0,0,0,0,0,0,0,24.0,9.2,0.0,0.0,3.05,0.0,52851,True
2026-04-13T03:00:00+00:00,3,0,13,4,0,0,0,0,0,0,6,0.0,2,8,0.2,8320,11000,0.7564,116.65,0.0,0,0,0,0,0,0,24.9,9.9,0.0,0.0,2.91,0.0,52851,True
2026-04-13T04:00:00+00:00,4,0,13,4,0,0,0,0,0,0,6,0.0,2,8,0.2,8320,11000,0.7564,116.65,0.0,0,0,0,0,0,0,25.4,23.8,20.0,0.5,2.51,0.0,52851,True
2026-04-13T05:00:00+00:00,5,0,13,4,0,0,0,0,0,0,6,0.0,2,8,0.2,8320,11000,0.7564,116.65,0.0,0,0,0,0,0,0,25.8,5.8,0.0,0.0,2.16,0.0,52851,True
2026-04-13T06:00:00+00:00,6,0,13,4,0,0,0,0,0,0,6,0.0,2,8,0.2,8320,11000,0.7564,116.65,0.0,0,0,0,0,0,0,25.0,16.6,5.7,0.2,1.73,0.0,52851,True
2026-04-13T07:00:00+00:00,7,0,13,4,0,0,0,0,0,0,6,0.0,2,8,0.2,8320,11000,0.7564,116.65,0.0,0,0,0,0,0,0,26.5,15.9,4.7,0.2,1.37,0.2,52851,True
2026-04-13T08:00:00+00:00,8,0,13,4,0,0,0,0,0,0,6,0.0,2,8,0.2,8320,11000,0.7564,116.65,0.0,0,0,0,0,0,0,27.8,33.1,41.6,0.85,1.03,0.2,52851,True
2026-04-13T09:00:00+00:00,9,0,13,4,0,0,0,0,0,0,6,0.0,2,8,0.2,8320,11000,0.7564,116.65,0.0,0,0,0,0,0,0,28.4,6.6,0.0,0.0,0.71,0.4,52851,True
2026-04-13T10:00:00+00:00,10,0,13,4,0,0,0,0,0,0,6,0.0,2,8,0.2,8320,11000,0.7564,116.65,0.0,0,0,0,0,0,0,28.4,11.4,0.0,0.0,0.8,0.4,52851,True
2026-04-13T11:00:00+00:00,11,0,13,4,0,0,0,0,0,0,6,0.0,2,8,0.2,8320,11000,0.7564,116.65,0.0,0,0,0,0,0,0,30.6,13.9,0.0,0.0,1.33,0.2,52851,True
2026-04-13T12:00:00+00:00,12,0,13,4,0,0,0,0,0,0,6,0.0,2,8,0.2,8320,11000,0.7564,116.65,0.0,0,0,0,0,0,0,31.0,10.9,0.0,0.0,1.99,0.0,52851,True
2026-04-13T13:00:00+00:00,13,0,13,4,0,0,0,0,0,0,6,0.0,2,8,0.2,8320,11000,0.7564,116.65,0.0,0,0,0,0,0,0,30.1,15.3,0.0,0.0,2.7,0.0,52851,True
2026-04-13T14:00:00+00:00,14,0,13,4,0,0,0,0,0,0,6,0.0,2,8,0.2,8320,11000,0.7564,116.65,0.0,0,0,0,0,0,0,31.7,27.2,20.0,0.5,3.08,0.0,52851,True
2026-04-13T15:00:00+00:00,15,0,13,4,0,0,0,0,0,0,6,0.0,2,8,0.2,8320,11000,0.7564,116.65,0.0,0,0,0,0,0,0,30.9,12.0,0.0,0.0,2.97,0.0,52851,True
2026-04-13T16:00:00+00:00,16,0,13,4,0,0,0,0,0,0,6,0.0,2,8,0.2,8320,11000,0.7564,116.65,0.0,0,0,0,0,0,0,31.9,14.5,0.0,0.0,2.7,0.0,52851,True
2026-04-13T17:00:00+00:00,17,0,13,4,0,0,0,0,0,0,6,0.0,2,8,0.2,8320,11000,0.7564,116.65,0.0,0,0,0,0,0,0,30.5,12.0,0.0,0.0,2.3,0.0,52851,True
2026-04-13T18:00:00+00:00,18,0,13,4,0,0,0,0,0,0,6,0.0,2,8,0.2,8320,11000,0.7564,116.65,0.0,0,0,0,0,0,0,29.5,11.4,0.0,0.0,1.87,0.0,52851,True
2026-04-13T19:00:00+00:00,19,0,13,4,0,0,0,0,0,0,6,0.0,2,8,0.2,8320,11000,0.7564,116.65,0.0,0,0,0,0,0,0,30.5,14.0,0.0,0.0,1.5,0.0,52851,True
2026-04-13T20:00:00+00:00,20,0,13,4,0,0,0,0,0,0,6,0.0,2,8,0.2,8320,11000,0.7564,116.65,0.0,0,0,0,0,0,0,28.2,14.2,0.0,0.0,1.2,0.2,52851,True
2026-04-13T21:00:00+00:00,21,0,13,4,0,0,0,0,0,0,6,0.0,2,8,0.2,8320,11000,0.7564,116.65,0.0,0,0,0,0,0,0,28.8,13.2,0.0,0.0,0.78,0.4,52851,True
2026-04-13T22:00:00+00:00,22,0,13,4,0,0,0,0,0,0,6,0.0,2,8,0.2,8320,11000,0.7564,116.65,0.0,0,0,0,0,0,0,26.3,13.7,0.0,0.0,0.78,0.4,52851,True
2026-04-13T23:00:00+00:00,23,0,13,4,0,0,0,0,0,0,6,0.0,2,8,0.2,8320,11000,0.7564,116.65,0.0,0,0,0,0,0,0,26.0,17.3,2.4,0.2,1.08,0.2,52851,True
2026-04-14T00:00:00+00:00,0,1,14,4,0,0,0,0,0,0,6,0.0,2,8,0.2,8320,11000,0.7564,116.65,0.0,0,0,0,0,0,0,24.8,11.6,0.0,0.0,1.72,0.0,52851,True
2026-04-14T01:00:00+00:00,1,1,14,4,0,0,0,0,0,0,6,0.0,2,8,0.2,8320,11000,0.7564,116.65,0.0,0,0,0,0,0,0,24.9,10.3,0.0,0.0,2.49,0.0,52851,True
2026-04-14T02:00:00+00:00,2,1,14,4,0,0,0,0,0,0,6,0.0,2,8,0.2,8320,11000,0.7564,116.65,0.0,0,0,0,0,0,0,24.7,20.7,21.6,0.5,2.94,0.0,52851,True
2026-04-14T03:00:00+00:00,3,1,14,4,0,0,0,0,0,0,6,0.0,2,8,0.2,8320,11000,0.7564,116.65,0.0,0,0,0,0,0,0,24.0,8.8,0.0,0.0,3.07,0.0,52851,True
2026-04-14T04:00:00+00:00,4,1,14,4,0,0,0,0,0,0,6,0.0,2,8,0.2,8320,11000,0.7564,116.65,0.0,0,0,0,0,0,0,24.2,8.1,0.0,0.0,2.86,0.0,52851,True
2026-04-14T05:00:00+00:00,5,1,14,4,0,0,0,0,0,0,6,0.0,2,8,0.2,8320,11000,0.7564,116.65,0.0,0,0,0,0,0,0,25.3,11.1,0.0,0.0,2.39,0.0,52851,True
2026-04-14T06:00:00+00:00,6,1,14,4,0,0,0,0,0,0,6,0.0,2,8,0.2,8320,11000,0.7564,116.65,0.0,0,0,0,0,0,0,26.1,7.3,0.0,0.0,2.1,0.0,52851,True
2026-04-14T07:00:00+00:00,7,1,14,4,0,0,0,0,0,0,6,0.0,2,8,0.2,8320,11000,0.7564,116.65,0.0,0,0,0,0,0,0,25.9,8.4,0.0,0.0,1.74,0.0,52851,True
2026-04-14T08:00:00+00:00,8,1,14,4,0,0,0,0,0,0,6,0.0,2,8,0.2,8320,11000,0.7564,116.65,0.0,0,0,0,0,0,0,28.1,5.9,0.0,0.0,1.35,0.2,52851,True
2026-04-14T09:00:00+00:00,9,1,14,4,0,0,0,0,0,0,6,0.0,2,8,0.2,8320,11000,0.7564,116.65,0.0,0,0,0,0,0,0,28.6,11.8,0.0,0.0,0.99,0.4,52851,True
2026-04-14T10:00:00+00:00,10,1,14,4,0,0,0,0,0,0,6,0.0,2,8,0.2,8320,11000,0.7564,116.65,0.0,0,0,0,0,0,0,28.7,11.4,0.0,0.0,0.74,0.4,52851,True
2026-04-14T11:00:00+00:00,11,1,14,4,0,0,0,0,0,0,6,0.0,2,8,0.2,8320,11000,0.7564,116.65,0.0,0,0,0,0,0,0,29.6,30.3,17.7,0.5,0.91,0.4,52851,True
2026-04-14T12:00:00+00:00,12,1,14,4,0,0,0,0,0,0,6,0.0,2,8,0.2,8320,11000,0.7564,116.65,0.0,0,0,0,0,0,0,30.9,11.1,0.0,0.0,1.41,0.0,52851,True
2026-04-14T13:00:00+00:00,13,1,14,4,0,0,0,0,0,0,6,0.0,2,8,0.2,8320,11000,0.7564,116.65,0.0,0,0,0,0,0,0,31.7,13.9,0.0,0.0,2.15,0.0,52851,True
2026-04-14T14:00:00+00:00,14,1,14,4,0,0,0,0,0,0,6,0.0,2,8,0.2,8320,11000,0.7564,116.65,0.0,0,0,0,0,0,0,30.6,34.8,28.2,0.85,2.74,0.0,52851,True
2026-04-14T15:00:00+00:00,15,1,14,4,0,0,0,0,0,0,6,0.0,2,8,0.2,8320,11000,0.7564,116.65,0.0,0,0,0,0,0,0,31.5,14.2,0.0,0.0,3.08,0.0,52851,True
2026-04-14T16:00:00+00:00,16,1,14,4,0,0,0,0,0,0,6,0.0,2,8,0.2,8320,11000,0.7564,116.65,0.0,0,0,0,0,0,0,31.3,11.5,0.0,0.0,2.99,0.0,52851,True
2026-04-14T17:00:00+00:00,17,1,14,4,0,0,0,0,0,0,6,0.0,2,8,0.2,8320,11000,0.7564,116.65,0.0,0,0,0,0,0,0,30.6,12.9,0.0,0.0,2.61,0.0,52851,True
2026-04-14T18:00:00+00:00,18,1,14,4,0,0,0,0,0,0,6,0.0,2,8,0.2,8320,11000,0.7564,116.65,0.0,0,0,0,0,0,0,29.6,15.3,0.0,0.0,2.17,0.0,52851,True
2026-04-14T19:00:00+00:00,19,1,14,4,0,0,0,0,0,0,6,0.0,2,8,0.2,8320,11000,0.7564,116.65,0.0,0,0,0,0,0,0,29.2,20.3,2.7,0.2,1.84,0.0,52851,True
2026-04-14T20:00:00+00:00,20,1,14,4,0,0,0,0,0,0,6,0.0,2,8,0.2,8320,11000,0.7564,116.65,0.0,0,0,0,0,0,0,29.2,11.6,0.0,0.0,1.48,0.0,52851,True
2026-04-14T21:00:00+00:00,21,1,14,4,0,0,0,0,0,0,6,0.0,2,8,0.2,8320,11000,0.7564,116.65,0.0,0,0,0,0,0,0,28.2,11.3,0.0,0.0,1.07,0.2,52851,True
2026-04-14T22:00:00+00:00,22,1,14,4,0,0,0,0,0,0,6,0.0,2,8,0.2,8320,11000,0.7564,116.65,0.0,0,0,0,0,0,0,27.5,14.2,0.0,0.0,0.77,0.4,52851,True
2026-04-14T23:00:00+00:00,23,1,14,4,0,0,0,0,0,0,6,0.0,2,8,0.2,8320,11000,0.7564,116.65,0.0,0,0,0,0,0,0,26.0,9.7,0.0,0.0,0.8,0.4,52851,True
