container_id,vessel_id,container_size_type,weight_mt,container_status,destination_zone_id,priority,handling_requirement,synthetic
SYN-CONT-000001,00000000-0000-0000-0000-0000000003e8,40GP,16.6,inbound,00000000-0000-0000-0000-00000000012f,critical,hazardous,True
SYN-CONT-000002,00000000-0000-0000-0000-0000000003e8,40HC,30.3,inbound,00000000-0000-0000-0000-00000000012e,critical,hazardous,True
SYN-CONT-000003,00000000-0000-0000-0000-0000000003e8,20GP,29.6,inbound,00000000-0000-0000-0000-00000000012c,critical,hazardous,True
SYN-CONT-000004,00000000-0000-0000-0000-0000000003e8,40GP,14.0,inbound,00000000-0000-0000-0000-00000000012c,critical,standard,True
SYN-CONT-000005,00000000-0000-0000-0000-0000000003e8,40GP,11.9,inbound,00000000-0000-0000-0000-00000000012c,critical,standard,True
SYN-CONT-000006,00000000-0000-0000-0000-0000000003e8,40GP,17.2,inbound,00000000-0000-0000-0000-000000000131,critical,standard,True
SYN-CONT-000007,00000000-0000-0000-0000-0000000003e8,40RF,14.6,inbound,00000000-0000-0000-0000-00000000012d,critical,reefer,True
SYN-CONT-000008,00000000-0000-0000-0000-0000000003e8,40HC,23.8,inbound,00000000-0000-0000-0000-00000000012f,critical,standard,True
SYN-CONT-000009,00000000-0000-0000-0000-0000000003e8,20GP,28.8,inbound,00000000-0000-0000-0000-000000000131,critical,standard,True
SYN-CONT-000010,00000000-0000-0000-0000-0000000003e8,40GP,10.6,inbound,00000000-0000-0000-0000-00000000012d,critical,reefer,True
SYN-CONT-000011,00000000-0000-0000-0000-0000000003e8,40GP,26.6,inbound,00000000-0000-0000-0000-00000000012c,critical,standard,True
SYN-CONT-000012,00000000-0000-0000-0000-0000000003e8,20GP,25.8,inbound,00000000-0000-0000-0000-000000000130,critical,standard,True
SYN-CONT-000013,00000000-0000-0000-0000-0000000003e8,40HC,10.8,inbound,00000000-0000-0000-0000-000000000131,critical,reefer,True
SYN-CONT-000014,00000000-0000-0000-0000-0000000003e8,40HC,29.2,inbound,00000000-0000-0000-0000-000000000130,critical,reefer,True
SYN-CONT-000015,00000000-0000-0000-0000-0000000003e8,40RF,17.8,inbound,00000000-0000-0000-0000-000000000130,critical,reefer,True
SYN-CONT-000016,00000000-0000-0000-0000-0000000003e8,20GP,24.5,inbound,00000000-0000-0000-0000-000000000130,critical,reefer,True
SYN-CONT-000017,00000000-0000-0000-0000-0000000003e8,40HC,10.1,inbound,00000000-0000-0000-0000-000000000131,critical,standard,True
SYN-CONT-000018,00000000-0000-0000-0000-0000000003e8,20GP,21.0,inbound,00000000-0000-0000-0000-00000000012d,critical,standard,True
SYN-CONT-000019,00000000-0000-0000-0000-0000000003e8,40RF,19.7,inbound,00000000-0000-0000-0000-00000000012f,critical,reefer,True
SYN-CONT-000020,00000000-0000-0000-0000-0000000003e8,40HC,30.4,inbound,00000000-0000-0000-0000-00000000012f,critical,standard,True
SYN-CONT-000021,00000000-0000-0000-0000-0000000003e8,40RF,29.8,inbound,00000000-0000-0000-0000-00000000012f,critical,reefer,True
SYN-CONT-000022,00000000-0000-0000-0000-0000000003e8,40HC,15.5,inbound,00000000-0000-0000-0000-000000000131,critical,reefer,True
SYN-CONT-000023,00000000-0000-0000-0000-0000000003e8,20GP,15.4,inbound,00000000-0000-0000-0000-000000000131,critical,standard,True
SYN-CONT-000024,00000000-0000-0000-0000-0000000003e8,40RF,14.5,inbound,00000000-0000-0000-0000-00000000012f,critical,reefer,True
SYN-CONT-000025,00000000-0000-0000-0000-0000000003e8,20GP,10.0,inbound,00000000-0000-0000-0000-00000000012e,critical,reefer,True
SYN-CONT-000026,00000000-0000-0000-0000-0000000003e8,40HC,29.8,inbound,00000000-0000-0000-0000-00000000012f,critical,standard,True
SYN-CONT-000027,00000000-0000-0000-0000-0000000003e8,20GP,18.4,inbound,00000000-0000-0000-0000-00000000012c,critical,hazardous,True
SYN-CONT-000028,00000000-0000-0000-0000-0000000003e8,40GP,16.1,inbound,00000000-0000-0000-0000-00000000012f,critical,hazardous,True
SYN-CONT-000029,00000000-0000-0000-0000-0000000003e8,40RF,25.1,inbound,00000000-0000-0000-0000-00000000012d,critical,reefer,True
SYN-CONT-000030,00000000-0000-0000-0000-0000000003e8,40HC,10.9,inbound,00000000-0000-0000-0000-00000000012e,critical,hazardous,True
SYN-CONT-000031,00000000-0000-0000-0000-0000000003e8,40RF,27.8,inbound,00000000-0000-0000-0000-00000000012f,critical,reefer,True
SYN-CONT-000032,00000000-0000-0000-0000-0000000003e8,20GP,29.9,inbound,00000000-0000-0000-0000-000000000130,critical,standard,True
SYN-CONT-000033,00000000-0000-0000-0000-0000000003e8,40GP,15.0,inbound,00000000-0000-0000-0000-00000000012c,critical,standard,True
SYN-CONT-000034,00000000-0000-0000-0000-0000000003e8,40RF,10.1,inbound,00000000-0000-0000-0000-00000000012c,critical,reefer,True
SYN-CONT-000035,00000000-0000-0000-0000-0000000003e8,40RF,29.3,inbound,00000000-0000-0000-0000-000000000131,critical,reefer,True
SYN-CONT-000036,00000000-0000-0000-0000-0000000003e8,40GP,29.0,inbound,00000000-0000-0000-0000-00000000012e,critical,reefer,True
SYN-CONT-000037,00000000-0000-0000-0000-0000000003e8,40HC,26.8,inbound,00000000-0000-0000-0000-00000000012f,critical,reefer,True
SYN-CONT-000038,00000000-0000-0000-0000-0000000003e8,40GP,20.4,inbound,00000000-0000-0000-0000-00000000012f,critical,reefer,True
SYN-CONT-000039,00000000-0000-0000-0000-0000000003e8,40GP,19.4,inbound,00000000-0000-0000-0000-00000000012d,critical,hazardous,True
SYN-CONT-000040,00000000-0000-0000-0000-0000000003e8,20GP,25.4,inbound,00000000-0000-0000-0000-00000000012f,critical,standard,True
SYN-CONT-000041,00000000-0000-0000-0000-0000000003e8,40HC,14.0,inbound,00000000-0000-0000-0000-00000000012c,critical,hazardous,True
SYN-CONT-000042,00000000-0000-0000-0000-0000000003e8,40HC,26.8,inbound,00000000-0000-0000-0000-000000000130,critical,standard,True
SYN-CONT-000043,00000000-0000-0000-0000-0000000003e8,40RF,27.5,inbound,00000000-0000-0000-0000-00000000012f,critical,reefer,True
SYN-CONT-000044,00000000-0000-0000-0000-0000000003e8,40RF,15.8,inbound,00000000-0000-0000-0000-000000000130,critical,reefer,True
SYN-CONT-000045,00000000-0000-0000-0000-0000000003e8,40RF,18.2,inbound,00000000-0000-0000-0000-00000000012e,critical,reefer,True
SYN-CONT-000046,00000000-0000-0000-0000-0000000003e8,40GP,20.9,inbound,00000000-0000-0000-0000-00000000012d,critical,standard,True
SYN-CONT-000047,00000000-0000-0000-0000-0000000003e8,40RF,9.0,inbound,00000000-0000-0000-0000-000000000131,critical,reefer,True
SYN-CONT-000048,00000000-0000-0000-0000-0000000003e8,40RF,23.9,inbound,00000000-0000-0000-0000-00000000012f,critical,reefer,True
SYN-CONT-000049,00000000-0000-0000-0000-0000000003e8,40RF,30.2,inbound,00000000-0000-0000-0000-000000000131,critical,reefer,True
SYN-CONT-000050,00000000-0000-0000-0000-0000000003e8,40GP,29.7,inbound,00000000-0000-0000-0000-00000000012d,critical,reefer,True
SYN-CONT-000051,00000000-0000-0000-0000-0000000003e8,40HC,27.7,inbound,00000000-0000-0000-0000-00000000012f,critical,standard,True
SYN-CONT-000052,00000000-0000-0000-0000-0000000003e8,20GP,28.5,inbound,00000000-0000-0000-0000-00000000012c,critical,hazardous,True
SYN-CONT-000053,00000000-0000-0000-0000-0000000003e8,40GP,27.6,inbound,00000000-0000-0000-0000-00000000012d,critical,reefer,True
SYN-CONT-000054,00000000-0000-0000-0000-0000000003e8,20GP,25.6,inbound,00000000-0000-0000-0000-00000000012e,critical,reefer,True
SYN-CONT-000055,00000000-0000-0000-0000-0000000003e8,40HC,23.6,inbound,00000000-0000-0000-0000-000000000131,critical,hazardous,True
SYN-CONT-000056,00000000-0000-0000-0000-0000000003e8,20GP,27.2,inbound,00000000-0000-0000-0000-000000000130,critical,standard,True
SYN-CONT-000057,00000000-0000-0000-0000-0000000003e8,40RF,29.5,inbound,00000000-0000-0000-0000-000000000131,critical,reefer,True
SYN-CONT-000058,00000000-0000-0000-0000-0000000003e8,40RF,27.6,inbound,00000000-0000-0000-0000-00000000012c,critical,reefer,True
SYN-CONT-000059,00000000-0000-0000-0000-0000000003e8,20GP,22.2,inbound,00000000-0000-0000-0000-00000000012e,critical,standard,True
SYN-CONT-000060,00000000-0000-0000-0000-0000000003e8,40GP,17.8,inbound,00000000-0000-0000-0000-00000000012c,critical,standard,True
SYN-CONT-000061,00000000-0000-0000-0000-0000000003e8,20GP,11.7,inbound,00000000-0000-0000-0000-00000000012e,critical,reefer,True
SYN-CONT-000062,00000000-0000-0000-0000-0000000003e8,20GP,15.3,inbound,00000000-0000-0000-0000-00000000012c,critical,standard,True
SYN-CONT-000063,00000000-0000-0000-0000-0000000003e8,40HC,16.4,inbound,00000000-0000-0000-0000-00000000012d,critical,standard,True
SYN-CONT-000064,00000000-0000-0000-0000-0000000003e8,40GP,17.3,inbound,00000000-0000-0000-0000-000000000131,critical,hazardous,True
SYN-CONT-000065,00000000-0000-0000-0000-0000000003e8,40GP,11.9,inbound,00000000-0000-0000-0000-000000000130,critical,standard,True
SYN-CONT-000066,00000000-0000-0000-0000-0000000003e8,40RF,21.9,inbound,00000000-0000-0000-0000-00000000012d,critical,reefer,True
SYN-CONT-000067,00000000-0000-0000-0000-0000000003e8,40RF,28.5,inbound,00000000-0000-0000-0000-00000000012d,critical,reefer,True
SYN-CONT-000068,00000000-0000-0000-0000-0000000003e8,40GP,22.4,inbound,00000000-0000-0000-0000-00000000012f,critical,reefer,True
SYN-CONT-000069,00000000-0000-0000-0000-0000000003e8,40HC,28.2,inbound,00000000-0000-0000-0000-00000000012f,critical,standard,True
SYN-CONT-000070,00000000-0000-0000-0000-0000000003e8,40HC,11.6,inbound,00000000-0000-0000-0000-00000000012f,critical,hazardous,True
SYN-CONT-000071,00000000-0000-0000-0000-0000000003e8,40HC,14.7,inbound,00000000-0000-0000-0000-00000000012f,critical,hazardous,True
SYN-CONT-000072,00000000-0000-0000-0000-0000000003e8,40HC,27.0,inbound,00000000-0000-0000-0000-00000000012d,critical,reefer,True
SYN-CONT-000073,00000000-0000-0000-0000-0000000003e8,40RF,27.2,inbound,00000000-0000-0000-0000-00000000012c,critical,reefer,True
SYN-CONT-000074,00000000-0000-0000-0000-0000000003e8,40GP,20.9,inbound,00000000-0000-0000-0000-000000000130,critical,reefer,True
SYN-CONT-000075,00000000-0000-0000-0000-0000000003e8,40HC,8.5,inbound,00000000-0000-0000-0000-000000000131,critical,standard,True
SYN-CONT-000076,00000000-0000-0000-0000-0000000003e8,40RF,14.2,inbound,00000000-0000-0000-0000-000000000130,critical,reefer,True
SYN-CONT-000077,00000000-0000-0000-0000-0000000003e8,20GP,24.8,inbound,00000000-0000-0000-0000-00000000012e,critical,hazardous,True
SYN-CONT-000078,00000000-0000-0000-0000-0000000003e8,40GP,26.0,inbound,00000000-0000-0000-0000-00000000012d,critical,hazardous,True
SYN-CONT-000079,00000000-0000-0000-0000-0000000003e8,40GP,13.6,inbound,00000000-0000-0000-0000-000000000131,critical,hazardous,True
SYN-CONT-000080,00000000-0000-0000-0000-0000000003e8,40GP,28.3,inbound,00000000-0000-0000-0000-000000000131,critical,standard,True
SYN-CONT-000081,00000000-0000-0000-0000-0000000003e8,20GP,25.7,inbound,00000000-0000-0000-0000-00000000012c,critical,standard,True
SYN-CONT-000082,00000000-0000-0000-0000-0000000003e8,40HC,10.0,inbound,00000000-0000-0000-0000-00000000012e,critical,standard,True
SYN-CONT-000083,00000000-0000-0000-0000-0000000003e8,40HC,12.0,inbound,00000000-0000-0000-0000-00000000012d,critical,reefer,True
SYN-CONT-000084,00000000-0000-0000-0000-0000000003e8,40HC,19.3,inbound,00000000-0000-0000-0000-00000000012e,critical,hazardous,True
SYN-CONT-000085,00000000-0000-0000-0000-0000000003e8,40GP,28.6,inbound,00000000-0000-0000-0000-00000000012f,critical,standard,True
SYN-CONT-000086,00000000-0000-0000-0000-0000000003e8,40HC,26.1,inbound,00000000-0000-0000-0000-00000000012f,critical,standard,True
SYN-CONT-000087,00000000-0000-0000-0000-0000000003e8,20GP,25.0,inbound,00000000-0000-0000-0000-00000000012d,critical,standard,True
SYN-CONT-000088,00000000-0000-0000-0000-0000000003e8,40RF,29.8,inbound,00000000-0000-0000-0000-000000000130,critical,reefer,True
SYN-CONT-000089,00000000-0000-0000-0000-0000000003e8,40HC,25.8,inbound,00000000-0000-0000-0000-00000000012c,critical,standard,True
SYN-CONT-000090,00000000-0000-0000-0000-0000000003e8,40HC,10.8,inbound,00000000-0000-0000-0000-00000000012e,critical,hazardous,True
SYN-CONT-000091,00000000-0000-0000-0000-0000000003e8,40HC,16.6,inbound,00000000-0000-0000-0000-000000000131,critical,hazardous,True
SYN-CONT-000092,00000000-0000-0000-0000-0000000003e8,40HC,23.2,inbound,00000000-0000-0000-0000-00000000012f,critical,standard,True
SYN-CONT-000093,00000000-0000-0000-0000-0000000003e9,20GP,27.9,inbound,00000000-0000-0000-0000-000000000130,high,hazardous,True
SYN-CONT-000094,00000000-0000-0000-0000-0000000003e9,40HC,13.0,inbound,00000000-0000-0000-0000-00000000012c,high,hazardous,True
SYN-CONT-000095,00000000-0000-0000-0000-0000000003e9,40RF,28.5,inbound,00000000-0000-0000-0000-00000000012e,high,reefer,True
SYN-CONT-000096,00000000-0000-0000-0000-0000000003e9,40RF,10.6,inbound,00000000-0000-0000-0000-00000000012c,high,reefer,True
SYN-CONT-000097,00000000-0000-0000-0000-0000000003e9,20GP,30.4,inbound,00000000-0000-0000-0000-00000000012c,high,standard,True
SYN-CONT-000098,00000000-0000-0000-0000-0000000003e9,20GP,28.0,inbound,00000000-0000-0000-0000-00000000012d,high,standard,True
SYN-CONT-000099,00000000-0000-0000-0000-0000000003e9,40RF,18.2,inbound,00000000-0000-0000-0000-000000000131,high,reefer,True
SYN-CONT-000100,00000000-0000-0000-0000-0000000003e9,40RF,21.2,inbound,00000000-0000-0000-0000-000000000131,high,reefer,True
SYN-CONT-000101,00000000-0000-0000-0000-0000000003e9,40GP,22.7,inbound,00000000-0000-0000-0000-00000000012f,high,reefer,True
SYN-CONT-000102,00000000-0000-0000-0000-0000000003e9,40RF,29.1,inbound,00000000-0000-0000-0000-00000000012e,high,reefer,True
SYN-CONT-000103,00000000-0000-0000-0000-0000000003e9,20GP,12.9,inbound,00000000-0000-0000-0000-00000000012f,high,standard,True
SYN-CONT-000104,00000000-0000-0000-0000-0000000003e9,40GP,10.2,inbound,00000000-0000-0000-0000-000000000131,high,standard,True
SYN-CONT-000105,00000000-0000-0000-0000-0000000003e9,40HC,28.3,inbound,00000000-0000-0000-0000-000000000131,high,hazardous,True
SYN-CONT-000106,00000000-0000-0000-0000-0000000003e9,40HC,17.0,inbound,00000000-0000-0000-0000-00000000012d,high,standard,True
SYN-CONT-000107,00000000-0000-0000-0000-0000000003e9,20GP,10.1,inbound,00000000-0000-0000-0000-00000000012d,high,reefer,True
SYN-CONT-000108,00000000-0000-0000-0000-0000000003e9,20GP,25.7,inbound,00000000-0000-0000-0000-00000000012d,high,standard,True
SYN-CONT-000109,00000000-0000-0000-0000-0000000003e9,40GP,12.6,inbound,00000000-0000-0000-0000-000000000130,high,hazardous,True
SYN-CONT-000110,00000000-0000-0000-0000-0000000003e9,40GP,12.9,inbound,00000000-0000-0000-0000-00000000012d,high,hazardous,True
SYN-CONT-000111,00000000-0000-0000-0000-0000000003e9,40HC,25.7,inbound,00000000-0000-0000-0000-000000000130,high,standard,True
SYN-CONT-000112,00000000-0000-0000-0000-0000000003e9,20GP,27.3,inbound,00000000-0000-0000-0000-00000000012d,high,standard,True
SYN-CONT-000113,00000000-0000-0000-0000-0000000003e9,40GP,13.6,inbound,00000000-0000-0000-0000-00000000012d,high,hazardous,True
SYN-CONT-000114,00000000-0000-0000-0000-0000000003e9,20GP,11.0,inbound,00000000-0000-0000-0000-00000000012e,high,standard,True
SYN-CONT-000115,00000000-0000-0000-0000-0000000003e9,40GP,15.3,inbound,00000000-0000-0000-0000-00000000012d,high,hazardous,True
SYN-CONT-000116,00000000-0000-0000-0000-0000000003e9,40HC,10.9,inbound,00000000-0000-0000-0000-00000000012f,high,standard,True
SYN-CONT-000117,00000000-0000-0000-0000-0000000003e9,20GP,18.7,inbound,00000000-0000-0000-0000-00000000012e,high,standard,True
SYN-CONT-000118,00000000-0000-0000-0000-0000000003e9,20GP,19.3,inbound,00000000-0000-0000-0000-000000000130,high,reefer,True
SYN-CONT-000119,00000000-0000-0000-0000-0000000003e9,20GP,14.8,inbound,00000000-0000-0000-0000-000000000131,high,hazardous,True
SYN-CONT-000120,00000000-0000-0000-0000-0000000003e9,20GP,30.5,inbound,00000000-0000-0000-0000-00000000012f,high,standard,True
SYN-CONT-000121,00000000-0000-0000-0000-0000000003e9,40RF,23.4,inbound,00000000-0000-0000-0000-00000000012f,high,reefer,True
SYN-CONT-000122,00000000-0000-0000-0000-0000000003e9,40RF,9.7,inbound,00000000-0000-0000-0000-00000000012c,high,reefer,True
SYN-CONT-000123,00000000-0000-0000-0000-0000000003e9,40HC,11.3,inbound,00000000-0000-0000-0000-00000000012d,high,hazardous,True
SYN-CONT-000124,00000000-0000-0000-0000-0000000003e9,40HC,22.2,inbound,00000000-0000-0000-0000-000000000130,high,hazardous,True
SYN-CONT-000125,00000000-0000-0000-0000-0000000003e9,40HC,30.4,inbound,00000000-0000-0000-0000-000000000130,high,reefer,True
SYN-CONT-000126,00000000-0000-0000-0000-0000000003e9,40HC,19.4,inbound,00000000-0000-0000-0000-00000000012f,high,reefer,True
SYN-CONT-000127,00000000-0000-0000-0000-0000000003e9,20GP,27.2,inbound,00000000-0000-0000-0000-000000000131,high,standard,True
SYN-CONT-000128,00000000-0000-0000-0000-0000000003e9,40GP,18.2,inbound,00000000-0000-0000-0000-00000000012d,high,reefer,True
SYN-CONT-000129,00000000-0000-0000-0000-0000000003e9,40RF,15.6,inbound,00000000-0000-0000-0000-00000000012f,high,reefer,True
SYN-CONT-000130,00000000-0000-0000-0000-0000000003e9,40RF,17.4,inbound,00000000-0000-0000-0000-00000000012c,high,reefer,True
SYN-CONT-000131,00000000-0000-0000-0000-0000000003e9,40HC,15.0,inbound,00000000-0000-0000-0000-00000000012e,high,reefer,True
SYN-CONT-000132,00000000-0000-0000-0000-0000000003e9,40HC,23.5,inbound,00000000-0000-0000-0000-00000000012f,high,standard,True
SYN-CONT-000133,00000000-0000-0000-0000-0000000003e9,20GP,26.7,inbound,00000000-0000-0000-0000-00000000012c,high,standard,True
SYN-CONT-000134,00000000-0000-0000-0000-0000000003e9,40RF,10.2,inbound,00000000-0000-0000-0000-000000000131,high,reefer,True
SYN-CONT-000135,00000000-0000-0000-0000-0000000003e9,40HC,20.5,inbound,00000000-0000-0000-0000-000000000130,high,standard,True
SYN-CONT-000136,00000000-0000-0000-0000-0000000003e9,40HC,17.2,inbound,00000000-0000-0000-0000-000000000131,high,standard,True
SYN-CONT-000137,00000000-0000-0000-0000-0000000003e9,40RF,27.5,inbound,00000000-0000-0000-0000-000000000131,high,reefer,True
SYN-CONT-000138,00000000-0000-0000-0000-0000000003e9,20GP,21.5,inbound,00000000-0000-0000-0000-00000000012e,high,standard,True
SYN-CONT-000139,00000000-0000-0000-0000-0000000003e9,20GP,19.4,inbound,00000000-0000-0000-0000-00000000012d,high,hazardous,True
SYN-CONT-000140,00000000-0000-0000-0000-0000000003e9,40RF,13.0,inbound,00000000-0000-0000-0000-00000000012c,high,reefer,True
SYN-CONT-000141,00000000-0000-0000-0000-0000000003e9,40HC,16.3,inbound,00000000-0000-0000-0000-00000000012e,high,hazardous,True
SYN-CONT-000142,00000000-0000-0000-0000-0000000003e9,40GP,27.0,inbound,00000000-0000-0000-0000-000000000130,high,reefer,True
SYN-CONT-000143,00000000-0000-0000-0000-0000000003e9,20GP,28.9,inbound,00000000-0000-0000-0000-000000000131,high,hazardous,True
SYN-CONT-000144,00000000-0000-0000-0000-0000000003e9,40HC,12.1,inbound,00000000-0000-0000-0000-000000000131,high,standard,True
SYN-CONT-000145,00000000-0000-0000-0000-0000000003e9,40HC,15.9,inbound,00000000-0000-0000-0000-00000000012d,high,standard,True
SYN-CONT-000146,00000000-0000-0000-0000-0000000003e9,40GP,22.8,inbound,00000000-0000-0000-0000-00000000012c,high,hazardous,True
SYN-CONT-000147,00000000-0000-0000-0000-0000000003e9,40GP,10.1,inbound,00000000-0000-0000-0000-000000000130,high,standard,True
SYN-CONT-000148,00000000-0000-0000-0000-0000000003e9,40GP,17.4,inbound,00000000-0000-0000-0000-00000000012e,high,reefer,True
SYN-CONT-000149,00000000-0000-0000-0000-0000000003e9,40GP,15.0,inbound,00000000-0000-0000-0000-00000000012e,high,standard,True
SYN-CONT-000150,00000000-0000-0000-0000-0000000003e9,20GP,11.5,inbound,00000000-0000-0000-0000-000000000130,high,standard,True
SYN-CONT-000151,00000000-0000-0000-0000-0000000003e9,20GP,14.1,inbound,00000000-0000-0000-0000-000000000131,high,standard,True
SYN-CONT-000152,00000000-0000-0000-0000-0000000003e9,40RF,18.9,inbound,00000000-0000-0000-0000-00000000012f,high,reefer,True
SYN-CONT-000153,00000000-0000-0000-0000-0000000003e9,40RF,14.1,inbound,00000000-0000-0000-0000-000000000130,high,reefer,True
SYN-CONT-000154,00000000-0000-0000-0000-0000000003e9,20GP,17.7,inbound,00000000-0000-0000-0000-00000000012e,high,standard,True
SYN-CONT-000155,00000000-0000-0000-0000-0000000003e9,40RF,19.9,inbound,00000000-0000-0000-0000-00000000012e,high,reefer,True
SYN-CONT-000156,00000000-0000-0000-0000-0000000003e9,20GP,16.9,inbound,00000000-0000-0000-0000-000000000130,high,standard,True
SYN-CONT-000157,00000000-0000-0000-0000-0000000003e9,20GP,12.6,inbound,00000000-0000-0000-0000-00000000012d,high,standard,True
SYN-CONT-000158,00000000-0000-0000-0000-0000000003e9,40GP,14.5,inbound,00000000-0000-0000-0000-00000000012c,high,standard,True
SYN-CONT-000159,00000000-0000-0000-0000-0000000003e9,20GP,24.8,inbound,00000000-0000-0000-0000-00000000012d,high,reefer,True
SYN-CONT-000160,00000000-0000-0000-0000-0000000003e9,40GP,20.0,inbound,00000000-0000-0000-0000-00000000012d,high,reefer,True
SYN-CONT-000161,00000000-0000-0000-0000-0000000003e9,40HC,16.9,inbound,00000000-0000-0000-0000-000000000131,high,standard,True
SYN-CONT-000162,00000000-0000-0000-0000-0000000003e9,20GP,8.4,inbound,00000000-0000-0000-0000-00000000012c,high,reefer,True
SYN-CONT-000163,00000000-0000-0000-0000-0000000003e9,40HC,17.7,inbound,00000000-0000-0000-0000-00000000012f,high,hazardous,True
SYN-CONT-000164,00000000-0000-0000-0000-0000000003e9,40RF,14.5,inbound,00000000-0000-0000-0000-00000000012f,high,reefer,True
SYN-CONT-000165,00000000-0000-0000-0000-0000000003e9,20GP,11.9,inbound,00000000-0000-0000-0000-000000000130,high,standard,True
SYN-CONT-000166,00000000-0000-0000-0000-0000000003e9,40RF,26.7,inbound,00000000-0000-0000-0000-00000000012e,high,reefer,True
SYN-CONT-000167,00000000-0000-0000-0000-0000000003e9,20GP,27.0,inbound,00000000-0000-0000-0000-00000000012d,high,reefer,True
SYN-CONT-000168,00000000-0000-0000-0000-0000000003e9,40RF,21.2,inbound,00000000-0000-0000-0000-000000000130,high,reefer,True
SYN-CONT-000169,00000000-0000-0000-0000-0000000003e9,20GP,27.6,inbound,00000000-0000-0000-0000-000000000131,high,reefer,True
SYN-CONT-000170,00000000-0000-0000-0000-0000000003e9,40HC,15.5,inbound,00000000-0000-0000-0000-00000000012d,high,standard,True
SYN-CONT-000171,00000000-0000-0000-0000-0000000003e9,20GP,22.2,inbound,00000000-0000-0000-0000-000000000130,high,hazardous,True
SYN-CONT-000172,00000000-0000-0000-0000-0000000003e9,40GP,15.9,inbound,00000000-0000-0000-0000-000000000131,high,standard,True
SYN-CONT-000173,00000000-0000-0000-0000-0000000003e9,40GP,10.3,inbound,00000000-0000-0000-0000-00000000012e,high,standard,True
SYN-CONT-000174,00000000-0000-0000-0000-0000000003e9,40GP,21.6,inbound,00000000-0000-0000-0000-000000000131,high,standard,True
SYN-CONT-000175,00000000-0000-0000-0000-0000000003e9,20GP,29.4,inbound,00000000-0000-0000-0000-000000000131,high,standard,True
SYN-CONT-000176,00000000-0000-0000-0000-0000000003e9,40RF,18.4,inbound,00000000-0000-0000-0000-000000000130,high,reefer,True
SYN-CONT-000177,00000000-0000-0000-0000-0000000003e9,40RF,23.3,inbound,00000000-0000-0000-0000-000000000130,high,reefer,True
SYN-CONT-000178,00000000-0000-0000-0000-0000000003e9,40HC,11.4,inbound,00000000-0000-0000-0000-00000000012c,high,standard,True
SYN-CONT-000179,00000000-0000-0000-0000-0000000003e9,40RF,17.9,inbound,00000000-0000-0000-0000-00000000012e,high,reefer,True
SYN-CONT-000180,00000000-0000-0000-0000-0000000003e9,40HC,9.3,inbound,00000000-0000-0000-0000-000000000130,high,hazardous,True
SYN-CONT-000181,00000000-0000-0000-0000-0000000003e9,20GP,18.4,inbound,00000000-0000-0000-0000-00000000012c,high,standard,True
SYN-CONT-000182,00000000-0000-0000-0000-0000000003e9,20GP,26.7,inbound,00000000-0000-0000-0000-00000000012c,high,standard,True
SYN-CONT-000183,00000000-0000-0000-0000-0000000003e9,20GP,21.4,inbound,00000000-0000-0000-0000-00000000012f,high,hazardous,True
SYN-CONT-000184,00000000-0000-0000-0000-0000000003e9,40RF,21.1,inbound,00000000-0000-0000-0000-000000000131,high,reefer,True
SYN-CONT-000185,00000000-0000-0000-0000-0000000003ea,20GP,28.5,inbound,00000000-0000-0000-0000-000000000130,normal,reefer,True
SYN-CONT-000186,00000000-0000-0000-0000-0000000003ea,40GP,21.6,inbound,00000000-0000-0000-0000-000000000130,normal,standard,True
SYN-CONT-000187,00000000-0000-0000-0000-0000000003ea,40GP,18.1,inbound,00000000-0000-0000-0000-00000000012e,normal,standard,True
SYN-CONT-000188,00000000-0000-0000-0000-0000000003ea,20GP,22.5,inbound,00000000-0000-0000-0000-00000000012c,normal,hazardous,True
SYN-CONT-000189,00000000-0000-0000-0000-0000000003ea,40GP,30.3,inbound,00000000-0000-0000-0000-000000000130,normal,reefer,True
SYN-CONT-000190,00000000-0000-0000-0000-0000000003ea,40GP,16.4,inbound,00000000-0000-0000-0000-00000000012e,normal,standard,True
SYN-CONT-000191,00000000-0000-0000-0000-0000000003ea,40RF,17.2,inbound,00000000-0000-0000-0000-00000000012e,normal,reefer,True
SYN-CONT-000192,00000000-0000-0000-0000-0000000003ea,20GP,9.5,inbound,00000000-0000-0000-0000-00000000012c,normal,standard,True
SYN-CONT-000193,00000000-0000-0000-0000-0000000003ea,40RF,14.4,inbound,00000000-0000-0000-0000-000000000131,normal,reefer,True
SYN-CONT-000194,00000000-0000-0000-0000-0000000003ea,40GP,9.8,inbound,00000000-0000-0000-0000-000000000131,normal,standard,True
SYN-CONT-000195,00000000-0000-0000-0000-0000000003ea,40GP,15.0,inbound,00000000-0000-0000-0000-000000000131,normal,standard,True
SYN-CONT-000196,00000000-0000-0000-0000-0000000003ea,40RF,10.9,inbound,00000000-0000-0000-0000-000000000131,normal,reefer,True
SYN-CONT-000197,00000000-0000-0000-0000-0000000003ea,20GP,20.6,inbound,00000000-0000-0000-0000-000000000131,normal,standard,True
SYN-CONT-000198,00000000-0000-0000-0000-0000000003ea,40HC,23.1,inbound,00000000-0000-0000-0000-000000000131,normal,standard,True
SYN-CONT-000199,00000000-0000-0000-0000-0000000003ea,20GP,19.4,inbound,00000000-0000-0000-0000-00000000012c,normal,reefer,True
SYN-CONT-000200,00000000-0000-0000-0000-0000000003ea,40HC,12.1,inbound,00000000-0000-0000-0000-00000000012d,normal,standard,True
SYN-CONT-000201,00000000-0000-0000-0000-0000000003ea,40HC,12.3,inbound,00000000-0000-0000-0000-00000000012d,normal,reefer,True
SYN-CONT-000202,00000000-0000-0000-0000-0000000003ea,40GP,14.7,inbound,00000000-0000-0000-0000-00000000012c,normal,standard,True
SYN-CONT-000203,00000000-0000-0000-0000-0000000003ea,20GP,27.7,inbound,00000000-0000-0000-0000-000000000130,normal,standard,True
SYN-CONT-000204,00000000-0000-0000-0000-0000000003ea,40GP,16.5,inbound,00000000-0000-0000-0000-00000000012d,normal,hazardous,True
SYN-CONT-000205,00000000-0000-0000-0000-0000000003ea,40GP,26.2,inbound,00000000-0000-0000-0000-00000000012d,normal,hazardous,True
SYN-CONT-000206,00000000-0000-0000-0000-0000000003ea,40RF,9.0,inbound,00000000-0000-0000-0000-00000000012e,normal,reefer,True
SYN-CONT-000207,00000000-0000-0000-0000-0000000003ea,40GP,21.7,inbound,00000000-0000-0000-0000-000000000131,normal,reefer,True
SYN-CONT-000208,00000000-0000-0000-0000-0000000003ea,40RF,13.3,inbound,00000000-0000-0000-0000-00000000012d,normal,reefer,True
SYN-CONT-000209,00000000-0000-0000-0000-0000000003ea,40HC,28.3,inbound,00000000-0000-0000-0000-00000000012d,normal,reefer,True
SYN-CONT-000210,00000000-0000-0000-0000-0000000003ea,40HC,30.1,inbound,00000000-0000-0000-0000-00000000012f,normal,hazardous,True
SYN-CONT-000211,00000000-0000-0000-0000-0000000003ea,40HC,19.3,inbound,00000000-0000-0000-0000-00000000012f,normal,reefer,True
SYN-CONT-000212,00000000-0000-0000-0000-0000000003ea,40GP,26.0,inbound,00000000-0000-0000-0000-00000000012d,normal,standard,True
SYN-CONT-000213,00000000-0000-0000-0000-0000000003ea,40HC,22.4,inbound,00000000-0000-0000-0000-00000000012e,normal,standard,True
SYN-CONT-000214,00000000-0000-0000-0000-0000000003ea,20GP,27.2,inbound,00000000-0000-0000-0000-00000000012e,normal,hazardous,True
SYN-CONT-000215,00000000-0000-0000-0000-0000000003ea,20GP,14.1,inbound,00000000-0000-0000-0000-000000000130,normal,standard,True
SYN-CONT-000216,00000000-0000-0000-0000-0000000003ea,40GP,10.1,inbound,00000000-0000-0000-0000-00000000012d,normal,reefer,True
SYN-CONT-000217,00000000-0000-0000-0000-0000000003ea,40RF,27.9,inbound,00000000-0000-0000-0000-00000000012c,normal,reefer,True
SYN-CONT-000218,00000000-0000-0000-0000-0000000003ea,40RF,9.2,inbound,00000000-0000-0000-0000-000000000130,normal,reefer,True
SYN-CONT-000219,00000000-0000-0000-0000-0000000003ea,40HC,16.7,inbound,00000000-0000-0000-0000-00000000012c,normal,standard,True
SYN-CONT-000220,00000000-0000-0000-0000-0000000003ea,40HC,8.6,inbound,00000000-0000-0000-0000-00000000012c,normal,standard,True
SYN-CONT-000221,00000000-0000-0000-0000-0000000003ea,40HC,11.1,inbound,00000000-0000-0000-0000-00000000012e,normal,standard,True
SYN-CONT-000222,00000000-0000-0000-0000-0000000003ea,40RF,23.7,inbound,00000000-0000-0000-0000-00000000012d,normal,reefer,True
SYN-CONT-000223,00000000-0000-0000-0000-0000000003ea,40RF,18.1,inbound,00000000-0000-0000-0000-00000000012c,normal,reefer,True
SYN-CONT-000224,00000000-0000-0000-0000-0000000003ea,20GP,13.8,inbound,00000000-0000-0000-0000-00000000012d,normal,standard,True
SYN-CONT-000225,00000000-0000-0000-0000-0000000003ea,40RF,10.5,inbound,00000000-0000-0000-0000-00000000012e,normal,reefer,True
SYN-CONT-000226,00000000-0000-0000-0000-0000000003ea,40GP,10.7,inbound,00000000-0000-0000-0000-00000000012d,normal,standard,True
SYN-CONT-000227,00000000-0000-0000-0000-0000000003ea,40RF,22.4,inbound,00000000-0000-0000-0000-000000000130,normal,reefer,True
SYN-CONT-000228,00000000-0000-0000-0000-0000000003ea,40RF,9.4,inbound,00000000-0000-0000-0000-00000000012f,normal,reefer,True
SYN-CONT-000229,00000000-0000-0000-0000-0000000003ea,20GP,20.9,inbound,00000000-0000-0000-0000-000000000131,normal,hazardous,True
SYN-CONT-000230,00000000-0000-0000-0000-0000000003ea,40GP,17.7,inbound,00000000-0000-0000-0000-000000000130,normal,standard,True
SYN-CONT-000231,00000000-0000-0000-0000-0000000003ea,40HC,20.8,inbound,00000000-0000-0000-0000-00000000012d,normal,standard,True
SYN-CONT-000232,00000000-0000-0000-0000-0000000003ea,20GP,29.9,inbound,00000000-0000-0000-0000-00000000012c,normal,hazardous,True
SYN-CONT-000233,00000000-0000-0000-0000-0000000003ea,20GP,27.6,inbound,00000000-0000-0000-0000-00000000012c,normal,reefer,True
SYN-CONT-000234,00000000-0000-0000-0000-0000000003ea,40RF,30.1,inbound,00000000-0000-0000-0000-00000000012e,normal,reefer,True
SYN-CONT-000235,00000000-0000-0000-0000-0000000003ea,20GP,25.7,inbound,00000000-0000-0000-0000-00000000012e,normal,standard,True
SYN-CONT-000236,00000000-0000-0000-0000-0000000003ea,40GP,25.4,inbound,00000000-0000-0000-0000-000000000131,normal,standard,True
SYN-CONT-000237,00000000-0000-0000-0000-0000000003ea,40HC,9.0,inbound,00000000-0000-0000-0000-000000000130,normal,standard,True
SYN-CONT-000238,00000000-0000-0000-0000-0000000003ea,40HC,26.7,inbound,00000000-0000-0000-0000-000000000131,normal,standard,True
SYN-CONT-000239,00000000-0000-0000-0000-0000000003ea,40RF,30.1,inbound,00000000-0000-0000-0000-00000000012f,normal,reefer,True
SYN-CONT-000240,00000000-0000-0000-0000-0000000003ea,40GP,9.4,inbound,00000000-0000-0000-0000-00000000012f,normal,standard,True
SYN-CONT-000241,00000000-0000-0000-0000-0000000003ea,20GP,12.5,inbound,00000000-0000-0000-0000-00000000012d,normal,standard,True
SYN-CONT-000242,00000000-0000-0000-0000-0000000003ea,20GP,29.0,inbound,00000000-0000-0000-0000-000000000130,normal,standard,True
SYN-CONT-000243,00000000-0000-0000-0000-0000000003ea,40RF,30.3,inbound,00000000-0000-0000-0000-000000000130,normal,reefer,True
SYN-CONT-000244,00000000-0000-0000-0000-0000000003ea,40RF,13.7,inbound,00000000-0000-0000-0000-000000000131,normal,reefer,True
SYN-CONT-000245,00000000-0000-0000-0000-0000000003ea,40GP,16.0,inbound,00000000-0000-0000-0000-00000000012c,normal,standard,True
SYN-CONT-000246,00000000-0000-0000-0000-0000000003ea,40HC,10.8,inbound,00000000-0000-0000-0000-00000000012e,normal,standard,True
SYN-CONT-000247,00000000-0000-0000-0000-0000000003ea,40RF,28.0,inbound,00000000-0000-0000-0000-000000000131,normal,reefer,True
SYN-CONT-000248,00000000-0000-0000-0000-0000000003ea,40RF,28.1,inbound,00000000-0000-0000-0000-00000000012f,normal,reefer,True
SYN-CONT-000249,00000000-0000-0000-0000-0000000003ea,40HC,19.2,inbound,00000000-0000-0000-0000-00000000012f,normal,standard,True
SYN-CONT-000250,00000000-0000-0000-0000-0000000003ea,40HC,14.0,inbound,00000000-0000-0000-0000-00000000012c,normal,hazardous,True
SYN-CONT-000251,00000000-0000-0000-0000-0000000003ea,40RF,9.8,inbound,00000000-0000-0000-0000-000000000130,normal,reefer,True
SYN-CONT-000252,00000000-0000-0000-0000-0000000003ea,40GP,14.6,inbound,00000000-0000-0000-0000-00000000012c,normal,hazardous,True
SYN-CONT-000253,00000000-0000-0000-0000-0000000003ea,20GP,22.9,inbound,00000000-0000-0000-0000-00000000012e,normal,standard,True
SYN-CONT-000254,00000000-0000-0000-0000-0000000003ea,40RF,21.6,inbound,00000000-0000-0000-0000-00000000012f,normal,reefer,True
SYN-CONT-000255,00000000-0000-0000-0000-0000000003ea,40GP,15.9,inbound,00000000-0000-0000-0000-00000000012c,normal,reefer,True
SYN-CONT-000256,00000000-0000-0000-0000-0000000003ea,40HC,30.5,inbound,00000000-0000-0000-0000-00000000012e,normal,hazardous,True
SYN-CONT-000257,00000000-0000-0000-0000-0000000003ea,20GP,23.1,inbound,00000000-0000-0000-0000-00000000012f,normal,standard,True
SYN-CONT-000258,00000000-0000-0000-0000-0000000003ea,40HC,26.0,inbound,00000000-0000-0000-0000-000000000131,normal,hazardous,True
SYN-CONT-000259,00000000-0000-0000-0000-0000000003ea,40GP,11.2,inbound,00000000-0000-0000-0000-000000000130,normal,standard,True
SYN-CONT-000260,00000000-0000-0000-0000-0000000003ea,40RF,8.8,inbound,00000000-0000-0000-0000-00000000012c,normal,reefer,True
SYN-CONT-000261,00000000-0000-0000-0000-0000000003ea,40GP,16.1,inbound,00000000-0000-0000-0000-000000000130,normal,standard,True
SYN-CONT-000262,00000000-0000-0000-0000-0000000003ea,20GP,11.5,inbound,00000000-0000-0000-0000-00000000012f,normal,hazardous,True
SYN-CONT-000263,00000000-0000-0000-0000-0000000003ea,40HC,18.0,inbound,00000000-0000-0000-0000-00000000012c,normal,standard,True
SYN-CONT-000264,00000000-0000-0000-0000-0000000003ea,40GP,16.3,inbound,00000000-0000-0000-0000-00000000012e,normal,hazardous,True
SYN-CONT-000265,00000000-0000-0000-0000-0000000003ea,40HC,29.6,inbound,00000000-0000-0000-0000-00000000012c,normal,standard,True
SYN-CONT-000266,00000000-0000-0000-0000-0000000003ea,40GP,19.6,inbound,00000000-0000-0000-0000-000000000130,normal,reefer,True
SYN-CONT-000267,00000000-0000-0000-0000-0000000003ea,20GP,25.4,inbound,00000000-0000-0000-0000-000000000131,normal,standard,True
SYN-CONT-000268,00000000-0000-0000-0000-0000000003ea,40RF,12.8,inbound,00000000-0000-0000-0000-000000000130,normal,reefer,True
SYN-CONT-000269,00000000-0000-0000-0000-0000000003ea,40HC,12.5,inbound,00000000-0000-0000-0000-00000000012d,normal,reefer,True
SYN-CONT-000270,00000000-0000-0000-0000-0000000003ea,20GP,11.9,inbound,00000000-0000-0000-0000-000000000131,normal,reefer,True
SYN-CONT-000271,00000000-0000-0000-0000-0000000003ea,40RF,30.4,inbound,00000000-0000-0000-0000-000000000131,normal,reefer,True
SYN-CONT-000272,00000000-0000-0000-0000-0000000003ea,40HC,24.0,inbound,00000000-0000-0000-0000-000000000130,normal,standard,True
SYN-CONT-000273,00000000-0000-0000-0000-0000000003ea,40HC,27.2,inbound,00000000-0000-0000-0000-000000000131,normal,standard,True
SYN-CONT-000274,00000000-0000-0000-0000-0000000003ea,40GP,19.4,inbound,00000000-0000-0000-0000-00000000012c,normal,standard,True
SYN-CONT-000275,00000000-0000-0000-0000-0000000003ea,40GP,13.3,inbound,00000000-0000-0000-0000-00000000012f,normal,standard,True
SYN-CONT-000276,00000000-0000-0000-0000-0000000003ea,20GP,20.5,inbound,00000000-0000-0000-0000-00000000012e,normal,standard,True
SYN-CONT-000277,00000000-0000-0000-0000-0000000003eb,40RF,26.1,inbound,00000000-0000-0000-0000-000000000130,normal,reefer,True
SYN-CONT-000278,00000000-0000-0000-0000-0000000003eb,40GP,27.9,inbound,00000000-0000-0000-0000-00000000012c,normal,hazardous,True
SYN-CONT-000279,00000000-0000-0000-0000-0000000003eb,40HC,30.5,inbound,00000000-0000-0000-0000-000000000131,normal,reefer,True
SYN-CONT-000280,00000000-0000-0000-0000-0000000003eb,40RF,19.8,inbound,00000000-0000-0000-0000-00000000012f,normal,reefer,True
SYN-CONT-000281,00000000-0000-0000-0000-0000000003eb,20GP,29.9,inbound,00000000-0000-0000-0000-000000000131,normal,standard,True
SYN-CONT-000282,00000000-0000-0000-0000-0000000003eb,20GP,18.5,inbound,00000000-0000-0000-0000-000000000130,normal,reefer,True
SYN-CONT-000283,00000000-0000-0000-0000-0000000003eb,40HC,27.8,inbound,00000000-0000-0000-0000-000000000130,normal,standard,True
SYN-CONT-000284,00000000-0000-0000-0000-0000000003eb,40GP,17.7,inbound,00000000-0000-0000-0000-00000000012c,normal,standard,True
SYN-CONT-000285,00000000-0000-0000-0000-0000000003eb,20GP,11.4,inbound,00000000-0000-0000-0000-00000000012d,normal,hazardous,True
SYN-CONT-000286,00000000-0000-0000-0000-0000000003eb,40GP,29.0,inbound,00000000-0000-0000-0000-00000000012d,normal,standard,True
SYN-CONT-000287,00000000-0000-0000-0000-0000000003eb,40HC,28.1,inbound,00000000-0000-0000-0000-00000000012c,normal,hazardous,True
SYN-CONT-000288,00000000-0000-0000-0000-0000000003eb,40HC,22.3,inbound,00000000-0000-0000-0000-000000000130,normal,standard,True
SYN-CONT-000289,00000000-0000-0000-0000-0000000003eb,40HC,22.1,inbound,00000000-0000-0000-0000-000000000130,normal,standard,True
SYN-CONT-000290,00000000-0000-0000-0000-0000000003eb,20GP,22.4,inbound,00000000-0000-0000-0000-000000000130,normal,hazardous,True
SYN-CONT-000291,00000000-0000-0000-0000-0000000003eb,40GP,22.8,inbound,00000000-0000-0000-0000-000000000131,normal,standard,True
SYN-CONT-000292,00000000-0000-0000-0000-0000000003eb,40HC,8.9,inbound,00000000-0000-0000-0000-00000000012c,normal,hazardous,True
SYN-CONT-000293,00000000-0000-0000-0000-0000000003eb,20GP,29.3,inbound,00000000-0000-0000-0000-000000000130,normal,standard,True
SYN-CONT-000294,00000000-0000-0000-0000-0000000003eb,40HC,25.3,inbound,00000000-0000-0000-0000-00000000012f,normal,standard,True
SYN-CONT-000295,00000000-0000-0000-0000-0000000003eb,20GP,28.0,inbound,00000000-0000-0000-0000-000000000130,normal,reefer,True
SYN-CONT-000296,00000000-0000-0000-0000-0000000003eb,40HC,18.9,inbound,00000000-0000-0000-0000-000000000131,normal,standard,True
SYN-CONT-000297,00000000-0000-0000-0000-0000000003eb,40RF,14.7,inbound,00000000-0000-0000-0000-00000000012c,normal,reefer,True
SYN-CONT-000298,00000000-0000-0000-0000-0000000003eb,20GP,17.9,inbound,00000000-0000-0000-0000-00000000012f,normal,standard,True
SYN-CONT-000299,00000000-0000-0000-0000-0000000003eb,40RF,12.6,inbound,00000000-0000-0000-0000-000000000130,normal,reefer,True
SYN-CONT-000300,00000000-0000-0000-0000-0000000003eb,40GP,27.4,inbound,00000000-0000-0000-0000-00000000012e,normal,standard,True
SYN-CONT-000301,00000000-0000-0000-0000-0000000003eb,40HC,10.9,inbound,00000000-0000-0000-0000-00000000012e,normal,reefer,True
SYN-CONT-000302,00000000-0000-0000-0000-0000000003eb,20GP,13.4,inbound,00000000-0000-0000-0000-00000000012c,normal,standard,True
SYN-CONT-000303,00000000-0000-0000-0000-0000000003eb,40HC,13.6,inbound,00000000-0000-0000-0000-00000000012c,normal,reefer,True
SYN-CONT-000304,00000000-0000-0000-0000-0000000003eb,20GP,29.3,inbound,00000000-0000-0000-0000-000000000130,normal,standard,True
SYN-CONT-000305,00000000-0000-0000-0000-0000000003eb,40RF,13.6,inbound,00000000-0000-0000-0000-00000000012d,normal,reefer,True
SYN-CONT-000306,00000000-0000-0000-0000-0000000003eb,40HC,24.2,inbound,00000000-0000-0000-0000-00000000012d,normal,hazardous,True
SYN-CONT-000307,00000000-0000-0000-0000-0000000003eb,40GP,30.4,inbound,00000000-0000-0000-0000-00000000012f,normal,reefer,True
SYN-CONT-000308,00000000-0000-0000-0000-0000000003eb,40RF,27.8,inbound,00000000-0000-0000-0000-00000000012f,normal,reefer,True
SYN-CONT-000309,00000000-0000-0000-0000-0000000003eb,20GP,29.3,inbound,00000000-0000-0000-0000-000000000130,normal,standard,True
SYN-CONT-000310,00000000-0000-0000-0000-0000000003eb,40RF,29.8,inbound,00000000-0000-0000-0000-00000000012d,normal,reefer,True
SYN-CONT-000311,00000000-0000-0000-0000-0000000003eb,40HC,9.1,inbound,00000000-0000-0000-0000-00000000012f,normal,standard,True
SYN-CONT-000312,00000000-0000-0000-0000-0000000003eb,40RF,14.4,inbound,00000000-0000-0000-0000-00000000012c,normal,reefer,True
SYN-CONT-000313,00000000-0000-0000-0000-0000000003eb,20GP,11.0,inbound,00000000-0000-0000-0000-00000000012e,normal,reefer,True
SYN-CONT-000314,00000000-0000-0000-0000-0000000003eb,40HC,16.2,inbound,00000000-0000-0000-0000-00000000012f,normal,reefer,True
SYN-CONT-000315,00000000-0000-0000-0000-0000000003eb,20GP,20.6,inbound,00000000-0000-0000-0000-00000000012e,normal,hazardous,True
SYN-CONT-000316,00000000-0000-0000-0000-0000000003eb,40HC,16.7,inbound,00000000-0000-0000-0000-00000000012f,normal,standard,True
SYN-CONT-000317,00000000-0000-0000-0000-0000000003eb,40HC,23.3,inbound,00000000-0000-0000-0000-00000000012c,normal,hazardous,True
SYN-CONT-000318,00000000-0000-0000-0000-0000000003eb,40GP,16.9,inbound,00000000-0000-0000-0000-00000000012e,normal,standard,True
SYN-CONT-000319,00000000-0000-0000-0000-0000000003eb,40HC,12.5,inbound,00000000-0000-0000-0000-000000000130,normal,standard,True
SYN-CONT-000320,00000000-0000-0000-0000-0000000003eb,40RF,19.3,inbound,00000000-0000-0000-0000-00000000012c,normal,reefer,True
SYN-CONT-000321,00000000-0000-0000-0000-0000000003eb,20GP,24.1,inbound,00000000-0000-0000-0000-00000000012f,normal,standard,True
SYN-CONT-000322,00000000-0000-0000-0000-0000000003eb,40RF,11.4,inbound,00000000-0000-0000-0000-000000000130,normal,reefer,True
SYN-CONT-000323,00000000-0000-0000-0000-0000000003eb,40GP,29.0,inbound,00000000-0000-0000-0000-00000000012e,normal,standard,True
SYN-CONT-000324,00000000-0000-0000-0000-0000000003eb,40GP,30.3,inbound,00000000-0000-0000-0000-000000000131,normal,reefer,True
SYN-CONT-000325,00000000-0000-0000-0000-0000000003eb,40HC,15.6,inbound,00000000-0000-0000-0000-000000000130,normal,hazardous,True
SYN-CONT-000326,00000000-0000-0000-0000-0000000003eb,40RF,23.9,inbound,00000000-0000-0000-0000-00000000012e,normal,reefer,True
SYN-CONT-000327,00000000-0000-0000-0000-0000000003eb,40RF,26.4,inbound,00000000-0000-0000-0000-00000000012e,normal,reefer,True
SYN-CONT-000328,00000000-0000-0000-0000-0000000003eb,40HC,30.0,inbound,00000000-0000-0000-0000-000000000130,normal,standard,True
SYN-CONT-000329,00000000-0000-0000-0000-0000000003eb,40HC,21.4,inbound,00000000-0000-0000-0000-00000000012e,normal,standard,True
SYN-CONT-000330,00000000-0000-0000-0000-0000000003eb,40GP,21.1,inbound,00000000-0000-0000-0000-00000000012d,normal,standard,True
SYN-CONT-000331,00000000-0000-0000-0000-0000000003eb,40RF,11.3,inbound,00000000-0000-0000-0000-000000000131,normal,reefer,True
SYN-CONT-000332,00000000-0000-0000-0000-0000000003eb,40GP,20.9,inbound,00000000-0000-0000-0000-000000000131,normal,standard,True
SYN-CONT-000333,00000000-0000-0000-0000-0000000003eb,20GP,8.4,inbound,00000000-0000-0000-0000-00000000012e,normal,standard,True
SYN-CONT-000334,00000000-0000-0000-0000-0000000003eb,40RF,11.4,inbound,00000000-0000-0000-0000-000000000131,normal,reefer,True
SYN-CONT-000335,00000000-0000-0000-0000-0000000003eb,40GP,19.3,inbound,00000000-0000-0000-0000-000000000130,normal,reefer,True
SYN-CONT-000336,00000000-0000-0000-0000-0000000003eb,40RF,27.6,inbound,00000000-0000-0000-0000-000000000131,normal,reefer,True
SYN-CONT-000337,00000000-0000-0000-0000-0000000003eb,20GP,19.7,inbound,00000000-0000-0000-0000-000000000130,normal,standard,True
SYN-CONT-000338,00000000-0000-0000-0000-0000000003eb,40HC,19.8,inbound,00000000-0000-0000-0000-00000000012e,normal,reefer,True
SYN-CONT-000339,00000000-0000-0000-0000-0000000003eb,40GP,28.5,inbound,00000000-0000-0000-0000-00000000012e,normal,reefer,True
SYN-CONT-000340,00000000-0000-0000-0000-0000000003eb,40HC,21.7,inbound,00000000-0000-0000-0000-00000000012d,normal,standard,True
SYN-CONT-000341,00000000-0000-0000-0000-0000000003eb,40GP,20.6,inbound,00000000-0000-0000-0000-00000000012d,normal,standard,True
SYN-CONT-000342,00000000-0000-0000-0000-0000000003eb,40HC,23.9,inbound,00000000-0000-0000-0000-000000000131,normal,standard,True
SYN-CONT-000343,00000000-0000-0000-0000-0000000003eb,40RF,15.1,inbound,00000000-0000-0000-0000-00000000012e,normal,reefer,True
SYN-CONT-000344,00000000-0000-0000-0000-0000000003eb,40HC,10.7,inbound,00000000-0000-0000-0000-000000000131,normal,standard,True
SYN-CONT-000345,00000000-0000-0000-0000-0000000003eb,40RF,28.2,inbound,00000000-0000-0000-0000-00000000012f,normal,reefer,True
SYN-CONT-000346,00000000-0000-0000-0000-0000000003eb,40HC,14.5,inbound,00000000-0000-0000-0000-00000000012e,normal,standard,True
SYN-CONT-000347,00000000-0000-0000-0000-0000000003eb,20GP,28.8,inbound,00000000-0000-0000-0000-000000000131,normal,standard,True
SYN-CONT-000348,00000000-0000-0000-0000-0000000003eb,40HC,12.8,inbound,00000000-0000-0000-0000-000000000130,normal,reefer,True
SYN-CONT-000349,00000000-0000-0000-0000-0000000003eb,40HC,23.7,inbound,00000000-0000-0000-0000-00000000012d,normal,hazardous,True
SYN-CONT-000350,00000000-0000-0000-0000-0000000003eb,20GP,24.7,inbound,00000000-0000-0000-0000-00000000012d,normal,hazardous,True
SYN-CONT-000351,00000000-0000-0000-0000-0000000003eb,40GP,23.1,inbound,00000000-0000-0000-0000-000000000130,normal,standard,True
SYN-CONT-000352,00000000-0000-0000-0000-0000000003eb,40GP,9.2,inbound,00000000-0000-0000-0000-00000000012f,normal,standard,True
SYN-CONT-000353,00000000-0000-0000-0000-0000000003eb,40HC,10.3,inbound,00000000-0000-0000-0000-00000000012d,normal,reefer,True
SYN-CONT-000354,00000000-0000-0000-0000-0000000003eb,20GP,30.0,inbound,00000000-0000-0000-0000-00000000012d,normal,hazardous,True
SYN-CONT-000355,00000000-0000-0000-0000-0000000003eb,40RF,22.7,inbound,00000000-0000-0000-0000-00000000012f,normal,reefer,True
SYN-CONT-000356,00000000-0000-0000-0000-0000000003eb,40RF,22.6,inbound,00000000-0000-0000-0000-00000000012e,normal,reefer,True
SYN-CONT-000357,00000000-0000-0000-0000-0000000003eb,40HC,22.5,inbound,00000000-0000-0000-0000-00000000012c,normal,standard,True
SYN-CONT-000358,00000000-0000-0000-0000-0000000003eb,40GP,24.6,inbound,00000000-0000-0000-0000-00000000012c,normal,hazardous,True
SYN-CONT-000359,00000000-0000-0000-0000-0000000003eb,40GP,27.9,inbound,00000000-0000-0000-0000-00000000012d,normal,reefer,True
SYN-CONT-000360,00000000-0000-0000-0000-0000000003eb,20GP,25.7,inbound,00000000-0000-0000-0000-00000000012d,normal,reefer,True
SYN-CONT-000361,00000000-0000-0000-0000-0000000003eb,40HC,8.2,inbound,00000000-0000-0000-0000-000000000130,normal,standard,True
SYN-CONT-000362,00000000-0000-0000-0000-0000000003eb,20GP,14.4,inbound,00000000-0000-0000-0000-000000000131,normal,standard,True
SYN-CONT-000363,00000000-0000-0000-0000-0000000003eb,40RF,28.0,inbound,00000000-0000-0000-0000-00000000012d,normal,reefer,True
SYN-CONT-000364,00000000-0000-0000-0000-0000000003eb,40RF,14.1,inbound,00000000-0000-0000-0000-00000000012c,normal,reefer,True
SYN-CONT-000365,00000000-0000-0000-0000-0000000003eb,40HC,24.5,inbound,00000000-0000-0000-0000-000000000131,normal,standard,True
SYN-CONT-000366,00000000-0000-0000-0000-0000000003eb,40HC,8.3,inbound,00000000-0000-0000-0000-00000000012e,normal,standard,True
SYN-CONT-000367,00000000-0000-0000-0000-0000000003eb,40HC,23.2,inbound,00000000-0000-0000-0000-00000000012d,normal,hazardous,True
SYN-CONT-000368,00000000-0000-0000-0000-0000000003eb,40GP,27.3,inbound,00000000-0000-0000-0000-00000000012f,normal,hazardous,True
SYN-CONT-000369,00000000-0000-0000-0000-0000000003ec,40RF,19.6,inbound,00000000-0000-0000-0000-00000000012c,high,reefer,True
SYN-CONT-000370,00000000-0000-0000-0000-0000000003ec,40RF,23.1,inbound,00000000-0000-0000-0000-00000000012d,high,reefer,True
SYN-CONT-000371,00000000-0000-0000-0000-0000000003ec,40GP,15.3,inbound,00000000-0000-0000-0000-00000000012d,high,reefer,True
SYN-CONT-000372,00000000-0000-0000-0000-0000000003ec,20GP,16.6,inbound,00000000-0000-0000-0000-00000000012f,high,standard,True
SYN-CONT-000373,00000000-0000-0000-0000-0000000003ec,40HC,14.8,inbound,00000000-0000-0000-0000-000000000131,high,standard,True
SYN-CONT-000374,00000000-0000-0000-0000-0000000003ec,20GP,22.7,inbound,00000000-0000-0000-0000-000000000131,high,standard,True
SYN-CONT-000375,00000000-0000-0000-0000-0000000003ec,40GP,23.0,inbound,00000000-0000-0000-0000-00000000012f,high,standard,True
SYN-CONT-000376,00000000-0000-0000-0000-0000000003ec,40HC,17.1,inbound,00000000-0000-0000-0000-000000000130,high,standard,True
SYN-CONT-000377,00000000-0000-0000-0000-0000000003ec,40HC,22.4,inbound,00000000-0000-0000-0000-00000000012e,high,standard,True
SYN-CONT-000378,00000000-0000-0000-0000-0000000003ec,40HC,13.0,inbound,00000000-0000-0000-0000-00000000012d,high,hazardous,True
SYN-CONT-000379,00000000-0000-0000-0000-0000000003ec,40RF,11.4,inbound,00000000-0000-0000-0000-000000000131,high,reefer,True
SYN-CONT-000380,00000000-0000-0000-0000-0000000003ec,40HC,23.8,inbound,00000000-0000-0000-0000-00000000012f,high,reefer,True
SYN-CONT-000381,00000000-0000-0000-0000-0000000003ec,40GP,23.3,inbound,00000000-0000-0000-0000-000000000130,high,standard,True
SYN-CONT-000382,00000000-0000-0000-0000-0000000003ec,20GP,18.1,inbound,00000000-0000-0000-0000-000000000131,high,hazardous,True
SYN-CONT-000383,00000000-0000-0000-0000-0000000003ec,40HC,28.6,inbound,00000000-0000-0000-0000-00000000012c,high,standard,True
SYN-CONT-000384,00000000-0000-0000-0000-0000000003ec,20GP,28.3,inbound,00000000-0000-0000-0000-00000000012d,high,hazardous,True
SYN-CONT-000385,00000000-0000-0000-0000-0000000003ec,40GP,15.4,inbound,00000000-0000-0000-0000-000000000130,high,standard,True
SYN-CONT-000386,00000000-0000-0000-0000-0000000003ec,40RF,10.6,inbound,00000000-0000-0000-0000-00000000012d,high,reefer,True
SYN-CONT-000387,00000000-0000-0000-0000-0000000003ec,40RF,10.0,inbound,00000000-0000-0000-0000-000000000130,high,reefer,True
SYN-CONT-000388,00000000-0000-0000-0000-0000000003ec,40RF,26.2,inbound,00000000-0000-0000-0000-00000000012f,high,reefer,True
SYN-CONT-000389,00000000-0000-0000-0000-0000000003ec,40GP,17.3,inbound,00000000-0000-0000-0000-000000000130,high,hazardous,True
SYN-CONT-000390,00000000-0000-0000-0000-0000000003ec,20GP,18.4,inbound,00000000-0000-0000-0000-00000000012e,high,hazardous,True
SYN-CONT-000391,00000000-0000-0000-0000-0000000003ec,20GP,13.7,inbound,00000000-0000-0000-0000-00000000012c,high,reefer,True
SYN-CONT-000392,00000000-0000-0000-0000-0000000003ec,40GP,9.6,inbound,00000000-0000-0000-0000-00000000012f,high,hazardous,True
SYN-CONT-000393,00000000-0000-0000-0000-0000000003ec,40HC,20.2,inbound,00000000-0000-0000-0000-00000000012c,high,standard,True
SYN-CONT-000394,00000000-0000-0000-0000-0000000003ec,20GP,8.7,inbound,00000000-0000-0000-0000-00000000012f,high,reefer,True
SYN-CONT-000395,00000000-0000-0000-0000-0000000003ec,40GP,25.2,inbound,00000000-0000-0000-0000-000000000131,high,standard,True
SYN-CONT-000396,00000000-0000-0000-0000-0000000003ec,40RF,16.4,inbound,00000000-0000-0000-0000-00000000012f,high,reefer,True
SYN-CONT-000397,00000000-0000-0000-0000-0000000003ec,40RF,27.6,inbound,00000000-0000-0000-0000-00000000012f,high,reefer,True
SYN-CONT-000398,00000000-0000-0000-0000-0000000003ec,40RF,9.8,inbound,00000000-0000-0000-0000-000000000131,high,reefer,True
SYN-CONT-000399,00000000-0000-0000-0000-0000000003ec,40GP,10.7,inbound,00000000-0000-0000-0000-000000000130,high,standard,True
SYN-CONT-000400,00000000-0000-0000-0000-0000000003ec,40RF,19.9,inbound,00000000-0000-0000-0000-000000000131,high,reefer,True
SYN-CONT-000401,00000000-0000-0000-0000-0000000003ec,40GP,25.0,inbound,00000000-0000-0000-0000-00000000012e,high,standard,True
SYN-CONT-000402,00000000-0000-0000-0000-0000000003ec,40RF,23.2,inbound,00000000-0000-0000-0000-000000000130,high,reefer,True
SYN-CONT-000403,00000000-0000-0000-0000-0000000003ec,40RF,20.0,inbound,00000000-0000-0000-0000-00000000012d,high,reefer,True
SYN-CONT-000404,00000000-0000-0000-0000-0000000003ec,40GP,15.8,inbound,00000000-0000-0000-0000-00000000012e,high,reefer,True
SYN-CONT-000405,00000000-0000-0000-0000-0000000003ec,40GP,8.7,inbound,00000000-0000-0000-0000-000000000131,high,standard,True
SYN-CONT-000406,00000000-0000-0000-0000-0000000003ec,40RF,21.8,inbound,00000000-0000-0000-0000-00000000012c,high,reefer,True
SYN-CONT-000407,00000000-0000-0000-0000-0000000003ec,40GP,9.5,inbound,00000000-0000-0000-0000-000000000130,high,standard,True
SYN-CONT-000408,00000000-0000-0000-0000-0000000003ec,20GP,21.5,inbound,00000000-0000-0000-0000-000000000131,high,reefer,True
SYN-CONT-000409,00000000-0000-0000-0000-0000000003ec,20GP,24.7,inbound,00000000-0000-0000-0000-00000000012f,high,standard,True
SYN-CONT-000410,00000000-0000-0000-0000-0000000003ec,40RF,13.3,inbound,00000000-0000-0000-0000-00000000012d,high,reefer,True
SYN-CONT-000411,00000000-0000-0000-0000-0000000003ec,20GP,19.3,inbound,00000000-0000-0000-0000-00000000012e,high,standard,True
SYN-CONT-000412,00000000-0000-0000-0000-0000000003ec,40GP,15.2,inbound,00000000-0000-0000-0000-000000000130,high,hazardous,True
SYN-CONT-000413,00000000-0000-0000-0000-0000000003ec,40HC,14.8,inbound,00000000-0000-0000-0000-00000000012d,high,standard,True
SYN-CONT-000414,00000000-0000-0000-0000-0000000003ec,40GP,14.8,inbound,00000000-0000-0000-0000-00000000012c,high,reefer,True
SYN-CONT-000415,00000000-0000-0000-0000-0000000003ec,40GP,20.5,inbound,00000000-0000-0000-0000-00000000012c,high,reefer,True
SYN-CONT-000416,00000000-0000-0000-0000-0000000003ec,40HC,25.7,inbound,00000000-0000-0000-0000-00000000012e,high,reefer,True
SYN-CONT-000417,00000000-0000-0000-0000-0000000003ec,40RF,17.2,inbound,00000000-0000-0000-0000-00000000012e,high,reefer,True
SYN-CONT-000418,00000000-0000-0000-0000-0000000003ec,40RF,12.1,inbound,00000000-0000-0000-0000-000000000130,high,reefer,True
SYN-CONT-000419,00000000-0000-0000-0000-0000000003ec,40RF,13.4,inbound,00000000-0000-0000-0000-00000000012d,high,reefer,True
SYN-CONT-000420,00000000-0000-0000-0000-0000000003ec,40HC,26.1,inbound,00000000-0000-0000-0000-00000000012c,high,standard,True
SYN-CONT-000421,00000000-0000-0000-0000-0000000003ec,40RF,29.8,inbound,00000000-0000-0000-0000-000000000130,high,reefer,True
SYN-CONT-000422,00000000-0000-0000-0000-0000000003ec,40GP,13.5,inbound,00000000-0000-0000-0000-00000000012d,high,reefer,True
SYN-CONT-000423,00000000-0000-0000-0000-0000000003ec,40HC,28.8,inbound,00000000-0000-0000-0000-00000000012e,high,standard,True
SYN-CONT-000424,00000000-0000-0000-0000-0000000003ec,20GP,24.3,inbound,00000000-0000-0000-0000-00000000012d,high,hazardous,True
SYN-CONT-000425,00000000-0000-0000-0000-0000000003ec,20GP,16.5,inbound,00000000-0000-0000-0000-000000000130,high,standard,True
SYN-CONT-000426,00000000-0000-0000-0000-0000000003ec,20GP,12.2,inbound,00000000-0000-0000-0000-000000000130,high,standard,True
SYN-CONT-000427,00000000-0000-0000-0000-0000000003ec,40GP,12.7,inbound,00000000-0000-0000-0000-00000000012e,high,reefer,True
SYN-CONT-000428,00000000-0000-0000-0000-0000000003ec,40HC,12.8,inbound,00000000-0000-0000-0000-00000000012d,high,standard,True
SYN-CONT-000429,00000000-0000-0000-0000-0000000003ec,20GP,28.6,inbound,00000000-0000-0000-0000-000000000131,high,reefer,True
SYN-CONT-000430,00000000-0000-0000-0000-0000000003ec,40GP,28.6,inbound,00000000-0000-0000-0000-000000000130,high,reefer,True
SYN-CONT-000431,00000000-0000-0000-0000-0000000003ec,40HC,16.6,inbound,00000000-0000-0000-0000-000000000130,high,standard,True
SYN-CONT-000432,00000000-0000-0000-0000-0000000003ec,40HC,13.9,inbound,00000000-0000-0000-0000-000000000130,high,standard,True
SYN-CONT-000433,00000000-0000-0000-0000-0000000003ec,40RF,18.5,inbound,00000000-0000-0000-0000-000000000131,high,reefer,True
SYN-CONT-000434,00000000-0000-0000-0000-0000000003ec,40RF,25.1,inbound,00000000-0000-0000-0000-00000000012e,high,reefer,True
SYN-CONT-000435,00000000-0000-0000-0000-0000000003ec,40GP,15.0,inbound,00000000-0000-0000-0000-00000000012c,high,standard,True
SYN-CONT-000436,00000000-0000-0000-0000-0000000003ec,40GP,8.4,inbound,00000000-0000-0000-0000-000000000130,high,standard,True
SYN-CONT-000437,00000000-0000-0000-0000-0000000003ec,40RF,14.6,inbound,00000000-0000-0000-0000-00000000012d,high,reefer,True
SYN-CONT-000438,00000000-0000-0000-0000-0000000003ec,40HC,16.5,inbound,00000000-0000-0000-0000-00000000012d,high,standard,True
SYN-CONT-000439,00000000-0000-0000-0000-0000000003ec,40RF,20.4,inbound,00000000-0000-0000-0000-000000000131,high,reefer,True
SYN-CONT-000440,00000000-0000-0000-0000-0000000003ec,40HC,25.2,inbound,00000000-0000-0000-0000-00000000012f,high,standard,True
SYN-CONT-000441,00000000-0000-0000-0000-0000000003ec,40RF,18.4,inbound,00000000-0000-0000-0000-000000000131,high,reefer,True
SYN-CONT-000442,00000000-0000-0000-0000-0000000003ec,40HC,11.1,inbound,00000000-0000-0000-0000-000000000130,high,standard,True
SYN-CONT-000443,00000000-0000-0000-0000-0000000003ec,40RF,12.1,inbound,00000000-0000-0000-0000-000000000130,high,reefer,True
SYN-CONT-000444,00000000-0000-0000-0000-0000000003ec,20GP,8.8,inbound,00000000-0000-0000-0000-00000000012c,high,hazardous,True
SYN-CONT-000445,00000000-0000-0000-0000-0000000003ec,20GP,17.3,inbound,00000000-0000-0000-0000-000000000131,high,standard,True
SYN-CONT-000446,00000000-0000-0000-0000-0000000003ec,40GP,23.9,inbound,00000000-0000-0000-0000-00000000012c,high,standard,True
SYN-CONT-000447,00000000-0000-0000-0000-0000000003ec,40GP,18.3,inbound,00000000-0000-0000-0000-00000000012c,high,hazardous,True
SYN-CONT-000448,00000000-0000-0000-0000-0000000003ec,40RF,22.8,inbound,00000000-0000-0000-0000-00000000012c,high,reefer,True
SYN-CONT-000449,00000000-0000-0000-0000-0000000003ec,20GP,20.4,inbound,00000000-0000-0000-0000-00000000012c,high,hazardous,True
SYN-CONT-000450,00000000-0000-0000-0000-0000000003ec,20GP,24.2,inbound,00000000-0000-0000-0000-000000000130,high,hazardous,True
SYN-CONT-000451,00000000-0000-0000-0000-0000000003ec,40HC,19.3,inbound,00000000-0000-0000-0000-000000000131,high,standard,True
SYN-CONT-000452,00000000-0000-0000-0000-0000000003ec,40RF,26.1,inbound,00000000-0000-0000-0000-00000000012d,high,reefer,True
SYN-CONT-000453,00000000-0000-0000-0000-0000000003ec,20GP,19.8,inbound,00000000-0000-0000-0000-00000000012d,high,standard,True
SYN-CONT-000454,00000000-0000-0000-0000-0000000003ec,40GP,19.8,inbound,00000000-0000-0000-0000-00000000012e,high,hazardous,True
SYN-CONT-000455,00000000-0000-0000-0000-0000000003ec,40HC,9.8,inbound,00000000-0000-0000-0000-00000000012f,high,reefer,True
SYN-CONT-000456,00000000-0000-0000-0000-0000000003ec,40RF,20.7,inbound,00000000-0000-0000-0000-000000000131,high,reefer,True
SYN-CONT-000457,00000000-0000-0000-0000-0000000003ec,40GP,23.4,inbound,00000000-0000-0000-0000-00000000012c,high,standard,True
SYN-CONT-000458,00000000-0000-0000-0000-0000000003ec,20GP,17.1,inbound,00000000-0000-0000-0000-00000000012f,high,standard,True
SYN-CONT-000459,00000000-0000-0000-0000-0000000003ec,40RF,9.3,inbound,00000000-0000-0000-0000-00000000012c,high,reefer,True
SYN-CONT-000460,00000000-0000-0000-0000-0000000003ec,40GP,19.2,inbound,00000000-0000-0000-0000-00000000012f,high,standard,True
SYN-CONT-000461,00000000-0000-0000-0000-0000000003ed,40HC,30.0,inbound,00000000-0000-0000-0000-00000000012c,high,hazardous,True
SYN-CONT-000462,00000000-0000-0000-0000-0000000003ed,20GP,12.8,inbound,00000000-0000-0000-0000-000000000131,high,standard,True
SYN-CONT-000463,00000000-0000-0000-0000-0000000003ed,40RF,14.1,inbound,00000000-0000-0000-0000-00000000012c,high,reefer,True
SYN-CONT-000464,00000000-0000-0000-0000-0000000003ed,40HC,20.7,inbound,00000000-0000-0000-0000-00000000012c,high,hazardous,True
SYN-CONT-000465,00000000-0000-0000-0000-0000000003ed,40GP,8.4,inbound,00000000-0000-0000-0000-00000000012d,high,standard,True
SYN-CONT-000466,00000000-0000-0000-0000-0000000003ed,40GP,28.9,inbound,00000000-0000-0000-0000-00000000012e,high,reefer,True
SYN-CONT-000467,00000000-0000-0000-0000-0000000003ed,40GP,13.4,inbound,00000000-0000-0000-0000-00000000012f,high,hazardous,True
SYN-CONT-000468,00000000-0000-0000-0000-0000000003ed,40HC,25.0,inbound,00000000-0000-0000-0000-00000000012d,high,reefer,True
SYN-CONT-000469,00000000-0000-0000-0000-0000000003ed,20GP,24.8,inbound,00000000-0000-0000-0000-00000000012e,high,hazardous,True
SYN-CONT-000470,00000000-0000-0000-0000-0000000003ed,20GP,17.8,inbound,00000000-0000-0000-0000-00000000012c,high,standard,True
SYN-CONT-000471,00000000-0000-0000-0000-0000000003ed,40HC,25.3,inbound,00000000-0000-0000-0000-000000000130,high,hazardous,True
SYN-CONT-000472,00000000-0000-0000-0000-0000000003ed,40RF,29.8,inbound,00000000-0000-0000-0000-00000000012e,high,reefer,True
SYN-CONT-000473,00000000-0000-0000-0000-0000000003ed,20GP,25.6,inbound,00000000-0000-0000-0000-00000000012f,high,standard,True
SYN-CONT-000474,00000000-0000-0000-0000-0000000003ed,40RF,13.1,inbound,00000000-0000-0000-0000-000000000130,high,reefer,True
SYN-CONT-000475,00000000-0000-0000-0000-0000000003ed,40RF,17.7,inbound,00000000-0000-0000-0000-000000000131,high,reefer,True
SYN-CONT-000476,00000000-0000-0000-0000-0000000003ed,40RF,9.9,inbound,00000000-0000-0000-0000-000000000130,high,reefer,True
SYN-CONT-000477,00000000-0000-0000-0000-0000000003ed,40HC,24.0,inbound,00000000-0000-0000-0000-00000000012c,high,standard,True
SYN-CONT-000478,00000000-0000-0000-0000-0000000003ed,40HC,16.5,inbound,00000000-0000-0000-0000-000000000131,high,standard,True
SYN-CONT-000479,00000000-0000-0000-0000-0000000003ed,40GP,15.1,inbound,00000000-0000-0000-0000-00000000012c,high,reefer,True
SYN-CONT-000480,00000000-0000-0000-0000-0000000003ed,20GP,29.2,inbound,00000000-0000-0000-0000-00000000012f,high,standard,True
SYN-CONT-000481,00000000-0000-0000-0000-0000000003ed,40HC,10.3,inbound,00000000-0000-0000-0000-00000000012c,high,standard,True
SYN-CONT-000482,00000000-0000-0000-0000-0000000003ed,40GP,18.1,inbound,00000000-0000-0000-0000-000000000130,high,reefer,True
SYN-CONT-000483,00000000-0000-0000-0000-0000000003ed,40RF,10.3,inbound,00000000-0000-0000-0000-00000000012c,high,reefer,True
SYN-CONT-000484,00000000-0000-0000-0000-0000000003ed,40HC,10.1,inbound,00000000-0000-0000-0000-000000000130,high,hazardous,True
SYN-CONT-000485,00000000-0000-0000-0000-0000000003ed,40HC,8.3,inbound,00000000-0000-0000-0000-00000000012f,high,reefer,True
SYN-CONT-000486,00000000-0000-0000-0000-0000000003ed,40RF,25.5,inbound,00000000-0000-0000-0000-000000000131,high,reefer,True
SYN-CONT-000487,00000000-0000-0000-0000-0000000003ed,40GP,19.7,inbound,00000000-0000-0000-0000-000000000131,high,hazardous,True
SYN-CONT-000488,00000000-0000-0000-0000-0000000003ed,40RF,11.8,inbound,00000000-0000-0000-0000-00000000012e,high,reefer,True
SYN-CONT-000489,00000000-0000-0000-0000-0000000003ed,40HC,19.1,inbound,00000000-0000-0000-0000-00000000012c,high,standard,True
SYN-CONT-000490,00000000-0000-0000-0000-0000000003ed,40GP,14.2,inbound,00000000-0000-0000-0000-00000000012e,high,reefer,True
SYN-CONT-000491,00000000-0000-0000-0000-0000000003ed,40RF,25.6,inbound,00000000-0000-0000-0000-00000000012e,high,reefer,True
SYN-CONT-000492,00000000-0000-0000-0000-0000000003ed,40HC,24.2,inbound,00000000-0000-0000-0000-00000000012f,high,standard,True
SYN-CONT-000493,00000000-0000-0000-0000-0000000003ed,40GP,10.4,inbound,00000000-0000-0000-0000-00000000012e,high,reefer,True
SYN-CONT-000494,00000000-0000-0000-0000-0000000003ed,20GP,15.5,inbound,00000000-0000-0000-0000-000000000130,high,reefer,True
SYN-CONT-000495,00000000-0000-0000-0000-0000000003ed,40RF,26.1,inbound,00000000-0000-0000-0000-00000000012e,high,reefer,True
SYN-CONT-000496,00000000-0000-0000-0000-0000000003ed,40RF,15.5,inbound,00000000-0000-0000-0000-000000000131,high,reefer,True
SYN-CONT-000497,00000000-0000-0000-0000-0000000003ed,40GP,15.2,inbound,00000000-0000-0000-0000-000000000131,high,standard,True
SYN-CONT-000498,00000000-0000-0000-0000-0000000003ed,40GP,15.1,inbound,00000000-0000-0000-0000-00000000012f,high,reefer,True
SYN-CONT-000499,00000000-0000-0000-0000-0000000003ed,40HC,24.5,inbound,00000000-0000-0000-0000-000000000131,high,standard,True
SYN-CONT-000500,00000000-0000-0000-0000-0000000003ed,40RF,29.8,inbound,00000000-0000-0000-0000-00000000012d,high,reefer,True
SYN-CONT-000501,00000000-0000-0000-0000-0000000003ed,40HC,14.3,inbound,00000000-0000-0000-0000-00000000012f,high,reefer,True
SYN-CONT-000502,00000000-0000-0000-0000-0000000003ed,40HC,29.0,inbound,00000000-0000-0000-0000-00000000012d,high,standard,True
SYN-CONT-000503,00000000-0000-0000-0000-0000000003ed,40GP,8.6,inbound,00000000-0000-0000-0000-000000000131,high,hazardous,True
SYN-CONT-000504,00000000-0000-0000-0000-0000000003ed,40RF,29.2,inbound,00000000-0000-0000-0000-00000000012d,high,reefer,True
SYN-CONT-000505,00000000-0000-0000-0000-0000000003ed,40RF,25.9,inbound,00000000-0000-0000-0000-000000000131,high,reefer,True
SYN-CONT-000506,00000000-0000-0000-0000-0000000003ed,20GP,23.1,inbound,00000000-0000-0000-0000-00000000012d,high,reefer,True
SYN-CONT-000507,00000000-0000-0000-0000-0000000003ed,40HC,13.7,inbound,00000000-0000-0000-0000-00000000012d,high,standard,True
SYN-CONT-000508,00000000-0000-0000-0000-0000000003ed,40RF,25.8,inbound,00000000-0000-0000-0000-00000000012c,high,reefer,True
SYN-CONT-000509,00000000-0000-0000-0000-0000000003ed,40RF,30.3,inbound,00000000-0000-0000-0000-00000000012f,high,reefer,True
SYN-CONT-000510,00000000-0000-0000-0000-0000000003ed,40RF,20.0,inbound,00000000-0000-0000-0000-000000000131,high,reefer,True
SYN-CONT-000511,00000000-0000-0000-0000-0000000003ed,40RF,20.2,inbound,00000000-0000-0000-0000-00000000012e,high,reefer,True
SYN-CONT-000512,00000000-0000-0000-0000-0000000003ed,20GP,25.3,inbound,00000000-0000-0000-0000-000000000131,high,standard,True
SYN-CONT-000513,00000000-0000-0000-0000-0000000003ed,40HC,22.6,inbound,00000000-0000-0000-0000-00000000012c,high,standard,True
SYN-CONT-000514,00000000-0000-0000-0000-0000000003ed,40RF,29.8,inbound,00000000-0000-0000-0000-00000000012e,high,reefer,True
SYN-CONT-000515,00000000-0000-0000-0000-0000000003ed,40RF,10.4,inbound,00000000-0000-0000-0000-00000000012c,high,reefer,True
SYN-CONT-000516,00000000-0000-0000-0000-0000000003ed,40HC,19.5,inbound,00000000-0000-0000-0000-000000000130,high,standard,True
SYN-CONT-000517,00000000-0000-0000-0000-0000000003ed,40GP,16.4,inbound,00000000-0000-0000-0000-00000000012f,high,reefer,True
SYN-CONT-000518,00000000-0000-0000-0000-0000000003ed,40GP,30.4,inbound,00000000-0000-0000-0000-00000000012f,high,standard,True
SYN-CONT-000519,00000000-0000-0000-0000-0000000003ed,20GP,17.4,inbound,00000000-0000-0000-0000-00000000012c,high,standard,True
SYN-CONT-000520,00000000-0000-0000-0000-0000000003ed,20GP,15.8,inbound,00000000-0000-0000-0000-00000000012e,high,standard,True
SYN-CONT-000521,00000000-0000-0000-0000-0000000003ed,40RF,25.6,inbound,00000000-0000-0000-0000-000000000130,high,reefer,True
SYN-CONT-000522,00000000-0000-0000-0000-0000000003ed,40RF,15.8,inbound,00000000-0000-0000-0000-00000000012c,high,reefer,True
SYN-CONT-000523,00000000-0000-0000-0000-0000000003ed,40RF,24.2,inbound,00000000-0000-0000-0000-00000000012f,high,reefer,True
SYN-CONT-000524,00000000-0000-0000-0000-0000000003ed,40HC,14.8,inbound,00000000-0000-0000-0000-000000000131,high,standard,True
SYN-CONT-000525,00000000-0000-0000-0000-0000000003ed,20GP,27.1,inbound,00000000-0000-0000-0000-000000000131,high,standard,True
SYN-CONT-000526,00000000-0000-0000-0000-0000000003ed,20GP,28.9,inbound,00000000-0000-0000-0000-000000000131,high,standard,True
SYN-CONT-000527,00000000-0000-0000-0000-0000000003ed,40GP,11.9,inbound,00000000-0000-0000-0000-00000000012d,high,hazardous,True
SYN-CONT-000528,00000000-0000-0000-0000-0000000003ed,40HC,17.6,inbound,00000000-0000-0000-0000-00000000012f,high,hazardous,True
SYN-CONT-000529,00000000-0000-0000-0000-0000000003ed,40GP,22.2,inbound,00000000-0000-0000-0000-00000000012d,high,reefer,True
SYN-CONT-000530,00000000-0000-0000-0000-0000000003ed,40RF,16.9,inbound,00000000-0000-0000-0000-000000000131,high,reefer,True
SYN-CONT-000531,00000000-0000-0000-0000-0000000003ed,40GP,21.3,inbound,00000000-0000-0000-0000-00000000012f,high,reefer,True
SYN-CONT-000532,00000000-0000-0000-0000-0000000003ed,20GP,12.6,inbound,00000000-0000-0000-0000-000000000131,high,standard,True
SYN-CONT-000533,00000000-0000-0000-0000-0000000003ed,20GP,10.3,inbound,00000000-0000-0000-0000-000000000130,high,hazardous,True
SYN-CONT-000534,00000000-0000-0000-0000-0000000003ed,40GP,15.3,inbound,00000000-0000-0000-0000-00000000012f,high,standard,True
SYN-CONT-000535,00000000-0000-0000-0000-0000000003ed,20GP,23.1,inbound,00000000-0000-0000-0000-00000000012f,high,standard,True
SYN-CONT-000536,00000000-0000-0000-0000-0000000003ed,40HC,16.7,inbound,00000000-0000-0000-0000-00000000012f,high,hazardous,True
SYN-CONT-000537,00000000-0000-0000-0000-0000000003ed,20GP,15.9,inbound,00000000-0000-0000-0000-00000000012f,high,standard,True
SYN-CONT-000538,00000000-0000-0000-0000-0000000003ed,40GP,28.7,inbound,00000000-0000-0000-0000-000000000130,high,standard,True
SYN-CONT-000539,00000000-0000-0000-0000-0000000003ed,20GP,15.0,inbound,00000000-0000-0000-0000-00000000012d,high,standard,True
SYN-CONT-000540,00000000-0000-0000-0000-0000000003ed,40HC,12.1,inbound,00000000-0000-0000-0000-000000000131,high,standard,True
SYN-CONT-000541,00000000-0000-0000-0000-0000000003ed,40GP,16.7,inbound,00000000-0000-0000-0000-000000000130,high,hazardous,True
SYN-CONT-000542,00000000-0000-0000-0000-0000000003ed,40GP,16.6,inbound,00000000-0000-0000-0000-00000000012d,high,hazardous,True
SYN-CONT-000543,00000000-0000-0000-0000-0000000003ed,40RF,22.3,inbound,00000000-0000-0000-0000-000000000131,high,reefer,True
SYN-CONT-000544,00000000-0000-0000-0000-0000000003ed,40GP,11.8,inbound,00000000-0000-0000-0000-00000000012e,high,hazardous,True
SYN-CONT-000545,00000000-0000-0000-0000-0000000003ed,40GP,15.1,inbound,00000000-0000-0000-0000-00000000012f,high,standard,True
SYN-CONT-000546,00000000-0000-0000-0000-0000000003ed,20GP,29.4,inbound,00000000-0000-0000-0000-00000000012f,high,standard,True
SYN-CONT-000547,00000000-0000-0000-0000-0000000003ed,40GP,26.3,inbound,00000000-0000-0000-0000-000000000130,high,standard,True
SYN-CONT-000548,00000000-0000-0000-0000-0000000003ed,40RF,17.2,inbound,00000000-0000-0000-0000-00000000012f,high,reefer,True
SYN-CONT-000549,00000000-0000-0000-0000-0000000003ed,40RF,24.0,inbound,00000000-0000-0000-0000-00000000012f,high,reefer,True
SYN-CONT-000550,00000000-0000-0000-0000-0000000003ed,40RF,11.8,inbound,00000000-0000-0000-0000-000000000130,high,reefer,True
SYN-CONT-000551,00000000-0000-0000-0000-0000000003ed,20GP,14.6,inbound,00000000-0000-0000-0000-00000000012e,high,standard,True
SYN-CONT-000552,00000000-0000-0000-0000-0000000003ed,40GP,14.5,inbound,00000000-0000-0000-0000-00000000012f,high,hazardous,True
SYN-CONT-000553,00000000-0000-0000-0000-0000000003ee,40RF,20.4,inbound,00000000-0000-0000-0000-00000000012c,low,reefer,True
SYN-CONT-000554,00000000-0000-0000-0000-0000000003ee,20GP,25.4,inbound,00000000-0000-0000-0000-00000000012e,low,standard,True
SYN-CONT-000555,00000000-0000-0000-0000-0000000003ee,20GP,20.3,inbound,00000000-0000-0000-0000-00000000012f,low,reefer,True
SYN-CONT-000556,00000000-0000-0000-0000-0000000003ee,20GP,14.7,inbound,00000000-0000-0000-0000-00000000012c,low,standard,True
SYN-CONT-000557,00000000-0000-0000-0000-0000000003ee,40RF,13.9,inbound,00000000-0000-0000-0000-00000000012c,low,reefer,True
SYN-CONT-000558,00000000-0000-0000-0000-0000000003ee,40RF,27.5,inbound,00000000-0000-0000-0000-00000000012c,low,reefer,True
SYN-CONT-000559,00000000-0000-0000-0000-0000000003ee,40GP,26.2,inbound,00000000-0000-0000-0000-000000000130,low,standard,True
SYN-CONT-000560,00000000-0000-0000-0000-0000000003ee,40HC,22.2,inbound,00000000-0000-0000-0000-00000000012d,low,hazardous,True
SYN-CONT-000561,00000000-0000-0000-0000-0000000003ee,40GP,26.3,inbound,00000000-0000-0000-0000-00000000012c,low,standard,True
SYN-CONT-000562,00000000-0000-0000-0000-0000000003ee,40HC,14.3,inbound,00000000-0000-0000-0000-000000000130,low,hazardous,True
SYN-CONT-000563,00000000-0000-0000-0000-0000000003ee,40GP,30.0,inbound,00000000-0000-0000-0000-00000000012e,low,standard,True
SYN-CONT-000564,00000000-0000-0000-0000-0000000003ee,40HC,14.0,inbound,00000000-0000-0000-0000-000000000130,low,hazardous,True
SYN-CONT-000565,00000000-0000-0000-0000-0000000003ee,20GP,29.7,inbound,00000000-0000-0000-0000-00000000012f,low,standard,True
SYN-CONT-000566,00000000-0000-0000-0000-0000000003ee,20GP,27.5,inbound,00000000-0000-0000-0000-00000000012d,low,standard,True
SYN-CONT-000567,00000000-0000-0000-0000-0000000003ee,40GP,11.3,inbound,00000000-0000-0000-0000-00000000012e,low,standard,True
SYN-CONT-000568,00000000-0000-0000-0000-0000000003ee,40GP,19.0,inbound,00000000-0000-0000-0000-000000000130,low,reefer,True
SYN-CONT-000569,00000000-0000-0000-0000-0000000003ee,40HC,16.4,inbound,00000000-0000-0000-0000-00000000012c,low,reefer,True
SYN-CONT-000570,00000000-0000-0000-0000-0000000003ee,20GP,19.6,inbound,00000000-0000-0000-0000-00000000012e,low,reefer,True
SYN-CONT-000571,00000000-0000-0000-0000-0000000003ee,40HC,29.4,inbound,00000000-0000-0000-0000-00000000012e,low,reefer,True
SYN-CONT-000572,00000000-0000-0000-0000-0000000003ee,20GP,24.4,inbound,00000000-0000-0000-0000-00000000012f,low,standard,True
SYN-CONT-000573,00000000-0000-0000-0000-0000000003ee,40HC,25.9,inbound,00000000-0000-0000-0000-00000000012f,low,standard,True
SYN-CONT-000574,00000000-0000-0000-0000-0000000003ee,40GP,26.6,inbound,00000000-0000-0000-0000-00000000012f,low,reefer,True
SYN-CONT-000575,00000000-0000-0000-0000-0000000003ee,40HC,26.6,inbound,00000000-0000-0000-0000-00000000012e,low,standard,True
SYN-CONT-000576,00000000-0000-0000-0000-0000000003ee,40GP,27.2,inbound,00000000-0000-0000-0000-00000000012e,low,hazardous,True
SYN-CONT-000577,00000000-0000-0000-0000-0000000003ee,20GP,10.2,inbound,00000000-0000-0000-0000-00000000012f,low,standard,True
SYN-CONT-000578,00000000-0000-0000-0000-0000000003ee,20GP,28.9,inbound,00000000-0000-0000-0000-00000000012d,low,standard,True
SYN-CONT-000579,00000000-0000-0000-0000-0000000003ee,40RF,18.3,inbound,00000000-0000-0000-0000-00000000012f,low,reefer,True
SYN-CONT-000580,00000000-0000-0000-0000-0000000003ee,40GP,27.8,inbound,00000000-0000-0000-0000-00000000012e,low,standard,True
SYN-CONT-000581,00000000-0000-0000-0000-0000000003ee,40GP,10.1,inbound,00000000-0000-0000-0000-00000000012e,low,standard,True
SYN-CONT-000582,00000000-0000-0000-0000-0000000003ee,40HC,16.4,inbound,00000000-0000-0000-0000-000000000131,low,standard,True
SYN-CONT-000583,00000000-0000-0000-0000-0000000003ee,40GP,16.9,inbound,00000000-0000-0000-0000-00000000012e,low,standard,True
SYN-CONT-000584,00000000-0000-0000-0000-0000000003ee,40GP,22.7,inbound,00000000-0000-0000-0000-000000000131,low,reefer,True
SYN-CONT-000585,00000000-0000-0000-0000-0000000003ee,20GP,12.8,inbound,00000000-0000-0000-0000-00000000012c,low,standard,True
SYN-CONT-000586,00000000-0000-0000-0000-0000000003ee,40GP,13.1,inbound,00000000-0000-0000-0000-000000000131,low,hazardous,True
SYN-CONT-000587,00000000-0000-0000-0000-0000000003ee,40RF,8.2,inbound,00000000-0000-0000-0000-000000000131,low,reefer,True
SYN-CONT-000588,00000000-0000-0000-0000-0000000003ee,40HC,30.2,inbound,00000000-0000-0000-0000-00000000012f,low,standard,True
SYN-CONT-000589,00000000-0000-0000-0000-0000000003ee,40GP,9.6,inbound,00000000-0000-0000-0000-00000000012f,low,reefer,True
SYN-CONT-000590,00000000-0000-0000-0000-0000000003ee,20GP,10.3,inbound,00000000-0000-0000-0000-00000000012e,low,standard,True
SYN-CONT-000591,00000000-0000-0000-0000-0000000003ee,40HC,16.6,inbound,00000000-0000-0000-0000-00000000012d,low,standard,True
SYN-CONT-000592,00000000-0000-0000-0000-0000000003ee,40GP,19.9,inbound,00000000-0000-0000-0000-00000000012c,low,standard,True
SYN-CONT-000593,00000000-0000-0000-0000-0000000003ee,40GP,15.9,inbound,00000000-0000-0000-0000-00000000012d,low,reefer,True
SYN-CONT-000594,00000000-0000-0000-0000-0000000003ee,40GP,21.9,inbound,00000000-0000-0000-0000-00000000012f,low,reefer,True
SYN-CONT-000595,00000000-0000-0000-0000-0000000003ee,40GP,28.2,inbound,00000000-0000-0000-0000-00000000012d,low,standard,True
SYN-CONT-000596,00000000-0000-0000-0000-0000000003ee,20GP,24.4,inbound,00000000-0000-0000-0000-00000000012e,low,hazardous,True
SYN-CONT-000597,00000000-0000-0000-0000-0000000003ee,40RF,15.1,inbound,00000000-0000-0000-0000-00000000012d,low,reefer,True
SYN-CONT-000598,00000000-0000-0000-0000-0000000003ee,40GP,22.5,inbound,00000000-0000-0000-0000-00000000012d,low,standard,True
SYN-CONT-000599,00000000-0000-0000-0000-0000000003ee,40HC,27.1,inbound,00000000-0000-0000-0000-000000000131,low,standard,True
SYN-CONT-000600,00000000-0000-0000-0000-0000000003ee,40HC,19.6,inbound,00000000-0000-0000-0000-000000000130,low,standard,True
SYN-CONT-000601,00000000-0000-0000-0000-0000000003ee,40GP,14.6,inbound,00000000-0000-0000-0000-00000000012c,low,reefer,True
SYN-CONT-000602,00000000-0000-0000-0000-0000000003ee,40GP,16.7,inbound,00000000-0000-0000-0000-00000000012d,low,reefer,True
SYN-CONT-000603,00000000-0000-0000-0000-0000000003ee,40RF,22.4,inbound,00000000-0000-0000-0000-00000000012c,low,reefer,True
SYN-CONT-000604,00000000-0000-0000-0000-0000000003ee,20GP,29.0,inbound,00000000-0000-0000-0000-00000000012d,low,standard,True
SYN-CONT-000605,00000000-0000-0000-0000-0000000003ee,40RF,27.4,inbound,00000000-0000-0000-0000-000000000130,low,reefer,True
SYN-CONT-000606,00000000-0000-0000-0000-0000000003ee,40RF,16.2,inbound,00000000-0000-0000-0000-000000000131,low,reefer,True
SYN-CONT-000607,00000000-0000-0000-0000-0000000003ee,40GP,29.5,inbound,00000000-0000-0000-0000-00000000012c,low,reefer,True
SYN-CONT-000608,00000000-0000-0000-0000-0000000003ee,20GP,9.5,inbound,00000000-0000-0000-0000-00000000012e,low,hazardous,True
SYN-CONT-000609,00000000-0000-0000-0000-0000000003ee,40GP,28.8,inbound,00000000-0000-0000-0000-00000000012f,low,standard,True
SYN-CONT-000610,00000000-0000-0000-0000-0000000003ee,40HC,25.3,inbound,00000000-0000-0000-0000-00000000012f,low,hazardous,True
SYN-CONT-000611,00000000-0000-0000-0000-0000000003ee,40RF,9.9,inbound,00000000-0000-0000-0000-000000000130,low,reefer,True
SYN-CONT-000612,00000000-0000-0000-0000-0000000003ee,40GP,9.9,inbound,00000000-0000-0000-0000-00000000012c,low,standard,True
SYN-CONT-000613,00000000-0000-0000-0000-0000000003ee,40GP,20.1,inbound,00000000-0000-0000-0000-00000000012f,low,standard,True
SYN-CONT-000614,00000000-0000-0000-0000-0000000003ee,20GP,23.7,inbound,00000000-0000-0000-0000-000000000131,low,standard,True
SYN-CONT-000615,00000000-0000-0000-0000-0000000003ee,40GP,13.5,inbound,00000000-0000-0000-0000-00000000012f,low,standard,True
SYN-CONT-000616,00000000-0000-0000-0000-0000000003ee,20GP,21.8,inbound,00000000-0000-0000-0000-00000000012c,low,reefer,True
SYN-CONT-000617,00000000-0000-0000-0000-0000000003ee,40HC,10.7,inbound,00000000-0000-0000-0000-000000000131,low,standard,True
SYN-CONT-000618,00000000-0000-0000-0000-0000000003ee,40GP,11.7,inbound,00000000-0000-0000-0000-00000000012e,low,standard,True
SYN-CONT-000619,00000000-0000-0000-0000-0000000003ee,40HC,16.4,inbound,00000000-0000-0000-0000-000000000131,low,standard,True
SYN-CONT-000620,00000000-0000-0000-0000-0000000003ee,40HC,25.4,inbound,00000000-0000-0000-0000-00000000012c,low,standard,True
SYN-CONT-000621,00000000-0000-0000-0000-0000000003ee,40HC,14.1,inbound,00000000-0000-0000-0000-00000000012c,low,reefer,True
SYN-CONT-000622,00000000-0000-0000-0000-0000000003ee,40HC,22.1,inbound,00000000-0000-0000-0000-00000000012f,low,hazardous,True
SYN-CONT-000623,00000000-0000-0000-0000-0000000003ee,40RF,19.5,inbound,00000000-0000-0000-0000-00000000012c,low,reefer,True
SYN-CONT-000624,00000000-0000-0000-0000-0000000003ee,40RF,27.3,inbound,00000000-0000-0000-0000-00000000012d,low,reefer,True
SYN-CONT-000625,00000000-0000-0000-0000-0000000003ee,40HC,13.7,inbound,00000000-0000-0000-0000-00000000012c,low,standard,True
SYN-CONT-000626,00000000-0000-0000-0000-0000000003ee,20GP,24.7,inbound,00000000-0000-0000-0000-00000000012c,low,standard,True
SYN-CONT-000627,00000000-0000-0000-0000-0000000003ee,20GP,13.5,inbound,00000000-0000-0000-0000-00000000012f,low,standard,True
SYN-CONT-000628,00000000-0000-0000-0000-0000000003ee,40HC,28.7,inbound,00000000-0000-0000-0000-00000000012d,low,reefer,True
SYN-CONT-000629,00000000-0000-0000-0000-0000000003ee,20GP,26.1,inbound,00000000-0000-0000-0000-000000000131,low,hazardous,True
SYN-CONT-000630,00000000-0000-0000-0000-0000000003ee,40RF,13.1,inbound,00000000-0000-0000-0000-00000000012d,low,reefer,True
SYN-CONT-000631,00000000-0000-0000-0000-0000000003ee,40RF,28.6,inbound,00000000-0000-0000-0000-00000000012e,low,reefer,True
SYN-CONT-000632,00000000-0000-0000-0000-0000000003ee,40HC,20.9,inbound,00000000-0000-0000-0000-00000000012c,low,standard,True
SYN-CONT-000633,00000000-0000-0000-0000-0000000003ee,20GP,13.0,inbound,00000000-0000-0000-0000-000000000130,low,standard,True
SYN-CONT-000634,00000000-0000-0000-0000-0000000003ee,20GP,9.6,inbound,00000000-0000-0000-0000-00000000012f,low,reefer,True
SYN-CONT-000635,00000000-0000-0000-0000-0000000003ee,40HC,15.4,inbound,00000000-0000-0000-0000-000000000130,low,standard,True
SYN-CONT-000636,00000000-0000-0000-0000-0000000003ee,40RF,8.2,inbound,00000000-0000-0000-0000-00000000012d,low,reefer,True
SYN-CONT-000637,00000000-0000-0000-0000-0000000003ee,40HC,25.7,inbound,00000000-0000-0000-0000-000000000131,low,hazardous,True
SYN-CONT-000638,00000000-0000-0000-0000-0000000003ee,40GP,16.3,inbound,00000000-0000-0000-0000-00000000012f,low,reefer,True
SYN-CONT-000639,00000000-0000-0000-0000-0000000003ee,40GP,25.1,inbound,00000000-0000-0000-0000-00000000012d,low,hazardous,True
SYN-CONT-000640,00000000-0000-0000-0000-0000000003ee,40GP,29.0,inbound,00000000-0000-0000-0000-00000000012c,low,standard,True
SYN-CONT-000641,00000000-0000-0000-0000-0000000003ee,40GP,15.8,inbound,00000000-0000-0000-0000-000000000131,low,hazardous,True
SYN-CONT-000642,00000000-0000-0000-0000-0000000003ee,20GP,8.0,inbound,00000000-0000-0000-0000-000000000131,low,standard,True
SYN-CONT-000643,00000000-0000-0000-0000-0000000003ee,40RF,27.1,inbound,00000000-0000-0000-0000-000000000131,low,reefer,True
SYN-CONT-000644,00000000-0000-0000-0000-0000000003ee,40HC,12.6,inbound,00000000-0000-0000-0000-00000000012d,low,standard,True
SYN-CONT-000645,00000000-0000-0000-0000-0000000003ef,40RF,19.1,inbound,00000000-0000-0000-0000-00000000012c,high,reefer,True
SYN-CONT-000646,00000000-0000-0000-0000-0000000003ef,40GP,10.1,inbound,00000000-0000-0000-0000-00000000012d,high,standard,True
SYN-CONT-000647,00000000-0000-0000-0000-0000000003ef,40RF,23.8,inbound,00000000-0000-0000-0000-00000000012e,high,reefer,True
SYN-CONT-000648,00000000-0000-0000-0000-0000000003ef,40RF,29.9,inbound,00000000-0000-0000-0000-00000000012c,high,reefer,True
SYN-CONT-000649,00000000-0000-0000-0000-0000000003ef,20GP,11.0,inbound,00000000-0000-0000-0000-00000000012f,high,hazardous,True
SYN-CONT-000650,00000000-0000-0000-0000-0000000003ef,20GP,20.8,inbound,00000000-0000-0000-0000-00000000012f,high,hazardous,True
SYN-CONT-000651,00000000-0000-0000-0000-0000000003ef,40GP,14.6,inbound,00000000-0000-0000-0000-00000000012e,high,standard,True
SYN-CONT-000652,00000000-0000-0000-0000-0000000003ef,40RF,23.8,inbound,00000000-0000-0000-0000-000000000131,high,reefer,True
SYN-CONT-000653,00000000-0000-0000-0000-0000000003ef,40HC,18.2,inbound,00000000-0000-0000-0000-00000000012d,high,standard,True
SYN-CONT-000654,00000000-0000-0000-0000-0000000003ef,20GP,11.1,inbound,00000000-0000-0000-0000-000000000130,high,standard,True
SYN-CONT-000655,00000000-0000-0000-0000-0000000003ef,20GP,10.4,inbound,00000000-0000-0000-0000-00000000012f,high,standard,True
SYN-CONT-000656,00000000-0000-0000-0000-0000000003ef,40RF,15.1,inbound,00000000-0000-0000-0000-00000000012c,high,reefer,True
SYN-CONT-000657,00000000-0000-0000-0000-0000000003ef,40HC,18.2,inbound,00000000-0000-0000-0000-00000000012f,high,standard,True
SYN-CONT-000658,00000000-0000-0000-0000-0000000003ef,40HC,10.0,inbound,00000000-0000-0000-0000-000000000131,high,standard,True
SYN-CONT-000659,00000000-0000-0000-0000-0000000003ef,40HC,8.9,inbound,00000000-0000-0000-0000-00000000012e,high,hazardous,True
SYN-CONT-000660,00000000-0000-0000-0000-0000000003ef,40GP,24.0,inbound,00000000-0000-0000-0000-00000000012e,high,standard,True
SYN-CONT-000661,00000000-0000-0000-0000-0000000003ef,40RF,19.6,inbound,00000000-0000-0000-0000-000000000131,high,reefer,True
SYN-CONT-000662,00000000-0000-0000-0000-0000000003ef,40HC,26.5,inbound,00000000-0000-0000-0000-00000000012d,high,standard,True
SYN-CONT-000663,00000000-0000-0000-0000-0000000003ef,20GP,27.2,inbound,00000000-0000-0000-0000-000000000130,high,reefer,True
SYN-CONT-000664,00000000-0000-0000-0000-0000000003ef,40GP,18.4,inbound,00000000-0000-0000-0000-00000000012d,high,standard,True
SYN-CONT-000665,00000000-0000-0000-0000-0000000003ef,20GP,9.4,inbound,00000000-0000-0000-0000-00000000012d,high,standard,True
SYN-CONT-000666,00000000-0000-0000-0000-0000000003ef,40GP,26.5,inbound,00000000-0000-0000-0000-00000000012e,high,standard,True
SYN-CONT-000667,00000000-0000-0000-0000-0000000003ef,20GP,21.2,inbound,00000000-0000-0000-0000-00000000012c,high,hazardous,True
SYN-CONT-000668,00000000-0000-0000-0000-0000000003ef,20GP,12.4,inbound,00000000-0000-0000-0000-000000000131,high,standard,True
SYN-CONT-000669,00000000-0000-0000-0000-0000000003ef,40RF,26.2,inbound,00000000-0000-0000-0000-00000000012c,high,reefer,True
SYN-CONT-000670,00000000-0000-0000-0000-0000000003ef,40HC,9.0,inbound,00000000-0000-0000-0000-00000000012f,high,standard,True
SYN-CONT-000671,00000000-0000-0000-0000-0000000003ef,20GP,28.8,inbound,00000000-0000-0000-0000-00000000012f,high,standard,True
SYN-CONT-000672,00000000-0000-0000-0000-0000000003ef,40RF,19.2,inbound,00000000-0000-0000-0000-00000000012f,high,reefer,True
SYN-CONT-000673,00000000-0000-0000-0000-0000000003ef,40RF,11.9,inbound,00000000-0000-0000-0000-00000000012d,high,reefer,True
SYN-CONT-000674,00000000-0000-0000-0000-0000000003ef,40GP,14.3,inbound,00000000-0000-0000-0000-00000000012d,high,standard,True
SYN-CONT-000675,00000000-0000-0000-0000-0000000003ef,20GP,21.9,inbound,00000000-0000-0000-0000-00000000012d,high,hazardous,True
SYN-CONT-000676,00000000-0000-0000-0000-0000000003ef,40HC,17.3,inbound,00000000-0000-0000-0000-000000000130,high,reefer,True
SYN-CONT-000677,00000000-0000-0000-0000-0000000003ef,40RF,9.4,inbound,00000000-0000-0000-0000-00000000012e,high,reefer,True
SYN-CONT-000678,00000000-0000-0000-0000-0000000003ef,40RF,11.1,inbound,00000000-0000-0000-0000-00000000012d,high,reefer,True
SYN-CONT-000679,00000000-0000-0000-0000-0000000003ef,40GP,25.9,inbound,00000000-0000-0000-0000-00000000012f,high,hazardous,True
SYN-CONT-000680,00000000-0000-0000-0000-0000000003ef,40HC,20.3,inbound,00000000-0000-0000-0000-00000000012f,high,reefer,True
SYN-CONT-000681,00000000-0000-0000-0000-0000000003ef,40HC,19.3,inbound,00000000-0000-0000-0000-00000000012f,high,hazardous,True
SYN-CONT-000682,00000000-0000-0000-0000-0000000003ef,40HC,8.6,inbound,00000000-0000-0000-0000-000000000130,high,standard,True
SYN-CONT-000683,00000000-0000-0000-0000-0000000003ef,40GP,28.2,inbound,00000000-0000-0000-0000-00000000012e,high,standard,True
SYN-CONT-000684,00000000-0000-0000-0000-0000000003ef,20GP,19.9,inbound,00000000-0000-0000-0000-000000000130,high,reefer,True
SYN-CONT-000685,00000000-0000-0000-0000-0000000003ef,40GP,10.3,inbound,00000000-0000-0000-0000-000000000131,high,standard,True
SYN-CONT-000686,00000000-0000-0000-0000-0000000003ef,40GP,20.0,inbound,00000000-0000-0000-0000-000000000131,high,standard,True
SYN-CONT-000687,00000000-0000-0000-0000-0000000003ef,20GP,21.0,inbound,00000000-0000-0000-0000-00000000012f,high,standard,True
SYN-CONT-000688,00000000-0000-0000-0000-0000000003ef,40HC,12.0,inbound,00000000-0000-0000-0000-000000000130,high,standard,True
SYN-CONT-000689,00000000-0000-0000-0000-0000000003ef,40HC,28.6,inbound,00000000-0000-0000-0000-00000000012c,high,standard,True
SYN-CONT-000690,00000000-0000-0000-0000-0000000003ef,40HC,20.7,inbound,00000000-0000-0000-0000-000000000130,high,hazardous,True
SYN-CONT-000691,00000000-0000-0000-0000-0000000003ef,40GP,20.2,inbound,00000000-0000-0000-0000-00000000012d,high,reefer,True
SYN-CONT-000692,00000000-0000-0000-0000-0000000003ef,40RF,8.9,inbound,00000000-0000-0000-0000-00000000012c,high,reefer,True
SYN-CONT-000693,00000000-0000-0000-0000-0000000003ef,40GP,12.9,inbound,00000000-0000-0000-0000-000000000130,high,hazardous,True
SYN-CONT-000694,00000000-0000-0000-0000-0000000003ef,40RF,8.0,inbound,00000000-0000-0000-0000-000000000130,high,reefer,True
SYN-CONT-000695,00000000-0000-0000-0000-0000000003ef,40GP,15.7,inbound,00000000-0000-0000-0000-00000000012d,high,standard,True
SYN-CONT-000696,00000000-0000-0000-0000-0000000003ef,40HC,8.5,inbound,00000000-0000-0000-0000-000000000130,high,standard,True
SYN-CONT-000697,00000000-0000-0000-0000-0000000003ef,40GP,27.0,inbound,00000000-0000-0000-0000-00000000012e,high,standard,True
SYN-CONT-000698,00000000-0000-0000-0000-0000000003ef,20GP,23.9,inbound,00000000-0000-0000-0000-000000000131,high,standard,True
SYN-CONT-000699,00000000-0000-0000-0000-0000000003ef,40RF,21.2,inbound,00000000-0000-0000-0000-00000000012e,high,reefer,True
SYN-CONT-000700,00000000-0000-0000-0000-0000000003ef,40HC,11.1,inbound,00000000-0000-0000-0000-00000000012d,high,standard,True
SYN-CONT-000701,00000000-0000-0000-0000-0000000003ef,40RF,25.8,inbound,00000000-0000-0000-0000-00000000012f,high,reefer,True
SYN-CONT-000702,00000000-0000-0000-0000-0000000003ef,40HC,23.9,inbound,00000000-0000-0000-0000-000000000130,high,standard,True
SYN-CONT-000703,00000000-0000-0000-0000-0000000003ef,40HC,23.0,inbound,00000000-0000-0000-0000-00000000012d,high,standard,True
SYN-CONT-000704,00000000-0000-0000-0000-0000000003ef,40RF,14.9,inbound,00000000-0000-0000-0000-000000000131,high,reefer,True
SYN-CONT-000705,00000000-0000-0000-0000-0000000003ef,40HC,12.0,inbound,00000000-0000-0000-0000-00000000012c,high,standard,True
SYN-CONT-000706,00000000-0000-0000-0000-0000000003ef,40RF,27.1,inbound,00000000-0000-0000-0000-000000000130,high,reefer,True
SYN-CONT-000707,00000000-0000-0000-0000-0000000003ef,20GP,21.6,inbound,00000000-0000-0000-0000-000000000130,high,standard,True
SYN-CONT-000708,00000000-0000-0000-0000-0000000003ef,40GP,10.3,inbound,00000000-0000-0000-0000-00000000012f,high,hazardous,True
SYN-CONT-000709,00000000-0000-0000-0000-0000000003ef,40GP,24.8,inbound,00000000-0000-0000-0000-00000000012d,high,standard,True
SYN-CONT-000710,00000000-0000-0000-0000-0000000003ef,40HC,11.8,inbound,00000000-0000-0000-0000-00000000012c,high,standard,True
SYN-CONT-000711,00000000-0000-0000-0000-0000000003ef,40HC,8.3,inbound,00000000-0000-0000-0000-00000000012d,high,reefer,True
SYN-CONT-000712,00000000-0000-0000-0000-0000000003ef,40GP,15.9,inbound,00000000-0000-0000-0000-00000000012c,high,standard,True
SYN-CONT-000713,00000000-0000-0000-0000-0000000003ef,20GP,16.7,inbound,00000000-0000-0000-0000-000000000131,high,standard,True
SYN-CONT-000714,00000000-0000-0000-0000-0000000003ef,40RF,29.8,inbound,00000000-0000-0000-0000-00000000012f,high,reefer,True
SYN-CONT-000715,00000000-0000-0000-0000-0000000003ef,40RF,27.8,inbound,00000000-0000-0000-0000-00000000012e,high,reefer,True
SYN-CONT-000716,00000000-0000-0000-0000-0000000003ef,40RF,10.3,inbound,00000000-0000-0000-0000-00000000012f,high,reefer,True
SYN-CONT-000717,00000000-0000-0000-0000-0000000003ef,40GP,18.2,inbound,00000000-0000-0000-0000-00000000012c,high,standard,True
SYN-CONT-000718,00000000-0000-0000-0000-0000000003ef,40HC,15.2,inbound,00000000-0000-0000-0000-00000000012c,high,standard,True
SYN-CONT-000719,00000000-0000-0000-0000-0000000003ef,20GP,11.8,inbound,00000000-0000-0000-0000-00000000012f,high,standard,True
SYN-CONT-000720,00000000-0000-0000-0000-0000000003ef,40GP,20.3,inbound,00000000-0000-0000-0000-00000000012c,high,standard,True
SYN-CONT-000721,00000000-0000-0000-0000-0000000003ef,40HC,30.2,inbound,00000000-0000-0000-0000-00000000012f,high,hazardous,True
SYN-CONT-000722,00000000-0000-0000-0000-0000000003ef,20GP,29.2,inbound,00000000-0000-0000-0000-00000000012d,high,reefer,True
SYN-CONT-000723,00000000-0000-0000-0000-0000000003ef,40RF,11.5,inbound,00000000-0000-0000-0000-00000000012c,high,reefer,True
SYN-CONT-000724,00000000-0000-0000-0000-0000000003ef,40HC,29.9,inbound,00000000-0000-0000-0000-00000000012f,high,standard,True
SYN-CONT-000725,00000000-0000-0000-0000-0000000003ef,40HC,14.7,inbound,00000000-0000-0000-0000-00000000012c,high,standard,True
SYN-CONT-000726,00000000-0000-0000-0000-0000000003ef,20GP,20.9,inbound,00000000-0000-0000-0000-00000000012f,high,reefer,True
SYN-CONT-000727,00000000-0000-0000-0000-0000000003ef,40GP,16.1,inbound,00000000-0000-0000-0000-00000000012f,high,standard,True
SYN-CONT-000728,00000000-0000-0000-0000-0000000003ef,20GP,26.5,inbound,00000000-0000-0000-0000-000000000131,high,standard,True
SYN-CONT-000729,00000000-0000-0000-0000-0000000003ef,40RF,12.5,inbound,00000000-0000-0000-0000-00000000012c,high,reefer,True
SYN-CONT-000730,00000000-0000-0000-0000-0000000003ef,40GP,22.4,inbound,00000000-0000-0000-0000-00000000012c,high,standard,True
SYN-CONT-000731,00000000-0000-0000-0000-0000000003ef,40RF,27.0,inbound,00000000-0000-0000-0000-00000000012e,high,reefer,True
SYN-CONT-000732,00000000-0000-0000-0000-0000000003ef,40RF,18.6,inbound,00000000-0000-0000-0000-000000000131,high,reefer,True
SYN-CONT-000733,00000000-0000-0000-0000-0000000003ef,40HC,22.4,inbound,00000000-0000-0000-0000-00000000012f,high,standard,True
SYN-CONT-000734,00000000-0000-0000-0000-0000000003ef,40GP,27.9,inbound,00000000-0000-0000-0000-00000000012e,high,standard,True
SYN-CONT-000735,00000000-0000-0000-0000-0000000003ef,40GP,9.0,inbound,00000000-0000-0000-0000-00000000012f,high,reefer,True
SYN-CONT-000736,00000000-0000-0000-0000-0000000003ef,40RF,13.9,inbound,00000000-0000-0000-0000-00000000012e,high,reefer,True
SYN-CONT-000737,00000000-0000-0000-0000-0000000003f0,20GP,24.9,inbound,00000000-0000-0000-0000-000000000131,normal,standard,True
SYN-CONT-000738,00000000-0000-0000-0000-0000000003f0,20GP,23.0,inbound,00000000-0000-0000-0000-000000000130,normal,standard,True
SYN-CONT-000739,00000000-0000-0000-0000-0000000003f0,40RF,29.8,inbound,00000000-0000-0000-0000-000000000130,normal,reefer,True
SYN-CONT-000740,00000000-0000-0000-0000-0000000003f0,40GP,9.4,inbound,00000000-0000-0000-0000-00000000012f,normal,hazardous,True
SYN-CONT-000741,00000000-0000-0000-0000-0000000003f0,40RF,29.7,inbound,00000000-0000-0000-0000-000000000131,normal,reefer,True
SYN-CONT-000742,00000000-0000-0000-0000-0000000003f0,40RF,20.9,inbound,00000000-0000-0000-0000-00000000012d,normal,reefer,True
SYN-CONT-000743,00000000-0000-0000-0000-0000000003f0,40RF,14.7,inbound,00000000-0000-0000-0000-00000000012f,normal,reefer,True
SYN-CONT-000744,00000000-0000-0000-0000-0000000003f0,20GP,20.9,inbound,00000000-0000-0000-0000-000000000130,normal,hazardous,True
SYN-CONT-000745,00000000-0000-0000-0000-0000000003f0,40GP,29.4,inbound,00000000-0000-0000-0000-00000000012f,normal,standard,True
SYN-CONT-000746,00000000-0000-0000-0000-0000000003f0,40GP,29.9,inbound,00000000-0000-0000-0000-00000000012d,normal,standard,True
SYN-CONT-000747,00000000-0000-0000-0000-0000000003f0,40GP,17.5,inbound,00000000-0000-0000-0000-000000000131,normal,standard,True
SYN-CONT-000748,00000000-0000-0000-0000-0000000003f0,40RF,12.5,inbound,00000000-0000-0000-0000-000000000131,normal,reefer,True
SYN-CONT-000749,00000000-0000-0000-0000-0000000003f0,40GP,13.8,inbound,00000000-0000-0000-0000-000000000131,normal,hazardous,True
SYN-CONT-000750,00000000-0000-0000-0000-0000000003f0,20GP,16.7,inbound,00000000-0000-0000-0000-00000000012f,normal,standard,True
SYN-CONT-000751,00000000-0000-0000-0000-0000000003f0,40HC,19.7,inbound,00000000-0000-0000-0000-00000000012c,normal,standard,True
SYN-CONT-000752,00000000-0000-0000-0000-0000000003f0,40RF,10.5,inbound,00000000-0000-0000-0000-00000000012d,normal,reefer,True
SYN-CONT-000753,00000000-0000-0000-0000-0000000003f0,40GP,21.2,inbound,00000000-0000-0000-0000-00000000012c,normal,hazardous,True
SYN-CONT-000754,00000000-0000-0000-0000-0000000003f0,20GP,25.5,inbound,00000000-0000-0000-0000-00000000012e,normal,hazardous,True
SYN-CONT-000755,00000000-0000-0000-0000-0000000003f0,40HC,13.9,inbound,00000000-0000-0000-0000-000000000131,normal,reefer,True
SYN-CONT-000756,00000000-0000-0000-0000-0000000003f0,40RF,20.9,inbound,00000000-0000-0000-0000-00000000012f,normal,reefer,True
SYN-CONT-000757,00000000-0000-0000-0000-0000000003f0,20GP,14.2,inbound,00000000-0000-0000-0000-00000000012d,normal,standard,True
SYN-CONT-000758,00000000-0000-0000-0000-0000000003f0,40RF,8.9,inbound,00000000-0000-0000-0000-00000000012e,normal,reefer,True
SYN-CONT-000759,00000000-0000-0000-0000-0000000003f0,40GP,24.8,inbound,00000000-0000-0000-0000-00000000012e,normal,standard,True
SYN-CONT-000760,00000000-0000-0000-0000-0000000003f0,40HC,15.6,inbound,00000000-0000-0000-0000-00000000012e,normal,standard,True
SYN-CONT-000761,00000000-0000-0000-0000-0000000003f0,40HC,27.0,inbound,00000000-0000-0000-0000-000000000131,normal,standard,True
SYN-CONT-000762,00000000-0000-0000-0000-0000000003f0,20GP,11.0,inbound,00000000-0000-0000-0000-000000000131,normal,standard,True
SYN-CONT-000763,00000000-0000-0000-0000-0000000003f0,40RF,25.4,inbound,00000000-0000-0000-0000-00000000012e,normal,reefer,True
SYN-CONT-000764,00000000-0000-0000-0000-0000000003f0,40HC,21.6,inbound,00000000-0000-0000-0000-00000000012c,normal,reefer,True
SYN-CONT-000765,00000000-0000-0000-0000-0000000003f0,40GP,12.8,inbound,00000000-0000-0000-0000-00000000012f,normal,reefer,True
SYN-CONT-000766,00000000-0000-0000-0000-0000000003f0,40RF,25.1,inbound,00000000-0000-0000-0000-00000000012e,normal,reefer,True
SYN-CONT-000767,00000000-0000-0000-0000-0000000003f0,20GP,25.8,inbound,00000000-0000-0000-0000-00000000012c,normal,hazardous,True
SYN-CONT-000768,00000000-0000-0000-0000-0000000003f0,40HC,17.1,inbound,00000000-0000-0000-0000-000000000130,normal,hazardous,True
SYN-CONT-000769,00000000-0000-0000-0000-0000000003f0,20GP,12.3,inbound,00000000-0000-0000-0000-00000000012d,normal,standard,True
SYN-CONT-000770,00000000-0000-0000-0000-0000000003f0,20GP,8.7,inbound,00000000-0000-0000-0000-00000000012c,normal,standard,True
SYN-CONT-000771,00000000-0000-0000-0000-0000000003f0,40HC,14.2,inbound,00000000-0000-0000-0000-00000000012f,normal,standard,True
SYN-CONT-000772,00000000-0000-0000-0000-0000000003f0,40RF,22.3,inbound,00000000-0000-0000-0000-00000000012c,normal,reefer,True
SYN-CONT-000773,00000000-0000-0000-0000-0000000003f0,20GP,16.4,inbound,00000000-0000-0000-0000-000000000130,normal,standard,True
SYN-CONT-000774,00000000-0000-0000-0000-0000000003f0,40RF,12.0,inbound,00000000-0000-0000-0000-00000000012f,normal,reefer,True
SYN-CONT-000775,00000000-0000-0000-0000-0000000003f0,40HC,11.7,inbound,00000000-0000-0000-0000-00000000012e,normal,standard,True
SYN-CONT-000776,00000000-0000-0000-0000-0000000003f0,20GP,8.6,inbound,00000000-0000-0000-0000-00000000012c,normal,standard,True
SYN-CONT-000777,00000000-0000-0000-0000-0000000003f0,40GP,25.5,inbound,00000000-0000-0000-0000-00000000012d,normal,hazardous,True
SYN-CONT-000778,00000000-0000-0000-0000-0000000003f0,40GP,23.2,inbound,00000000-0000-0000-0000-00000000012e,normal,standard,True
SYN-CONT-000779,00000000-0000-0000-0000-0000000003f0,40RF,19.5,inbound,00000000-0000-0000-0000-000000000131,normal,reefer,True
SYN-CONT-000780,00000000-0000-0000-0000-0000000003f0,20GP,28.5,inbound,00000000-0000-0000-0000-000000000131,normal,reefer,True
SYN-CONT-000781,00000000-0000-0000-0000-0000000003f0,40GP,26.0,inbound,00000000-0000-0000-0000-00000000012d,normal,hazardous,True
SYN-CONT-000782,00000000-0000-0000-0000-0000000003f0,40HC,26.1,inbound,00000000-0000-0000-0000-00000000012e,normal,hazardous,True
SYN-CONT-000783,00000000-0000-0000-0000-0000000003f0,40HC,28.1,inbound,00000000-0000-0000-0000-00000000012e,normal,reefer,True
SYN-CONT-000784,00000000-0000-0000-0000-0000000003f0,40RF,13.7,inbound,00000000-0000-0000-0000-00000000012f,normal,reefer,True
SYN-CONT-000785,00000000-0000-0000-0000-0000000003f0,40HC,26.5,inbound,00000000-0000-0000-0000-00000000012f,normal,hazardous,True
SYN-CONT-000786,00000000-0000-0000-0000-0000000003f0,20GP,19.5,inbound,00000000-0000-0000-0000-000000000131,normal,standard,True
SYN-CONT-000787,00000000-0000-0000-0000-0000000003f0,40HC,22.6,inbound,00000000-0000-0000-0000-000000000130,normal,hazardous,True
SYN-CONT-000788,00000000-0000-0000-0000-0000000003f0,40HC,23.4,inbound,00000000-0000-0000-0000-00000000012f,normal,standard,True
SYN-CONT-000789,00000000-0000-0000-0000-0000000003f0,20GP,30.2,inbound,00000000-0000-0000-0000-000000000131,normal,standard,True
SYN-CONT-000790,00000000-0000-0000-0000-0000000003f0,40HC,13.9,inbound,00000000-0000-0000-0000-000000000131,normal,standard,True
SYN-CONT-000791,00000000-0000-0000-0000-0000000003f0,40HC,11.4,inbound,00000000-0000-0000-0000-00000000012d,normal,standard,True
SYN-CONT-000792,00000000-0000-0000-0000-0000000003f0,20GP,17.1,inbound,00000000-0000-0000-0000-00000000012e,normal,hazardous,True
SYN-CONT-000793,00000000-0000-0000-0000-0000000003f0,40GP,22.7,inbound,00000000-0000-0000-0000-00000000012e,normal,standard,True
SYN-CONT-000794,00000000-0000-0000-0000-0000000003f0,40HC,17.1,inbound,00000000-0000-0000-0000-000000000131,normal,reefer,True
SYN-CONT-000795,00000000-0000-0000-0000-0000000003f0,20GP,23.9,inbound,00000000-0000-0000-0000-000000000130,normal,hazardous,True
SYN-CONT-000796,00000000-0000-0000-0000-0000000003f0,40GP,24.3,inbound,00000000-0000-0000-0000-00000000012d,normal,standard,True
SYN-CONT-000797,00000000-0000-0000-0000-0000000003f0,40RF,28.4,inbound,00000000-0000-0000-0000-000000000131,normal,reefer,True
SYN-CONT-000798,00000000-0000-0000-0000-0000000003f0,40HC,14.8,inbound,00000000-0000-0000-0000-00000000012d,normal,hazardous,True
SYN-CONT-000799,00000000-0000-0000-0000-0000000003f0,40GP,10.2,inbound,00000000-0000-0000-0000-00000000012d,normal,standard,True
SYN-CONT-000800,00000000-0000-0000-0000-0000000003f0,40HC,25.2,inbound,00000000-0000-0000-0000-00000000012d,normal,hazardous,True
SYN-CONT-000801,00000000-0000-0000-0000-0000000003f0,40HC,13.0,inbound,00000000-0000-0000-0000-00000000012d,normal,standard,True
SYN-CONT-000802,00000000-0000-0000-0000-0000000003f0,40HC,25.7,inbound,00000000-0000-0000-0000-00000000012e,normal,reefer,True
SYN-CONT-000803,00000000-0000-0000-0000-0000000003f0,40HC,21.2,inbound,00000000-0000-0000-0000-00000000012f,normal,standard,True
SYN-CONT-000804,00000000-0000-0000-0000-0000000003f0,20GP,9.2,inbound,00000000-0000-0000-0000-000000000131,normal,reefer,True
SYN-CONT-000805,00000000-0000-0000-0000-0000000003f0,20GP,28.0,inbound,00000000-0000-0000-0000-000000000130,normal,reefer,True
SYN-CONT-000806,00000000-0000-0000-0000-0000000003f0,20GP,19.9,inbound,00000000-0000-0000-0000-00000000012f,normal,reefer,True
SYN-CONT-000807,00000000-0000-0000-0000-0000000003f0,20GP,11.1,inbound,00000000-0000-0000-0000-00000000012d,normal,standard,True
SYN-CONT-000808,00000000-0000-0000-0000-0000000003f0,40HC,30.2,inbound,00000000-0000-0000-0000-00000000012f,normal,reefer,True
SYN-CONT-000809,00000000-0000-0000-0000-0000000003f0,40GP,27.4,inbound,00000000-0000-0000-0000-00000000012d,normal,standard,True
SYN-CONT-000810,00000000-0000-0000-0000-0000000003f0,20GP,15.5,inbound,00000000-0000-0000-0000-00000000012d,normal,reefer,True
SYN-CONT-000811,00000000-0000-0000-0000-0000000003f0,40HC,8.1,inbound,00000000-0000-0000-0000-00000000012e,normal,standard,True
SYN-CONT-000812,00000000-0000-0000-0000-0000000003f0,40GP,21.0,inbound,00000000-0000-0000-0000-00000000012d,normal,standard,True
SYN-CONT-000813,00000000-0000-0000-0000-0000000003f0,40RF,25.7,inbound,00000000-0000-0000-0000-00000000012c,normal,reefer,True
SYN-CONT-000814,00000000-0000-0000-0000-0000000003f0,40GP,17.8,inbound,00000000-0000-0000-0000-00000000012f,normal,hazardous,True
SYN-CONT-000815,00000000-0000-0000-0000-0000000003f0,40RF,17.7,inbound,00000000-0000-0000-0000-00000000012f,normal,reefer,True
SYN-CONT-000816,00000000-0000-0000-0000-0000000003f0,40RF,8.1,inbound,00000000-0000-0000-0000-000000000130,normal,reefer,True
SYN-CONT-000817,00000000-0000-0000-0000-0000000003f0,40GP,29.4,inbound,00000000-0000-0000-0000-00000000012e,normal,standard,True
SYN-CONT-000818,00000000-0000-0000-0000-0000000003f0,40GP,23.2,inbound,00000000-0000-0000-0000-000000000131,normal,standard,True
SYN-CONT-000819,00000000-0000-0000-0000-0000000003f0,40GP,23.6,inbound,00000000-0000-0000-0000-00000000012e,normal,standard,True
SYN-CONT-000820,00000000-0000-0000-0000-0000000003f0,40HC,10.3,inbound,00000000-0000-0000-0000-000000000130,normal,standard,True
SYN-CONT-000821,00000000-0000-0000-0000-0000000003f0,40HC,9.5,inbound,00000000-0000-0000-0000-00000000012c,normal,standard,True
SYN-CONT-000822,00000000-0000-0000-0000-0000000003f0,40HC,18.3,inbound,00000000-0000-0000-0000-000000000130,normal,standard,True
SYN-CONT-000823,00000000-0000-0000-0000-0000000003f0,40HC,28.0,inbound,00000000-0000-0000-0000-00000000012d,normal,reefer,True
SYN-CONT-000824,00000000-0000-0000-0000-0000000003f0,40HC,16.1,inbound,00000000-0000-0000-0000-00000000012d,normal,reefer,True
SYN-CONT-000825,00000000-0000-0000-0000-0000000003f0,40GP,8.4,inbound,00000000-0000-0000-0000-00000000012d,normal,reefer,True
SYN-CONT-000826,00000000-0000-0000-0000-0000000003f0,40GP,24.5,inbound,00000000-0000-0000-0000-000000000130,normal,standard,True
SYN-CONT-000827,00000000-0000-0000-0000-0000000003f0,40GP,16.2,inbound,00000000-0000-0000-0000-000000000131,normal,standard,True
SYN-CONT-000828,00000000-0000-0000-0000-0000000003f0,20GP,27.7,inbound,00000000-0000-0000-0000-00000000012e,normal,reefer,True
SYN-CONT-000829,00000000-0000-0000-0000-0000000003f1,20GP,30.4,inbound,00000000-0000-0000-0000-000000000131,normal,hazardous,True
SYN-CONT-000830,00000000-0000-0000-0000-0000000003f1,20GP,9.1,inbound,00000000-0000-0000-0000-00000000012c,normal,standard,True
SYN-CONT-000831,00000000-0000-0000-0000-0000000003f1,40RF,18.0,inbound,00000000-0000-0000-0000-00000000012c,normal,reefer,True
SYN-CONT-000832,00000000-0000-0000-0000-0000000003f1,40HC,23.8,inbound,00000000-0000-0000-0000-00000000012d,normal,reefer,True
SYN-CONT-000833,00000000-0000-0000-0000-0000000003f1,20GP,17.5,inbound,00000000-0000-0000-0000-00000000012c,normal,standard,True
SYN-CONT-000834,00000000-0000-0000-0000-0000000003f1,40HC,21.6,inbound,00000000-0000-0000-0000-00000000012d,normal,hazardous,True
SYN-CONT-000835,00000000-0000-0000-0000-0000000003f1,40RF,26.7,inbound,00000000-0000-0000-0000-00000000012c,normal,reefer,True
SYN-CONT-000836,00000000-0000-0000-0000-0000000003f1,20GP,10.6,inbound,00000000-0000-0000-0000-00000000012c,normal,standard,True
SYN-CONT-000837,00000000-0000-0000-0000-0000000003f1,40RF,12.5,inbound,00000000-0000-0000-0000-00000000012d,normal,reefer,True
SYN-CONT-000838,00000000-0000-0000-0000-0000000003f1,40HC,29.9,inbound,00000000-0000-0000-0000-00000000012e,normal,hazardous,True
SYN-CONT-000839,00000000-0000-0000-0000-0000000003f1,40RF,14.6,inbound,00000000-0000-0000-0000-00000000012c,normal,reefer,True
SYN-CONT-000840,00000000-0000-0000-0000-0000000003f1,40RF,28.5,inbound,00000000-0000-0000-0000-000000000131,normal,reefer,True
SYN-CONT-000841,00000000-0000-0000-0000-0000000003f1,40RF,15.4,inbound,00000000-0000-0000-0000-00000000012c,normal,reefer,True
SYN-CONT-000842,00000000-0000-0000-0000-0000000003f1,20GP,28.4,inbound,00000000-0000-0000-0000-000000000130,normal,standard,True
SYN-CONT-000843,00000000-0000-0000-0000-0000000003f1,40RF,11.4,inbound,00000000-0000-0000-0000-00000000012c,normal,reefer,True
SYN-CONT-000844,00000000-0000-0000-0000-0000000003f1,20GP,28.4,inbound,00000000-0000-0000-0000-000000000131,normal,standard,True
SYN-CONT-000845,00000000-0000-0000-0000-0000000003f1,40GP,30.2,inbound,00000000-0000-0000-0000-00000000012e,normal,reefer,True
SYN-CONT-000846,00000000-0000-0000-0000-0000000003f1,40HC,9.1,inbound,00000000-0000-0000-0000-00000000012d,normal,reefer,True
SYN-CONT-000847,00000000-0000-0000-0000-0000000003f1,20GP,16.1,inbound,00000000-0000-0000-0000-000000000131,normal,standard,True
SYN-CONT-000848,00000000-0000-0000-0000-0000000003f1,40HC,24.6,inbound,00000000-0000-0000-0000-00000000012c,normal,reefer,True
SYN-CONT-000849,00000000-0000-0000-0000-0000000003f1,20GP,27.2,inbound,00000000-0000-0000-0000-000000000131,normal,standard,True
SYN-CONT-000850,00000000-0000-0000-0000-0000000003f1,40GP,16.0,inbound,00000000-0000-0000-0000-00000000012f,normal,standard,True
SYN-CONT-000851,00000000-0000-0000-0000-0000000003f1,40HC,16.4,inbound,00000000-0000-0000-0000-00000000012e,normal,standard,True
SYN-CONT-000852,00000000-0000-0000-0000-0000000003f1,40GP,17.0,inbound,00000000-0000-0000-0000-00000000012f,normal,standard,True
SYN-CONT-000853,00000000-0000-0000-0000-0000000003f1,40HC,23.5,inbound,00000000-0000-0000-0000-00000000012f,normal,reefer,True
SYN-CONT-000854,00000000-0000-0000-0000-0000000003f1,40RF,22.6,inbound,00000000-0000-0000-0000-00000000012d,normal,reefer,True
SYN-CONT-000855,00000000-0000-0000-0000-0000000003f1,20GP,23.7,inbound,00000000-0000-0000-0000-00000000012c,normal,standard,True
SYN-CONT-000856,00000000-0000-0000-0000-0000000003f1,40GP,17.4,inbound,00000000-0000-0000-0000-000000000130,normal,standard,True
SYN-CONT-000857,00000000-0000-0000-0000-0000000003f1,40RF,26.1,inbound,00000000-0000-0000-0000-000000000131,normal,reefer,True
SYN-CONT-000858,00000000-0000-0000-0000-0000000003f1,40RF,12.1,inbound,00000000-0000-0000-0000-00000000012f,normal,reefer,True
SYN-CONT-000859,00000000-0000-0000-0000-0000000003f1,40HC,8.6,inbound,00000000-0000-0000-0000-000000000131,normal,hazardous,True
SYN-CONT-000860,00000000-0000-0000-0000-0000000003f1,40GP,28.7,inbound,00000000-0000-0000-0000-00000000012c,normal,reefer,True
SYN-CONT-000861,00000000-0000-0000-0000-0000000003f1,40RF,17.9,inbound,00000000-0000-0000-0000-00000000012c,normal,reefer,True
SYN-CONT-000862,00000000-0000-0000-0000-0000000003f1,40HC,8.3,inbound,00000000-0000-0000-0000-000000000131,normal,standard,True
SYN-CONT-000863,00000000-0000-0000-0000-0000000003f1,40GP,19.7,inbound,00000000-0000-0000-0000-000000000131,normal,standard,True
SYN-CONT-000864,00000000-0000-0000-0000-0000000003f1,20GP,22.9,inbound,00000000-0000-0000-0000-00000000012d,normal,reefer,True
SYN-CONT-000865,00000000-0000-0000-0000-0000000003f1,40RF,15.8,inbound,00000000-0000-0000-0000-000000000131,normal,reefer,True
SYN-CONT-000866,00000000-0000-0000-0000-0000000003f1,40RF,11.3,inbound,00000000-0000-0000-0000-000000000130,normal,reefer,True
SYN-CONT-000867,00000000-0000-0000-0000-0000000003f1,20GP,22.5,inbound,00000000-0000-0000-0000-00000000012d,normal,standard,True
SYN-CONT-000868,00000000-0000-0000-0000-0000000003f1,40RF,27.2,inbound,00000000-0000-0000-0000-00000000012d,normal,reefer,True
SYN-CONT-000869,00000000-0000-0000-0000-0000000003f1,20GP,15.2,inbound,00000000-0000-0000-0000-00000000012e,normal,reefer,True
SYN-CONT-000870,00000000-0000-0000-0000-0000000003f1,40HC,19.4,inbound,00000000-0000-0000-0000-000000000130,normal,standard,True
SYN-CONT-000871,00000000-0000-0000-0000-0000000003f1,40RF,17.1,inbound,00000000-0000-0000-0000-00000000012d,normal,reefer,True
SYN-CONT-000872,00000000-0000-0000-0000-0000000003f1,20GP,18.0,inbound,00000000-0000-0000-0000-000000000130,normal,reefer,True
SYN-CONT-000873,00000000-0000-0000-0000-0000000003f1,40RF,10.0,inbound,00000000-0000-0000-0000-00000000012f,normal,reefer,True
SYN-CONT-000874,00000000-0000-0000-0000-0000000003f1,40RF,15.1,inbound,00000000-0000-0000-0000-00000000012f,normal,reefer,True
SYN-CONT-000875,00000000-0000-0000-0000-0000000003f1,20GP,17.1,inbound,00000000-0000-0000-0000-00000000012c,normal,standard,True
SYN-CONT-000876,00000000-0000-0000-0000-0000000003f1,20GP,25.8,inbound,00000000-0000-0000-0000-000000000130,normal,standard,True
SYN-CONT-000877,00000000-0000-0000-0000-0000000003f1,40HC,20.7,inbound,00000000-0000-0000-0000-000000000131,normal,hazardous,True
SYN-CONT-000878,00000000-0000-0000-0000-0000000003f1,40RF,29.4,inbound,00000000-0000-0000-0000-00000000012e,normal,reefer,True
SYN-CONT-000879,00000000-0000-0000-0000-0000000003f1,20GP,27.0,inbound,00000000-0000-0000-0000-00000000012e,normal,standard,True
SYN-CONT-000880,00000000-0000-0000-0000-0000000003f1,40RF,24.1,inbound,00000000-0000-0000-0000-00000000012e,normal,reefer,True
SYN-CONT-000881,00000000-0000-0000-0000-0000000003f1,40RF,10.6,inbound,00000000-0000-0000-0000-000000000131,normal,reefer,True
SYN-CONT-000882,00000000-0000-0000-0000-0000000003f1,40GP,15.7,inbound,00000000-0000-0000-0000-000000000131,normal,standard,True
SYN-CONT-000883,00000000-0000-0000-0000-0000000003f1,40HC,19.7,inbound,00000000-0000-0000-0000-000000000131,normal,hazardous,True
SYN-CONT-000884,00000000-0000-0000-0000-0000000003f1,20GP,28.2,inbound,00000000-0000-0000-0000-00000000012f,normal,standard,True
SYN-CONT-000885,00000000-0000-0000-0000-0000000003f1,40GP,10.4,inbound,00000000-0000-0000-0000-000000000130,normal,reefer,True
SYN-CONT-000886,00000000-0000-0000-0000-0000000003f1,40GP,10.7,inbound,00000000-0000-0000-0000-00000000012f,normal,standard,True
SYN-CONT-000887,00000000-0000-0000-0000-0000000003f1,40GP,26.6,inbound,00000000-0000-0000-0000-00000000012d,normal,reefer,True
SYN-CONT-000888,00000000-0000-0000-0000-0000000003f1,40HC,25.0,inbound,00000000-0000-0000-0000-00000000012c,normal,standard,True
SYN-CONT-000889,00000000-0000-0000-0000-0000000003f1,20GP,18.3,inbound,00000000-0000-0000-0000-000000000130,normal,reefer,True
SYN-CONT-000890,00000000-0000-0000-0000-0000000003f1,40GP,8.1,inbound,00000000-0000-0000-0000-000000000131,normal,reefer,True
SYN-CONT-000891,00000000-0000-0000-0000-0000000003f1,20GP,29.0,inbound,00000000-0000-0000-0000-000000000130,normal,hazardous,True
SYN-CONT-000892,00000000-0000-0000-0000-0000000003f1,40RF,28.8,inbound,00000000-0000-0000-0000-00000000012d,normal,reefer,True
SYN-CONT-000893,00000000-0000-0000-0000-0000000003f1,40GP,10.3,inbound,00000000-0000-0000-0000-000000000131,normal,standard,True
SYN-CONT-000894,00000000-0000-0000-0000-0000000003f1,40HC,27.8,inbound,00000000-0000-0000-0000-00000000012f,normal,hazardous,True
SYN-CONT-000895,00000000-0000-0000-0000-0000000003f1,40GP,17.0,inbound,00000000-0000-0000-0000-00000000012e,normal,standard,True
SYN-CONT-000896,00000000-0000-0000-0000-0000000003f1,40HC,26.1,inbound,00000000-0000-0000-0000-00000000012d,normal,reefer,True
SYN-CONT-000897,00000000-0000-0000-0000-0000000003f1,40RF,21.6,inbound,00000000-0000-0000-0000-000000000131,normal,reefer,True
SYN-CONT-000898,00000000-0000-0000-0000-0000000003f1,40HC,27.4,inbound,00000000-0000-0000-0000-000000000131,normal,hazardous,True
SYN-CONT-000899,00000000-0000-0000-0000-0000000003f1,40GP,12.7,inbound,00000000-0000-0000-0000-000000000131,normal,standard,True
SYN-CONT-000900,00000000-0000-0000-0000-0000000003f1,40HC,28.7,inbound,00000000-0000-0000-0000-00000000012d,normal,standard,True
SYN-CONT-000901,00000000-0000-0000-0000-0000000003f1,40GP,20.2,inbound,00000000-0000-0000-0000-000000000131,normal,hazardous,True
SYN-CONT-000902,00000000-0000-0000-0000-0000000003f1,40HC,25.1,inbound,00000000-0000-0000-0000-000000000130,normal,standard,True
SYN-CONT-000903,00000000-0000-0000-0000-0000000003f1,40RF,21.1,inbound,00000000-0000-0000-0000-000000000131,normal,reefer,True
SYN-CONT-000904,00000000-0000-0000-0000-0000000003f1,40RF,23.2,inbound,00000000-0000-0000-0000-000000000130,normal,reefer,True
SYN-CONT-000905,00000000-0000-0000-0000-0000000003f1,40HC,26.2,inbound,00000000-0000-0000-0000-000000000130,normal,reefer,True
SYN-CONT-000906,00000000-0000-0000-0000-0000000003f1,20GP,16.6,inbound,00000000-0000-0000-0000-00000000012c,normal,standard,True
SYN-CONT-000907,00000000-0000-0000-0000-0000000003f1,20GP,14.0,inbound,00000000-0000-0000-0000-00000000012d,normal,standard,True
SYN-CONT-000908,00000000-0000-0000-0000-0000000003f1,40HC,11.3,inbound,00000000-0000-0000-0000-00000000012c,normal,standard,True
SYN-CONT-000909,00000000-0000-0000-0000-0000000003f1,40HC,25.0,inbound,00000000-0000-0000-0000-00000000012c,normal,standard,True
SYN-CONT-000910,00000000-0000-0000-0000-0000000003f1,40HC,10.3,inbound,00000000-0000-0000-0000-000000000131,normal,reefer,True
SYN-CONT-000911,00000000-0000-0000-0000-0000000003f1,40GP,16.7,inbound,00000000-0000-0000-0000-000000000130,normal,hazardous,True
SYN-CONT-000912,00000000-0000-0000-0000-0000000003f1,40HC,28.8,inbound,00000000-0000-0000-0000-00000000012f,normal,standard,True
SYN-CONT-000913,00000000-0000-0000-0000-0000000003f1,40RF,29.5,inbound,00000000-0000-0000-0000-000000000131,normal,reefer,True
SYN-CONT-000914,00000000-0000-0000-0000-0000000003f1,40HC,9.2,inbound,00000000-0000-0000-0000-000000000131,normal,hazardous,True
SYN-CONT-000915,00000000-0000-0000-0000-0000000003f1,40HC,22.0,inbound,00000000-0000-0000-0000-00000000012f,normal,standard,True
SYN-CONT-000916,00000000-0000-0000-0000-0000000003f1,40GP,25.0,inbound,00000000-0000-0000-0000-000000000130,normal,standard,True
SYN-CONT-000917,00000000-0000-0000-0000-0000000003f1,40GP,14.6,inbound,00000000-0000-0000-0000-00000000012d,normal,standard,True
SYN-CONT-000918,00000000-0000-0000-0000-0000000003f1,20GP,29.7,inbound,00000000-0000-0000-0000-000000000131,normal,standard,True
SYN-CONT-000919,00000000-0000-0000-0000-0000000003f1,20GP,8.9,inbound,00000000-0000-0000-0000-00000000012e,normal,reefer,True
SYN-CONT-000920,00000000-0000-0000-0000-0000000003f1,40HC,11.6,inbound,00000000-0000-0000-0000-00000000012e,normal,standard,True
SYN-CONT-000921,00000000-0000-0000-0000-0000000003f2,20GP,18.5,inbound,00000000-0000-0000-0000-00000000012d,high,standard,True
SYN-CONT-000922,00000000-0000-0000-0000-0000000003f2,20GP,28.9,inbound,00000000-0000-0000-0000-000000000130,high,standard,True
SYN-CONT-000923,00000000-0000-0000-0000-0000000003f2,20GP,27.0,inbound,00000000-0000-0000-0000-00000000012e,high,hazardous,True
SYN-CONT-000924,00000000-0000-0000-0000-0000000003f2,40RF,25.8,inbound,00000000-0000-0000-0000-000000000130,high,reefer,True
SYN-CONT-000925,00000000-0000-0000-0000-0000000003f2,40HC,25.6,inbound,00000000-0000-0000-0000-00000000012e,high,standard,True
SYN-CONT-000926,00000000-0000-0000-0000-0000000003f2,40GP,19.7,inbound,00000000-0000-0000-0000-000000000130,high,standard,True
SYN-CONT-000927,00000000-0000-0000-0000-0000000003f2,40GP,20.2,inbound,00000000-0000-0000-0000-00000000012f,high,reefer,True
SYN-CONT-000928,00000000-0000-0000-0000-0000000003f2,20GP,13.0,inbound,00000000-0000-0000-0000-00000000012d,high,standard,True
SYN-CONT-000929,00000000-0000-0000-0000-0000000003f2,40HC,16.1,inbound,00000000-0000-0000-0000-00000000012d,high,standard,True
SYN-CONT-000930,00000000-0000-0000-0000-0000000003f2,40RF,30.4,inbound,00000000-0000-0000-0000-000000000131,high,reefer,True
SYN-CONT-000931,00000000-0000-0000-0000-0000000003f2,20GP,23.1,inbound,00000000-0000-0000-0000-00000000012f,high,standard,True
SYN-CONT-000932,00000000-0000-0000-0000-0000000003f2,40GP,28.7,inbound,00000000-0000-0000-0000-00000000012d,high,hazardous,True
SYN-CONT-000933,00000000-0000-0000-0000-0000000003f2,20GP,16.6,inbound,00000000-0000-0000-0000-00000000012c,high,standard,True
SYN-CONT-000934,00000000-0000-0000-0000-0000000003f2,40RF,13.8,inbound,00000000-0000-0000-0000-000000000131,high,reefer,True
SYN-CONT-000935,00000000-0000-0000-0000-0000000003f2,40HC,28.5,inbound,00000000-0000-0000-0000-00000000012e,high,standard,True
SYN-CONT-000936,00000000-0000-0000-0000-0000000003f2,40RF,19.0,inbound,00000000-0000-0000-0000-00000000012e,high,reefer,True
SYN-CONT-000937,00000000-0000-0000-0000-0000000003f2,40GP,19.6,inbound,00000000-0000-0000-0000-00000000012c,high,standard,True
SYN-CONT-000938,00000000-0000-0000-0000-0000000003f2,40GP,20.0,inbound,00000000-0000-0000-0000-000000000131,high,hazardous,True
SYN-CONT-000939,00000000-0000-0000-0000-0000000003f2,20GP,23.1,inbound,00000000-0000-0000-0000-00000000012d,high,standard,True
SYN-CONT-000940,00000000-0000-0000-0000-0000000003f2,40RF,26.8,inbound,00000000-0000-0000-0000-00000000012d,high,reefer,True
SYN-CONT-000941,00000000-0000-0000-0000-0000000003f2,40RF,22.5,inbound,00000000-0000-0000-0000-00000000012c,high,reefer,True
SYN-CONT-000942,00000000-0000-0000-0000-0000000003f2,40GP,18.3,inbound,00000000-0000-0000-0000-00000000012e,high,standard,True
SYN-CONT-000943,00000000-0000-0000-0000-0000000003f2,20GP,9.6,inbound,00000000-0000-0000-0000-00000000012d,high,standard,True
SYN-CONT-000944,00000000-0000-0000-0000-0000000003f2,40HC,9.6,inbound,00000000-0000-0000-0000-00000000012d,high,hazardous,True
SYN-CONT-000945,00000000-0000-0000-0000-0000000003f2,40HC,16.7,inbound,00000000-0000-0000-0000-000000000131,high,reefer,True
SYN-CONT-000946,00000000-0000-0000-0000-0000000003f2,40RF,17.7,inbound,00000000-0000-0000-0000-00000000012c,high,reefer,True
SYN-CONT-000947,00000000-0000-0000-0000-0000000003f2,40RF,23.1,inbound,00000000-0000-0000-0000-000000000130,high,reefer,True
SYN-CONT-000948,00000000-0000-0000-0000-0000000003f2,20GP,9.4,inbound,00000000-0000-0000-0000-000000000131,high,hazardous,True
SYN-CONT-000949,00000000-0000-0000-0000-0000000003f2,20GP,16.0,inbound,00000000-0000-0000-0000-000000000130,high,standard,True
SYN-CONT-000950,00000000-0000-0000-0000-0000000003f2,20GP,25.7,inbound,00000000-0000-0000-0000-00000000012e,high,standard,True
SYN-CONT-000951,00000000-0000-0000-0000-0000000003f2,20GP,25.2,inbound,00000000-0000-0000-0000-00000000012f,high,standard,True
SYN-CONT-000952,00000000-0000-0000-0000-0000000003f2,40RF,16.9,inbound,00000000-0000-0000-0000-000000000131,high,reefer,True
SYN-CONT-000953,00000000-0000-0000-0000-0000000003f2,20GP,11.5,inbound,00000000-0000-0000-0000-00000000012d,high,reefer,True
SYN-CONT-000954,00000000-0000-0000-0000-0000000003f2,40GP,25.9,inbound,00000000-0000-0000-0000-000000000130,high,reefer,True
SYN-CONT-000955,00000000-0000-0000-0000-0000000003f2,40HC,14.7,inbound,00000000-0000-0000-0000-000000000131,high,standard,True
SYN-CONT-000956,00000000-0000-0000-0000-0000000003f2,40HC,20.5,inbound,00000000-0000-0000-0000-000000000130,high,standard,True
SYN-CONT-000957,00000000-0000-0000-0000-0000000003f2,40GP,8.9,inbound,00000000-0000-0000-0000-000000000130,high,standard,True
SYN-CONT-000958,00000000-0000-0000-0000-0000000003f2,40RF,20.1,inbound,00000000-0000-0000-0000-00000000012c,high,reefer,True
SYN-CONT-000959,00000000-0000-0000-0000-0000000003f2,40HC,24.8,inbound,00000000-0000-0000-0000-000000000131,high,standard,True
SYN-CONT-000960,00000000-0000-0000-0000-0000000003f2,40HC,17.3,inbound,00000000-0000-0000-0000-000000000131,high,standard,True
SYN-CONT-000961,00000000-0000-0000-0000-0000000003f2,40GP,12.1,inbound,00000000-0000-0000-0000-000000000130,high,standard,True
SYN-CONT-000962,00000000-0000-0000-0000-0000000003f2,40HC,10.6,inbound,00000000-0000-0000-0000-000000000131,high,standard,True
SYN-CONT-000963,00000000-0000-0000-0000-0000000003f2,20GP,18.4,inbound,00000000-0000-0000-0000-000000000130,high,hazardous,True
SYN-CONT-000964,00000000-0000-0000-0000-0000000003f2,20GP,23.1,inbound,00000000-0000-0000-0000-00000000012e,high,standard,True
SYN-CONT-000965,00000000-0000-0000-0000-0000000003f2,20GP,24.3,inbound,00000000-0000-0000-0000-00000000012f,high,standard,True
SYN-CONT-000966,00000000-0000-0000-0000-0000000003f2,40HC,10.9,inbound,00000000-0000-0000-0000-000000000131,high,standard,True
SYN-CONT-000967,00000000-0000-0000-0000-0000000003f2,40GP,14.4,inbound,00000000-0000-0000-0000-00000000012c,high,standard,True
SYN-CONT-000968,00000000-0000-0000-0000-0000000003f2,40GP,18.9,inbound,00000000-0000-0000-0000-00000000012e,high,standard,True
SYN-CONT-000969,00000000-0000-0000-0000-0000000003f2,40HC,11.4,inbound,00000000-0000-0000-0000-000000000130,high,hazardous,True
SYN-CONT-000970,00000000-0000-0000-0000-0000000003f2,40HC,29.6,inbound,00000000-0000-0000-0000-00000000012d,high,standard,True
SYN-CONT-000971,00000000-0000-0000-0000-0000000003f2,20GP,13.5,inbound,00000000-0000-0000-0000-00000000012d,high,standard,True
SYN-CONT-000972,00000000-0000-0000-0000-0000000003f2,40RF,14.2,inbound,00000000-0000-0000-0000-00000000012e,high,reefer,True
SYN-CONT-000973,00000000-0000-0000-0000-0000000003f2,40GP,27.8,inbound,00000000-0000-0000-0000-00000000012f,high,standard,True
SYN-CONT-000974,00000000-0000-0000-0000-0000000003f2,40RF,16.1,inbound,00000000-0000-0000-0000-00000000012e,high,reefer,True
SYN-CONT-000975,00000000-0000-0000-0000-0000000003f2,40RF,20.4,inbound,00000000-0000-0000-0000-00000000012d,high,reefer,True
SYN-CONT-000976,00000000-0000-0000-0000-0000000003f2,20GP,27.3,inbound,00000000-0000-0000-0000-00000000012d,high,standard,True
SYN-CONT-000977,00000000-0000-0000-0000-0000000003f2,40GP,24.5,inbound,00000000-0000-0000-0000-000000000131,high,standard,True
SYN-CONT-000978,00000000-0000-0000-0000-0000000003f2,20GP,28.1,inbound,00000000-0000-0000-0000-000000000130,high,standard,True
SYN-CONT-000979,00000000-0000-0000-0000-0000000003f2,20GP,21.0,inbound,00000000-0000-0000-0000-000000000130,high,hazardous,True
SYN-CONT-000980,00000000-0000-0000-0000-0000000003f2,40GP,20.4,inbound,00000000-0000-0000-0000-000000000130,high,standard,True
SYN-CONT-000981,00000000-0000-0000-0000-0000000003f2,40RF,22.7,inbound,00000000-0000-0000-0000-00000000012d,high,reefer,True
SYN-CONT-000982,00000000-0000-0000-0000-0000000003f2,40HC,13.0,inbound,00000000-0000-0000-0000-000000000130,high,reefer,True
SYN-CONT-000983,00000000-0000-0000-0000-0000000003f2,40HC,18.5,inbound,00000000-0000-0000-0000-000000000130,high,standard,True
SYN-CONT-000984,00000000-0000-0000-0000-0000000003f2,20GP,16.2,inbound,00000000-0000-0000-0000-00000000012c,high,reefer,True
SYN-CONT-000985,00000000-0000-0000-0000-0000000003f2,40GP,23.4,inbound,00000000-0000-0000-0000-000000000130,high,hazardous,True
SYN-CONT-000986,00000000-0000-0000-0000-0000000003f2,40GP,11.6,inbound,00000000-0000-0000-0000-000000000130,high,reefer,True
SYN-CONT-000987,00000000-0000-0000-0000-0000000003f2,40GP,29.1,inbound,00000000-0000-0000-0000-00000000012c,high,reefer,True
SYN-CONT-000988,00000000-0000-0000-0000-0000000003f2,40GP,13.2,inbound,00000000-0000-0000-0000-00000000012e,high,reefer,True
SYN-CONT-000989,00000000-0000-0000-0000-0000000003f2,40HC,9.0,inbound,00000000-0000-0000-0000-00000000012d,high,standard,True
SYN-CONT-000990,00000000-0000-0000-0000-0000000003f2,40HC,18.6,inbound,00000000-0000-0000-0000-00000000012f,high,reefer,True
SYN-CONT-000991,00000000-0000-0000-0000-0000000003f2,20GP,30.1,inbound,00000000-0000-0000-0000-00000000012e,high,standard,True
SYN-CONT-000992,00000000-0000-0000-0000-0000000003f2,20GP,22.3,inbound,00000000-0000-0000-0000-00000000012e,high,hazardous,True
SYN-CONT-000993,00000000-0000-0000-0000-0000000003f2,40HC,20.2,inbound,00000000-0000-0000-0000-00000000012d,high,hazardous,True
SYN-CONT-000994,00000000-0000-0000-0000-0000000003f2,40RF,22.7,inbound,00000000-0000-0000-0000-00000000012e,high,reefer,True
SYN-CONT-000995,00000000-0000-0000-0000-0000000003f2,20GP,13.7,inbound,00000000-0000-0000-0000-00000000012d,high,hazardous,True
SYN-CONT-000996,00000000-0000-0000-0000-0000000003f2,40RF,15.9,inbound,00000000-0000-0000-0000-00000000012e,high,reefer,True
SYN-CONT-000997,00000000-0000-0000-0000-0000000003f2,40RF,25.8,inbound,00000000-0000-0000-0000-000000000130,high,reefer,True
SYN-CONT-000998,00000000-0000-0000-0000-0000000003f2,20GP,27.8,inbound,00000000-0000-0000-0000-00000000012f,high,hazardous,True
SYN-CONT-000999,00000000-0000-0000-0000-0000000003f2,40GP,9.7,inbound,00000000-0000-0000-0000-000000000131,high,standard,True
SYN-CONT-001000,00000000-0000-0000-0000-0000000003f2,40HC,11.4,inbound,00000000-0000-0000-0000-00000000012d,high,standard,True
SYN-CONT-001001,00000000-0000-0000-0000-0000000003f2,40HC,24.1,inbound,00000000-0000-0000-0000-00000000012c,high,hazardous,True
SYN-CONT-001002,00000000-0000-0000-0000-0000000003f2,40GP,26.3,inbound,00000000-0000-0000-0000-000000000131,high,reefer,True
SYN-CONT-001003,00000000-0000-0000-0000-0000000003f2,20GP,23.2,inbound,00000000-0000-0000-0000-00000000012f,high,reefer,True
SYN-CONT-001004,00000000-0000-0000-0000-0000000003f2,40GP,11.6,inbound,00000000-0000-0000-0000-00000000012f,high,hazardous,True
SYN-CONT-001005,00000000-0000-0000-0000-0000000003f2,20GP,9.0,inbound,00000000-0000-0000-0000-000000000130,high,standard,True
SYN-CONT-001006,00000000-0000-0000-0000-0000000003f2,40GP,22.2,inbound,00000000-0000-0000-0000-00000000012c,high,standard,True
SYN-CONT-001007,00000000-0000-0000-0000-0000000003f2,40GP,11.7,inbound,00000000-0000-0000-0000-00000000012d,high,standard,True
SYN-CONT-001008,00000000-0000-0000-0000-0000000003f2,40RF,21.5,inbound,00000000-0000-0000-0000-000000000130,high,reefer,True
SYN-CONT-001009,00000000-0000-0000-0000-0000000003f2,20GP,29.3,inbound,00000000-0000-0000-0000-00000000012d,high,standard,True
SYN-CONT-001010,00000000-0000-0000-0000-0000000003f2,40RF,21.6,inbound,00000000-0000-0000-0000-00000000012f,high,reefer,True
SYN-CONT-001011,00000000-0000-0000-0000-0000000003f2,40RF,11.8,inbound,00000000-0000-0000-0000-00000000012f,high,reefer,True
SYN-CONT-001012,00000000-0000-0000-0000-0000000003f2,40GP,26.5,inbound,00000000-0000-0000-0000-00000000012d,high,hazardous,True
SYN-CONT-001013,00000000-0000-0000-0000-0000000003f3,40HC,24.3,inbound,00000000-0000-0000-0000-00000000012e,high,standard,True
SYN-CONT-001014,00000000-0000-0000-0000-0000000003f3,40RF,21.4,inbound,00000000-0000-0000-0000-00000000012c,high,reefer,True
SYN-CONT-001015,00000000-0000-0000-0000-0000000003f3,40GP,16.7,inbound,00000000-0000-0000-0000-00000000012c,high,reefer,True
SYN-CONT-001016,00000000-0000-0000-0000-0000000003f3,20GP,19.8,inbound,00000000-0000-0000-0000-000000000130,high,standard,True
SYN-CONT-001017,00000000-0000-0000-0000-0000000003f3,40RF,26.6,inbound,00000000-0000-0000-0000-000000000130,high,reefer,True
SYN-CONT-001018,00000000-0000-0000-0000-0000000003f3,20GP,18.7,inbound,00000000-0000-0000-0000-000000000130,high,standard,True
SYN-CONT-001019,00000000-0000-0000-0000-0000000003f3,20GP,19.3,inbound,00000000-0000-0000-0000-00000000012c,high,hazardous,True
SYN-CONT-001020,00000000-0000-0000-0000-0000000003f3,20GP,22.8,inbound,00000000-0000-0000-0000-000000000130,high,reefer,True
SYN-CONT-001021,00000000-0000-0000-0000-0000000003f3,20GP,19.7,inbound,00000000-0000-0000-0000-00000000012e,high,reefer,True
SYN-CONT-001022,00000000-0000-0000-0000-0000000003f3,20GP,17.7,inbound,00000000-0000-0000-0000-00000000012f,high,hazardous,True
SYN-CONT-001023,00000000-0000-0000-0000-0000000003f3,40RF,15.9,inbound,00000000-0000-0000-0000-000000000131,high,reefer,True
SYN-CONT-001024,00000000-0000-0000-0000-0000000003f3,20GP,11.0,inbound,00000000-0000-0000-0000-00000000012f,high,reefer,True
SYN-CONT-001025,00000000-0000-0000-0000-0000000003f3,40GP,14.4,inbound,00000000-0000-0000-0000-000000000130,high,standard,True
SYN-CONT-001026,00000000-0000-0000-0000-0000000003f3,40RF,13.8,inbound,00000000-0000-0000-0000-00000000012c,high,reefer,True
SYN-CONT-001027,00000000-0000-0000-0000-0000000003f3,20GP,19.8,inbound,00000000-0000-0000-0000-000000000130,high,hazardous,True
SYN-CONT-001028,00000000-0000-0000-0000-0000000003f3,20GP,22.7,inbound,00000000-0000-0000-0000-000000000131,high,reefer,True
SYN-CONT-001029,00000000-0000-0000-0000-0000000003f3,40HC,16.2,inbound,00000000-0000-0000-0000-00000000012d,high,reefer,True
SYN-CONT-001030,00000000-0000-0000-0000-0000000003f3,40RF,22.7,inbound,00000000-0000-0000-0000-00000000012e,high,reefer,True
SYN-CONT-001031,00000000-0000-0000-0000-0000000003f3,40HC,17.5,inbound,00000000-0000-0000-0000-00000000012e,high,hazardous,True
SYN-CONT-001032,00000000-0000-0000-0000-0000000003f3,40HC,25.0,inbound,00000000-0000-0000-0000-00000000012f,high,reefer,True
SYN-CONT-001033,00000000-0000-0000-0000-0000000003f3,40RF,12.0,inbound,00000000-0000-0000-0000-000000000130,high,reefer,True
SYN-CONT-001034,00000000-0000-0000-0000-0000000003f3,40RF,13.7,inbound,00000000-0000-0000-0000-00000000012e,high,reefer,True
SYN-CONT-001035,00000000-0000-0000-0000-0000000003f3,40HC,24.6,inbound,00000000-0000-0000-0000-000000000131,high,reefer,True
SYN-CONT-001036,00000000-0000-0000-0000-0000000003f3,20GP,18.0,inbound,00000000-0000-0000-0000-000000000131,high,standard,True
SYN-CONT-001037,00000000-0000-0000-0000-0000000003f3,40GP,12.8,inbound,00000000-0000-0000-0000-00000000012f,high,standard,True
SYN-CONT-001038,00000000-0000-0000-0000-0000000003f3,40HC,21.8,inbound,00000000-0000-0000-0000-000000000131,high,hazardous,True
SYN-CONT-001039,00000000-0000-0000-0000-0000000003f3,20GP,16.8,inbound,00000000-0000-0000-0000-000000000131,high,standard,True
SYN-CONT-001040,00000000-0000-0000-0000-0000000003f3,20GP,26.5,inbound,00000000-0000-0000-0000-00000000012f,high,standard,True
SYN-CONT-001041,00000000-0000-0000-0000-0000000003f3,40RF,10.0,inbound,00000000-0000-0000-0000-00000000012e,high,reefer,True
SYN-CONT-001042,00000000-0000-0000-0000-0000000003f3,40GP,9.8,inbound,00000000-0000-0000-0000-00000000012c,high,standard,True
SYN-CONT-001043,00000000-0000-0000-0000-0000000003f3,40RF,28.9,inbound,00000000-0000-0000-0000-00000000012f,high,reefer,True
SYN-CONT-001044,00000000-0000-0000-0000-0000000003f3,40HC,9.3,inbound,00000000-0000-0000-0000-00000000012d,high,hazardous,True
SYN-CONT-001045,00000000-0000-0000-0000-0000000003f3,40RF,17.9,inbound,00000000-0000-0000-0000-00000000012d,high,reefer,True
SYN-CONT-001046,00000000-0000-0000-0000-0000000003f3,40HC,8.8,inbound,00000000-0000-0000-0000-000000000130,high,standard,True
SYN-CONT-001047,00000000-0000-0000-0000-0000000003f3,40GP,11.8,inbound,00000000-0000-0000-0000-00000000012c,high,hazardous,True
SYN-CONT-001048,00000000-0000-0000-0000-0000000003f3,40HC,22.7,inbound,00000000-0000-0000-0000-00000000012d,high,standard,True
SYN-CONT-001049,00000000-0000-0000-0000-0000000003f3,20GP,25.5,inbound,00000000-0000-0000-0000-00000000012e,high,standard,True
SYN-CONT-001050,00000000-0000-0000-0000-0000000003f3,40RF,17.1,inbound,00000000-0000-0000-0000-00000000012d,high,reefer,True
SYN-CONT-001051,00000000-0000-0000-0000-0000000003f3,20GP,28.7,inbound,00000000-0000-0000-0000-000000000130,high,standard,True
SYN-CONT-001052,00000000-0000-0000-0000-0000000003f3,40HC,28.6,inbound,00000000-0000-0000-0000-00000000012e,high,hazardous,True
SYN-CONT-001053,00000000-0000-0000-0000-0000000003f3,40HC,13.1,inbound,00000000-0000-0000-0000-00000000012d,high,standard,True
SYN-CONT-001054,00000000-0000-0000-0000-0000000003f3,40RF,28.9,inbound,00000000-0000-0000-0000-000000000130,high,reefer,True
SYN-CONT-001055,00000000-0000-0000-0000-0000000003f3,20GP,11.9,inbound,00000000-0000-0000-0000-000000000130,high,standard,True
SYN-CONT-001056,00000000-0000-0000-0000-0000000003f3,20GP,9.6,inbound,00000000-0000-0000-0000-00000000012e,high,hazardous,True
SYN-CONT-001057,00000000-0000-0000-0000-0000000003f3,40HC,26.1,inbound,00000000-0000-0000-0000-00000000012e,high,standard,True
SYN-CONT-001058,00000000-0000-0000-0000-0000000003f3,40HC,29.7,inbound,00000000-0000-0000-0000-000000000130,high,reefer,True
SYN-CONT-001059,00000000-0000-0000-0000-0000000003f3,40RF,25.3,inbound,00000000-0000-0000-0000-00000000012e,high,reefer,True
SYN-CONT-001060,00000000-0000-0000-0000-0000000003f3,40RF,23.3,inbound,00000000-0000-0000-0000-000000000130,high,reefer,True
SYN-CONT-001061,00000000-0000-0000-0000-0000000003f3,20GP,10.6,inbound,00000000-0000-0000-0000-00000000012c,high,reefer,True
SYN-CONT-001062,00000000-0000-0000-0000-0000000003f3,40RF,22.3,inbound,00000000-0000-0000-0000-00000000012d,high,reefer,True
SYN-CONT-001063,00000000-0000-0000-0000-0000000003f3,40GP,17.3,inbound,00000000-0000-0000-0000-00000000012e,high,standard,True
SYN-CONT-001064,00000000-0000-0000-0000-0000000003f3,20GP,13.6,inbound,00000000-0000-0000-0000-00000000012c,high,standard,True
SYN-CONT-001065,00000000-0000-0000-0000-0000000003f3,40RF,23.2,inbound,00000000-0000-0000-0000-00000000012e,high,reefer,True
SYN-CONT-001066,00000000-0000-0000-0000-0000000003f3,20GP,29.0,inbound,00000000-0000-0000-0000-00000000012f,high,hazardous,True
SYN-CONT-001067,00000000-0000-0000-0000-0000000003f3,40HC,12.9,inbound,00000000-0000-0000-0000-000000000130,high,standard,True
SYN-CONT-001068,00000000-0000-0000-0000-0000000003f3,40HC,29.3,inbound,00000000-0000-0000-0000-000000000131,high,standard,True
SYN-CONT-001069,00000000-0000-0000-0000-0000000003f3,40GP,24.6,inbound,00000000-0000-0000-0000-00000000012d,high,reefer,True
SYN-CONT-001070,00000000-0000-0000-0000-0000000003f3,40GP,12.7,inbound,00000000-0000-0000-0000-00000000012d,high,standard,True
SYN-CONT-001071,00000000-0000-0000-0000-0000000003f3,40GP,16.0,inbound,00000000-0000-0000-0000-00000000012c,high,hazardous,True
SYN-CONT-001072,00000000-0000-0000-0000-0000000003f3,20GP,23.2,inbound,00000000-0000-0000-0000-000000000131,high,standard,True
SYN-CONT-001073,00000000-0000-0000-0000-0000000003f3,40RF,21.8,inbound,00000000-0000-0000-0000-000000000130,high,reefer,True
SYN-CONT-001074,00000000-0000-0000-0000-0000000003f3,20GP,16.4,inbound,00000000-0000-0000-0000-00000000012e,high,reefer,True
SYN-CONT-001075,00000000-0000-0000-0000-0000000003f3,40RF,28.2,inbound,00000000-0000-0000-0000-000000000130,high,reefer,True
SYN-CONT-001076,00000000-0000-0000-0000-0000000003f3,40HC,12.1,inbound,00000000-0000-0000-0000-000000000130,high,reefer,True
SYN-CONT-001077,00000000-0000-0000-0000-0000000003f3,40HC,13.0,inbound,00000000-0000-0000-0000-000000000130,high,reefer,True
SYN-CONT-001078,00000000-0000-0000-0000-0000000003f3,40GP,19.8,inbound,00000000-0000-0000-0000-00000000012f,high,standard,True
SYN-CONT-001079,00000000-0000-0000-0000-0000000003f3,40RF,29.1,inbound,00000000-0000-0000-0000-00000000012c,high,reefer,True
SYN-CONT-001080,00000000-0000-0000-0000-0000000003f3,40HC,27.4,inbound,00000000-0000-0000-0000-00000000012d,high,reefer,True
SYN-CONT-001081,00000000-0000-0000-0000-0000000003f3,40RF,30.0,inbound,00000000-0000-0000-0000-000000000131,high,reefer,True
SYN-CONT-001082,00000000-0000-0000-0000-0000000003f3,40RF,15.1,inbound,00000000-0000-0000-0000-00000000012c,high,reefer,True
SYN-CONT-001083,00000000-0000-0000-0000-0000000003f3,20GP,16.5,inbound,00000000-0000-0000-0000-00000000012c,high,standard,True
SYN-CONT-001084,00000000-0000-0000-0000-0000000003f3,40HC,21.8,inbound,00000000-0000-0000-0000-00000000012e,high,standard,True
SYN-CONT-001085,00000000-0000-0000-0000-0000000003f3,40GP,13.9,inbound,00000000-0000-0000-0000-00000000012e,high,hazardous,True
SYN-CONT-001086,00000000-0000-0000-0000-0000000003f3,40RF,29.6,inbound,00000000-0000-0000-0000-00000000012e,high,reefer,True
SYN-CONT-001087,00000000-0000-0000-0000-0000000003f3,40HC,19.2,inbound,00000000-0000-0000-0000-00000000012d,high,standard,True
SYN-CONT-001088,00000000-0000-0000-0000-0000000003f3,40RF,23.8,inbound,00000000-0000-0000-0000-00000000012e,high,reefer,True
SYN-CONT-001089,00000000-0000-0000-0000-0000000003f3,40HC,14.3,inbound,00000000-0000-0000-0000-00000000012d,high,reefer,True
SYN-CONT-001090,00000000-0000-0000-0000-0000000003f3,40GP,23.4,inbound,00000000-0000-0000-0000-00000000012c,high,hazardous,True
SYN-CONT-001091,00000000-0000-0000-0000-0000000003f3,40HC,20.5,inbound,00000000-0000-0000-0000-00000000012f,high,standard,True
SYN-CONT-001092,00000000-0000-0000-0000-0000000003f3,40GP,26.0,inbound,00000000-0000-0000-0000-000000000131,high,standard,True
SYN-CONT-001093,00000000-0000-0000-0000-0000000003f3,40GP,26.1,inbound,00000000-0000-0000-0000-00000000012d,high,reefer,True
SYN-CONT-001094,00000000-0000-0000-0000-0000000003f3,40RF,19.2,inbound,00000000-0000-0000-0000-000000000131,high,reefer,True
SYN-CONT-001095,00000000-0000-0000-0000-0000000003f3,40HC,14.8,inbound,00000000-0000-0000-0000-000000000130,high,reefer,True
SYN-CONT-001096,00000000-0000-0000-0000-0000000003f3,20GP,10.2,inbound,00000000-0000-0000-0000-00000000012d,high,reefer,True
SYN-CONT-001097,00000000-0000-0000-0000-0000000003f3,20GP,26.3,inbound,00000000-0000-0000-0000-00000000012f,high,standard,True
SYN-CONT-001098,00000000-0000-0000-0000-0000000003f3,20GP,24.8,inbound,00000000-0000-0000-0000-00000000012e,high,reefer,True
SYN-CONT-001099,00000000-0000-0000-0000-0000000003f3,40HC,20.6,inbound,00000000-0000-0000-0000-00000000012e,high,standard,True
SYN-CONT-001100,00000000-0000-0000-0000-0000000003f3,40HC,17.3,inbound,00000000-0000-0000-0000-00000000012e,high,standard,True
SYN-CONT-001101,00000000-0000-0000-0000-0000000003f3,40GP,21.0,inbound,00000000-0000-0000-0000-000000000131,high,hazardous,True
SYN-CONT-001102,00000000-0000-0000-0000-0000000003f3,40GP,16.0,inbound,00000000-0000-0000-0000-000000000131,high,standard,True
SYN-CONT-001103,00000000-0000-0000-0000-0000000003f3,40RF,25.4,inbound,00000000-0000-0000-0000-00000000012f,high,reefer,True
SYN-CONT-001104,00000000-0000-0000-0000-0000000003f3,20GP,21.8,inbound,00000000-0000-0000-0000-00000000012f,high,reefer,True
SYN-CONT-001105,00000000-0000-0000-0000-0000000003f4,40GP,22.4,inbound,00000000-0000-0000-0000-00000000012e,normal,standard,True
SYN-CONT-001106,00000000-0000-0000-0000-0000000003f4,40RF,22.2,inbound,00000000-0000-0000-0000-000000000130,normal,reefer,True
SYN-CONT-001107,00000000-0000-0000-0000-0000000003f4,40RF,27.1,inbound,00000000-0000-0000-0000-00000000012c,normal,reefer,True
SYN-CONT-001108,00000000-0000-0000-0000-0000000003f4,20GP,15.7,inbound,00000000-0000-0000-0000-00000000012e,normal,standard,True
SYN-CONT-001109,00000000-0000-0000-0000-0000000003f4,40HC,24.0,inbound,00000000-0000-0000-0000-000000000130,normal,standard,True
SYN-CONT-001110,00000000-0000-0000-0000-0000000003f4,40RF,14.1,inbound,00000000-0000-0000-0000-00000000012f,normal,reefer,True
SYN-CONT-001111,00000000-0000-0000-0000-0000000003f4,40HC,19.7,inbound,00000000-0000-0000-0000-00000000012f,normal,hazardous,True
SYN-CONT-001112,00000000-0000-0000-0000-0000000003f4,40RF,11.8,inbound,00000000-0000-0000-0000-00000000012c,normal,reefer,True
SYN-CONT-001113,00000000-0000-0000-0000-0000000003f4,40GP,22.9,inbound,00000000-0000-0000-0000-000000000131,normal,standard,True
SYN-CONT-001114,00000000-0000-0000-0000-0000000003f4,20GP,11.8,inbound,00000000-0000-0000-0000-00000000012c,normal,standard,True
SYN-CONT-001115,00000000-0000-0000-0000-0000000003f4,20GP,29.1,inbound,00000000-0000-0000-0000-00000000012f,normal,standard,True
SYN-CONT-001116,00000000-0000-0000-0000-0000000003f4,20GP,25.3,inbound,00000000-0000-0000-0000-000000000130,normal,standard,True
SYN-CONT-001117,00000000-0000-0000-0000-0000000003f4,20GP,13.9,inbound,00000000-0000-0000-0000-00000000012d,normal,standard,True
SYN-CONT-001118,00000000-0000-0000-0000-0000000003f4,20GP,15.0,inbound,00000000-0000-0000-0000-00000000012d,normal,reefer,True
SYN-CONT-001119,00000000-0000-0000-0000-0000000003f4,40HC,22.1,inbound,00000000-0000-0000-0000-00000000012d,normal,reefer,True
SYN-CONT-001120,00000000-0000-0000-0000-0000000003f4,40GP,8.8,inbound,00000000-0000-0000-0000-00000000012e,normal,standard,True
SYN-CONT-001121,00000000-0000-0000-0000-0000000003f4,40HC,18.5,inbound,00000000-0000-0000-0000-000000000130,normal,reefer,True
SYN-CONT-001122,00000000-0000-0000-0000-0000000003f4,40HC,18.0,inbound,00000000-0000-0000-0000-000000000131,normal,hazardous,True
SYN-CONT-001123,00000000-0000-0000-0000-0000000003f4,40GP,21.4,inbound,00000000-0000-0000-0000-000000000131,normal,hazardous,True
SYN-CONT-001124,00000000-0000-0000-0000-0000000003f4,40RF,19.8,inbound,00000000-0000-0000-0000-000000000131,normal,reefer,True
SYN-CONT-001125,00000000-0000-0000-0000-0000000003f4,40HC,18.8,inbound,00000000-0000-0000-0000-00000000012d,normal,standard,True
SYN-CONT-001126,00000000-0000-0000-0000-0000000003f4,20GP,14.9,inbound,00000000-0000-0000-0000-00000000012f,normal,reefer,True
SYN-CONT-001127,00000000-0000-0000-0000-0000000003f4,40HC,14.8,inbound,00000000-0000-0000-0000-00000000012c,normal,standard,True
SYN-CONT-001128,00000000-0000-0000-0000-0000000003f4,40GP,14.5,inbound,00000000-0000-0000-0000-000000000130,normal,standard,True
SYN-CONT-001129,00000000-0000-0000-0000-0000000003f4,20GP,29.3,inbound,00000000-0000-0000-0000-00000000012f,normal,reefer,True
SYN-CONT-001130,00000000-0000-0000-0000-0000000003f4,40HC,25.2,inbound,00000000-0000-0000-0000-00000000012e,normal,standard,True
SYN-CONT-001131,00000000-0000-0000-0000-0000000003f4,40GP,20.3,inbound,00000000-0000-0000-0000-00000000012d,normal,standard,True
SYN-CONT-001132,00000000-0000-0000-0000-0000000003f4,40RF,27.8,inbound,00000000-0000-0000-0000-00000000012f,normal,reefer,True
SYN-CONT-001133,00000000-0000-0000-0000-0000000003f4,40RF,13.6,inbound,00000000-0000-0000-0000-000000000131,normal,reefer,True
SYN-CONT-001134,00000000-0000-0000-0000-0000000003f4,40RF,26.6,inbound,00000000-0000-0000-0000-00000000012d,normal,reefer,True
SYN-CONT-001135,00000000-0000-0000-0000-0000000003f4,40HC,17.5,inbound,00000000-0000-0000-0000-00000000012d,normal,standard,True
SYN-CONT-001136,00000000-0000-0000-0000-0000000003f4,40HC,22.6,inbound,00000000-0000-0000-0000-000000000130,normal,standard,True
SYN-CONT-001137,00000000-0000-0000-0000-0000000003f4,40HC,12.2,inbound,00000000-0000-0000-0000-00000000012c,normal,reefer,True
SYN-CONT-001138,00000000-0000-0000-0000-0000000003f4,40GP,14.5,inbound,00000000-0000-0000-0000-000000000131,normal,standard,True
SYN-CONT-001139,00000000-0000-0000-0000-0000000003f4,40RF,21.9,inbound,00000000-0000-0000-0000-00000000012e,normal,reefer,True
SYN-CONT-001140,00000000-0000-0000-0000-0000000003f4,40RF,12.2,inbound,00000000-0000-0000-0000-00000000012c,normal,reefer,True
SYN-CONT-001141,00000000-0000-0000-0000-0000000003f4,40GP,29.8,inbound,00000000-0000-0000-0000-00000000012c,normal,standard,True
SYN-CONT-001142,00000000-0000-0000-0000-0000000003f4,40GP,14.3,inbound,00000000-0000-0000-0000-00000000012d,normal,standard,True
SYN-CONT-001143,00000000-0000-0000-0000-0000000003f4,40RF,24.4,inbound,00000000-0000-0000-0000-00000000012d,normal,reefer,True
SYN-CONT-001144,00000000-0000-0000-0000-0000000003f4,20GP,8.3,inbound,00000000-0000-0000-0000-00000000012d,normal,standard,True
SYN-CONT-001145,00000000-0000-0000-0000-0000000003f4,40HC,15.0,inbound,00000000-0000-0000-0000-00000000012f,normal,reefer,True
SYN-CONT-001146,00000000-0000-0000-0000-0000000003f4,40HC,23.7,inbound,00000000-0000-0000-0000-00000000012c,normal,reefer,True
SYN-CONT-001147,00000000-0000-0000-0000-0000000003f4,40HC,27.0,inbound,00000000-0000-0000-0000-00000000012d,normal,standard,True
SYN-CONT-001148,00000000-0000-0000-0000-0000000003f4,20GP,25.5,inbound,00000000-0000-0000-0000-00000000012c,normal,standard,True
SYN-CONT-001149,00000000-0000-0000-0000-0000000003f4,40RF,12.1,inbound,00000000-0000-0000-0000-00000000012e,normal,reefer,True
SYN-CONT-001150,00000000-0000-0000-0000-0000000003f4,40RF,26.6,inbound,00000000-0000-0000-0000-00000000012c,normal,reefer,True
SYN-CONT-001151,00000000-0000-0000-0000-0000000003f4,40GP,25.4,inbound,00000000-0000-0000-0000-00000000012f,normal,reefer,True
SYN-CONT-001152,00000000-0000-0000-0000-0000000003f4,40GP,12.5,inbound,00000000-0000-0000-0000-000000000131,normal,standard,True
SYN-CONT-001153,00000000-0000-0000-0000-0000000003f4,20GP,23.0,inbound,00000000-0000-0000-0000-00000000012d,normal,hazardous,True
SYN-CONT-001154,00000000-0000-0000-0000-0000000003f4,40RF,16.8,inbound,00000000-0000-0000-0000-00000000012e,normal,reefer,True
SYN-CONT-001155,00000000-0000-0000-0000-0000000003f4,40HC,22.2,inbound,00000000-0000-0000-0000-00000000012c,normal,standard,True
SYN-CONT-001156,00000000-0000-0000-0000-0000000003f4,20GP,18.8,inbound,00000000-0000-0000-0000-00000000012e,normal,standard,True
SYN-CONT-001157,00000000-0000-0000-0000-0000000003f4,40GP,28.0,inbound,00000000-0000-0000-0000-000000000131,normal,standard,True
SYN-CONT-001158,00000000-0000-0000-0000-0000000003f4,40GP,13.3,inbound,00000000-0000-0000-0000-00000000012f,normal,standard,True
SYN-CONT-001159,00000000-0000-0000-0000-0000000003f4,40HC,11.8,inbound,00000000-0000-0000-0000-00000000012e,normal,standard,True
SYN-CONT-001160,00000000-0000-0000-0000-0000000003f4,20GP,25.8,inbound,00000000-0000-0000-0000-00000000012c,normal,reefer,True
SYN-CONT-001161,00000000-0000-0000-0000-0000000003f4,20GP,25.6,inbound,00000000-0000-0000-0000-00000000012f,normal,hazardous,True
SYN-CONT-001162,00000000-0000-0000-0000-0000000003f4,40GP,25.3,inbound,00000000-0000-0000-0000-00000000012d,normal,standard,True
SYN-CONT-001163,00000000-0000-0000-0000-0000000003f4,40GP,10.1,inbound,00000000-0000-0000-0000-000000000130,normal,reefer,True
SYN-CONT-001164,00000000-0000-0000-0000-0000000003f4,40HC,9.3,inbound,00000000-0000-0000-0000-000000000131,normal,standard,True
SYN-CONT-001165,00000000-0000-0000-0000-0000000003f4,40GP,25.8,inbound,00000000-0000-0000-0000-00000000012d,normal,hazardous,True
SYN-CONT-001166,00000000-0000-0000-0000-0000000003f4,40RF,13.2,inbound,00000000-0000-0000-0000-000000000130,normal,reefer,True
SYN-CONT-001167,00000000-0000-0000-0000-0000000003f4,40HC,24.5,inbound,00000000-0000-0000-0000-00000000012c,normal,reefer,True
SYN-CONT-001168,00000000-0000-0000-0000-0000000003f4,40RF,16.1,inbound,00000000-0000-0000-0000-00000000012d,normal,reefer,True
SYN-CONT-001169,00000000-0000-0000-0000-0000000003f4,40HC,18.9,inbound,00000000-0000-0000-0000-00000000012f,normal,standard,True
SYN-CONT-001170,00000000-0000-0000-0000-0000000003f4,40HC,23.7,inbound,00000000-0000-0000-0000-00000000012d,normal,hazardous,True
SYN-CONT-001171,00000000-0000-0000-0000-0000000003f4,40GP,15.8,inbound,00000000-0000-0000-0000-000000000131,normal,hazardous,True
SYN-CONT-001172,00000000-0000-0000-0000-0000000003f4,40RF,14.2,inbound,00000000-0000-0000-0000-000000000130,normal,reefer,True
SYN-CONT-001173,00000000-0000-0000-0000-0000000003f4,40GP,20.0,inbound,00000000-0000-0000-0000-00000000012f,normal,standard,True
SYN-CONT-001174,00000000-0000-0000-0000-0000000003f4,40HC,20.2,inbound,00000000-0000-0000-0000-00000000012f,normal,standard,True
SYN-CONT-001175,00000000-0000-0000-0000-0000000003f4,20GP,16.5,inbound,00000000-0000-0000-0000-00000000012d,normal,hazardous,True
SYN-CONT-001176,00000000-0000-0000-0000-0000000003f4,20GP,27.3,inbound,00000000-0000-0000-0000-000000000130,normal,hazardous,True
SYN-CONT-001177,00000000-0000-0000-0000-0000000003f4,40GP,24.2,inbound,00000000-0000-0000-0000-000000000131,normal,standard,True
SYN-CONT-001178,00000000-0000-0000-0000-0000000003f4,40RF,12.3,inbound,00000000-0000-0000-0000-000000000131,normal,reefer,True
SYN-CONT-001179,00000000-0000-0000-0000-0000000003f4,40RF,25.2,inbound,00000000-0000-0000-0000-00000000012d,normal,reefer,True
SYN-CONT-001180,00000000-0000-0000-0000-0000000003f4,40HC,17.2,inbound,00000000-0000-0000-0000-00000000012e,normal,standard,True
SYN-CONT-001181,00000000-0000-0000-0000-0000000003f4,20GP,19.8,inbound,00000000-0000-0000-0000-00000000012c,normal,standard,True
SYN-CONT-001182,00000000-0000-0000-0000-0000000003f4,20GP,12.0,inbound,00000000-0000-0000-0000-00000000012c,normal,standard,True
SYN-CONT-001183,00000000-0000-0000-0000-0000000003f4,40GP,18.9,inbound,00000000-0000-0000-0000-00000000012c,normal,standard,True
SYN-CONT-001184,00000000-0000-0000-0000-0000000003f4,20GP,22.4,inbound,00000000-0000-0000-0000-00000000012f,normal,hazardous,True
SYN-CONT-001185,00000000-0000-0000-0000-0000000003f4,40RF,19.8,inbound,00000000-0000-0000-0000-000000000131,normal,reefer,True
SYN-CONT-001186,00000000-0000-0000-0000-0000000003f4,40HC,16.2,inbound,00000000-0000-0000-0000-000000000130,normal,standard,True
SYN-CONT-001187,00000000-0000-0000-0000-0000000003f4,20GP,28.9,inbound,00000000-0000-0000-0000-00000000012d,normal,standard,True
SYN-CONT-001188,00000000-0000-0000-0000-0000000003f4,40RF,28.9,inbound,00000000-0000-0000-0000-00000000012c,normal,reefer,True
SYN-CONT-001189,00000000-0000-0000-0000-0000000003f4,40RF,26.0,inbound,00000000-0000-0000-0000-00000000012c,normal,reefer,True
SYN-CONT-001190,00000000-0000-0000-0000-0000000003f4,40HC,24.7,inbound,00000000-0000-0000-0000-00000000012f,normal,hazardous,True
SYN-CONT-001191,00000000-0000-0000-0000-0000000003f4,40HC,26.5,inbound,00000000-0000-0000-0000-00000000012e,normal,standard,True
SYN-CONT-001192,00000000-0000-0000-0000-0000000003f4,20GP,26.8,inbound,00000000-0000-0000-0000-00000000012c,normal,standard,True
SYN-CONT-001193,00000000-0000-0000-0000-0000000003f4,40GP,10.2,inbound,00000000-0000-0000-0000-000000000131,normal,hazardous,True
SYN-CONT-001194,00000000-0000-0000-0000-0000000003f4,40GP,16.7,inbound,00000000-0000-0000-0000-00000000012d,normal,hazardous,True
SYN-CONT-001195,00000000-0000-0000-0000-0000000003f4,40GP,22.1,inbound,00000000-0000-0000-0000-00000000012d,normal,hazardous,True
SYN-CONT-001196,00000000-0000-0000-0000-0000000003f4,40RF,24.8,inbound,00000000-0000-0000-0000-000000000131,normal,reefer,True
SYN-CONT-001197,00000000-0000-0000-0000-0000000003f5,40HC,23.8,inbound,00000000-0000-0000-0000-00000000012f,high,reefer,True
SYN-CONT-001198,00000000-0000-0000-0000-0000000003f5,20GP,25.8,inbound,00000000-0000-0000-0000-000000000130,high,standard,True
SYN-CONT-001199,00000000-0000-0000-0000-0000000003f5,40RF,19.4,inbound,00000000-0000-0000-0000-000000000131,high,reefer,True
SYN-CONT-001200,00000000-0000-0000-0000-0000000003f5,40GP,30.5,inbound,00000000-0000-0000-0000-00000000012f,high,hazardous,True
SYN-CONT-001201,00000000-0000-0000-0000-0000000003f5,40HC,20.4,inbound,00000000-0000-0000-0000-00000000012e,high,standard,True
SYN-CONT-001202,00000000-0000-0000-0000-0000000003f5,40HC,25.2,inbound,00000000-0000-0000-0000-00000000012f,high,reefer,True
SYN-CONT-001203,00000000-0000-0000-0000-0000000003f5,40HC,13.4,inbound,00000000-0000-0000-0000-000000000130,high,hazardous,True
SYN-CONT-001204,00000000-0000-0000-0000-0000000003f5,40GP,25.2,inbound,00000000-0000-0000-0000-000000000131,high,reefer,True
SYN-CONT-001205,00000000-0000-0000-0000-0000000003f5,40HC,29.6,inbound,00000000-0000-0000-0000-00000000012f,high,standard,True
SYN-CONT-001206,00000000-0000-0000-0000-0000000003f5,40RF,8.0,inbound,00000000-0000-0000-0000-00000000012c,high,reefer,True
SYN-CONT-001207,00000000-0000-0000-0000-0000000003f5,40HC,8.4,inbound,00000000-0000-0000-0000-00000000012d,high,hazardous,True
SYN-CONT-001208,00000000-0000-0000-0000-0000000003f5,40HC,14.8,inbound,00000000-0000-0000-0000-00000000012d,high,standard,True
SYN-CONT-001209,00000000-0000-0000-0000-0000000003f5,40GP,8.5,inbound,00000000-0000-0000-0000-000000000131,high,standard,True
SYN-CONT-001210,00000000-0000-0000-0000-0000000003f5,40HC,19.5,inbound,00000000-0000-0000-0000-000000000130,high,hazardous,True
SYN-CONT-001211,00000000-0000-0000-0000-0000000003f5,40GP,8.8,inbound,00000000-0000-0000-0000-00000000012e,high,standard,True
SYN-CONT-001212,00000000-0000-0000-0000-0000000003f5,40GP,14.0,inbound,00000000-0000-0000-0000-000000000130,high,standard,True
SYN-CONT-001213,00000000-0000-0000-0000-0000000003f5,40GP,13.8,inbound,00000000-0000-0000-0000-00000000012e,high,standard,True
SYN-CONT-001214,00000000-0000-0000-0000-0000000003f5,20GP,17.0,inbound,00000000-0000-0000-0000-00000000012d,high,hazardous,True
SYN-CONT-001215,00000000-0000-0000-0000-0000000003f5,20GP,25.8,inbound,00000000-0000-0000-0000-00000000012d,high,standard,True
SYN-CONT-001216,00000000-0000-0000-0000-0000000003f5,40RF,26.6,inbound,00000000-0000-0000-0000-000000000131,high,reefer,True
SYN-CONT-001217,00000000-0000-0000-0000-0000000003f5,20GP,22.5,inbound,00000000-0000-0000-0000-00000000012c,high,hazardous,True
SYN-CONT-001218,00000000-0000-0000-0000-0000000003f5,40RF,9.8,inbound,00000000-0000-0000-0000-00000000012c,high,reefer,True
SYN-CONT-001219,00000000-0000-0000-0000-0000000003f5,40HC,27.8,inbound,00000000-0000-0000-0000-00000000012f,high,standard,True
SYN-CONT-001220,00000000-0000-0000-0000-0000000003f5,40RF,28.9,inbound,00000000-0000-0000-0000-00000000012c,high,reefer,True
SYN-CONT-001221,00000000-0000-0000-0000-0000000003f5,40GP,28.9,inbound,00000000-0000-0000-0000-000000000131,high,hazardous,True
SYN-CONT-001222,00000000-0000-0000-0000-0000000003f5,40RF,9.2,inbound,00000000-0000-0000-0000-000000000130,high,reefer,True
SYN-CONT-001223,00000000-0000-0000-0000-0000000003f5,20GP,20.1,inbound,00000000-0000-0000-0000-00000000012d,high,standard,True
SYN-CONT-001224,00000000-0000-0000-0000-0000000003f5,40HC,23.7,inbound,00000000-0000-0000-0000-00000000012d,high,hazardous,True
SYN-CONT-001225,00000000-0000-0000-0000-0000000003f5,20GP,29.8,inbound,00000000-0000-0000-0000-000000000130,high,reefer,True
SYN-CONT-001226,00000000-0000-0000-0000-0000000003f5,20GP,17.7,inbound,00000000-0000-0000-0000-00000000012f,high,standard,True
SYN-CONT-001227,00000000-0000-0000-0000-0000000003f5,40GP,15.6,inbound,00000000-0000-0000-0000-00000000012f,high,standard,True
SYN-CONT-001228,00000000-0000-0000-0000-0000000003f5,20GP,17.0,inbound,00000000-0000-0000-0000-00000000012c,high,hazardous,True
SYN-CONT-001229,00000000-0000-0000-0000-0000000003f5,40RF,19.3,inbound,00000000-0000-0000-0000-000000000131,high,reefer,True
SYN-CONT-001230,00000000-0000-0000-0000-0000000003f5,40GP,18.8,inbound,00000000-0000-0000-0000-00000000012d,high,standard,True
SYN-CONT-001231,00000000-0000-0000-0000-0000000003f5,40RF,16.9,inbound,00000000-0000-0000-0000-000000000130,high,reefer,True
SYN-CONT-001232,00000000-0000-0000-0000-0000000003f5,40GP,21.9,inbound,00000000-0000-0000-0000-000000000131,high,hazardous,True
SYN-CONT-001233,00000000-0000-0000-0000-0000000003f5,40GP,9.6,inbound,00000000-0000-0000-0000-00000000012f,high,standard,True
SYN-CONT-001234,00000000-0000-0000-0000-0000000003f5,40HC,10.0,inbound,00000000-0000-0000-0000-000000000131,high,hazardous,True
SYN-CONT-001235,00000000-0000-0000-0000-0000000003f5,40RF,17.5,inbound,00000000-0000-0000-0000-00000000012e,high,reefer,True
SYN-CONT-001236,00000000-0000-0000-0000-0000000003f5,40GP,15.8,inbound,00000000-0000-0000-0000-000000000131,high,standard,True
SYN-CONT-001237,00000000-0000-0000-0000-0000000003f5,20GP,11.8,inbound,00000000-0000-0000-0000-00000000012e,high,standard,True
SYN-CONT-001238,00000000-0000-0000-0000-0000000003f5,40RF,22.0,inbound,00000000-0000-0000-0000-00000000012f,high,reefer,True
SYN-CONT-001239,00000000-0000-0000-0000-0000000003f5,20GP,12.5,inbound,00000000-0000-0000-0000-00000000012e,high,standard,True
SYN-CONT-001240,00000000-0000-0000-0000-0000000003f5,40GP,10.5,inbound,00000000-0000-0000-0000-00000000012c,high,standard,True
SYN-CONT-001241,00000000-0000-0000-0000-0000000003f5,40GP,28.9,inbound,00000000-0000-0000-0000-00000000012e,high,hazardous,True
SYN-CONT-001242,00000000-0000-0000-0000-0000000003f5,20GP,23.6,inbound,00000000-0000-0000-0000-00000000012c,high,standard,True
SYN-CONT-001243,00000000-0000-0000-0000-0000000003f5,40HC,18.6,inbound,00000000-0000-0000-0000-00000000012e,high,reefer,True
SYN-CONT-001244,00000000-0000-0000-0000-0000000003f5,40GP,12.8,inbound,00000000-0000-0000-0000-000000000130,high,hazardous,True
SYN-CONT-001245,00000000-0000-0000-0000-0000000003f5,40HC,18.9,inbound,00000000-0000-0000-0000-000000000131,high,hazardous,True
SYN-CONT-001246,00000000-0000-0000-0000-0000000003f5,40GP,16.5,inbound,00000000-0000-0000-0000-000000000131,high,standard,True
SYN-CONT-001247,00000000-0000-0000-0000-0000000003f5,20GP,11.8,inbound,00000000-0000-0000-0000-00000000012e,high,standard,True
SYN-CONT-001248,00000000-0000-0000-0000-0000000003f5,40GP,14.1,inbound,00000000-0000-0000-0000-00000000012f,high,hazardous,True
SYN-CONT-001249,00000000-0000-0000-0000-0000000003f5,20GP,16.7,inbound,00000000-0000-0000-0000-00000000012e,high,standard,True
SYN-CONT-001250,00000000-0000-0000-0000-0000000003f5,40HC,8.4,inbound,00000000-0000-0000-0000-000000000131,high,standard,True
SYN-CONT-001251,00000000-0000-0000-0000-0000000003f5,40RF,13.2,inbound,00000000-0000-0000-0000-00000000012f,high,reefer,True
SYN-CONT-001252,00000000-0000-0000-0000-0000000003f5,20GP,18.9,inbound,00000000-0000-0000-0000-000000000130,high,standard,True
SYN-CONT-001253,00000000-0000-0000-0000-0000000003f5,20GP,12.5,inbound,00000000-0000-0000-0000-00000000012f,high,standard,True
SYN-CONT-001254,00000000-0000-0000-0000-0000000003f5,20GP,13.6,inbound,00000000-0000-0000-0000-000000000130,high,standard,True
SYN-CONT-001255,00000000-0000-0000-0000-0000000003f5,40HC,19.0,inbound,00000000-0000-0000-0000-000000000131,high,standard,True
SYN-CONT-001256,00000000-0000-0000-0000-0000000003f5,40GP,15.8,inbound,00000000-0000-0000-0000-00000000012e,high,standard,True
SYN-CONT-001257,00000000-0000-0000-0000-0000000003f5,40HC,13.3,inbound,00000000-0000-0000-0000-000000000130,high,standard,True
SYN-CONT-001258,00000000-0000-0000-0000-0000000003f5,40HC,22.1,inbound,00000000-0000-0000-0000-00000000012f,high,standard,True
SYN-CONT-001259,00000000-0000-0000-0000-0000000003f5,20GP,29.4,inbound,00000000-0000-0000-0000-00000000012d,high,hazardous,True
SYN-CONT-001260,00000000-0000-0000-0000-0000000003f5,40GP,28.2,inbound,00000000-0000-0000-0000-000000000131,high,standard,True
SYN-CONT-001261,00000000-0000-0000-0000-0000000003f5,40GP,24.4,inbound,00000000-0000-0000-0000-000000000130,high,standard,True
SYN-CONT-001262,00000000-0000-0000-0000-0000000003f5,40GP,13.4,inbound,00000000-0000-0000-0000-00000000012d,high,reefer,True
SYN-CONT-001263,00000000-0000-0000-0000-0000000003f5,40RF,29.8,inbound,00000000-0000-0000-0000-000000000130,high,reefer,True
SYN-CONT-001264,00000000-0000-0000-0000-0000000003f5,40HC,20.2,inbound,00000000-0000-0000-0000-00000000012d,high,reefer,True
SYN-CONT-001265,00000000-0000-0000-0000-0000000003f5,40GP,20.2,inbound,00000000-0000-0000-0000-00000000012d,high,hazardous,True
SYN-CONT-001266,00000000-0000-0000-0000-0000000003f5,40GP,23.5,inbound,00000000-0000-0000-0000-000000000130,high,standard,True
SYN-CONT-001267,00000000-0000-0000-0000-0000000003f5,40GP,30.4,inbound,00000000-0000-0000-0000-00000000012d,high,reefer,True
SYN-CONT-001268,00000000-0000-0000-0000-0000000003f5,40GP,9.5,inbound,00000000-0000-0000-0000-000000000130,high,standard,True
SYN-CONT-001269,00000000-0000-0000-0000-0000000003f5,20GP,15.1,inbound,00000000-0000-0000-0000-00000000012d,high,standard,True
SYN-CONT-001270,00000000-0000-0000-0000-0000000003f5,20GP,27.8,inbound,00000000-0000-0000-0000-00000000012f,high,standard,True
SYN-CONT-001271,00000000-0000-0000-0000-0000000003f5,40RF,14.8,inbound,00000000-0000-0000-0000-000000000131,high,reefer,True
SYN-CONT-001272,00000000-0000-0000-0000-0000000003f5,40HC,25.5,inbound,00000000-0000-0000-0000-00000000012c,high,standard,True
SYN-CONT-001273,00000000-0000-0000-0000-0000000003f5,40GP,8.6,inbound,00000000-0000-0000-0000-000000000130,high,standard,True
SYN-CONT-001274,00000000-0000-0000-0000-0000000003f5,40HC,20.8,inbound,00000000-0000-0000-0000-00000000012d,high,hazardous,True
SYN-CONT-001275,00000000-0000-0000-0000-0000000003f5,40GP,23.5,inbound,00000000-0000-0000-0000-00000000012e,high,standard,True
SYN-CONT-001276,00000000-0000-0000-0000-0000000003f5,20GP,11.0,inbound,00000000-0000-0000-0000-000000000130,high,reefer,True
SYN-CONT-001277,00000000-0000-0000-0000-0000000003f5,40RF,24.0,inbound,00000000-0000-0000-0000-00000000012e,high,reefer,True
SYN-CONT-001278,00000000-0000-0000-0000-0000000003f5,40GP,19.1,inbound,00000000-0000-0000-0000-00000000012d,high,reefer,True
SYN-CONT-001279,00000000-0000-0000-0000-0000000003f5,40GP,13.1,inbound,00000000-0000-0000-0000-00000000012f,high,standard,True
SYN-CONT-001280,00000000-0000-0000-0000-0000000003f5,20GP,29.4,inbound,00000000-0000-0000-0000-00000000012d,high,standard,True
SYN-CONT-001281,00000000-0000-0000-0000-0000000003f5,40GP,9.5,inbound,00000000-0000-0000-0000-00000000012f,high,standard,True
SYN-CONT-001282,00000000-0000-0000-0000-0000000003f5,40RF,23.5,inbound,00000000-0000-0000-0000-00000000012f,high,reefer,True
SYN-CONT-001283,00000000-0000-0000-0000-0000000003f5,40GP,17.1,inbound,00000000-0000-0000-0000-00000000012c,high,reefer,True
SYN-CONT-001284,00000000-0000-0000-0000-0000000003f5,40RF,24.2,inbound,00000000-0000-0000-0000-00000000012f,high,reefer,True
SYN-CONT-001285,00000000-0000-0000-0000-0000000003f5,20GP,10.5,inbound,00000000-0000-0000-0000-00000000012f,high,hazardous,True
SYN-CONT-001286,00000000-0000-0000-0000-0000000003f5,20GP,19.7,inbound,00000000-0000-0000-0000-00000000012f,high,standard,True
SYN-CONT-001287,00000000-0000-0000-0000-0000000003f5,20GP,16.7,inbound,00000000-0000-0000-0000-000000000131,high,hazardous,True
SYN-CONT-001288,00000000-0000-0000-0000-0000000003f5,20GP,14.6,inbound,00000000-0000-0000-0000-00000000012f,high,standard,True
SYN-CONT-001289,00000000-0000-0000-0000-0000000003f6,40HC,18.4,inbound,00000000-0000-0000-0000-00000000012f,normal,standard,True
SYN-CONT-001290,00000000-0000-0000-0000-0000000003f6,40HC,28.7,inbound,00000000-0000-0000-0000-000000000131,normal,hazardous,True
SYN-CONT-001291,00000000-0000-0000-0000-0000000003f6,40GP,26.7,inbound,00000000-0000-0000-0000-00000000012f,normal,reefer,True
SYN-CONT-001292,00000000-0000-0000-0000-0000000003f6,20GP,10.5,inbound,00000000-0000-0000-0000-000000000130,normal,hazardous,True
SYN-CONT-001293,00000000-0000-0000-0000-0000000003f6,40GP,17.3,inbound,00000000-0000-0000-0000-00000000012f,normal,reefer,True
SYN-CONT-001294,00000000-0000-0000-0000-0000000003f6,20GP,18.2,inbound,00000000-0000-0000-0000-000000000131,normal,standard,True
SYN-CONT-001295,00000000-0000-0000-0000-0000000003f6,40GP,10.0,inbound,00000000-0000-0000-0000-00000000012e,normal,reefer,True
SYN-CONT-001296,00000000-0000-0000-0000-0000000003f6,40GP,10.1,inbound,00000000-0000-0000-0000-000000000131,normal,standard,True
SYN-CONT-001297,00000000-0000-0000-0000-0000000003f6,40RF,22.3,inbound,00000000-0000-0000-0000-00000000012c,normal,reefer,True
SYN-CONT-001298,00000000-0000-0000-0000-0000000003f6,40RF,24.4,inbound,00000000-0000-0000-0000-000000000130,normal,reefer,True
SYN-CONT-001299,00000000-0000-0000-0000-0000000003f6,40GP,20.4,inbound,00000000-0000-0000-0000-00000000012c,normal,reefer,True
SYN-CONT-001300,00000000-0000-0000-0000-0000000003f6,40GP,20.7,inbound,00000000-0000-0000-0000-000000000131,normal,standard,True
SYN-CONT-001301,00000000-0000-0000-0000-0000000003f6,40GP,27.5,inbound,00000000-0000-0000-0000-00000000012d,normal,standard,True
SYN-CONT-001302,00000000-0000-0000-0000-0000000003f6,20GP,14.9,inbound,00000000-0000-0000-0000-000000000131,normal,reefer,True
SYN-CONT-001303,00000000-0000-0000-0000-0000000003f6,40RF,14.5,inbound,00000000-0000-0000-0000-00000000012d,normal,reefer,True
SYN-CONT-001304,00000000-0000-0000-0000-0000000003f6,20GP,29.6,inbound,00000000-0000-0000-0000-00000000012c,normal,standard,True
SYN-CONT-001305,00000000-0000-0000-0000-0000000003f6,40HC,18.3,inbound,00000000-0000-0000-0000-00000000012f,normal,standard,True
SYN-CONT-001306,00000000-0000-0000-0000-0000000003f6,20GP,27.9,inbound,00000000-0000-0000-0000-00000000012d,normal,hazardous,True
SYN-CONT-001307,00000000-0000-0000-0000-0000000003f6,40GP,22.8,inbound,00000000-0000-0000-0000-00000000012f,normal,hazardous,True
SYN-CONT-001308,00000000-0000-0000-0000-0000000003f6,40RF,17.9,inbound,00000000-0000-0000-0000-000000000130,normal,reefer,True
SYN-CONT-001309,00000000-0000-0000-0000-0000000003f6,20GP,27.8,inbound,00000000-0000-0000-0000-00000000012e,normal,standard,True
SYN-CONT-001310,00000000-0000-0000-0000-0000000003f6,40GP,12.2,inbound,00000000-0000-0000-0000-00000000012c,normal,standard,True
SYN-CONT-001311,00000000-0000-0000-0000-0000000003f6,40HC,11.3,inbound,00000000-0000-0000-0000-00000000012c,normal,standard,True
SYN-CONT-001312,00000000-0000-0000-0000-0000000003f6,40HC,28.7,inbound,00000000-0000-0000-0000-00000000012c,normal,standard,True
SYN-CONT-001313,00000000-0000-0000-0000-0000000003f6,20GP,30.4,inbound,00000000-0000-0000-0000-00000000012d,normal,reefer,True
SYN-CONT-001314,00000000-0000-0000-0000-0000000003f6,40HC,22.9,inbound,00000000-0000-0000-0000-000000000131,normal,hazardous,True
SYN-CONT-001315,00000000-0000-0000-0000-0000000003f6,40GP,24.9,inbound,00000000-0000-0000-0000-00000000012e,normal,reefer,True
SYN-CONT-001316,00000000-0000-0000-0000-0000000003f6,20GP,25.3,inbound,00000000-0000-0000-0000-00000000012e,normal,standard,True
SYN-CONT-001317,00000000-0000-0000-0000-0000000003f6,40HC,26.5,inbound,00000000-0000-0000-0000-00000000012f,normal,reefer,True
SYN-CONT-001318,00000000-0000-0000-0000-0000000003f6,20GP,18.6,inbound,00000000-0000-0000-0000-00000000012c,normal,standard,True
SYN-CONT-001319,00000000-0000-0000-0000-0000000003f6,40HC,19.9,inbound,00000000-0000-0000-0000-000000000130,normal,standard,True
SYN-CONT-001320,00000000-0000-0000-0000-0000000003f6,40GP,21.8,inbound,00000000-0000-0000-0000-00000000012c,normal,standard,True
SYN-CONT-001321,00000000-0000-0000-0000-0000000003f6,20GP,24.3,inbound,00000000-0000-0000-0000-000000000130,normal,reefer,True
SYN-CONT-001322,00000000-0000-0000-0000-0000000003f6,40HC,21.7,inbound,00000000-0000-0000-0000-00000000012e,normal,reefer,True
SYN-CONT-001323,00000000-0000-0000-0000-0000000003f6,40HC,20.9,inbound,00000000-0000-0000-0000-000000000130,normal,hazardous,True
SYN-CONT-001324,00000000-0000-0000-0000-0000000003f6,40HC,21.8,inbound,00000000-0000-0000-0000-00000000012f,normal,standard,True
SYN-CONT-001325,00000000-0000-0000-0000-0000000003f6,40RF,19.1,inbound,00000000-0000-0000-0000-00000000012d,normal,reefer,True
SYN-CONT-001326,00000000-0000-0000-0000-0000000003f6,40GP,30.0,inbound,00000000-0000-0000-0000-00000000012c,normal,standard,True
SYN-CONT-001327,00000000-0000-0000-0000-0000000003f6,20GP,18.5,inbound,00000000-0000-0000-0000-00000000012c,normal,standard,True
SYN-CONT-001328,00000000-0000-0000-0000-0000000003f6,40GP,30.5,inbound,00000000-0000-0000-0000-00000000012f,normal,hazardous,True
SYN-CONT-001329,00000000-0000-0000-0000-0000000003f6,20GP,15.9,inbound,00000000-0000-0000-0000-000000000131,normal,standard,True
SYN-CONT-001330,00000000-0000-0000-0000-0000000003f6,40GP,22.4,inbound,00000000-0000-0000-0000-000000000131,normal,standard,True
SYN-CONT-001331,00000000-0000-0000-0000-0000000003f6,40HC,25.8,inbound,00000000-0000-0000-0000-00000000012e,normal,standard,True
SYN-CONT-001332,00000000-0000-0000-0000-0000000003f6,40HC,20.4,inbound,00000000-0000-0000-0000-00000000012c,normal,hazardous,True
SYN-CONT-001333,00000000-0000-0000-0000-0000000003f6,20GP,15.7,inbound,00000000-0000-0000-0000-000000000131,normal,standard,True
SYN-CONT-001334,00000000-0000-0000-0000-0000000003f6,20GP,12.4,inbound,00000000-0000-0000-0000-00000000012e,normal,standard,True
SYN-CONT-001335,00000000-0000-0000-0000-0000000003f6,40RF,28.6,inbound,00000000-0000-0000-0000-00000000012c,normal,reefer,True
SYN-CONT-001336,00000000-0000-0000-0000-0000000003f6,40GP,11.5,inbound,00000000-0000-0000-0000-00000000012f,normal,reefer,True
SYN-CONT-001337,00000000-0000-0000-0000-0000000003f6,40HC,25.6,inbound,00000000-0000-0000-0000-00000000012f,normal,reefer,True
SYN-CONT-001338,00000000-0000-0000-0000-0000000003f6,20GP,14.7,inbound,00000000-0000-0000-0000-000000000131,normal,hazardous,True
SYN-CONT-001339,00000000-0000-0000-0000-0000000003f6,40HC,20.1,inbound,00000000-0000-0000-0000-00000000012d,normal,hazardous,True
SYN-CONT-001340,00000000-0000-0000-0000-0000000003f6,40HC,9.5,inbound,00000000-0000-0000-0000-00000000012d,normal,standard,True
SYN-CONT-001341,00000000-0000-0000-0000-0000000003f6,40HC,15.6,inbound,00000000-0000-0000-0000-00000000012f,normal,standard,True
SYN-CONT-001342,00000000-0000-0000-0000-0000000003f6,40GP,21.6,inbound,00000000-0000-0000-0000-00000000012d,normal,hazardous,True
SYN-CONT-001343,00000000-0000-0000-0000-0000000003f6,20GP,23.9,inbound,00000000-0000-0000-0000-00000000012e,normal,standard,True
SYN-CONT-001344,00000000-0000-0000-0000-0000000003f6,20GP,17.3,inbound,00000000-0000-0000-0000-00000000012f,normal,standard,True
SYN-CONT-001345,00000000-0000-0000-0000-0000000003f6,40GP,18.2,inbound,00000000-0000-0000-0000-00000000012e,normal,standard,True
SYN-CONT-001346,00000000-0000-0000-0000-0000000003f6,40GP,14.8,inbound,00000000-0000-0000-0000-00000000012c,normal,hazardous,True
SYN-CONT-001347,00000000-0000-0000-0000-0000000003f6,40HC,25.5,inbound,00000000-0000-0000-0000-00000000012c,normal,standard,True
SYN-CONT-001348,00000000-0000-0000-0000-0000000003f6,40RF,19.4,inbound,00000000-0000-0000-0000-00000000012f,normal,reefer,True
SYN-CONT-001349,00000000-0000-0000-0000-0000000003f6,40GP,15.7,inbound,00000000-0000-0000-0000-00000000012f,normal,standard,True
SYN-CONT-001350,00000000-0000-0000-0000-0000000003f6,40HC,11.2,inbound,00000000-0000-0000-0000-00000000012c,normal,standard,True
SYN-CONT-001351,00000000-0000-0000-0000-0000000003f6,40GP,24.3,inbound,00000000-0000-0000-0000-00000000012f,normal,standard,True
SYN-CONT-001352,00000000-0000-0000-0000-0000000003f6,40RF,24.1,inbound,00000000-0000-0000-0000-000000000130,normal,reefer,True
SYN-CONT-001353,00000000-0000-0000-0000-0000000003f6,20GP,15.0,inbound,00000000-0000-0000-0000-00000000012c,normal,standard,True
SYN-CONT-001354,00000000-0000-0000-0000-0000000003f6,20GP,18.5,inbound,00000000-0000-0000-0000-00000000012c,normal,standard,True
SYN-CONT-001355,00000000-0000-0000-0000-0000000003f6,20GP,25.2,inbound,00000000-0000-0000-0000-000000000131,normal,hazardous,True
SYN-CONT-001356,00000000-0000-0000-0000-0000000003f6,40HC,21.0,inbound,00000000-0000-0000-0000-00000000012e,normal,standard,True
SYN-CONT-001357,00000000-0000-0000-0000-0000000003f6,40GP,12.5,inbound,00000000-0000-0000-0000-00000000012e,normal,standard,True
SYN-CONT-001358,00000000-0000-0000-0000-0000000003f6,40HC,15.2,inbound,00000000-0000-0000-0000-00000000012f,normal,hazardous,True
SYN-CONT-001359,00000000-0000-0000-0000-0000000003f6,20GP,11.4,inbound,00000000-0000-0000-0000-00000000012e,normal,standard,True
SYN-CONT-001360,00000000-0000-0000-0000-0000000003f6,20GP,29.6,inbound,00000000-0000-0000-0000-000000000130,normal,standard,True
SYN-CONT-001361,00000000-0000-0000-0000-0000000003f6,20GP,20.2,inbound,00000000-0000-0000-0000-000000000130,normal,standard,True
SYN-CONT-001362,00000000-0000-0000-0000-0000000003f6,40HC,11.2,inbound,00000000-0000-0000-0000-000000000131,normal,standard,True
SYN-CONT-001363,00000000-0000-0000-0000-0000000003f6,40HC,13.5,inbound,00000000-0000-0000-0000-00000000012c,normal,hazardous,True
SYN-CONT-001364,00000000-0000-0000-0000-0000000003f6,40HC,28.1,inbound,00000000-0000-0000-0000-000000000130,normal,hazardous,True
SYN-CONT-001365,00000000-0000-0000-0000-0000000003f6,40RF,9.1,inbound,00000000-0000-0000-0000-00000000012c,normal,reefer,True
SYN-CONT-001366,00000000-0000-0000-0000-0000000003f6,40RF,28.3,inbound,00000000-0000-0000-0000-00000000012c,normal,reefer,True
SYN-CONT-001367,00000000-0000-0000-0000-0000000003f6,20GP,9.2,inbound,00000000-0000-0000-0000-00000000012f,normal,reefer,True
SYN-CONT-001368,00000000-0000-0000-0000-0000000003f6,40RF,12.0,inbound,00000000-0000-0000-0000-000000000130,normal,reefer,True
SYN-CONT-001369,00000000-0000-0000-0000-0000000003f6,40RF,21.9,inbound,00000000-0000-0000-0000-00000000012e,normal,reefer,True
SYN-CONT-001370,00000000-0000-0000-0000-0000000003f6,40HC,24.0,inbound,00000000-0000-0000-0000-000000000131,normal,standard,True
SYN-CONT-001371,00000000-0000-0000-0000-0000000003f6,20GP,20.8,inbound,00000000-0000-0000-0000-00000000012c,normal,reefer,True
SYN-CONT-001372,00000000-0000-0000-0000-0000000003f6,40RF,10.2,inbound,00000000-0000-0000-0000-00000000012e,normal,reefer,True
SYN-CONT-001373,00000000-0000-0000-0000-0000000003f6,40RF,18.6,inbound,00000000-0000-0000-0000-00000000012d,normal,reefer,True
SYN-CONT-001374,00000000-0000-0000-0000-0000000003f6,40GP,13.8,inbound,00000000-0000-0000-0000-00000000012e,normal,hazardous,True
SYN-CONT-001375,00000000-0000-0000-0000-0000000003f6,40RF,12.1,inbound,00000000-0000-0000-0000-000000000131,normal,reefer,True
SYN-CONT-001376,00000000-0000-0000-0000-0000000003f6,40HC,18.2,inbound,00000000-0000-0000-0000-00000000012c,normal,standard,True
SYN-CONT-001377,00000000-0000-0000-0000-0000000003f6,20GP,10.5,inbound,00000000-0000-0000-0000-00000000012f,normal,reefer,True
SYN-CONT-001378,00000000-0000-0000-0000-0000000003f6,40RF,27.0,inbound,00000000-0000-0000-0000-00000000012e,normal,reefer,True
SYN-CONT-001379,00000000-0000-0000-0000-0000000003f6,40HC,20.9,inbound,00000000-0000-0000-0000-000000000130,normal,hazardous,True
SYN-CONT-001380,00000000-0000-0000-0000-0000000003f6,20GP,26.4,inbound,00000000-0000-0000-0000-00000000012c,normal,reefer,True
SYN-CONT-001381,00000000-0000-0000-0000-0000000003f7,40HC,22.6,inbound,00000000-0000-0000-0000-00000000012e,high,hazardous,True
SYN-CONT-001382,00000000-0000-0000-0000-0000000003f7,40RF,17.0,inbound,00000000-0000-0000-0000-00000000012f,high,reefer,True
SYN-CONT-001383,00000000-0000-0000-0000-0000000003f7,40GP,13.5,inbound,00000000-0000-0000-0000-00000000012d,high,hazardous,True
SYN-CONT-001384,00000000-0000-0000-0000-0000000003f7,40RF,16.6,inbound,00000000-0000-0000-0000-00000000012e,high,reefer,True
SYN-CONT-001385,00000000-0000-0000-0000-0000000003f7,40GP,17.7,inbound,00000000-0000-0000-0000-00000000012f,high,hazardous,True
SYN-CONT-001386,00000000-0000-0000-0000-0000000003f7,40HC,23.6,inbound,00000000-0000-0000-0000-00000000012d,high,hazardous,True
SYN-CONT-001387,00000000-0000-0000-0000-0000000003f7,20GP,26.8,inbound,00000000-0000-0000-0000-00000000012c,high,hazardous,True
SYN-CONT-001388,00000000-0000-0000-0000-0000000003f7,40RF,15.3,inbound,00000000-0000-0000-0000-00000000012c,high,reefer,True
SYN-CONT-001389,00000000-0000-0000-0000-0000000003f7,40RF,12.0,inbound,00000000-0000-0000-0000-00000000012f,high,reefer,True
SYN-CONT-001390,00000000-0000-0000-0000-0000000003f7,20GP,10.4,inbound,00000000-0000-0000-0000-000000000130,high,hazardous,True
SYN-CONT-001391,00000000-0000-0000-0000-0000000003f7,40RF,15.4,inbound,00000000-0000-0000-0000-000000000131,high,reefer,True
SYN-CONT-001392,00000000-0000-0000-0000-0000000003f7,20GP,12.9,inbound,00000000-0000-0000-0000-00000000012d,high,standard,True
SYN-CONT-001393,00000000-0000-0000-0000-0000000003f7,20GP,22.9,inbound,00000000-0000-0000-0000-00000000012f,high,standard,True
SYN-CONT-001394,00000000-0000-0000-0000-0000000003f7,40HC,21.9,inbound,00000000-0000-0000-0000-00000000012f,high,reefer,True
SYN-CONT-001395,00000000-0000-0000-0000-0000000003f7,40GP,23.3,inbound,00000000-0000-0000-0000-00000000012e,high,standard,True
SYN-CONT-001396,00000000-0000-0000-0000-0000000003f7,40HC,25.9,inbound,00000000-0000-0000-0000-000000000131,high,hazardous,True
SYN-CONT-001397,00000000-0000-0000-0000-0000000003f7,40HC,24.2,inbound,00000000-0000-0000-0000-00000000012e,high,reefer,True
SYN-CONT-001398,00000000-0000-0000-0000-0000000003f7,20GP,8.2,inbound,00000000-0000-0000-0000-000000000130,high,hazardous,True
SYN-CONT-001399,00000000-0000-0000-0000-0000000003f7,40RF,27.1,inbound,00000000-0000-0000-0000-00000000012e,high,reefer,True
SYN-CONT-001400,00000000-0000-0000-0000-0000000003f7,20GP,28.3,inbound,00000000-0000-0000-0000-00000000012c,high,standard,True
SYN-CONT-001401,00000000-0000-0000-0000-0000000003f7,20GP,26.5,inbound,00000000-0000-0000-0000-00000000012e,high,hazardous,True
SYN-CONT-001402,00000000-0000-0000-0000-0000000003f7,20GP,27.5,inbound,00000000-0000-0000-0000-00000000012d,high,standard,True
SYN-CONT-001403,00000000-0000-0000-0000-0000000003f7,40RF,23.8,inbound,00000000-0000-0000-0000-00000000012f,high,reefer,True
SYN-CONT-001404,00000000-0000-0000-0000-0000000003f7,40HC,17.1,inbound,00000000-0000-0000-0000-00000000012f,high,reefer,True
SYN-CONT-001405,00000000-0000-0000-0000-0000000003f7,40GP,18.7,inbound,00000000-0000-0000-0000-00000000012d,high,standard,True
SYN-CONT-001406,00000000-0000-0000-0000-0000000003f7,40RF,27.0,inbound,00000000-0000-0000-0000-00000000012e,high,reefer,True
SYN-CONT-001407,00000000-0000-0000-0000-0000000003f7,40RF,11.5,inbound,00000000-0000-0000-0000-000000000131,high,reefer,True
SYN-CONT-001408,00000000-0000-0000-0000-0000000003f7,40GP,8.3,inbound,00000000-0000-0000-0000-000000000131,high,standard,True
SYN-CONT-001409,00000000-0000-0000-0000-0000000003f7,20GP,24.2,inbound,00000000-0000-0000-0000-00000000012f,high,standard,True
SYN-CONT-001410,00000000-0000-0000-0000-0000000003f7,40RF,29.9,inbound,00000000-0000-0000-0000-00000000012d,high,reefer,True
SYN-CONT-001411,00000000-0000-0000-0000-0000000003f7,20GP,22.5,inbound,00000000-0000-0000-0000-00000000012f,high,standard,True
SYN-CONT-001412,00000000-0000-0000-0000-0000000003f7,40RF,28.1,inbound,00000000-0000-0000-0000-000000000131,high,reefer,True
SYN-CONT-001413,00000000-0000-0000-0000-0000000003f7,40RF,22.0,inbound,00000000-0000-0000-0000-00000000012f,high,reefer,True
SYN-CONT-001414,00000000-0000-0000-0000-0000000003f7,40RF,20.4,inbound,00000000-0000-0000-0000-00000000012f,high,reefer,True
SYN-CONT-001415,00000000-0000-0000-0000-0000000003f7,40RF,16.0,inbound,00000000-0000-0000-0000-00000000012d,high,reefer,True
SYN-CONT-001416,00000000-0000-0000-0000-0000000003f7,40RF,21.6,inbound,00000000-0000-0000-0000-000000000130,high,reefer,True
SYN-CONT-001417,00000000-0000-0000-0000-0000000003f7,40RF,27.1,inbound,00000000-0000-0000-0000-00000000012d,high,reefer,True
SYN-CONT-001418,00000000-0000-0000-0000-0000000003f7,40HC,28.8,inbound,00000000-0000-0000-0000-000000000130,high,reefer,True
SYN-CONT-001419,00000000-0000-0000-0000-0000000003f7,40HC,30.0,inbound,00000000-0000-0000-0000-000000000130,high,standard,True
SYN-CONT-001420,00000000-0000-0000-0000-0000000003f7,40RF,23.9,inbound,00000000-0000-0000-0000-00000000012c,high,reefer,True
SYN-CONT-001421,00000000-0000-0000-0000-0000000003f7,40RF,29.6,inbound,00000000-0000-0000-0000-00000000012c,high,reefer,True
SYN-CONT-001422,00000000-0000-0000-0000-0000000003f7,40GP,30.1,inbound,00000000-0000-0000-0000-00000000012e,high,hazardous,True
SYN-CONT-001423,00000000-0000-0000-0000-0000000003f7,40RF,19.6,inbound,00000000-0000-0000-0000-000000000130,high,reefer,True
SYN-CONT-001424,00000000-0000-0000-0000-0000000003f7,20GP,18.6,inbound,00000000-0000-0000-0000-000000000131,high,standard,True
SYN-CONT-001425,00000000-0000-0000-0000-0000000003f7,20GP,26.0,inbound,00000000-0000-0000-0000-00000000012e,high,hazardous,True
SYN-CONT-001426,00000000-0000-0000-0000-0000000003f7,20GP,20.0,inbound,00000000-0000-0000-0000-00000000012c,high,standard,True
SYN-CONT-001427,00000000-0000-0000-0000-0000000003f7,40RF,18.2,inbound,00000000-0000-0000-0000-00000000012f,high,reefer,True
SYN-CONT-001428,00000000-0000-0000-0000-0000000003f7,40HC,15.9,inbound,00000000-0000-0000-0000-00000000012e,high,reefer,True
SYN-CONT-001429,00000000-0000-0000-0000-0000000003f7,40HC,8.8,inbound,00000000-0000-0000-0000-000000000130,high,standard,True
SYN-CONT-001430,00000000-0000-0000-0000-0000000003f7,40HC,13.9,inbound,00000000-0000-0000-0000-000000000131,high,hazardous,True
SYN-CONT-001431,00000000-0000-0000-0000-0000000003f7,40RF,21.0,inbound,00000000-0000-0000-0000-000000000130,high,reefer,True
SYN-CONT-001432,00000000-0000-0000-0000-0000000003f7,20GP,26.2,inbound,00000000-0000-0000-0000-000000000130,high,standard,True
SYN-CONT-001433,00000000-0000-0000-0000-0000000003f7,20GP,18.9,inbound,00000000-0000-0000-0000-00000000012d,high,standard,True
SYN-CONT-001434,00000000-0000-0000-0000-0000000003f7,20GP,13.7,inbound,00000000-0000-0000-0000-000000000130,high,standard,True
SYN-CONT-001435,00000000-0000-0000-0000-0000000003f7,40HC,27.3,inbound,00000000-0000-0000-0000-00000000012c,high,standard,True
SYN-CONT-001436,00000000-0000-0000-0000-0000000003f7,20GP,11.9,inbound,00000000-0000-0000-0000-000000000130,high,hazardous,True
SYN-CONT-001437,00000000-0000-0000-0000-0000000003f7,40GP,16.3,inbound,00000000-0000-0000-0000-00000000012d,high,reefer,True
SYN-CONT-001438,00000000-0000-0000-0000-0000000003f7,40HC,18.9,inbound,00000000-0000-0000-0000-000000000130,high,standard,True
SYN-CONT-001439,00000000-0000-0000-0000-0000000003f7,20GP,30.1,inbound,00000000-0000-0000-0000-00000000012d,high,standard,True
SYN-CONT-001440,00000000-0000-0000-0000-0000000003f7,40GP,24.9,inbound,00000000-0000-0000-0000-00000000012f,high,reefer,True
SYN-CONT-001441,00000000-0000-0000-0000-0000000003f7,40RF,13.4,inbound,00000000-0000-0000-0000-00000000012f,high,reefer,True
SYN-CONT-001442,00000000-0000-0000-0000-0000000003f7,40GP,21.0,inbound,00000000-0000-0000-0000-00000000012e,high,standard,True
SYN-CONT-001443,00000000-0000-0000-0000-0000000003f7,20GP,25.0,inbound,00000000-0000-0000-0000-00000000012c,high,standard,True
SYN-CONT-001444,00000000-0000-0000-0000-0000000003f7,20GP,18.4,inbound,00000000-0000-0000-0000-00000000012f,high,standard,True
SYN-CONT-001445,00000000-0000-0000-0000-0000000003f7,40HC,24.8,inbound,00000000-0000-0000-0000-000000000130,high,reefer,True
SYN-CONT-001446,00000000-0000-0000-0000-0000000003f7,40GP,23.4,inbound,00000000-0000-0000-0000-00000000012f,high,reefer,True
SYN-CONT-001447,00000000-0000-0000-0000-0000000003f7,40RF,13.9,inbound,00000000-0000-0000-0000-000000000130,high,reefer,True
SYN-CONT-001448,00000000-0000-0000-0000-0000000003f7,40RF,8.3,inbound,00000000-0000-0000-0000-00000000012f,high,reefer,True
SYN-CONT-001449,00000000-0000-0000-0000-0000000003f7,40RF,23.3,inbound,00000000-0000-0000-0000-000000000130,high,reefer,True
SYN-CONT-001450,00000000-0000-0000-0000-0000000003f7,20GP,28.6,inbound,00000000-0000-0000-0000-000000000131,high,standard,True
SYN-CONT-001451,00000000-0000-0000-0000-0000000003f7,40HC,21.7,inbound,00000000-0000-0000-0000-000000000131,high,reefer,True
SYN-CONT-001452,00000000-0000-0000-0000-0000000003f7,40HC,14.1,inbound,00000000-0000-0000-0000-00000000012c,high,standard,True
SYN-CONT-001453,00000000-0000-0000-0000-0000000003f7,40HC,16.8,inbound,00000000-0000-0000-0000-000000000131,high,hazardous,True
SYN-CONT-001454,00000000-0000-0000-0000-0000000003f7,40GP,25.3,inbound,00000000-0000-0000-0000-000000000130,high,hazardous,True
SYN-CONT-001455,00000000-0000-0000-0000-0000000003f7,40HC,15.0,inbound,00000000-0000-0000-0000-00000000012c,high,standard,True
SYN-CONT-001456,00000000-0000-0000-0000-0000000003f7,20GP,8.3,inbound,00000000-0000-0000-0000-00000000012c,high,standard,True
SYN-CONT-001457,00000000-0000-0000-0000-0000000003f7,20GP,15.9,inbound,00000000-0000-0000-0000-000000000131,high,reefer,True
SYN-CONT-001458,00000000-0000-0000-0000-0000000003f7,40HC,12.3,inbound,00000000-0000-0000-0000-00000000012c,high,standard,True
SYN-CONT-001459,00000000-0000-0000-0000-0000000003f7,20GP,29.1,inbound,00000000-0000-0000-0000-000000000131,high,standard,True
SYN-CONT-001460,00000000-0000-0000-0000-0000000003f7,40GP,22.4,inbound,00000000-0000-0000-0000-000000000131,high,hazardous,True
SYN-CONT-001461,00000000-0000-0000-0000-0000000003f7,20GP,27.3,inbound,00000000-0000-0000-0000-00000000012d,high,standard,True
SYN-CONT-001462,00000000-0000-0000-0000-0000000003f7,40RF,22.8,inbound,00000000-0000-0000-0000-000000000131,high,reefer,True
SYN-CONT-001463,00000000-0000-0000-0000-0000000003f7,40GP,23.7,inbound,00000000-0000-0000-0000-00000000012e,high,standard,True
SYN-CONT-001464,00000000-0000-0000-0000-0000000003f7,40HC,22.9,inbound,00000000-0000-0000-0000-00000000012c,high,reefer,True
SYN-CONT-001465,00000000-0000-0000-0000-0000000003f7,40RF,28.8,inbound,00000000-0000-0000-0000-00000000012e,high,reefer,True
SYN-CONT-001466,00000000-0000-0000-0000-0000000003f7,40RF,23.6,inbound,00000000-0000-0000-0000-000000000131,high,reefer,True
SYN-CONT-001467,00000000-0000-0000-0000-0000000003f7,40HC,11.6,inbound,00000000-0000-0000-0000-00000000012c,high,standard,True
SYN-CONT-001468,00000000-0000-0000-0000-0000000003f7,40HC,16.6,inbound,00000000-0000-0000-0000-00000000012e,high,standard,True
SYN-CONT-001469,00000000-0000-0000-0000-0000000003f7,20GP,29.5,inbound,00000000-0000-0000-0000-00000000012e,high,standard,True
SYN-CONT-001470,00000000-0000-0000-0000-0000000003f7,40GP,9.6,inbound,00000000-0000-0000-0000-00000000012d,high,reefer,True
SYN-CONT-001471,00000000-0000-0000-0000-0000000003f7,40RF,12.0,inbound,00000000-0000-0000-0000-00000000012f,high,reefer,True
SYN-CONT-001472,00000000-0000-0000-0000-0000000003f7,20GP,20.2,inbound,00000000-0000-0000-0000-00000000012f,high,standard,True
SYN-CONT-001473,00000000-0000-0000-0000-0000000003f8,40GP,22.5,inbound,00000000-0000-0000-0000-00000000012f,normal,hazardous,True
SYN-CONT-001474,00000000-0000-0000-0000-0000000003f8,40HC,8.8,inbound,00000000-0000-0000-0000-00000000012c,normal,standard,True
SYN-CONT-001475,00000000-0000-0000-0000-0000000003f8,40HC,8.4,inbound,00000000-0000-0000-0000-00000000012f,normal,reefer,True
SYN-CONT-001476,00000000-0000-0000-0000-0000000003f8,40GP,29.0,inbound,00000000-0000-0000-0000-000000000131,normal,standard,True
SYN-CONT-001477,00000000-0000-0000-0000-0000000003f8,40RF,14.0,inbound,00000000-0000-0000-0000-000000000131,normal,reefer,True
SYN-CONT-001478,00000000-0000-0000-0000-0000000003f8,40HC,20.9,inbound,00000000-0000-0000-0000-000000000130,normal,reefer,True
SYN-CONT-001479,00000000-0000-0000-0000-0000000003f8,40RF,18.8,inbound,00000000-0000-0000-0000-00000000012f,normal,reefer,True
SYN-CONT-001480,00000000-0000-0000-0000-0000000003f8,20GP,13.1,inbound,00000000-0000-0000-0000-00000000012f,normal,hazardous,True
SYN-CONT-001481,00000000-0000-0000-0000-0000000003f8,40RF,10.7,inbound,00000000-0000-0000-0000-000000000130,normal,reefer,True
SYN-CONT-001482,00000000-0000-0000-0000-0000000003f8,40HC,23.3,inbound,00000000-0000-0000-0000-00000000012f,normal,standard,True
SYN-CONT-001483,00000000-0000-0000-0000-0000000003f8,20GP,16.2,inbound,00000000-0000-0000-0000-00000000012e,normal,standard,True
SYN-CONT-001484,00000000-0000-0000-0000-0000000003f8,20GP,25.1,inbound,00000000-0000-0000-0000-00000000012e,normal,reefer,True
SYN-CONT-001485,00000000-0000-0000-0000-0000000003f8,40GP,20.5,inbound,00000000-0000-0000-0000-00000000012f,normal,standard,True
SYN-CONT-001486,00000000-0000-0000-0000-0000000003f8,40GP,23.7,inbound,00000000-0000-0000-0000-00000000012c,normal,standard,True
SYN-CONT-001487,00000000-0000-0000-0000-0000000003f8,40HC,9.9,inbound,00000000-0000-0000-0000-000000000131,normal,reefer,True
SYN-CONT-001488,00000000-0000-0000-0000-0000000003f8,40RF,24.5,inbound,00000000-0000-0000-0000-00000000012d,normal,reefer,True
SYN-CONT-001489,00000000-0000-0000-0000-0000000003f8,20GP,8.6,inbound,00000000-0000-0000-0000-000000000130,normal,standard,True
SYN-CONT-001490,00000000-0000-0000-0000-0000000003f8,40GP,16.7,inbound,00000000-0000-0000-0000-000000000130,normal,reefer,True
SYN-CONT-001491,00000000-0000-0000-0000-0000000003f8,40HC,20.0,inbound,00000000-0000-0000-0000-00000000012f,normal,reefer,True
SYN-CONT-001492,00000000-0000-0000-0000-0000000003f8,20GP,15.6,inbound,00000000-0000-0000-0000-00000000012e,normal,standard,True
SYN-CONT-001493,00000000-0000-0000-0000-0000000003f8,20GP,10.7,inbound,00000000-0000-0000-0000-000000000131,normal,reefer,True
SYN-CONT-001494,00000000-0000-0000-0000-0000000003f8,40RF,29.2,inbound,00000000-0000-0000-0000-000000000130,normal,reefer,True
SYN-CONT-001495,00000000-0000-0000-0000-0000000003f8,40GP,13.2,inbound,00000000-0000-0000-0000-00000000012c,normal,hazardous,True
SYN-CONT-001496,00000000-0000-0000-0000-0000000003f8,20GP,19.0,inbound,00000000-0000-0000-0000-00000000012c,normal,standard,True
SYN-CONT-001497,00000000-0000-0000-0000-0000000003f8,40RF,28.4,inbound,00000000-0000-0000-0000-000000000130,normal,reefer,True
SYN-CONT-001498,00000000-0000-0000-0000-0000000003f8,20GP,23.8,inbound,00000000-0000-0000-0000-00000000012d,normal,standard,True
SYN-CONT-001499,00000000-0000-0000-0000-0000000003f8,20GP,22.2,inbound,00000000-0000-0000-0000-00000000012e,normal,standard,True
SYN-CONT-001500,00000000-0000-0000-0000-0000000003f8,20GP,21.8,inbound,00000000-0000-0000-0000-000000000130,normal,reefer,True
SYN-CONT-001501,00000000-0000-0000-0000-0000000003f8,20GP,10.6,inbound,00000000-0000-0000-0000-000000000130,normal,standard,True
SYN-CONT-001502,00000000-0000-0000-0000-0000000003f8,40GP,26.1,inbound,00000000-0000-0000-0000-00000000012f,normal,standard,True
SYN-CONT-001503,00000000-0000-0000-0000-0000000003f8,40HC,15.3,inbound,00000000-0000-0000-0000-000000000131,normal,reefer,True
SYN-CONT-001504,00000000-0000-0000-0000-0000000003f8,40GP,26.8,inbound,00000000-0000-0000-0000-00000000012d,normal,standard,True
SYN-CONT-001505,00000000-0000-0000-0000-0000000003f8,20GP,11.9,inbound,00000000-0000-0000-0000-00000000012c,normal,hazardous,True
SYN-CONT-001506,00000000-0000-0000-0000-0000000003f8,20GP,11.2,inbound,00000000-0000-0000-0000-00000000012f,normal,standard,True
SYN-CONT-001507,00000000-0000-0000-0000-0000000003f8,40GP,20.5,inbound,00000000-0000-0000-0000-00000000012f,normal,standard,True
SYN-CONT-001508,00000000-0000-0000-0000-0000000003f8,40GP,8.9,inbound,00000000-0000-0000-0000-00000000012c,normal,hazardous,True
SYN-CONT-001509,00000000-0000-0000-0000-0000000003f8,40RF,25.5,inbound,00000000-0000-0000-0000-00000000012c,normal,reefer,True
SYN-CONT-001510,00000000-0000-0000-0000-0000000003f8,40RF,9.8,inbound,00000000-0000-0000-0000-00000000012c,normal,reefer,True
SYN-CONT-001511,00000000-0000-0000-0000-0000000003f8,40GP,23.9,inbound,00000000-0000-0000-0000-000000000130,normal,standard,True
SYN-CONT-001512,00000000-0000-0000-0000-0000000003f8,40HC,23.6,inbound,00000000-0000-0000-0000-00000000012f,normal,reefer,True
SYN-CONT-001513,00000000-0000-0000-0000-0000000003f8,40GP,11.2,inbound,00000000-0000-0000-0000-00000000012e,normal,standard,True
SYN-CONT-001514,00000000-0000-0000-0000-0000000003f8,40RF,17.3,inbound,00000000-0000-0000-0000-00000000012d,normal,reefer,True
SYN-CONT-001515,00000000-0000-0000-0000-0000000003f8,20GP,12.1,inbound,00000000-0000-0000-0000-00000000012f,normal,hazardous,True
SYN-CONT-001516,00000000-0000-0000-0000-0000000003f8,20GP,15.8,inbound,00000000-0000-0000-0000-00000000012c,normal,standard,True
SYN-CONT-001517,00000000-0000-0000-0000-0000000003f8,40GP,10.6,inbound,00000000-0000-0000-0000-000000000130,normal,standard,True
SYN-CONT-001518,00000000-0000-0000-0000-0000000003f8,20GP,16.1,inbound,00000000-0000-0000-0000-000000000130,normal,hazardous,True
SYN-CONT-001519,00000000-0000-0000-0000-0000000003f8,40GP,25.3,inbound,00000000-0000-0000-0000-000000000131,normal,reefer,True
SYN-CONT-001520,00000000-0000-0000-0000-0000000003f8,40GP,9.2,inbound,00000000-0000-0000-0000-00000000012c,normal,standard,True
SYN-CONT-001521,00000000-0000-0000-0000-0000000003f8,40GP,19.2,inbound,00000000-0000-0000-0000-00000000012d,normal,reefer,True
SYN-CONT-001522,00000000-0000-0000-0000-0000000003f8,20GP,22.5,inbound,00000000-0000-0000-0000-00000000012e,normal,standard,True
SYN-CONT-001523,00000000-0000-0000-0000-0000000003f8,40GP,13.7,inbound,00000000-0000-0000-0000-000000000130,normal,reefer,True
SYN-CONT-001524,00000000-0000-0000-0000-0000000003f8,40RF,9.0,inbound,00000000-0000-0000-0000-000000000131,normal,reefer,True
SYN-CONT-001525,00000000-0000-0000-0000-0000000003f8,20GP,12.0,inbound,00000000-0000-0000-0000-00000000012c,normal,hazardous,True
SYN-CONT-001526,00000000-0000-0000-0000-0000000003f8,40RF,19.6,inbound,00000000-0000-0000-0000-00000000012c,normal,reefer,True
SYN-CONT-001527,00000000-0000-0000-0000-0000000003f8,40GP,21.3,inbound,00000000-0000-0000-0000-00000000012e,normal,reefer,True
SYN-CONT-001528,00000000-0000-0000-0000-0000000003f8,40RF,12.5,inbound,00000000-0000-0000-0000-000000000131,normal,reefer,True
SYN-CONT-001529,00000000-0000-0000-0000-0000000003f8,40HC,25.5,inbound,00000000-0000-0000-0000-00000000012e,normal,standard,True
SYN-CONT-001530,00000000-0000-0000-0000-0000000003f8,40GP,13.3,inbound,00000000-0000-0000-0000-00000000012f,normal,standard,True
SYN-CONT-001531,00000000-0000-0000-0000-0000000003f8,40GP,28.1,inbound,00000000-0000-0000-0000-00000000012c,normal,reefer,True
SYN-CONT-001532,00000000-0000-0000-0000-0000000003f8,40RF,21.2,inbound,00000000-0000-0000-0000-00000000012c,normal,reefer,True
SYN-CONT-001533,00000000-0000-0000-0000-0000000003f8,40RF,11.3,inbound,00000000-0000-0000-0000-000000000130,normal,reefer,True
SYN-CONT-001534,00000000-0000-0000-0000-0000000003f8,40RF,12.0,inbound,00000000-0000-0000-0000-00000000012e,normal,reefer,True
SYN-CONT-001535,00000000-0000-0000-0000-0000000003f8,40GP,24.2,inbound,00000000-0000-0000-0000-000000000131,normal,reefer,True
SYN-CONT-001536,00000000-0000-0000-0000-0000000003f8,40HC,12.5,inbound,00000000-0000-0000-0000-00000000012d,normal,standard,True
SYN-CONT-001537,00000000-0000-0000-0000-0000000003f8,20GP,9.3,inbound,00000000-0000-0000-0000-00000000012d,normal,hazardous,True
SYN-CONT-001538,00000000-0000-0000-0000-0000000003f8,20GP,18.3,inbound,00000000-0000-0000-0000-00000000012d,normal,reefer,True
SYN-CONT-001539,00000000-0000-0000-0000-0000000003f8,40HC,27.9,inbound,00000000-0000-0000-0000-000000000130,normal,standard,True
SYN-CONT-001540,00000000-0000-0000-0000-0000000003f8,40GP,28.4,inbound,00000000-0000-0000-0000-000000000130,normal,hazardous,True
SYN-CONT-001541,00000000-0000-0000-0000-0000000003f8,40GP,17.3,inbound,00000000-0000-0000-0000-000000000130,normal,standard,True
SYN-CONT-001542,00000000-0000-0000-0000-0000000003f8,40RF,27.4,inbound,00000000-0000-0000-0000-00000000012d,normal,reefer,True
SYN-CONT-001543,00000000-0000-0000-0000-0000000003f8,40RF,26.8,inbound,00000000-0000-0000-0000-00000000012e,normal,reefer,True
SYN-CONT-001544,00000000-0000-0000-0000-0000000003f8,20GP,24.6,inbound,00000000-0000-0000-0000-00000000012d,normal,reefer,True
SYN-CONT-001545,00000000-0000-0000-0000-0000000003f8,40GP,17.8,inbound,00000000-0000-0000-0000-00000000012d,normal,standard,True
SYN-CONT-001546,00000000-0000-0000-0000-0000000003f8,40GP,28.2,inbound,00000000-0000-0000-0000-00000000012f,normal,hazardous,True
SYN-CONT-001547,00000000-0000-0000-0000-0000000003f8,20GP,30.3,inbound,00000000-0000-0000-0000-000000000131,normal,standard,True
SYN-CONT-001548,00000000-0000-0000-0000-0000000003f8,20GP,20.0,inbound,00000000-0000-0000-0000-00000000012f,normal,reefer,True
SYN-CONT-001549,00000000-0000-0000-0000-0000000003f8,20GP,19.1,inbound,00000000-0000-0000-0000-00000000012c,normal,reefer,True
SYN-CONT-001550,00000000-0000-0000-0000-0000000003f8,20GP,29.4,inbound,00000000-0000-0000-0000-00000000012d,normal,reefer,True
SYN-CONT-001551,00000000-0000-0000-0000-0000000003f8,40HC,13.4,inbound,00000000-0000-0000-0000-00000000012c,normal,standard,True
SYN-CONT-001552,00000000-0000-0000-0000-0000000003f8,20GP,23.1,inbound,00000000-0000-0000-0000-00000000012d,normal,reefer,True
SYN-CONT-001553,00000000-0000-0000-0000-0000000003f8,40RF,27.3,inbound,00000000-0000-0000-0000-000000000131,normal,reefer,True
SYN-CONT-001554,00000000-0000-0000-0000-0000000003f8,20GP,18.4,inbound,00000000-0000-0000-0000-00000000012d,normal,reefer,True
SYN-CONT-001555,00000000-0000-0000-0000-0000000003f8,40RF,12.2,inbound,00000000-0000-0000-0000-00000000012e,normal,reefer,True
SYN-CONT-001556,00000000-0000-0000-0000-0000000003f8,40RF,23.8,inbound,00000000-0000-0000-0000-00000000012c,normal,reefer,True
SYN-CONT-001557,00000000-0000-0000-0000-0000000003f8,20GP,28.1,inbound,00000000-0000-0000-0000-00000000012e,normal,reefer,True
SYN-CONT-001558,00000000-0000-0000-0000-0000000003f8,20GP,17.6,inbound,00000000-0000-0000-0000-00000000012e,normal,standard,True
SYN-CONT-001559,00000000-0000-0000-0000-0000000003f8,40GP,22.0,inbound,00000000-0000-0000-0000-00000000012e,normal,standard,True
SYN-CONT-001560,00000000-0000-0000-0000-0000000003f8,20GP,29.3,inbound,00000000-0000-0000-0000-000000000131,normal,hazardous,True
SYN-CONT-001561,00000000-0000-0000-0000-0000000003f8,40HC,10.5,inbound,00000000-0000-0000-0000-00000000012e,normal,standard,True
SYN-CONT-001562,00000000-0000-0000-0000-0000000003f8,40RF,21.9,inbound,00000000-0000-0000-0000-00000000012e,normal,reefer,True
SYN-CONT-001563,00000000-0000-0000-0000-0000000003f8,40HC,22.6,inbound,00000000-0000-0000-0000-000000000131,normal,standard,True
SYN-CONT-001564,00000000-0000-0000-0000-0000000003f8,20GP,24.0,inbound,00000000-0000-0000-0000-00000000012d,normal,hazardous,True
SYN-CONT-001565,00000000-0000-0000-0000-0000000003f9,40GP,13.4,inbound,00000000-0000-0000-0000-00000000012c,normal,standard,True
SYN-CONT-001566,00000000-0000-0000-0000-0000000003f9,40RF,24.6,inbound,00000000-0000-0000-0000-000000000130,normal,reefer,True
SYN-CONT-001567,00000000-0000-0000-0000-0000000003f9,40GP,15.2,inbound,00000000-0000-0000-0000-00000000012e,normal,standard,True
SYN-CONT-001568,00000000-0000-0000-0000-0000000003f9,40RF,14.2,inbound,00000000-0000-0000-0000-00000000012c,normal,reefer,True
SYN-CONT-001569,00000000-0000-0000-0000-0000000003f9,40HC,18.2,inbound,00000000-0000-0000-0000-000000000130,normal,standard,True
SYN-CONT-001570,00000000-0000-0000-0000-0000000003f9,20GP,24.0,inbound,00000000-0000-0000-0000-000000000131,normal,reefer,True
SYN-CONT-001571,00000000-0000-0000-0000-0000000003f9,40HC,22.0,inbound,00000000-0000-0000-0000-000000000131,normal,reefer,True
SYN-CONT-001572,00000000-0000-0000-0000-0000000003f9,20GP,28.1,inbound,00000000-0000-0000-0000-00000000012f,normal,standard,True
SYN-CONT-001573,00000000-0000-0000-0000-0000000003f9,20GP,16.8,inbound,00000000-0000-0000-0000-00000000012d,normal,standard,True
SYN-CONT-001574,00000000-0000-0000-0000-0000000003f9,40HC,10.5,inbound,00000000-0000-0000-0000-00000000012e,normal,standard,True
SYN-CONT-001575,00000000-0000-0000-0000-0000000003f9,20GP,19.2,inbound,00000000-0000-0000-0000-00000000012d,normal,standard,True
SYN-CONT-001576,00000000-0000-0000-0000-0000000003f9,20GP,17.4,inbound,00000000-0000-0000-0000-000000000131,normal,standard,True
SYN-CONT-001577,00000000-0000-0000-0000-0000000003f9,40GP,15.8,inbound,00000000-0000-0000-0000-00000000012f,normal,reefer,True
SYN-CONT-001578,00000000-0000-0000-0000-0000000003f9,20GP,12.3,inbound,00000000-0000-0000-0000-00000000012c,normal,standard,True
SYN-CONT-001579,00000000-0000-0000-0000-0000000003f9,40GP,22.5,inbound,00000000-0000-0000-0000-00000000012f,normal,hazardous,True
SYN-CONT-001580,00000000-0000-0000-0000-0000000003f9,40HC,18.9,inbound,00000000-0000-0000-0000-000000000131,normal,standard,True
SYN-CONT-001581,00000000-0000-0000-0000-0000000003f9,40RF,18.3,inbound,00000000-0000-0000-0000-000000000130,normal,reefer,True
SYN-CONT-001582,00000000-0000-0000-0000-0000000003f9,40GP,11.9,inbound,00000000-0000-0000-0000-00000000012e,normal,standard,True
SYN-CONT-001583,00000000-0000-0000-0000-0000000003f9,40GP,16.4,inbound,00000000-0000-0000-0000-00000000012e,normal,reefer,True
SYN-CONT-001584,00000000-0000-0000-0000-0000000003f9,20GP,15.9,inbound,00000000-0000-0000-0000-00000000012f,normal,standard,True
SYN-CONT-001585,00000000-0000-0000-0000-0000000003f9,40GP,28.8,inbound,00000000-0000-0000-0000-000000000131,normal,hazardous,True
SYN-CONT-001586,00000000-0000-0000-0000-0000000003f9,40HC,29.9,inbound,00000000-0000-0000-0000-000000000131,normal,standard,True
SYN-CONT-001587,00000000-0000-0000-0000-0000000003f9,40GP,13.4,inbound,00000000-0000-0000-0000-00000000012c,normal,standard,True
SYN-CONT-001588,00000000-0000-0000-0000-0000000003f9,40HC,10.8,inbound,00000000-0000-0000-0000-00000000012e,normal,hazardous,True
SYN-CONT-001589,00000000-0000-0000-0000-0000000003f9,40HC,12.6,inbound,00000000-0000-0000-0000-000000000131,normal,standard,True
SYN-CONT-001590,00000000-0000-0000-0000-0000000003f9,20GP,30.0,inbound,00000000-0000-0000-0000-00000000012d,normal,standard,True
SYN-CONT-001591,00000000-0000-0000-0000-0000000003f9,40HC,20.1,inbound,00000000-0000-0000-0000-00000000012d,normal,reefer,True
SYN-CONT-001592,00000000-0000-0000-0000-0000000003f9,40HC,28.7,inbound,00000000-0000-0000-0000-00000000012f,normal,standard,True
SYN-CONT-001593,00000000-0000-0000-0000-0000000003f9,40RF,25.3,inbound,00000000-0000-0000-0000-00000000012f,normal,reefer,True
SYN-CONT-001594,00000000-0000-0000-0000-0000000003f9,40HC,8.1,inbound,00000000-0000-0000-0000-000000000131,normal,standard,True
SYN-CONT-001595,00000000-0000-0000-0000-0000000003f9,40HC,18.7,inbound,00000000-0000-0000-0000-00000000012e,normal,standard,True
SYN-CONT-001596,00000000-0000-0000-0000-0000000003f9,40GP,24.4,inbound,00000000-0000-0000-0000-00000000012f,normal,hazardous,True
SYN-CONT-001597,00000000-0000-0000-0000-0000000003f9,40HC,24.5,inbound,00000000-0000-0000-0000-00000000012c,normal,standard,True
SYN-CONT-001598,00000000-0000-0000-0000-0000000003f9,40GP,10.6,inbound,00000000-0000-0000-0000-00000000012c,normal,hazardous,True
SYN-CONT-001599,00000000-0000-0000-0000-0000000003f9,40RF,21.9,inbound,00000000-0000-0000-0000-00000000012d,normal,reefer,True
SYN-CONT-001600,00000000-0000-0000-0000-0000000003f9,40RF,16.0,inbound,00000000-0000-0000-0000-00000000012e,normal,reefer,True
SYN-CONT-001601,00000000-0000-0000-0000-0000000003f9,20GP,22.4,inbound,00000000-0000-0000-0000-000000000130,normal,hazardous,True
SYN-CONT-001602,00000000-0000-0000-0000-0000000003f9,40GP,12.4,inbound,00000000-0000-0000-0000-00000000012c,normal,standard,True
SYN-CONT-001603,00000000-0000-0000-0000-0000000003f9,40RF,23.2,inbound,00000000-0000-0000-0000-00000000012c,normal,reefer,True
SYN-CONT-001604,00000000-0000-0000-0000-0000000003f9,40RF,12.4,inbound,00000000-0000-0000-0000-00000000012e,normal,reefer,True
SYN-CONT-001605,00000000-0000-0000-0000-0000000003f9,20GP,16.9,inbound,00000000-0000-0000-0000-000000000131,normal,standard,True
SYN-CONT-001606,00000000-0000-0000-0000-0000000003f9,40RF,16.3,inbound,00000000-0000-0000-0000-00000000012e,normal,reefer,True
SYN-CONT-001607,00000000-0000-0000-0000-0000000003f9,20GP,15.8,inbound,00000000-0000-0000-0000-00000000012e,normal,standard,True
SYN-CONT-001608,00000000-0000-0000-0000-0000000003f9,40RF,27.7,inbound,00000000-0000-0000-0000-00000000012c,normal,reefer,True
SYN-CONT-001609,00000000-0000-0000-0000-0000000003f9,40GP,24.7,inbound,00000000-0000-0000-0000-00000000012f,normal,reefer,True
SYN-CONT-001610,00000000-0000-0000-0000-0000000003f9,40RF,14.5,inbound,00000000-0000-0000-0000-000000000131,normal,reefer,True
SYN-CONT-001611,00000000-0000-0000-0000-0000000003f9,40RF,24.4,inbound,00000000-0000-0000-0000-00000000012f,normal,reefer,True
SYN-CONT-001612,00000000-0000-0000-0000-0000000003f9,40GP,21.5,inbound,00000000-0000-0000-0000-00000000012d,normal,hazardous,True
SYN-CONT-001613,00000000-0000-0000-0000-0000000003f9,40GP,18.7,inbound,00000000-0000-0000-0000-000000000130,normal,standard,True
SYN-CONT-001614,00000000-0000-0000-0000-0000000003f9,40HC,29.0,inbound,00000000-0000-0000-0000-000000000130,normal,standard,True
SYN-CONT-001615,00000000-0000-0000-0000-0000000003f9,40RF,10.0,inbound,00000000-0000-0000-0000-00000000012f,normal,reefer,True
SYN-CONT-001616,00000000-0000-0000-0000-0000000003f9,40HC,11.9,inbound,00000000-0000-0000-0000-00000000012f,normal,reefer,True
SYN-CONT-001617,00000000-0000-0000-0000-0000000003f9,40GP,12.2,inbound,00000000-0000-0000-0000-00000000012f,normal,standard,True
SYN-CONT-001618,00000000-0000-0000-0000-0000000003f9,40HC,19.0,inbound,00000000-0000-0000-0000-00000000012e,normal,hazardous,True
SYN-CONT-001619,00000000-0000-0000-0000-0000000003f9,40HC,20.6,inbound,00000000-0000-0000-0000-00000000012f,normal,reefer,True
SYN-CONT-001620,00000000-0000-0000-0000-0000000003f9,40GP,25.8,inbound,00000000-0000-0000-0000-00000000012d,normal,standard,True
SYN-CONT-001621,00000000-0000-0000-0000-0000000003f9,40HC,29.5,inbound,00000000-0000-0000-0000-000000000131,normal,standard,True
SYN-CONT-001622,00000000-0000-0000-0000-0000000003f9,40RF,10.8,inbound,00000000-0000-0000-0000-000000000131,normal,reefer,True
SYN-CONT-001623,00000000-0000-0000-0000-0000000003f9,40HC,12.0,inbound,00000000-0000-0000-0000-000000000131,normal,reefer,True
SYN-CONT-001624,00000000-0000-0000-0000-0000000003f9,40GP,10.7,inbound,00000000-0000-0000-0000-00000000012e,normal,standard,True
SYN-CONT-001625,00000000-0000-0000-0000-0000000003f9,40RF,30.4,inbound,00000000-0000-0000-0000-00000000012c,normal,reefer,True
SYN-CONT-001626,00000000-0000-0000-0000-0000000003f9,40HC,18.8,inbound,00000000-0000-0000-0000-00000000012f,normal,hazardous,True
SYN-CONT-001627,00000000-0000-0000-0000-0000000003f9,40HC,29.9,inbound,00000000-0000-0000-0000-00000000012c,normal,reefer,True
SYN-CONT-001628,00000000-0000-0000-0000-0000000003f9,40HC,24.5,inbound,00000000-0000-0000-0000-00000000012c,normal,hazardous,True
SYN-CONT-001629,00000000-0000-0000-0000-0000000003f9,40HC,21.1,inbound,00000000-0000-0000-0000-00000000012d,normal,standard,True
SYN-CONT-001630,00000000-0000-0000-0000-0000000003f9,40HC,27.8,inbound,00000000-0000-0000-0000-00000000012d,normal,reefer,True
SYN-CONT-001631,00000000-0000-0000-0000-0000000003f9,40HC,9.2,inbound,00000000-0000-0000-0000-00000000012e,normal,standard,True
SYN-CONT-001632,00000000-0000-0000-0000-0000000003f9,40RF,22.3,inbound,00000000-0000-0000-0000-00000000012e,normal,reefer,True
SYN-CONT-001633,00000000-0000-0000-0000-0000000003f9,20GP,14.6,inbound,00000000-0000-0000-0000-000000000131,normal,standard,True
SYN-CONT-001634,00000000-0000-0000-0000-0000000003f9,20GP,12.4,inbound,00000000-0000-0000-0000-000000000131,normal,hazardous,True
SYN-CONT-001635,00000000-0000-0000-0000-0000000003f9,40GP,21.5,inbound,00000000-0000-0000-0000-00000000012d,normal,standard,True
SYN-CONT-001636,00000000-0000-0000-0000-0000000003f9,40HC,26.6,inbound,00000000-0000-0000-0000-000000000131,normal,standard,True
SYN-CONT-001637,00000000-0000-0000-0000-0000000003f9,40HC,23.4,inbound,00000000-0000-0000-0000-000000000131,normal,standard,True
SYN-CONT-001638,00000000-0000-0000-0000-0000000003f9,40HC,20.0,inbound,00000000-0000-0000-0000-00000000012e,normal,standard,True
SYN-CONT-001639,00000000-0000-0000-0000-0000000003f9,40GP,11.1,inbound,00000000-0000-0000-0000-00000000012e,normal,standard,True
SYN-CONT-001640,00000000-0000-0000-0000-0000000003f9,40HC,17.3,inbound,00000000-0000-0000-0000-00000000012d,normal,reefer,True
SYN-CONT-001641,00000000-0000-0000-0000-0000000003f9,20GP,11.5,inbound,00000000-0000-0000-0000-00000000012d,normal,standard,True
SYN-CONT-001642,00000000-0000-0000-0000-0000000003f9,40GP,21.8,inbound,00000000-0000-0000-0000-000000000130,normal,hazardous,True
SYN-CONT-001643,00000000-0000-0000-0000-0000000003f9,20GP,18.4,inbound,00000000-0000-0000-0000-00000000012c,normal,reefer,True
SYN-CONT-001644,00000000-0000-0000-0000-0000000003f9,20GP,28.8,inbound,00000000-0000-0000-0000-00000000012f,normal,standard,True
SYN-CONT-001645,00000000-0000-0000-0000-0000000003f9,40HC,23.5,inbound,00000000-0000-0000-0000-00000000012d,normal,standard,True
SYN-CONT-001646,00000000-0000-0000-0000-0000000003f9,40RF,28.0,inbound,00000000-0000-0000-0000-000000000130,normal,reefer,True
SYN-CONT-001647,00000000-0000-0000-0000-0000000003f9,40HC,24.0,inbound,00000000-0000-0000-0000-00000000012c,normal,standard,True
SYN-CONT-001648,00000000-0000-0000-0000-0000000003f9,20GP,10.9,inbound,00000000-0000-0000-0000-000000000131,normal,standard,True
SYN-CONT-001649,00000000-0000-0000-0000-0000000003f9,40GP,14.9,inbound,00000000-0000-0000-0000-00000000012d,normal,standard,True
SYN-CONT-001650,00000000-0000-0000-0000-0000000003f9,40GP,17.6,inbound,00000000-0000-0000-0000-00000000012c,normal,standard,True
SYN-CONT-001651,00000000-0000-0000-0000-0000000003f9,20GP,25.4,inbound,00000000-0000-0000-0000-00000000012f,normal,standard,True
SYN-CONT-001652,00000000-0000-0000-0000-0000000003f9,20GP,10.4,inbound,00000000-0000-0000-0000-000000000131,normal,standard,True
SYN-CONT-001653,00000000-0000-0000-0000-0000000003f9,20GP,10.7,inbound,00000000-0000-0000-0000-00000000012e,normal,reefer,True
SYN-CONT-001654,00000000-0000-0000-0000-0000000003f9,20GP,14.8,inbound,00000000-0000-0000-0000-00000000012c,normal,standard,True
SYN-CONT-001655,00000000-0000-0000-0000-0000000003f9,20GP,28.7,inbound,00000000-0000-0000-0000-00000000012d,normal,standard,True
SYN-CONT-001656,00000000-0000-0000-0000-0000000003f9,40GP,23.1,inbound,00000000-0000-0000-0000-00000000012c,normal,standard,True
SYN-CONT-001657,00000000-0000-0000-0000-0000000003fa,20GP,27.0,inbound,00000000-0000-0000-0000-00000000012e,normal,standard,True
SYN-CONT-001658,00000000-0000-0000-0000-0000000003fa,40HC,11.6,inbound,00000000-0000-0000-0000-000000000130,normal,standard,True
SYN-CONT-001659,00000000-0000-0000-0000-0000000003fa,40GP,20.8,inbound,00000000-0000-0000-0000-00000000012c,normal,hazardous,True
SYN-CONT-001660,00000000-0000-0000-0000-0000000003fa,20GP,12.9,inbound,00000000-0000-0000-0000-00000000012d,normal,hazardous,True
SYN-CONT-001661,00000000-0000-0000-0000-0000000003fa,40HC,28.3,inbound,00000000-0000-0000-0000-000000000130,normal,standard,True
SYN-CONT-001662,00000000-0000-0000-0000-0000000003fa,20GP,28.8,inbound,00000000-0000-0000-0000-000000000130,normal,standard,True
SYN-CONT-001663,00000000-0000-0000-0000-0000000003fa,40RF,16.2,inbound,00000000-0000-0000-0000-000000000130,normal,reefer,True
SYN-CONT-001664,00000000-0000-0000-0000-0000000003fa,40GP,23.2,inbound,00000000-0000-0000-0000-00000000012c,normal,reefer,True
SYN-CONT-001665,00000000-0000-0000-0000-0000000003fa,40GP,30.1,inbound,00000000-0000-0000-0000-00000000012f,normal,standard,True
SYN-CONT-001666,00000000-0000-0000-0000-0000000003fa,40GP,13.1,inbound,00000000-0000-0000-0000-00000000012c,normal,hazardous,True
SYN-CONT-001667,00000000-0000-0000-0000-0000000003fa,40HC,18.5,inbound,00000000-0000-0000-0000-000000000130,normal,standard,True
SYN-CONT-001668,00000000-0000-0000-0000-0000000003fa,40GP,25.2,inbound,00000000-0000-0000-0000-000000000131,normal,reefer,True
SYN-CONT-001669,00000000-0000-0000-0000-0000000003fa,40HC,24.2,inbound,00000000-0000-0000-0000-00000000012c,normal,hazardous,True
SYN-CONT-001670,00000000-0000-0000-0000-0000000003fa,40HC,10.6,inbound,00000000-0000-0000-0000-00000000012e,normal,reefer,True
SYN-CONT-001671,00000000-0000-0000-0000-0000000003fa,40RF,21.5,inbound,00000000-0000-0000-0000-00000000012e,normal,reefer,True
SYN-CONT-001672,00000000-0000-0000-0000-0000000003fa,40RF,13.1,inbound,00000000-0000-0000-0000-00000000012f,normal,reefer,True
SYN-CONT-001673,00000000-0000-0000-0000-0000000003fa,40HC,12.2,inbound,00000000-0000-0000-0000-00000000012c,normal,reefer,True
SYN-CONT-001674,00000000-0000-0000-0000-0000000003fa,40RF,29.1,inbound,00000000-0000-0000-0000-00000000012e,normal,reefer,True
SYN-CONT-001675,00000000-0000-0000-0000-0000000003fa,40GP,30.5,inbound,00000000-0000-0000-0000-00000000012f,normal,standard,True
SYN-CONT-001676,00000000-0000-0000-0000-0000000003fa,20GP,17.9,inbound,00000000-0000-0000-0000-000000000131,normal,reefer,True
SYN-CONT-001677,00000000-0000-0000-0000-0000000003fa,20GP,11.2,inbound,00000000-0000-0000-0000-00000000012f,normal,standard,True
SYN-CONT-001678,00000000-0000-0000-0000-0000000003fa,20GP,9.5,inbound,00000000-0000-0000-0000-00000000012d,normal,standard,True
SYN-CONT-001679,00000000-0000-0000-0000-0000000003fa,40HC,21.4,inbound,00000000-0000-0000-0000-00000000012f,normal,standard,True
SYN-CONT-001680,00000000-0000-0000-0000-0000000003fa,20GP,26.9,inbound,00000000-0000-0000-0000-000000000131,normal,standard,True
SYN-CONT-001681,00000000-0000-0000-0000-0000000003fa,40RF,14.3,inbound,00000000-0000-0000-0000-000000000131,normal,reefer,True
SYN-CONT-001682,00000000-0000-0000-0000-0000000003fa,40HC,16.0,inbound,00000000-0000-0000-0000-000000000131,normal,reefer,True
SYN-CONT-001683,00000000-0000-0000-0000-0000000003fa,40RF,30.2,inbound,00000000-0000-0000-0000-000000000130,normal,reefer,True
SYN-CONT-001684,00000000-0000-0000-0000-0000000003fa,40HC,25.3,inbound,00000000-0000-0000-0000-00000000012c,normal,standard,True
SYN-CONT-001685,00000000-0000-0000-0000-0000000003fa,20GP,19.0,inbound,00000000-0000-0000-0000-00000000012d,normal,standard,True
SYN-CONT-001686,00000000-0000-0000-0000-0000000003fa,40GP,10.2,inbound,00000000-0000-0000-0000-00000000012c,normal,standard,True
SYN-CONT-001687,00000000-0000-0000-0000-0000000003fa,20GP,23.3,inbound,00000000-0000-0000-0000-00000000012d,normal,reefer,True
SYN-CONT-001688,00000000-0000-0000-0000-0000000003fa,40RF,21.6,inbound,00000000-0000-0000-0000-00000000012e,normal,reefer,True
SYN-CONT-001689,00000000-0000-0000-0000-0000000003fa,40GP,22.0,inbound,00000000-0000-0000-0000-00000000012c,normal,standard,True
SYN-CONT-001690,00000000-0000-0000-0000-0000000003fa,20GP,25.3,inbound,00000000-0000-0000-0000-00000000012f,normal,hazardous,True
SYN-CONT-001691,00000000-0000-0000-0000-0000000003fa,40GP,22.9,inbound,00000000-0000-0000-0000-00000000012f,normal,standard,True
SYN-CONT-001692,00000000-0000-0000-0000-0000000003fa,40HC,15.7,inbound,00000000-0000-0000-0000-000000000130,normal,hazardous,True
SYN-CONT-001693,00000000-0000-0000-0000-0000000003fa,20GP,30.3,inbound,00000000-0000-0000-0000-00000000012c,normal,standard,True
SYN-CONT-001694,00000000-0000-0000-0000-0000000003fa,40RF,18.1,inbound,00000000-0000-0000-0000-00000000012f,normal,reefer,True
SYN-CONT-001695,00000000-0000-0000-0000-0000000003fa,40RF,18.3,inbound,00000000-0000-0000-0000-00000000012c,normal,reefer,True
SYN-CONT-001696,00000000-0000-0000-0000-0000000003fa,40GP,22.8,inbound,00000000-0000-0000-0000-00000000012e,normal,hazardous,True
SYN-CONT-001697,00000000-0000-0000-0000-0000000003fa,40GP,17.7,inbound,00000000-0000-0000-0000-00000000012e,normal,reefer,True
SYN-CONT-001698,00000000-0000-0000-0000-0000000003fa,40RF,19.0,inbound,00000000-0000-0000-0000-00000000012c,normal,reefer,True
SYN-CONT-001699,00000000-0000-0000-0000-0000000003fa,40RF,22.9,inbound,00000000-0000-0000-0000-000000000131,normal,reefer,True
SYN-CONT-001700,00000000-0000-0000-0000-0000000003fa,40RF,18.7,inbound,00000000-0000-0000-0000-00000000012d,normal,reefer,True
SYN-CONT-001701,00000000-0000-0000-0000-0000000003fa,20GP,13.9,inbound,00000000-0000-0000-0000-000000000130,normal,reefer,True
SYN-CONT-001702,00000000-0000-0000-0000-0000000003fa,40RF,21.9,inbound,00000000-0000-0000-0000-00000000012e,normal,reefer,True
SYN-CONT-001703,00000000-0000-0000-0000-0000000003fa,40HC,9.4,inbound,00000000-0000-0000-0000-000000000130,normal,standard,True
SYN-CONT-001704,00000000-0000-0000-0000-0000000003fa,20GP,26.8,inbound,00000000-0000-0000-0000-00000000012e,normal,standard,True
SYN-CONT-001705,00000000-0000-0000-0000-0000000003fa,20GP,16.6,inbound,00000000-0000-0000-0000-00000000012f,normal,standard,True
SYN-CONT-001706,00000000-0000-0000-0000-0000000003fa,40HC,17.3,inbound,00000000-0000-0000-0000-00000000012c,normal,standard,True
SYN-CONT-001707,00000000-0000-0000-0000-0000000003fa,40GP,13.3,inbound,00000000-0000-0000-0000-00000000012e,normal,standard,True
SYN-CONT-001708,00000000-0000-0000-0000-0000000003fa,20GP,27.6,inbound,00000000-0000-0000-0000-00000000012c,normal,standard,True
SYN-CONT-001709,00000000-0000-0000-0000-0000000003fa,40HC,8.4,inbound,00000000-0000-0000-0000-00000000012e,normal,standard,True
SYN-CONT-001710,00000000-0000-0000-0000-0000000003fa,20GP,22.8,inbound,00000000-0000-0000-0000-00000000012f,normal,reefer,True
SYN-CONT-001711,00000000-0000-0000-0000-0000000003fa,40RF,14.0,inbound,00000000-0000-0000-0000-000000000131,normal,reefer,True
SYN-CONT-001712,00000000-0000-0000-0000-0000000003fa,40RF,21.2,inbound,00000000-0000-0000-0000-00000000012e,normal,reefer,True
SYN-CONT-001713,00000000-0000-0000-0000-0000000003fa,40RF,20.8,inbound,00000000-0000-0000-0000-00000000012e,normal,reefer,True
SYN-CONT-001714,00000000-0000-0000-0000-0000000003fa,20GP,10.3,inbound,00000000-0000-0000-0000-000000000131,normal,reefer,True
SYN-CONT-001715,00000000-0000-0000-0000-0000000003fa,40GP,19.2,inbound,00000000-0000-0000-0000-000000000131,normal,standard,True
SYN-CONT-001716,00000000-0000-0000-0000-0000000003fa,40HC,21.8,inbound,00000000-0000-0000-0000-00000000012e,normal,standard,True
SYN-CONT-001717,00000000-0000-0000-0000-0000000003fa,40RF,12.5,inbound,00000000-0000-0000-0000-000000000131,normal,reefer,True
SYN-CONT-001718,00000000-0000-0000-0000-0000000003fa,20GP,12.8,inbound,00000000-0000-0000-0000-00000000012e,normal,hazardous,True
SYN-CONT-001719,00000000-0000-0000-0000-0000000003fa,20GP,30.4,inbound,00000000-0000-0000-0000-00000000012f,normal,standard,True
SYN-CONT-001720,00000000-0000-0000-0000-0000000003fa,40GP,24.7,inbound,00000000-0000-0000-0000-00000000012c,normal,hazardous,True
SYN-CONT-001721,00000000-0000-0000-0000-0000000003fa,20GP,15.6,inbound,00000000-0000-0000-0000-00000000012c,normal,hazardous,True
SYN-CONT-001722,00000000-0000-0000-0000-0000000003fa,40RF,17.6,inbound,00000000-0000-0000-0000-00000000012e,normal,reefer,True
SYN-CONT-001723,00000000-0000-0000-0000-0000000003fa,20GP,19.4,inbound,00000000-0000-0000-0000-00000000012e,normal,standard,True
SYN-CONT-001724,00000000-0000-0000-0000-0000000003fa,40RF,22.9,inbound,00000000-0000-0000-0000-00000000012e,normal,reefer,True
SYN-CONT-001725,00000000-0000-0000-0000-0000000003fa,40GP,17.1,inbound,00000000-0000-0000-0000-000000000130,normal,reefer,True
SYN-CONT-001726,00000000-0000-0000-0000-0000000003fa,40RF,23.1,inbound,00000000-0000-0000-0000-000000000130,normal,reefer,True
SYN-CONT-001727,00000000-0000-0000-0000-0000000003fa,40GP,22.1,inbound,00000000-0000-0000-0000-000000000130,normal,standard,True
SYN-CONT-001728,00000000-0000-0000-0000-0000000003fa,40GP,19.2,inbound,00000000-0000-0000-0000-000000000131,normal,hazardous,True
SYN-CONT-001729,00000000-0000-0000-0000-0000000003fa,40RF,14.0,inbound,00000000-0000-0000-0000-000000000131,normal,reefer,True
SYN-CONT-001730,00000000-0000-0000-0000-0000000003fa,40RF,29.0,inbound,00000000-0000-0000-0000-000000000131,normal,reefer,True
SYN-CONT-001731,00000000-0000-0000-0000-0000000003fa,20GP,12.5,inbound,00000000-0000-0000-0000-00000000012f,normal,hazardous,True
SYN-CONT-001732,00000000-0000-0000-0000-0000000003fa,40GP,11.4,inbound,00000000-0000-0000-0000-000000000131,normal,standard,True
SYN-CONT-001733,00000000-0000-0000-0000-0000000003fa,40HC,17.2,inbound,00000000-0000-0000-0000-00000000012c,normal,reefer,True
SYN-CONT-001734,00000000-0000-0000-0000-0000000003fa,40GP,14.0,inbound,00000000-0000-0000-0000-00000000012e,normal,reefer,True
SYN-CONT-001735,00000000-0000-0000-0000-0000000003fa,40GP,23.5,inbound,00000000-0000-0000-0000-00000000012d,normal,standard,True
SYN-CONT-001736,00000000-0000-0000-0000-0000000003fa,40RF,13.4,inbound,00000000-0000-0000-0000-00000000012d,normal,reefer,True
SYN-CONT-001737,00000000-0000-0000-0000-0000000003fa,40GP,13.5,inbound,00000000-0000-0000-0000-00000000012e,normal,standard,True
SYN-CONT-001738,00000000-0000-0000-0000-0000000003fa,40RF,18.9,inbound,00000000-0000-0000-0000-00000000012f,normal,reefer,True
SYN-CONT-001739,00000000-0000-0000-0000-0000000003fa,40RF,22.6,inbound,00000000-0000-0000-0000-00000000012c,normal,reefer,True
SYN-CONT-001740,00000000-0000-0000-0000-0000000003fa,40GP,14.1,inbound,00000000-0000-0000-0000-00000000012c,normal,standard,True
SYN-CONT-001741,00000000-0000-0000-0000-0000000003fa,40HC,22.8,inbound,00000000-0000-0000-0000-00000000012d,normal,standard,True
SYN-CONT-001742,00000000-0000-0000-0000-0000000003fa,20GP,25.6,inbound,00000000-0000-0000-0000-00000000012c,normal,reefer,True
SYN-CONT-001743,00000000-0000-0000-0000-0000000003fa,20GP,21.5,inbound,00000000-0000-0000-0000-00000000012c,normal,standard,True
SYN-CONT-001744,00000000-0000-0000-0000-0000000003fa,40RF,28.2,inbound,00000000-0000-0000-0000-000000000131,normal,reefer,True
SYN-CONT-001745,00000000-0000-0000-0000-0000000003fa,20GP,29.2,inbound,00000000-0000-0000-0000-000000000131,normal,reefer,True
SYN-CONT-001746,00000000-0000-0000-0000-0000000003fa,40GP,10.5,inbound,00000000-0000-0000-0000-000000000131,normal,standard,True
SYN-CONT-001747,00000000-0000-0000-0000-0000000003fa,20GP,22.9,inbound,00000000-0000-0000-0000-000000000130,normal,hazardous,True
SYN-CONT-001748,00000000-0000-0000-0000-0000000003fa,40HC,27.9,inbound,00000000-0000-0000-0000-00000000012d,normal,reefer,True
SYN-CONT-001749,00000000-0000-0000-0000-0000000003fb,20GP,15.4,inbound,00000000-0000-0000-0000-000000000130,critical,standard,True
SYN-CONT-001750,00000000-0000-0000-0000-0000000003fb,40RF,26.1,inbound,00000000-0000-0000-0000-000000000131,critical,reefer,True
SYN-CONT-001751,00000000-0000-0000-0000-0000000003fb,40GP,12.9,inbound,00000000-0000-0000-0000-00000000012c,critical,reefer,True
SYN-CONT-001752,00000000-0000-0000-0000-0000000003fb,40GP,29.8,inbound,00000000-0000-0000-0000-00000000012f,critical,standard,True
SYN-CONT-001753,00000000-0000-0000-0000-0000000003fb,40RF,13.7,inbound,00000000-0000-0000-0000-000000000130,critical,reefer,True
SYN-CONT-001754,00000000-0000-0000-0000-0000000003fb,20GP,20.0,inbound,00000000-0000-0000-0000-000000000131,critical,reefer,True
SYN-CONT-001755,00000000-0000-0000-0000-0000000003fb,20GP,20.3,inbound,00000000-0000-0000-0000-00000000012f,critical,standard,True
SYN-CONT-001756,00000000-0000-0000-0000-0000000003fb,40GP,27.8,inbound,00000000-0000-0000-0000-00000000012d,critical,standard,True
SYN-CONT-001757,00000000-0000-0000-0000-0000000003fb,40HC,24.1,inbound,00000000-0000-0000-0000-00000000012e,critical,reefer,True
SYN-CONT-001758,00000000-0000-0000-0000-0000000003fb,20GP,8.8,inbound,00000000-0000-0000-0000-000000000131,critical,hazardous,True
SYN-CONT-001759,00000000-0000-0000-0000-0000000003fb,20GP,13.7,inbound,00000000-0000-0000-0000-00000000012f,critical,standard,True
SYN-CONT-001760,00000000-0000-0000-0000-0000000003fb,40HC,28.3,inbound,00000000-0000-0000-0000-000000000131,critical,standard,True
SYN-CONT-001761,00000000-0000-0000-0000-0000000003fb,20GP,27.5,inbound,00000000-0000-0000-0000-00000000012f,critical,hazardous,True
SYN-CONT-001762,00000000-0000-0000-0000-0000000003fb,40RF,8.2,inbound,00000000-0000-0000-0000-00000000012f,critical,reefer,True
SYN-CONT-001763,00000000-0000-0000-0000-0000000003fb,40HC,10.0,inbound,00000000-0000-0000-0000-00000000012d,critical,standard,True
SYN-CONT-001764,00000000-0000-0000-0000-0000000003fb,40HC,27.3,inbound,00000000-0000-0000-0000-00000000012d,critical,standard,True
SYN-CONT-001765,00000000-0000-0000-0000-0000000003fb,40RF,22.2,inbound,00000000-0000-0000-0000-000000000131,critical,reefer,True
SYN-CONT-001766,00000000-0000-0000-0000-0000000003fb,40RF,25.8,inbound,00000000-0000-0000-0000-00000000012e,critical,reefer,True
SYN-CONT-001767,00000000-0000-0000-0000-0000000003fb,20GP,18.6,inbound,00000000-0000-0000-0000-00000000012f,critical,reefer,True
SYN-CONT-001768,00000000-0000-0000-0000-0000000003fb,40HC,27.7,inbound,00000000-0000-0000-0000-00000000012c,critical,reefer,True
SYN-CONT-001769,00000000-0000-0000-0000-0000000003fb,40GP,19.4,inbound,00000000-0000-0000-0000-00000000012e,critical,standard,True
SYN-CONT-001770,00000000-0000-0000-0000-0000000003fb,40RF,21.5,inbound,00000000-0000-0000-0000-000000000130,critical,reefer,True
SYN-CONT-001771,00000000-0000-0000-0000-0000000003fb,40HC,23.6,inbound,00000000-0000-0000-0000-00000000012c,critical,reefer,True
SYN-CONT-001772,00000000-0000-0000-0000-0000000003fb,40GP,25.8,inbound,00000000-0000-0000-0000-00000000012d,critical,reefer,True
SYN-CONT-001773,00000000-0000-0000-0000-0000000003fb,20GP,12.5,inbound,00000000-0000-0000-0000-00000000012e,critical,reefer,True
SYN-CONT-001774,00000000-0000-0000-0000-0000000003fb,40HC,9.9,inbound,00000000-0000-0000-0000-00000000012d,critical,hazardous,True
SYN-CONT-001775,00000000-0000-0000-0000-0000000003fb,40GP,24.1,inbound,00000000-0000-0000-0000-000000000131,critical,hazardous,True
SYN-CONT-001776,00000000-0000-0000-0000-0000000003fb,40GP,23.4,inbound,00000000-0000-0000-0000-00000000012e,critical,hazardous,True
SYN-CONT-001777,00000000-0000-0000-0000-0000000003fb,40RF,18.8,inbound,00000000-0000-0000-0000-000000000131,critical,reefer,True
SYN-CONT-001778,00000000-0000-0000-0000-0000000003fb,40GP,11.9,inbound,00000000-0000-0000-0000-000000000130,critical,standard,True
SYN-CONT-001779,00000000-0000-0000-0000-0000000003fb,40HC,12.5,inbound,00000000-0000-0000-0000-00000000012f,critical,standard,True
SYN-CONT-001780,00000000-0000-0000-0000-0000000003fb,40HC,16.9,inbound,00000000-0000-0000-0000-00000000012f,critical,standard,True
SYN-CONT-001781,00000000-0000-0000-0000-0000000003fb,40GP,29.3,inbound,00000000-0000-0000-0000-000000000130,critical,standard,True
SYN-CONT-001782,00000000-0000-0000-0000-0000000003fb,40GP,29.9,inbound,00000000-0000-0000-0000-00000000012d,critical,standard,True
SYN-CONT-001783,00000000-0000-0000-0000-0000000003fb,40HC,9.1,inbound,00000000-0000-0000-0000-000000000130,critical,standard,True
SYN-CONT-001784,00000000-0000-0000-0000-0000000003fb,40RF,21.5,inbound,00000000-0000-0000-0000-00000000012d,critical,reefer,True
SYN-CONT-001785,00000000-0000-0000-0000-0000000003fb,20GP,11.8,inbound,00000000-0000-0000-0000-000000000130,critical,standard,True
SYN-CONT-001786,00000000-0000-0000-0000-0000000003fb,20GP,24.2,inbound,00000000-0000-0000-0000-00000000012f,critical,standard,True
SYN-CONT-001787,00000000-0000-0000-0000-0000000003fb,40RF,26.6,inbound,00000000-0000-0000-0000-00000000012f,critical,reefer,True
SYN-CONT-001788,00000000-0000-0000-0000-0000000003fb,20GP,24.1,inbound,00000000-0000-0000-0000-00000000012d,critical,standard,True
SYN-CONT-001789,00000000-0000-0000-0000-0000000003fb,40HC,24.8,inbound,00000000-0000-0000-0000-00000000012f,critical,standard,True
SYN-CONT-001790,00000000-0000-0000-0000-0000000003fb,40GP,27.3,inbound,00000000-0000-0000-0000-000000000130,critical,reefer,True
SYN-CONT-001791,00000000-0000-0000-0000-0000000003fb,40GP,24.4,inbound,00000000-0000-0000-0000-00000000012d,critical,standard,True
SYN-CONT-001792,00000000-0000-0000-0000-0000000003fb,40RF,12.1,inbound,00000000-0000-0000-0000-00000000012d,critical,reefer,True
SYN-CONT-001793,00000000-0000-0000-0000-0000000003fb,20GP,30.0,inbound,00000000-0000-0000-0000-00000000012d,critical,standard,True
SYN-CONT-001794,00000000-0000-0000-0000-0000000003fb,40RF,28.4,inbound,00000000-0000-0000-0000-00000000012e,critical,reefer,True
SYN-CONT-001795,00000000-0000-0000-0000-0000000003fb,40RF,9.9,inbound,00000000-0000-0000-0000-00000000012f,critical,reefer,True
SYN-CONT-001796,00000000-0000-0000-0000-0000000003fb,40GP,29.9,inbound,00000000-0000-0000-0000-00000000012f,critical,standard,True
SYN-CONT-001797,00000000-0000-0000-0000-0000000003fb,40GP,23.9,inbound,00000000-0000-0000-0000-000000000131,critical,reefer,True
SYN-CONT-001798,00000000-0000-0000-0000-0000000003fb,40HC,10.1,inbound,00000000-0000-0000-0000-00000000012c,critical,standard,True
SYN-CONT-001799,00000000-0000-0000-0000-0000000003fb,20GP,28.9,inbound,00000000-0000-0000-0000-00000000012f,critical,standard,True
SYN-CONT-001800,00000000-0000-0000-0000-0000000003fb,40HC,29.1,inbound,00000000-0000-0000-0000-000000000130,critical,hazardous,True
SYN-CONT-001801,00000000-0000-0000-0000-0000000003fb,20GP,13.7,inbound,00000000-0000-0000-0000-000000000130,critical,standard,True
SYN-CONT-001802,00000000-0000-0000-0000-0000000003fb,40RF,14.8,inbound,00000000-0000-0000-0000-00000000012f,critical,reefer,True
SYN-CONT-001803,00000000-0000-0000-0000-0000000003fb,40HC,29.8,inbound,00000000-0000-0000-0000-000000000130,critical,standard,True
SYN-CONT-001804,00000000-0000-0000-0000-0000000003fb,20GP,12.0,inbound,00000000-0000-0000-0000-00000000012d,critical,hazardous,True
SYN-CONT-001805,00000000-0000-0000-0000-0000000003fb,40RF,28.9,inbound,00000000-0000-0000-0000-00000000012f,critical,reefer,True
SYN-CONT-001806,00000000-0000-0000-0000-0000000003fb,40GP,15.1,inbound,00000000-0000-0000-0000-000000000130,critical,standard,True
SYN-CONT-001807,00000000-0000-0000-0000-0000000003fb,40RF,11.2,inbound,00000000-0000-0000-0000-00000000012c,critical,reefer,True
SYN-CONT-001808,00000000-0000-0000-0000-0000000003fb,40HC,30.0,inbound,00000000-0000-0000-0000-00000000012f,critical,standard,True
SYN-CONT-001809,00000000-0000-0000-0000-0000000003fb,40HC,28.8,inbound,00000000-0000-0000-0000-00000000012e,critical,standard,True
SYN-CONT-001810,00000000-0000-0000-0000-0000000003fb,40HC,26.7,inbound,00000000-0000-0000-0000-00000000012e,critical,hazardous,True
SYN-CONT-001811,00000000-0000-0000-0000-0000000003fb,40HC,28.1,inbound,00000000-0000-0000-0000-00000000012e,critical,reefer,True
SYN-CONT-001812,00000000-0000-0000-0000-0000000003fb,40RF,25.2,inbound,00000000-0000-0000-0000-00000000012d,critical,reefer,True
SYN-CONT-001813,00000000-0000-0000-0000-0000000003fb,40RF,9.2,inbound,00000000-0000-0000-0000-00000000012d,critical,reefer,True
SYN-CONT-001814,00000000-0000-0000-0000-0000000003fb,20GP,12.1,inbound,00000000-0000-0000-0000-00000000012f,critical,standard,True
SYN-CONT-001815,00000000-0000-0000-0000-0000000003fb,40HC,23.9,inbound,00000000-0000-0000-0000-00000000012f,critical,standard,True
SYN-CONT-001816,00000000-0000-0000-0000-0000000003fb,20GP,8.9,inbound,00000000-0000-0000-0000-00000000012e,critical,reefer,True
SYN-CONT-001817,00000000-0000-0000-0000-0000000003fb,40RF,18.3,inbound,00000000-0000-0000-0000-00000000012c,critical,reefer,True
SYN-CONT-001818,00000000-0000-0000-0000-0000000003fb,40GP,15.9,inbound,00000000-0000-0000-0000-00000000012d,critical,standard,True
SYN-CONT-001819,00000000-0000-0000-0000-0000000003fb,40HC,26.8,inbound,00000000-0000-0000-0000-000000000131,critical,standard,True
SYN-CONT-001820,00000000-0000-0000-0000-0000000003fb,40HC,28.0,inbound,00000000-0000-0000-0000-000000000130,critical,hazardous,True
SYN-CONT-001821,00000000-0000-0000-0000-0000000003fb,40GP,30.5,inbound,00000000-0000-0000-0000-00000000012c,critical,hazardous,True
SYN-CONT-001822,00000000-0000-0000-0000-0000000003fb,40GP,28.7,inbound,00000000-0000-0000-0000-00000000012d,critical,reefer,True
SYN-CONT-001823,00000000-0000-0000-0000-0000000003fb,40RF,23.2,inbound,00000000-0000-0000-0000-00000000012e,critical,reefer,True
SYN-CONT-001824,00000000-0000-0000-0000-0000000003fb,20GP,23.3,inbound,00000000-0000-0000-0000-000000000131,critical,standard,True
SYN-CONT-001825,00000000-0000-0000-0000-0000000003fb,20GP,16.4,inbound,00000000-0000-0000-0000-00000000012c,critical,reefer,True
SYN-CONT-001826,00000000-0000-0000-0000-0000000003fb,40HC,8.6,inbound,00000000-0000-0000-0000-00000000012f,critical,standard,True
SYN-CONT-001827,00000000-0000-0000-0000-0000000003fb,40RF,18.2,inbound,00000000-0000-0000-0000-00000000012e,critical,reefer,True
SYN-CONT-001828,00000000-0000-0000-0000-0000000003fb,20GP,29.8,inbound,00000000-0000-0000-0000-000000000131,critical,standard,True
SYN-CONT-001829,00000000-0000-0000-0000-0000000003fb,40RF,15.3,inbound,00000000-0000-0000-0000-000000000131,critical,reefer,True
SYN-CONT-001830,00000000-0000-0000-0000-0000000003fb,40GP,27.4,inbound,00000000-0000-0000-0000-000000000131,critical,standard,True
SYN-CONT-001831,00000000-0000-0000-0000-0000000003fb,40HC,26.0,inbound,00000000-0000-0000-0000-000000000131,critical,standard,True
SYN-CONT-001832,00000000-0000-0000-0000-0000000003fb,20GP,29.4,inbound,00000000-0000-0000-0000-00000000012f,critical,hazardous,True
SYN-CONT-001833,00000000-0000-0000-0000-0000000003fb,20GP,13.7,inbound,00000000-0000-0000-0000-00000000012d,critical,reefer,True
SYN-CONT-001834,00000000-0000-0000-0000-0000000003fb,40RF,10.0,inbound,00000000-0000-0000-0000-00000000012d,critical,reefer,True
SYN-CONT-001835,00000000-0000-0000-0000-0000000003fb,40GP,25.5,inbound,00000000-0000-0000-0000-00000000012e,critical,reefer,True
SYN-CONT-001836,00000000-0000-0000-0000-0000000003fb,40GP,14.7,inbound,00000000-0000-0000-0000-00000000012f,critical,standard,True
SYN-CONT-001837,00000000-0000-0000-0000-0000000003fb,40HC,11.0,inbound,00000000-0000-0000-0000-000000000131,critical,hazardous,True
SYN-CONT-001838,00000000-0000-0000-0000-0000000003fb,20GP,19.5,inbound,00000000-0000-0000-0000-00000000012f,critical,standard,True
SYN-CONT-001839,00000000-0000-0000-0000-0000000003fb,40RF,27.9,inbound,00000000-0000-0000-0000-00000000012f,critical,reefer,True
SYN-CONT-001840,00000000-0000-0000-0000-0000000003fb,40HC,21.5,inbound,00000000-0000-0000-0000-00000000012c,critical,hazardous,True
SYN-CONT-001841,00000000-0000-0000-0000-0000000003fc,40RF,26.2,inbound,00000000-0000-0000-0000-000000000130,high,reefer,True
SYN-CONT-001842,00000000-0000-0000-0000-0000000003fc,40GP,22.2,inbound,00000000-0000-0000-0000-00000000012c,high,reefer,True
SYN-CONT-001843,00000000-0000-0000-0000-0000000003fc,20GP,15.7,inbound,00000000-0000-0000-0000-00000000012f,high,hazardous,True
SYN-CONT-001844,00000000-0000-0000-0000-0000000003fc,40GP,28.9,inbound,00000000-0000-0000-0000-000000000130,high,standard,True
SYN-CONT-001845,00000000-0000-0000-0000-0000000003fc,20GP,18.5,inbound,00000000-0000-0000-0000-00000000012c,high,standard,True
SYN-CONT-001846,00000000-0000-0000-0000-0000000003fc,40RF,14.8,inbound,00000000-0000-0000-0000-00000000012d,high,reefer,True
SYN-CONT-001847,00000000-0000-0000-0000-0000000003fc,40HC,19.8,inbound,00000000-0000-0000-0000-00000000012e,high,standard,True
SYN-CONT-001848,00000000-0000-0000-0000-0000000003fc,20GP,9.7,inbound,00000000-0000-0000-0000-00000000012c,high,hazardous,True
SYN-CONT-001849,00000000-0000-0000-0000-0000000003fc,20GP,17.6,inbound,00000000-0000-0000-0000-00000000012c,high,hazardous,True
SYN-CONT-001850,00000000-0000-0000-0000-0000000003fc,40RF,22.9,inbound,00000000-0000-0000-0000-000000000130,high,reefer,True
SYN-CONT-001851,00000000-0000-0000-0000-0000000003fc,40HC,13.7,inbound,00000000-0000-0000-0000-00000000012c,high,standard,True
SYN-CONT-001852,00000000-0000-0000-0000-0000000003fc,20GP,24.7,inbound,00000000-0000-0000-0000-00000000012f,high,standard,True
SYN-CONT-001853,00000000-0000-0000-0000-0000000003fc,40GP,27.0,inbound,00000000-0000-0000-0000-00000000012c,high,standard,True
SYN-CONT-001854,00000000-0000-0000-0000-0000000003fc,20GP,27.7,inbound,00000000-0000-0000-0000-00000000012e,high,reefer,True
SYN-CONT-001855,00000000-0000-0000-0000-0000000003fc,40HC,24.3,inbound,00000000-0000-0000-0000-000000000131,high,hazardous,True
SYN-CONT-001856,00000000-0000-0000-0000-0000000003fc,40RF,22.0,inbound,00000000-0000-0000-0000-00000000012e,high,reefer,True
SYN-CONT-001857,00000000-0000-0000-0000-0000000003fc,40HC,12.7,inbound,00000000-0000-0000-0000-00000000012c,high,standard,True
SYN-CONT-001858,00000000-0000-0000-0000-0000000003fc,40HC,17.8,inbound,00000000-0000-0000-0000-00000000012c,high,standard,True
SYN-CONT-001859,00000000-0000-0000-0000-0000000003fc,20GP,10.6,inbound,00000000-0000-0000-0000-00000000012d,high,reefer,True
SYN-CONT-001860,00000000-0000-0000-0000-0000000003fc,40RF,18.4,inbound,00000000-0000-0000-0000-00000000012f,high,reefer,True
SYN-CONT-001861,00000000-0000-0000-0000-0000000003fc,40RF,14.8,inbound,00000000-0000-0000-0000-000000000130,high,reefer,True
SYN-CONT-001862,00000000-0000-0000-0000-0000000003fc,40HC,26.1,inbound,00000000-0000-0000-0000-00000000012c,high,reefer,True
SYN-CONT-001863,00000000-0000-0000-0000-0000000003fc,40GP,8.3,inbound,00000000-0000-0000-0000-00000000012c,high,standard,True
SYN-CONT-001864,00000000-0000-0000-0000-0000000003fc,20GP,27.3,inbound,00000000-0000-0000-0000-00000000012d,high,standard,True
SYN-CONT-001865,00000000-0000-0000-0000-0000000003fc,40RF,22.6,inbound,00000000-0000-0000-0000-000000000131,high,reefer,True
SYN-CONT-001866,00000000-0000-0000-0000-0000000003fc,40GP,26.9,inbound,00000000-0000-0000-0000-000000000130,high,reefer,True
SYN-CONT-001867,00000000-0000-0000-0000-0000000003fc,40GP,14.8,inbound,00000000-0000-0000-0000-00000000012f,high,standard,True
SYN-CONT-001868,00000000-0000-0000-0000-0000000003fc,40GP,17.5,inbound,00000000-0000-0000-0000-00000000012c,high,reefer,True
SYN-CONT-001869,00000000-0000-0000-0000-0000000003fc,40GP,24.6,inbound,00000000-0000-0000-0000-00000000012f,high,standard,True
SYN-CONT-001870,00000000-0000-0000-0000-0000000003fc,40RF,18.6,inbound,00000000-0000-0000-0000-00000000012f,high,reefer,True
SYN-CONT-001871,00000000-0000-0000-0000-0000000003fc,40GP,14.6,inbound,00000000-0000-0000-0000-00000000012f,high,standard,True
SYN-CONT-001872,00000000-0000-0000-0000-0000000003fc,20GP,8.2,inbound,00000000-0000-0000-0000-000000000131,high,standard,True
SYN-CONT-001873,00000000-0000-0000-0000-0000000003fc,40RF,30.0,inbound,00000000-0000-0000-0000-00000000012f,high,reefer,True
SYN-CONT-001874,00000000-0000-0000-0000-0000000003fc,40HC,19.0,inbound,00000000-0000-0000-0000-00000000012f,high,standard,True
SYN-CONT-001875,00000000-0000-0000-0000-0000000003fc,40RF,13.2,inbound,00000000-0000-0000-0000-00000000012c,high,reefer,True
SYN-CONT-001876,00000000-0000-0000-0000-0000000003fc,20GP,21.0,inbound,00000000-0000-0000-0000-000000000130,high,reefer,True
SYN-CONT-001877,00000000-0000-0000-0000-0000000003fc,20GP,28.1,inbound,00000000-0000-0000-0000-00000000012f,high,standard,True
SYN-CONT-001878,00000000-0000-0000-0000-0000000003fc,40RF,10.6,inbound,00000000-0000-0000-0000-000000000130,high,reefer,True
SYN-CONT-001879,00000000-0000-0000-0000-0000000003fc,40HC,23.7,inbound,00000000-0000-0000-0000-00000000012c,high,reefer,True
SYN-CONT-001880,00000000-0000-0000-0000-0000000003fc,40GP,24.3,inbound,00000000-0000-0000-0000-00000000012f,high,standard,True
SYN-CONT-001881,00000000-0000-0000-0000-0000000003fc,40HC,13.2,inbound,00000000-0000-0000-0000-00000000012d,high,reefer,True
SYN-CONT-001882,00000000-0000-0000-0000-0000000003fc,40HC,27.2,inbound,00000000-0000-0000-0000-000000000131,high,hazardous,True
SYN-CONT-001883,00000000-0000-0000-0000-0000000003fc,40RF,11.0,inbound,00000000-0000-0000-0000-00000000012e,high,reefer,True
SYN-CONT-001884,00000000-0000-0000-0000-0000000003fc,40RF,29.6,inbound,00000000-0000-0000-0000-000000000131,high,reefer,True
SYN-CONT-001885,00000000-0000-0000-0000-0000000003fc,40HC,26.0,inbound,00000000-0000-0000-0000-00000000012d,high,reefer,True
SYN-CONT-001886,00000000-0000-0000-0000-0000000003fc,40GP,23.5,inbound,00000000-0000-0000-0000-00000000012c,high,standard,True
SYN-CONT-001887,00000000-0000-0000-0000-0000000003fc,40RF,10.9,inbound,00000000-0000-0000-0000-00000000012d,high,reefer,True
SYN-CONT-001888,00000000-0000-0000-0000-0000000003fc,40GP,19.1,inbound,00000000-0000-0000-0000-00000000012f,high,hazardous,True
SYN-CONT-001889,00000000-0000-0000-0000-0000000003fc,40RF,14.8,inbound,00000000-0000-0000-0000-00000000012d,high,reefer,True
SYN-CONT-001890,00000000-0000-0000-0000-0000000003fc,20GP,16.1,inbound,00000000-0000-0000-0000-00000000012e,high,standard,True
SYN-CONT-001891,00000000-0000-0000-0000-0000000003fc,40HC,11.9,inbound,00000000-0000-0000-0000-000000000130,high,standard,True
SYN-CONT-001892,00000000-0000-0000-0000-0000000003fc,20GP,15.6,inbound,00000000-0000-0000-0000-00000000012c,high,standard,True
SYN-CONT-001893,00000000-0000-0000-0000-0000000003fc,40GP,20.6,inbound,00000000-0000-0000-0000-00000000012f,high,standard,True
SYN-CONT-001894,00000000-0000-0000-0000-0000000003fc,40HC,25.7,inbound,00000000-0000-0000-0000-00000000012c,high,standard,True
SYN-CONT-001895,00000000-0000-0000-0000-0000000003fc,40HC,27.2,inbound,00000000-0000-0000-0000-000000000130,high,standard,True
SYN-CONT-001896,00000000-0000-0000-0000-0000000003fc,20GP,28.8,inbound,00000000-0000-0000-0000-00000000012f,high,standard,True
SYN-CONT-001897,00000000-0000-0000-0000-0000000003fc,40RF,29.7,inbound,00000000-0000-0000-0000-00000000012c,high,reefer,True
SYN-CONT-001898,00000000-0000-0000-0000-0000000003fc,20GP,21.7,inbound,00000000-0000-0000-0000-00000000012c,high,hazardous,True
SYN-CONT-001899,00000000-0000-0000-0000-0000000003fc,20GP,10.4,inbound,00000000-0000-0000-0000-000000000131,high,hazardous,True
SYN-CONT-001900,00000000-0000-0000-0000-0000000003fc,20GP,28.5,inbound,00000000-0000-0000-0000-00000000012d,high,standard,True
SYN-CONT-001901,00000000-0000-0000-0000-0000000003fc,40HC,25.1,inbound,00000000-0000-0000-0000-00000000012f,high,reefer,True
SYN-CONT-001902,00000000-0000-0000-0000-0000000003fc,20GP,22.6,inbound,00000000-0000-0000-0000-00000000012e,high,standard,True
SYN-CONT-001903,00000000-0000-0000-0000-0000000003fc,40GP,27.1,inbound,00000000-0000-0000-0000-00000000012f,high,standard,True
SYN-CONT-001904,00000000-0000-0000-0000-0000000003fc,40RF,25.3,inbound,00000000-0000-0000-0000-00000000012c,high,reefer,True
SYN-CONT-001905,00000000-0000-0000-0000-0000000003fc,40GP,15.7,inbound,00000000-0000-0000-0000-000000000130,high,reefer,True
SYN-CONT-001906,00000000-0000-0000-0000-0000000003fc,40GP,14.0,inbound,00000000-0000-0000-0000-000000000131,high,standard,True
SYN-CONT-001907,00000000-0000-0000-0000-0000000003fc,40RF,16.1,inbound,00000000-0000-0000-0000-000000000131,high,reefer,True
SYN-CONT-001908,00000000-0000-0000-0000-0000000003fc,40GP,24.9,inbound,00000000-0000-0000-0000-000000000130,high,standard,True
SYN-CONT-001909,00000000-0000-0000-0000-0000000003fc,40RF,25.7,inbound,00000000-0000-0000-0000-00000000012d,high,reefer,True
SYN-CONT-001910,00000000-0000-0000-0000-0000000003fc,40RF,17.3,inbound,00000000-0000-0000-0000-00000000012f,high,reefer,True
SYN-CONT-001911,00000000-0000-0000-0000-0000000003fc,40RF,29.4,inbound,00000000-0000-0000-0000-000000000130,high,reefer,True
SYN-CONT-001912,00000000-0000-0000-0000-0000000003fc,40HC,18.0,inbound,00000000-0000-0000-0000-00000000012c,high,standard,True
SYN-CONT-001913,00000000-0000-0000-0000-0000000003fc,20GP,15.6,inbound,00000000-0000-0000-0000-00000000012f,high,standard,True
SYN-CONT-001914,00000000-0000-0000-0000-0000000003fc,40GP,9.4,inbound,00000000-0000-0000-0000-00000000012c,high,reefer,True
SYN-CONT-001915,00000000-0000-0000-0000-0000000003fc,40GP,9.3,inbound,00000000-0000-0000-0000-000000000131,high,hazardous,True
SYN-CONT-001916,00000000-0000-0000-0000-0000000003fc,40HC,17.0,inbound,00000000-0000-0000-0000-000000000131,high,reefer,True
SYN-CONT-001917,00000000-0000-0000-0000-0000000003fc,40HC,28.5,inbound,00000000-0000-0000-0000-00000000012c,high,standard,True
SYN-CONT-001918,00000000-0000-0000-0000-0000000003fc,40HC,21.7,inbound,00000000-0000-0000-0000-00000000012d,high,hazardous,True
SYN-CONT-001919,00000000-0000-0000-0000-0000000003fc,40RF,18.0,inbound,00000000-0000-0000-0000-00000000012d,high,reefer,True
SYN-CONT-001920,00000000-0000-0000-0000-0000000003fc,40RF,23.7,inbound,00000000-0000-0000-0000-000000000131,high,reefer,True
SYN-CONT-001921,00000000-0000-0000-0000-0000000003fc,40RF,25.4,inbound,00000000-0000-0000-0000-00000000012e,high,reefer,True
SYN-CONT-001922,00000000-0000-0000-0000-0000000003fc,20GP,20.1,inbound,00000000-0000-0000-0000-00000000012f,high,standard,True
SYN-CONT-001923,00000000-0000-0000-0000-0000000003fc,40GP,30.3,inbound,00000000-0000-0000-0000-00000000012e,high,hazardous,True
SYN-CONT-001924,00000000-0000-0000-0000-0000000003fc,40GP,19.5,inbound,00000000-0000-0000-0000-00000000012e,high,standard,True
SYN-CONT-001925,00000000-0000-0000-0000-0000000003fc,40HC,8.5,inbound,00000000-0000-0000-0000-000000000130,high,standard,True
SYN-CONT-001926,00000000-0000-0000-0000-0000000003fc,40HC,26.7,inbound,00000000-0000-0000-0000-00000000012e,high,standard,True
SYN-CONT-001927,00000000-0000-0000-0000-0000000003fc,40RF,30.2,inbound,00000000-0000-0000-0000-00000000012c,high,reefer,True
SYN-CONT-001928,00000000-0000-0000-0000-0000000003fc,20GP,13.8,inbound,00000000-0000-0000-0000-000000000130,high,standard,True
SYN-CONT-001929,00000000-0000-0000-0000-0000000003fc,40HC,9.1,inbound,00000000-0000-0000-0000-000000000131,high,standard,True
SYN-CONT-001930,00000000-0000-0000-0000-0000000003fc,20GP,14.7,inbound,00000000-0000-0000-0000-000000000131,high,reefer,True
SYN-CONT-001931,00000000-0000-0000-0000-0000000003fc,20GP,15.6,inbound,00000000-0000-0000-0000-00000000012d,high,reefer,True
SYN-CONT-001932,00000000-0000-0000-0000-0000000003fc,40GP,14.7,inbound,00000000-0000-0000-0000-000000000131,high,standard,True
SYN-CONT-001933,00000000-0000-0000-0000-0000000003fd,40GP,19.7,inbound,00000000-0000-0000-0000-00000000012d,low,reefer,True
SYN-CONT-001934,00000000-0000-0000-0000-0000000003fd,20GP,19.6,inbound,00000000-0000-0000-0000-00000000012d,low,standard,True
SYN-CONT-001935,00000000-0000-0000-0000-0000000003fd,40HC,10.2,inbound,00000000-0000-0000-0000-000000000131,low,reefer,True
SYN-CONT-001936,00000000-0000-0000-0000-0000000003fd,40RF,26.6,inbound,00000000-0000-0000-0000-00000000012c,low,reefer,True
SYN-CONT-001937,00000000-0000-0000-0000-0000000003fd,20GP,17.6,inbound,00000000-0000-0000-0000-00000000012d,low,standard,True
SYN-CONT-001938,00000000-0000-0000-0000-0000000003fd,40RF,12.8,inbound,00000000-0000-0000-0000-00000000012c,low,reefer,True
SYN-CONT-001939,00000000-0000-0000-0000-0000000003fd,40HC,17.1,inbound,00000000-0000-0000-0000-000000000130,low,hazardous,True
SYN-CONT-001940,00000000-0000-0000-0000-0000000003fd,40RF,27.6,inbound,00000000-0000-0000-0000-000000000130,low,reefer,True
SYN-CONT-001941,00000000-0000-0000-0000-0000000003fd,40RF,22.3,inbound,00000000-0000-0000-0000-00000000012f,low,reefer,True
SYN-CONT-001942,00000000-0000-0000-0000-0000000003fd,40RF,24.5,inbound,00000000-0000-0000-0000-00000000012f,low,reefer,True
SYN-CONT-001943,00000000-0000-0000-0000-0000000003fd,40GP,19.4,inbound,00000000-0000-0000-0000-00000000012f,low,standard,True
SYN-CONT-001944,00000000-0000-0000-0000-0000000003fd,40RF,10.9,inbound,00000000-0000-0000-0000-000000000131,low,reefer,True
SYN-CONT-001945,00000000-0000-0000-0000-0000000003fd,20GP,18.2,inbound,00000000-0000-0000-0000-00000000012c,low,standard,True
SYN-CONT-001946,00000000-0000-0000-0000-0000000003fd,40GP,16.3,inbound,00000000-0000-0000-0000-00000000012c,low,hazardous,True
SYN-CONT-001947,00000000-0000-0000-0000-0000000003fd,40RF,10.5,inbound,00000000-0000-0000-0000-00000000012e,low,reefer,True
SYN-CONT-001948,00000000-0000-0000-0000-0000000003fd,40HC,19.8,inbound,00000000-0000-0000-0000-00000000012c,low,standard,True
SYN-CONT-001949,00000000-0000-0000-0000-0000000003fd,40HC,30.3,inbound,00000000-0000-0000-0000-00000000012e,low,standard,True
SYN-CONT-001950,00000000-0000-0000-0000-0000000003fd,40HC,8.6,inbound,00000000-0000-0000-0000-00000000012d,low,reefer,True
SYN-CONT-001951,00000000-0000-0000-0000-0000000003fd,40GP,17.5,inbound,00000000-0000-0000-0000-00000000012e,low,hazardous,True
SYN-CONT-001952,00000000-0000-0000-0000-0000000003fd,40HC,12.1,inbound,00000000-0000-0000-0000-000000000131,low,standard,True
SYN-CONT-001953,00000000-0000-0000-0000-0000000003fd,40RF,8.0,inbound,00000000-0000-0000-0000-000000000130,low,reefer,True
SYN-CONT-001954,00000000-0000-0000-0000-0000000003fd,40HC,27.6,inbound,00000000-0000-0000-0000-00000000012f,low,standard,True
SYN-CONT-001955,00000000-0000-0000-0000-0000000003fd,40RF,20.9,inbound,00000000-0000-0000-0000-000000000130,low,reefer,True
SYN-CONT-001956,00000000-0000-0000-0000-0000000003fd,40RF,28.3,inbound,00000000-0000-0000-0000-00000000012f,low,reefer,True
SYN-CONT-001957,00000000-0000-0000-0000-0000000003fd,40RF,26.8,inbound,00000000-0000-0000-0000-000000000130,low,reefer,True
SYN-CONT-001958,00000000-0000-0000-0000-0000000003fd,40GP,19.4,inbound,00000000-0000-0000-0000-00000000012f,low,standard,True
SYN-CONT-001959,00000000-0000-0000-0000-0000000003fd,40RF,23.0,inbound,00000000-0000-0000-0000-00000000012d,low,reefer,True
SYN-CONT-001960,00000000-0000-0000-0000-0000000003fd,40HC,26.0,inbound,00000000-0000-0000-0000-000000000131,low,standard,True
SYN-CONT-001961,00000000-0000-0000-0000-0000000003fd,40RF,16.7,inbound,00000000-0000-0000-0000-00000000012f,low,reefer,True
SYN-CONT-001962,00000000-0000-0000-0000-0000000003fd,40HC,9.0,inbound,00000000-0000-0000-0000-000000000131,low,hazardous,True
SYN-CONT-001963,00000000-0000-0000-0000-0000000003fd,40RF,24.6,inbound,00000000-0000-0000-0000-000000000131,low,reefer,True
SYN-CONT-001964,00000000-0000-0000-0000-0000000003fd,20GP,23.9,inbound,00000000-0000-0000-0000-000000000130,low,standard,True
SYN-CONT-001965,00000000-0000-0000-0000-0000000003fd,40HC,22.5,inbound,00000000-0000-0000-0000-000000000131,low,hazardous,True
SYN-CONT-001966,00000000-0000-0000-0000-0000000003fd,20GP,29.5,inbound,00000000-0000-0000-0000-000000000130,low,standard,True
SYN-CONT-001967,00000000-0000-0000-0000-0000000003fd,20GP,19.7,inbound,00000000-0000-0000-0000-00000000012f,low,hazardous,True
SYN-CONT-001968,00000000-0000-0000-0000-0000000003fd,20GP,22.8,inbound,00000000-0000-0000-0000-000000000130,low,standard,True
SYN-CONT-001969,00000000-0000-0000-0000-0000000003fd,40GP,14.2,inbound,00000000-0000-0000-0000-00000000012d,low,standard,True
SYN-CONT-001970,00000000-0000-0000-0000-0000000003fd,40GP,18.0,inbound,00000000-0000-0000-0000-000000000130,low,hazardous,True
SYN-CONT-001971,00000000-0000-0000-0000-0000000003fd,40HC,21.3,inbound,00000000-0000-0000-0000-00000000012f,low,reefer,True
SYN-CONT-001972,00000000-0000-0000-0000-0000000003fd,20GP,17.8,inbound,00000000-0000-0000-0000-00000000012f,low,standard,True
SYN-CONT-001973,00000000-0000-0000-0000-0000000003fd,20GP,15.1,inbound,00000000-0000-0000-0000-00000000012e,low,hazardous,True
SYN-CONT-001974,00000000-0000-0000-0000-0000000003fd,20GP,30.0,inbound,00000000-0000-0000-0000-000000000130,low,standard,True
SYN-CONT-001975,00000000-0000-0000-0000-0000000003fd,40GP,11.2,inbound,00000000-0000-0000-0000-00000000012e,low,standard,True
SYN-CONT-001976,00000000-0000-0000-0000-0000000003fd,20GP,14.9,inbound,00000000-0000-0000-0000-00000000012f,low,standard,True
SYN-CONT-001977,00000000-0000-0000-0000-0000000003fd,40GP,21.8,inbound,00000000-0000-0000-0000-00000000012e,low,standard,True
SYN-CONT-001978,00000000-0000-0000-0000-0000000003fd,40GP,24.0,inbound,00000000-0000-0000-0000-00000000012e,low,standard,True
SYN-CONT-001979,00000000-0000-0000-0000-0000000003fd,40RF,10.2,inbound,00000000-0000-0000-0000-00000000012d,low,reefer,True
SYN-CONT-001980,00000000-0000-0000-0000-0000000003fd,40RF,28.1,inbound,00000000-0000-0000-0000-00000000012e,low,reefer,True
SYN-CONT-001981,00000000-0000-0000-0000-0000000003fd,40RF,29.2,inbound,00000000-0000-0000-0000-00000000012c,low,reefer,True
SYN-CONT-001982,00000000-0000-0000-0000-0000000003fd,20GP,13.4,inbound,00000000-0000-0000-0000-000000000130,low,standard,True
SYN-CONT-001983,00000000-0000-0000-0000-0000000003fd,40GP,19.4,inbound,00000000-0000-0000-0000-000000000130,low,reefer,True
SYN-CONT-001984,00000000-0000-0000-0000-0000000003fd,40RF,29.4,inbound,00000000-0000-0000-0000-00000000012e,low,reefer,True
SYN-CONT-001985,00000000-0000-0000-0000-0000000003fd,20GP,18.5,inbound,00000000-0000-0000-0000-00000000012f,low,standard,True
SYN-CONT-001986,00000000-0000-0000-0000-0000000003fd,20GP,8.7,inbound,00000000-0000-0000-0000-000000000131,low,reefer,True
SYN-CONT-001987,00000000-0000-0000-0000-0000000003fd,40GP,14.1,inbound,00000000-0000-0000-0000-000000000130,low,standard,True
SYN-CONT-001988,00000000-0000-0000-0000-0000000003fd,20GP,25.2,inbound,00000000-0000-0000-0000-000000000131,low,standard,True
SYN-CONT-001989,00000000-0000-0000-0000-0000000003fd,40GP,20.8,inbound,00000000-0000-0000-0000-00000000012f,low,standard,True
SYN-CONT-001990,00000000-0000-0000-0000-0000000003fd,20GP,12.6,inbound,00000000-0000-0000-0000-00000000012d,low,hazardous,True
SYN-CONT-001991,00000000-0000-0000-0000-0000000003fd,40HC,30.2,inbound,00000000-0000-0000-0000-00000000012d,low,hazardous,True
SYN-CONT-001992,00000000-0000-0000-0000-0000000003fd,40RF,29.6,inbound,00000000-0000-0000-0000-000000000130,low,reefer,True
SYN-CONT-001993,00000000-0000-0000-0000-0000000003fd,40RF,8.9,inbound,00000000-0000-0000-0000-00000000012f,low,reefer,True
SYN-CONT-001994,00000000-0000-0000-0000-0000000003fd,40HC,8.0,inbound,00000000-0000-0000-0000-00000000012f,low,standard,True
SYN-CONT-001995,00000000-0000-0000-0000-0000000003fd,40HC,13.6,inbound,00000000-0000-0000-0000-000000000131,low,hazardous,True
SYN-CONT-001996,00000000-0000-0000-0000-0000000003fd,40RF,30.5,inbound,00000000-0000-0000-0000-000000000131,low,reefer,True
SYN-CONT-001997,00000000-0000-0000-0000-0000000003fd,40GP,26.9,inbound,00000000-0000-0000-0000-00000000012e,low,hazardous,True
SYN-CONT-001998,00000000-0000-0000-0000-0000000003fd,20GP,24.6,inbound,00000000-0000-0000-0000-000000000130,low,standard,True
SYN-CONT-001999,00000000-0000-0000-0000-0000000003fd,20GP,10.0,inbound,00000000-0000-0000-0000-000000000131,low,standard,True
SYN-CONT-002000,00000000-0000-0000-0000-0000000003fd,20GP,24.3,inbound,00000000-0000-0000-0000-00000000012e,low,standard,True
SYN-CONT-002001,00000000-0000-0000-0000-0000000003fd,40RF,12.7,inbound,00000000-0000-0000-0000-000000000130,low,reefer,True
SYN-CONT-002002,00000000-0000-0000-0000-0000000003fd,40HC,22.3,inbound,00000000-0000-0000-0000-000000000131,low,standard,True
SYN-CONT-002003,00000000-0000-0000-0000-0000000003fd,40RF,14.1,inbound,00000000-0000-0000-0000-000000000131,low,reefer,True
SYN-CONT-002004,00000000-0000-0000-0000-0000000003fd,40HC,12.7,inbound,00000000-0000-0000-0000-000000000130,low,standard,True
SYN-CONT-002005,00000000-0000-0000-0000-0000000003fd,40HC,28.6,inbound,00000000-0000-0000-0000-00000000012d,low,standard,True
SYN-CONT-002006,00000000-0000-0000-0000-0000000003fd,20GP,18.7,inbound,00000000-0000-0000-0000-00000000012c,low,hazardous,True
SYN-CONT-002007,00000000-0000-0000-0000-0000000003fd,40GP,20.5,inbound,00000000-0000-0000-0000-000000000131,low,reefer,True
SYN-CONT-002008,00000000-0000-0000-0000-0000000003fd,40RF,25.2,inbound,00000000-0000-0000-0000-000000000130,low,reefer,True
SYN-CONT-002009,00000000-0000-0000-0000-0000000003fd,20GP,20.1,inbound,00000000-0000-0000-0000-000000000131,low,standard,True
SYN-CONT-002010,00000000-0000-0000-0000-0000000003fd,40RF,23.1,inbound,00000000-0000-0000-0000-00000000012e,low,reefer,True
SYN-CONT-002011,00000000-0000-0000-0000-0000000003fd,40RF,26.6,inbound,00000000-0000-0000-0000-00000000012e,low,reefer,True
SYN-CONT-002012,00000000-0000-0000-0000-0000000003fd,40RF,12.0,inbound,00000000-0000-0000-0000-000000000131,low,reefer,True
SYN-CONT-002013,00000000-0000-0000-0000-0000000003fd,20GP,18.4,inbound,00000000-0000-0000-0000-00000000012d,low,standard,True
SYN-CONT-002014,00000000-0000-0000-0000-0000000003fd,40RF,8.2,inbound,00000000-0000-0000-0000-000000000131,low,reefer,True
SYN-CONT-002015,00000000-0000-0000-0000-0000000003fd,20GP,23.3,inbound,00000000-0000-0000-0000-000000000131,low,standard,True
SYN-CONT-002016,00000000-0000-0000-0000-0000000003fd,40HC,10.0,inbound,00000000-0000-0000-0000-000000000130,low,standard,True
SYN-CONT-002017,00000000-0000-0000-0000-0000000003fd,40HC,13.3,inbound,00000000-0000-0000-0000-00000000012f,low,standard,True
SYN-CONT-002018,00000000-0000-0000-0000-0000000003fd,40HC,14.3,inbound,00000000-0000-0000-0000-000000000131,low,standard,True
SYN-CONT-002019,00000000-0000-0000-0000-0000000003fd,40GP,12.4,inbound,00000000-0000-0000-0000-000000000131,low,standard,True
SYN-CONT-002020,00000000-0000-0000-0000-0000000003fd,40RF,10.5,inbound,00000000-0000-0000-0000-00000000012e,low,reefer,True
SYN-CONT-002021,00000000-0000-0000-0000-0000000003fd,40RF,11.8,inbound,00000000-0000-0000-0000-00000000012d,low,reefer,True
SYN-CONT-002022,00000000-0000-0000-0000-0000000003fd,40GP,21.2,inbound,00000000-0000-0000-0000-000000000131,low,standard,True
SYN-CONT-002023,00000000-0000-0000-0000-0000000003fd,20GP,13.8,inbound,00000000-0000-0000-0000-000000000130,low,standard,True
SYN-CONT-002024,00000000-0000-0000-0000-0000000003fd,40GP,24.4,inbound,00000000-0000-0000-0000-00000000012e,low,hazardous,True
SYN-CONT-002025,00000000-0000-0000-0000-0000000003fe,40GP,30.3,inbound,00000000-0000-0000-0000-000000000131,low,standard,True
SYN-CONT-002026,00000000-0000-0000-0000-0000000003fe,40HC,27.9,inbound,00000000-0000-0000-0000-00000000012c,low,hazardous,True
SYN-CONT-002027,00000000-0000-0000-0000-0000000003fe,40RF,22.4,inbound,00000000-0000-0000-0000-000000000131,low,reefer,True
SYN-CONT-002028,00000000-0000-0000-0000-0000000003fe,20GP,17.7,inbound,00000000-0000-0000-0000-00000000012f,low,standard,True
SYN-CONT-002029,00000000-0000-0000-0000-0000000003fe,40HC,23.3,inbound,00000000-0000-0000-0000-00000000012f,low,standard,True
SYN-CONT-002030,00000000-0000-0000-0000-0000000003fe,40RF,16.1,inbound,00000000-0000-0000-0000-00000000012c,low,reefer,True
SYN-CONT-002031,00000000-0000-0000-0000-0000000003fe,40GP,14.3,inbound,00000000-0000-0000-0000-00000000012f,low,standard,True
SYN-CONT-002032,00000000-0000-0000-0000-0000000003fe,40RF,15.1,inbound,00000000-0000-0000-0000-00000000012f,low,reefer,True
SYN-CONT-002033,00000000-0000-0000-0000-0000000003fe,40GP,9.8,inbound,00000000-0000-0000-0000-000000000130,low,standard,True
SYN-CONT-002034,00000000-0000-0000-0000-0000000003fe,20GP,30.0,inbound,00000000-0000-0000-0000-00000000012f,low,standard,True
SYN-CONT-002035,00000000-0000-0000-0000-0000000003fe,20GP,12.4,inbound,00000000-0000-0000-0000-00000000012e,low,standard,True
SYN-CONT-002036,00000000-0000-0000-0000-0000000003fe,40HC,22.1,inbound,00000000-0000-0000-0000-00000000012c,low,standard,True
SYN-CONT-002037,00000000-0000-0000-0000-0000000003fe,20GP,17.7,inbound,00000000-0000-0000-0000-00000000012c,low,reefer,True
SYN-CONT-002038,00000000-0000-0000-0000-0000000003fe,40HC,13.6,inbound,00000000-0000-0000-0000-00000000012f,low,standard,True
SYN-CONT-002039,00000000-0000-0000-0000-0000000003fe,40GP,26.7,inbound,00000000-0000-0000-0000-00000000012e,low,standard,True
SYN-CONT-002040,00000000-0000-0000-0000-0000000003fe,40GP,25.5,inbound,00000000-0000-0000-0000-000000000130,low,standard,True
SYN-CONT-002041,00000000-0000-0000-0000-0000000003fe,40RF,25.2,inbound,00000000-0000-0000-0000-000000000131,low,reefer,True
SYN-CONT-002042,00000000-0000-0000-0000-0000000003fe,40RF,21.0,inbound,00000000-0000-0000-0000-00000000012c,low,reefer,True
SYN-CONT-002043,00000000-0000-0000-0000-0000000003fe,20GP,16.5,inbound,00000000-0000-0000-0000-000000000131,low,standard,True
SYN-CONT-002044,00000000-0000-0000-0000-0000000003fe,20GP,9.4,inbound,00000000-0000-0000-0000-00000000012f,low,standard,True
SYN-CONT-002045,00000000-0000-0000-0000-0000000003fe,20GP,21.7,inbound,00000000-0000-0000-0000-00000000012f,low,standard,True
SYN-CONT-002046,00000000-0000-0000-0000-0000000003fe,20GP,23.2,inbound,00000000-0000-0000-0000-000000000130,low,standard,True
SYN-CONT-002047,00000000-0000-0000-0000-0000000003fe,20GP,27.1,inbound,00000000-0000-0000-0000-00000000012f,low,standard,True
SYN-CONT-002048,00000000-0000-0000-0000-0000000003fe,20GP,24.9,inbound,00000000-0000-0000-0000-00000000012d,low,hazardous,True
SYN-CONT-002049,00000000-0000-0000-0000-0000000003fe,20GP,16.6,inbound,00000000-0000-0000-0000-00000000012f,low,reefer,True
SYN-CONT-002050,00000000-0000-0000-0000-0000000003fe,20GP,22.6,inbound,00000000-0000-0000-0000-000000000131,low,standard,True
SYN-CONT-002051,00000000-0000-0000-0000-0000000003fe,20GP,19.6,inbound,00000000-0000-0000-0000-000000000130,low,reefer,True
SYN-CONT-002052,00000000-0000-0000-0000-0000000003fe,40GP,10.3,inbound,00000000-0000-0000-0000-000000000130,low,standard,True
SYN-CONT-002053,00000000-0000-0000-0000-0000000003fe,20GP,25.8,inbound,00000000-0000-0000-0000-00000000012d,low,hazardous,True
SYN-CONT-002054,00000000-0000-0000-0000-0000000003fe,40GP,13.8,inbound,00000000-0000-0000-0000-00000000012f,low,hazardous,True
SYN-CONT-002055,00000000-0000-0000-0000-0000000003fe,40RF,24.3,inbound,00000000-0000-0000-0000-00000000012f,low,reefer,True
SYN-CONT-002056,00000000-0000-0000-0000-0000000003fe,40GP,11.1,inbound,00000000-0000-0000-0000-00000000012c,low,standard,True
SYN-CONT-002057,00000000-0000-0000-0000-0000000003fe,20GP,15.0,inbound,00000000-0000-0000-0000-00000000012f,low,standard,True
SYN-CONT-002058,00000000-0000-0000-0000-0000000003fe,40HC,21.1,inbound,00000000-0000-0000-0000-000000000130,low,standard,True
SYN-CONT-002059,00000000-0000-0000-0000-0000000003fe,40GP,18.6,inbound,00000000-0000-0000-0000-000000000130,low,standard,True
SYN-CONT-002060,00000000-0000-0000-0000-0000000003fe,40HC,16.3,inbound,00000000-0000-0000-0000-00000000012c,low,standard,True
SYN-CONT-002061,00000000-0000-0000-0000-0000000003fe,40GP,13.3,inbound,00000000-0000-0000-0000-000000000130,low,standard,True
SYN-CONT-002062,00000000-0000-0000-0000-0000000003fe,20GP,15.7,inbound,00000000-0000-0000-0000-00000000012d,low,reefer,True
SYN-CONT-002063,00000000-0000-0000-0000-0000000003fe,40GP,15.7,inbound,00000000-0000-0000-0000-000000000131,low,standard,True
SYN-CONT-002064,00000000-0000-0000-0000-0000000003fe,40RF,23.6,inbound,00000000-0000-0000-0000-00000000012f,low,reefer,True
SYN-CONT-002065,00000000-0000-0000-0000-0000000003fe,40HC,20.7,inbound,00000000-0000-0000-0000-00000000012e,low,hazardous,True
SYN-CONT-002066,00000000-0000-0000-0000-0000000003fe,40HC,15.4,inbound,00000000-0000-0000-0000-00000000012c,low,reefer,True
SYN-CONT-002067,00000000-0000-0000-0000-0000000003fe,40RF,27.7,inbound,00000000-0000-0000-0000-00000000012c,low,reefer,True
SYN-CONT-002068,00000000-0000-0000-0000-0000000003fe,40RF,12.9,inbound,00000000-0000-0000-0000-00000000012c,low,reefer,True
SYN-CONT-002069,00000000-0000-0000-0000-0000000003fe,40GP,18.5,inbound,00000000-0000-0000-0000-00000000012d,low,standard,True
SYN-CONT-002070,00000000-0000-0000-0000-0000000003fe,40GP,24.5,inbound,00000000-0000-0000-0000-00000000012e,low,reefer,True
SYN-CONT-002071,00000000-0000-0000-0000-0000000003fe,40RF,12.6,inbound,00000000-0000-0000-0000-00000000012d,low,reefer,True
SYN-CONT-002072,00000000-0000-0000-0000-0000000003fe,20GP,8.2,inbound,00000000-0000-0000-0000-00000000012e,low,standard,True
SYN-CONT-002073,00000000-0000-0000-0000-0000000003fe,20GP,10.6,inbound,00000000-0000-0000-0000-00000000012e,low,hazardous,True
SYN-CONT-002074,00000000-0000-0000-0000-0000000003fe,40RF,12.4,inbound,00000000-0000-0000-0000-000000000130,low,reefer,True
SYN-CONT-002075,00000000-0000-0000-0000-0000000003fe,40HC,29.9,inbound,00000000-0000-0000-0000-00000000012d,low,standard,True
SYN-CONT-002076,00000000-0000-0000-0000-0000000003fe,40GP,11.9,inbound,00000000-0000-0000-0000-00000000012e,low,standard,True
SYN-CONT-002077,00000000-0000-0000-0000-0000000003fe,40GP,27.1,inbound,00000000-0000-0000-0000-00000000012d,low,standard,True
SYN-CONT-002078,00000000-0000-0000-0000-0000000003fe,40GP,8.5,inbound,00000000-0000-0000-0000-00000000012e,low,standard,True
SYN-CONT-002079,00000000-0000-0000-0000-0000000003fe,20GP,26.7,inbound,00000000-0000-0000-0000-00000000012d,low,standard,True
SYN-CONT-002080,00000000-0000-0000-0000-0000000003fe,40RF,22.7,inbound,00000000-0000-0000-0000-00000000012c,low,reefer,True
SYN-CONT-002081,00000000-0000-0000-0000-0000000003fe,40HC,14.9,inbound,00000000-0000-0000-0000-00000000012d,low,standard,True
SYN-CONT-002082,00000000-0000-0000-0000-0000000003fe,40HC,22.9,inbound,00000000-0000-0000-0000-000000000130,low,standard,True
SYN-CONT-002083,00000000-0000-0000-0000-0000000003fe,40RF,27.8,inbound,00000000-0000-0000-0000-00000000012c,low,reefer,True
SYN-CONT-002084,00000000-0000-0000-0000-0000000003fe,20GP,27.9,inbound,00000000-0000-0000-0000-00000000012d,low,standard,True
SYN-CONT-002085,00000000-0000-0000-0000-0000000003fe,40GP,20.0,inbound,00000000-0000-0000-0000-000000000131,low,standard,True
SYN-CONT-002086,00000000-0000-0000-0000-0000000003fe,40HC,21.5,inbound,00000000-0000-0000-0000-000000000131,low,standard,True
SYN-CONT-002087,00000000-0000-0000-0000-0000000003fe,40GP,25.2,inbound,00000000-0000-0000-0000-000000000130,low,standard,True
SYN-CONT-002088,00000000-0000-0000-0000-0000000003fe,40GP,14.6,inbound,00000000-0000-0000-0000-00000000012d,low,hazardous,True
SYN-CONT-002089,00000000-0000-0000-0000-0000000003fe,40HC,9.2,inbound,00000000-0000-0000-0000-00000000012e,low,standard,True
SYN-CONT-002090,00000000-0000-0000-0000-0000000003fe,40GP,29.8,inbound,00000000-0000-0000-0000-00000000012f,low,hazardous,True
SYN-CONT-002091,00000000-0000-0000-0000-0000000003fe,40GP,25.7,inbound,00000000-0000-0000-0000-000000000131,low,standard,True
SYN-CONT-002092,00000000-0000-0000-0000-0000000003fe,20GP,19.4,inbound,00000000-0000-0000-0000-000000000131,low,standard,True
SYN-CONT-002093,00000000-0000-0000-0000-0000000003fe,40HC,19.7,inbound,00000000-0000-0000-0000-00000000012d,low,reefer,True
SYN-CONT-002094,00000000-0000-0000-0000-0000000003fe,40HC,19.8,inbound,00000000-0000-0000-0000-00000000012f,low,standard,True
SYN-CONT-002095,00000000-0000-0000-0000-0000000003fe,40RF,18.7,inbound,00000000-0000-0000-0000-000000000130,low,reefer,True
SYN-CONT-002096,00000000-0000-0000-0000-0000000003fe,40RF,22.4,inbound,00000000-0000-0000-0000-000000000130,low,reefer,True
SYN-CONT-002097,00000000-0000-0000-0000-0000000003fe,20GP,12.9,inbound,00000000-0000-0000-0000-00000000012d,low,standard,True
SYN-CONT-002098,00000000-0000-0000-0000-0000000003fe,40RF,27.4,inbound,00000000-0000-0000-0000-00000000012f,low,reefer,True
SYN-CONT-002099,00000000-0000-0000-0000-0000000003fe,40GP,17.6,inbound,00000000-0000-0000-0000-00000000012f,low,standard,True
SYN-CONT-002100,00000000-0000-0000-0000-0000000003fe,40GP,13.7,inbound,00000000-0000-0000-0000-00000000012c,low,standard,True
SYN-CONT-002101,00000000-0000-0000-0000-0000000003fe,40GP,14.6,inbound,00000000-0000-0000-0000-000000000130,low,standard,True
SYN-CONT-002102,00000000-0000-0000-0000-0000000003fe,40HC,21.1,inbound,00000000-0000-0000-0000-00000000012f,low,standard,True
SYN-CONT-002103,00000000-0000-0000-0000-0000000003fe,40HC,18.2,inbound,00000000-0000-0000-0000-00000000012f,low,reefer,True
SYN-CONT-002104,00000000-0000-0000-0000-0000000003fe,40RF,16.3,inbound,00000000-0000-0000-0000-00000000012f,low,reefer,True
SYN-CONT-002105,00000000-0000-0000-0000-0000000003fe,40HC,16.6,inbound,00000000-0000-0000-0000-00000000012d,low,standard,True
SYN-CONT-002106,00000000-0000-0000-0000-0000000003fe,40RF,13.3,inbound,00000000-0000-0000-0000-000000000131,low,reefer,True
SYN-CONT-002107,00000000-0000-0000-0000-0000000003fe,20GP,28.3,inbound,00000000-0000-0000-0000-00000000012e,low,standard,True
SYN-CONT-002108,00000000-0000-0000-0000-0000000003fe,20GP,28.8,inbound,00000000-0000-0000-0000-00000000012c,low,standard,True
SYN-CONT-002109,00000000-0000-0000-0000-0000000003fe,20GP,16.1,inbound,00000000-0000-0000-0000-000000000130,low,standard,True
SYN-CONT-002110,00000000-0000-0000-0000-0000000003fe,40GP,12.4,inbound,00000000-0000-0000-0000-00000000012e,low,standard,True
SYN-CONT-002111,00000000-0000-0000-0000-0000000003fe,40HC,24.8,inbound,00000000-0000-0000-0000-000000000131,low,standard,True
SYN-CONT-002112,00000000-0000-0000-0000-0000000003fe,40HC,23.9,inbound,00000000-0000-0000-0000-00000000012d,low,standard,True
SYN-CONT-002113,00000000-0000-0000-0000-0000000003fe,40HC,25.3,inbound,00000000-0000-0000-0000-00000000012e,low,standard,True
SYN-CONT-002114,00000000-0000-0000-0000-0000000003fe,40HC,29.3,inbound,00000000-0000-0000-0000-000000000130,low,reefer,True
SYN-CONT-002115,00000000-0000-0000-0000-0000000003fe,20GP,22.7,inbound,00000000-0000-0000-0000-00000000012d,low,reefer,True
SYN-CONT-002116,00000000-0000-0000-0000-0000000003fe,40RF,13.1,inbound,00000000-0000-0000-0000-000000000131,low,reefer,True
SYN-CONT-002117,00000000-0000-0000-0000-0000000003ff,40GP,13.3,inbound,00000000-0000-0000-0000-000000000130,normal,reefer,True
SYN-CONT-002118,00000000-0000-0000-0000-0000000003ff,40RF,24.3,inbound,00000000-0000-0000-0000-00000000012f,normal,reefer,True
SYN-CONT-002119,00000000-0000-0000-0000-0000000003ff,40HC,15.0,inbound,00000000-0000-0000-0000-00000000012d,normal,standard,True
SYN-CONT-002120,00000000-0000-0000-0000-0000000003ff,40RF,25.3,inbound,00000000-0000-0000-0000-000000000131,normal,reefer,True
SYN-CONT-002121,00000000-0000-0000-0000-0000000003ff,40RF,12.7,inbound,00000000-0000-0000-0000-00000000012f,normal,reefer,True
SYN-CONT-002122,00000000-0000-0000-0000-0000000003ff,20GP,11.1,inbound,00000000-0000-0000-0000-00000000012d,normal,standard,True
SYN-CONT-002123,00000000-0000-0000-0000-0000000003ff,40HC,19.2,inbound,00000000-0000-0000-0000-000000000131,normal,standard,True
SYN-CONT-002124,00000000-0000-0000-0000-0000000003ff,40HC,13.1,inbound,00000000-0000-0000-0000-00000000012f,normal,standard,True
SYN-CONT-002125,00000000-0000-0000-0000-0000000003ff,40RF,25.2,inbound,00000000-0000-0000-0000-000000000131,normal,reefer,True
SYN-CONT-002126,00000000-0000-0000-0000-0000000003ff,40HC,21.2,inbound,00000000-0000-0000-0000-000000000130,normal,standard,True
SYN-CONT-002127,00000000-0000-0000-0000-0000000003ff,20GP,11.5,inbound,00000000-0000-0000-0000-00000000012e,normal,standard,True
SYN-CONT-002128,00000000-0000-0000-0000-0000000003ff,40RF,30.1,inbound,00000000-0000-0000-0000-00000000012d,normal,reefer,True
SYN-CONT-002129,00000000-0000-0000-0000-0000000003ff,40RF,9.4,inbound,00000000-0000-0000-0000-00000000012f,normal,reefer,True
SYN-CONT-002130,00000000-0000-0000-0000-0000000003ff,40GP,10.4,inbound,00000000-0000-0000-0000-000000000130,normal,reefer,True
SYN-CONT-002131,00000000-0000-0000-0000-0000000003ff,40RF,22.4,inbound,00000000-0000-0000-0000-00000000012e,normal,reefer,True
SYN-CONT-002132,00000000-0000-0000-0000-0000000003ff,20GP,10.3,inbound,00000000-0000-0000-0000-000000000130,normal,standard,True
SYN-CONT-002133,00000000-0000-0000-0000-0000000003ff,40GP,26.6,inbound,00000000-0000-0000-0000-000000000130,normal,standard,True
SYN-CONT-002134,00000000-0000-0000-0000-0000000003ff,40RF,8.6,inbound,00000000-0000-0000-0000-00000000012d,normal,reefer,True
SYN-CONT-002135,00000000-0000-0000-0000-0000000003ff,20GP,14.4,inbound,00000000-0000-0000-0000-00000000012d,normal,reefer,True
SYN-CONT-002136,00000000-0000-0000-0000-0000000003ff,40HC,9.6,inbound,00000000-0000-0000-0000-00000000012c,normal,hazardous,True
SYN-CONT-002137,00000000-0000-0000-0000-0000000003ff,40HC,8.2,inbound,00000000-0000-0000-0000-00000000012e,normal,hazardous,True
SYN-CONT-002138,00000000-0000-0000-0000-0000000003ff,40RF,16.8,inbound,00000000-0000-0000-0000-00000000012c,normal,reefer,True
SYN-CONT-002139,00000000-0000-0000-0000-0000000003ff,40GP,17.4,inbound,00000000-0000-0000-0000-000000000131,normal,hazardous,True
SYN-CONT-002140,00000000-0000-0000-0000-0000000003ff,20GP,29.5,inbound,00000000-0000-0000-0000-00000000012d,normal,reefer,True
SYN-CONT-002141,00000000-0000-0000-0000-0000000003ff,40GP,15.0,inbound,00000000-0000-0000-0000-000000000131,normal,standard,True
SYN-CONT-002142,00000000-0000-0000-0000-0000000003ff,40RF,11.6,inbound,00000000-0000-0000-0000-000000000130,normal,reefer,True
SYN-CONT-002143,00000000-0000-0000-0000-0000000003ff,40HC,12.6,inbound,00000000-0000-0000-0000-000000000131,normal,hazardous,True
SYN-CONT-002144,00000000-0000-0000-0000-0000000003ff,40RF,14.2,inbound,00000000-0000-0000-0000-00000000012c,normal,reefer,True
SYN-CONT-002145,00000000-0000-0000-0000-0000000003ff,40GP,9.4,inbound,00000000-0000-0000-0000-00000000012f,normal,reefer,True
SYN-CONT-002146,00000000-0000-0000-0000-0000000003ff,40GP,15.4,inbound,00000000-0000-0000-0000-000000000130,normal,hazardous,True
SYN-CONT-002147,00000000-0000-0000-0000-0000000003ff,40RF,18.4,inbound,00000000-0000-0000-0000-000000000130,normal,reefer,True
SYN-CONT-002148,00000000-0000-0000-0000-0000000003ff,20GP,14.5,inbound,00000000-0000-0000-0000-00000000012f,normal,standard,True
SYN-CONT-002149,00000000-0000-0000-0000-0000000003ff,40HC,16.8,inbound,00000000-0000-0000-0000-00000000012d,normal,standard,True
SYN-CONT-002150,00000000-0000-0000-0000-0000000003ff,40RF,13.6,inbound,00000000-0000-0000-0000-000000000130,normal,reefer,True
SYN-CONT-002151,00000000-0000-0000-0000-0000000003ff,40RF,18.3,inbound,00000000-0000-0000-0000-000000000131,normal,reefer,True
SYN-CONT-002152,00000000-0000-0000-0000-0000000003ff,40GP,10.1,inbound,00000000-0000-0000-0000-000000000131,normal,hazardous,True
SYN-CONT-002153,00000000-0000-0000-0000-0000000003ff,20GP,27.9,inbound,00000000-0000-0000-0000-00000000012d,normal,standard,True
SYN-CONT-002154,00000000-0000-0000-0000-0000000003ff,40HC,14.6,inbound,00000000-0000-0000-0000-00000000012c,normal,hazardous,True
SYN-CONT-002155,00000000-0000-0000-0000-0000000003ff,40GP,17.3,inbound,00000000-0000-0000-0000-000000000130,normal,reefer,True
SYN-CONT-002156,00000000-0000-0000-0000-0000000003ff,20GP,9.7,inbound,00000000-0000-0000-0000-00000000012c,normal,standard,True
SYN-CONT-002157,00000000-0000-0000-0000-0000000003ff,40HC,18.1,inbound,00000000-0000-0000-0000-00000000012e,normal,reefer,True
SYN-CONT-002158,00000000-0000-0000-0000-0000000003ff,40GP,9.0,inbound,00000000-0000-0000-0000-00000000012c,normal,hazardous,True
SYN-CONT-002159,00000000-0000-0000-0000-0000000003ff,20GP,16.6,inbound,00000000-0000-0000-0000-000000000131,normal,reefer,True
SYN-CONT-002160,00000000-0000-0000-0000-0000000003ff,40RF,27.3,inbound,00000000-0000-0000-0000-00000000012f,normal,reefer,True
SYN-CONT-002161,00000000-0000-0000-0000-0000000003ff,20GP,13.6,inbound,00000000-0000-0000-0000-000000000131,normal,standard,True
SYN-CONT-002162,00000000-0000-0000-0000-0000000003ff,40GP,23.1,inbound,00000000-0000-0000-0000-00000000012f,normal,standard,True
SYN-CONT-002163,00000000-0000-0000-0000-0000000003ff,40RF,18.4,inbound,00000000-0000-0000-0000-00000000012c,normal,reefer,True
SYN-CONT-002164,00000000-0000-0000-0000-0000000003ff,40GP,11.2,inbound,00000000-0000-0000-0000-00000000012e,normal,reefer,True
SYN-CONT-002165,00000000-0000-0000-0000-0000000003ff,40GP,26.9,inbound,00000000-0000-0000-0000-000000000130,normal,standard,True
SYN-CONT-002166,00000000-0000-0000-0000-0000000003ff,20GP,14.6,inbound,00000000-0000-0000-0000-000000000130,normal,standard,True
SYN-CONT-002167,00000000-0000-0000-0000-0000000003ff,40RF,11.8,inbound,00000000-0000-0000-0000-000000000131,normal,reefer,True
SYN-CONT-002168,00000000-0000-0000-0000-0000000003ff,20GP,11.5,inbound,00000000-0000-0000-0000-00000000012e,normal,standard,True
SYN-CONT-002169,00000000-0000-0000-0000-0000000003ff,40GP,24.1,inbound,00000000-0000-0000-0000-000000000131,normal,standard,True
SYN-CONT-002170,00000000-0000-0000-0000-0000000003ff,40GP,23.7,inbound,00000000-0000-0000-0000-000000000131,normal,reefer,True
SYN-CONT-002171,00000000-0000-0000-0000-0000000003ff,20GP,23.5,inbound,00000000-0000-0000-0000-00000000012f,normal,reefer,True
SYN-CONT-002172,00000000-0000-0000-0000-0000000003ff,20GP,8.1,inbound,00000000-0000-0000-0000-00000000012f,normal,hazardous,True
SYN-CONT-002173,00000000-0000-0000-0000-0000000003ff,40GP,16.4,inbound,00000000-0000-0000-0000-00000000012d,normal,standard,True
SYN-CONT-002174,00000000-0000-0000-0000-0000000003ff,40GP,8.4,inbound,00000000-0000-0000-0000-00000000012c,normal,standard,True
SYN-CONT-002175,00000000-0000-0000-0000-0000000003ff,20GP,26.5,inbound,00000000-0000-0000-0000-000000000131,normal,standard,True
SYN-CONT-002176,00000000-0000-0000-0000-0000000003ff,20GP,29.6,inbound,00000000-0000-0000-0000-00000000012c,normal,standard,True
SYN-CONT-002177,00000000-0000-0000-0000-0000000003ff,40GP,9.0,inbound,00000000-0000-0000-0000-000000000130,normal,standard,True
SYN-CONT-002178,00000000-0000-0000-0000-0000000003ff,20GP,15.3,inbound,00000000-0000-0000-0000-000000000131,normal,standard,True
SYN-CONT-002179,00000000-0000-0000-0000-0000000003ff,40GP,12.7,inbound,00000000-0000-0000-0000-000000000130,normal,hazardous,True
SYN-CONT-002180,00000000-0000-0000-0000-0000000003ff,40RF,29.1,inbound,00000000-0000-0000-0000-00000000012c,normal,reefer,True
SYN-CONT-002181,00000000-0000-0000-0000-0000000003ff,40GP,10.4,inbound,00000000-0000-0000-0000-00000000012e,normal,standard,True
SYN-CONT-002182,00000000-0000-0000-0000-0000000003ff,40GP,17.0,inbound,00000000-0000-0000-0000-00000000012e,normal,standard,True
SYN-CONT-002183,00000000-0000-0000-0000-0000000003ff,20GP,12.8,inbound,00000000-0000-0000-0000-00000000012d,normal,reefer,True
SYN-CONT-002184,00000000-0000-0000-0000-0000000003ff,20GP,22.6,inbound,00000000-0000-0000-0000-00000000012e,normal,standard,True
SYN-CONT-002185,00000000-0000-0000-0000-0000000003ff,20GP,27.9,inbound,00000000-0000-0000-0000-00000000012f,normal,standard,True
SYN-CONT-002186,00000000-0000-0000-0000-0000000003ff,40HC,19.2,inbound,00000000-0000-0000-0000-00000000012c,normal,hazardous,True
SYN-CONT-002187,00000000-0000-0000-0000-0000000003ff,40GP,29.6,inbound,00000000-0000-0000-0000-000000000130,normal,standard,True
SYN-CONT-002188,00000000-0000-0000-0000-0000000003ff,40HC,23.3,inbound,00000000-0000-0000-0000-000000000131,normal,reefer,True
SYN-CONT-002189,00000000-0000-0000-0000-0000000003ff,40GP,11.9,inbound,00000000-0000-0000-0000-000000000131,normal,standard,True
SYN-CONT-002190,00000000-0000-0000-0000-0000000003ff,40HC,9.5,inbound,00000000-0000-0000-0000-00000000012c,normal,reefer,True
SYN-CONT-002191,00000000-0000-0000-0000-0000000003ff,40RF,16.6,inbound,00000000-0000-0000-0000-000000000131,normal,reefer,True
SYN-CONT-002192,00000000-0000-0000-0000-0000000003ff,40GP,21.2,inbound,00000000-0000-0000-0000-00000000012c,normal,hazardous,True
SYN-CONT-002193,00000000-0000-0000-0000-0000000003ff,40GP,21.9,inbound,00000000-0000-0000-0000-00000000012c,normal,standard,True
SYN-CONT-002194,00000000-0000-0000-0000-0000000003ff,40HC,24.6,inbound,00000000-0000-0000-0000-00000000012d,normal,standard,True
SYN-CONT-002195,00000000-0000-0000-0000-0000000003ff,20GP,11.1,inbound,00000000-0000-0000-0000-00000000012f,normal,standard,True
SYN-CONT-002196,00000000-0000-0000-0000-0000000003ff,40HC,11.4,inbound,00000000-0000-0000-0000-00000000012d,normal,standard,True
SYN-CONT-002197,00000000-0000-0000-0000-0000000003ff,20GP,28.8,inbound,00000000-0000-0000-0000-000000000130,normal,standard,True
SYN-CONT-002198,00000000-0000-0000-0000-0000000003ff,40RF,24.6,inbound,00000000-0000-0000-0000-00000000012e,normal,reefer,True
SYN-CONT-002199,00000000-0000-0000-0000-0000000003ff,40GP,15.1,inbound,00000000-0000-0000-0000-00000000012c,normal,standard,True
SYN-CONT-002200,00000000-0000-0000-0000-0000000003ff,40RF,22.6,inbound,00000000-0000-0000-0000-00000000012e,normal,reefer,True
SYN-CONT-002201,00000000-0000-0000-0000-0000000003ff,20GP,27.1,inbound,00000000-0000-0000-0000-00000000012e,normal,standard,True
SYN-CONT-002202,00000000-0000-0000-0000-0000000003ff,40HC,12.6,inbound,00000000-0000-0000-0000-00000000012c,normal,standard,True
SYN-CONT-002203,00000000-0000-0000-0000-0000000003ff,40GP,21.7,inbound,00000000-0000-0000-0000-00000000012f,normal,standard,True
SYN-CONT-002204,00000000-0000-0000-0000-0000000003ff,40HC,18.0,inbound,00000000-0000-0000-0000-00000000012c,normal,standard,True
SYN-CONT-002205,00000000-0000-0000-0000-0000000003ff,20GP,9.6,inbound,00000000-0000-0000-0000-00000000012d,normal,reefer,True
SYN-CONT-002206,00000000-0000-0000-0000-0000000003ff,20GP,29.1,inbound,00000000-0000-0000-0000-00000000012d,normal,standard,True
SYN-CONT-002207,00000000-0000-0000-0000-0000000003ff,20GP,21.3,inbound,00000000-0000-0000-0000-00000000012d,normal,standard,True
SYN-CONT-002208,00000000-0000-0000-0000-0000000003ff,40GP,9.8,inbound,00000000-0000-0000-0000-000000000131,normal,hazardous,True
SYN-CONT-002209,00000000-0000-0000-0000-000000000400,40RF,15.0,inbound,00000000-0000-0000-0000-000000000131,critical,reefer,True
SYN-CONT-002210,00000000-0000-0000-0000-000000000400,40GP,17.5,inbound,00000000-0000-0000-0000-000000000130,critical,standard,True
SYN-CONT-002211,00000000-0000-0000-0000-000000000400,40GP,14.4,inbound,00000000-0000-0000-0000-00000000012f,critical,standard,True
SYN-CONT-002212,00000000-0000-0000-0000-000000000400,40GP,27.4,inbound,00000000-0000-0000-0000-00000000012f,critical,standard,True
SYN-CONT-002213,00000000-0000-0000-0000-000000000400,20GP,17.0,inbound,00000000-0000-0000-0000-00000000012d,critical,standard,True
SYN-CONT-002214,00000000-0000-0000-0000-000000000400,40RF,17.9,inbound,00000000-0000-0000-0000-000000000130,critical,reefer,True
SYN-CONT-002215,00000000-0000-0000-0000-000000000400,40RF,25.1,inbound,00000000-0000-0000-0000-00000000012f,critical,reefer,True
SYN-CONT-002216,00000000-0000-0000-0000-000000000400,20GP,17.6,inbound,00000000-0000-0000-0000-00000000012c,critical,reefer,True
SYN-CONT-002217,00000000-0000-0000-0000-000000000400,40HC,20.1,inbound,00000000-0000-0000-0000-000000000130,critical,hazardous,True
SYN-CONT-002218,00000000-0000-0000-0000-000000000400,40GP,16.6,inbound,00000000-0000-0000-0000-00000000012e,critical,standard,True
SYN-CONT-002219,00000000-0000-0000-0000-000000000400,40RF,14.4,inbound,00000000-0000-0000-0000-000000000130,critical,reefer,True
SYN-CONT-002220,00000000-0000-0000-0000-000000000400,40RF,9.6,inbound,00000000-0000-0000-0000-00000000012d,critical,reefer,True
SYN-CONT-002221,00000000-0000-0000-0000-000000000400,40RF,12.4,inbound,00000000-0000-0000-0000-00000000012d,critical,reefer,True
SYN-CONT-002222,00000000-0000-0000-0000-000000000400,20GP,27.4,inbound,00000000-0000-0000-0000-000000000131,critical,standard,True
SYN-CONT-002223,00000000-0000-0000-0000-000000000400,40HC,17.1,inbound,00000000-0000-0000-0000-00000000012f,critical,reefer,True
SYN-CONT-002224,00000000-0000-0000-0000-000000000400,40RF,29.8,inbound,00000000-0000-0000-0000-00000000012e,critical,reefer,True
SYN-CONT-002225,00000000-0000-0000-0000-000000000400,40RF,19.0,inbound,00000000-0000-0000-0000-000000000131,critical,reefer,True
SYN-CONT-002226,00000000-0000-0000-0000-000000000400,20GP,27.9,inbound,00000000-0000-0000-0000-00000000012c,critical,reefer,True
SYN-CONT-002227,00000000-0000-0000-0000-000000000400,40RF,29.0,inbound,00000000-0000-0000-0000-00000000012d,critical,reefer,True
SYN-CONT-002228,00000000-0000-0000-0000-000000000400,40GP,29.5,inbound,00000000-0000-0000-0000-000000000131,critical,reefer,True
SYN-CONT-002229,00000000-0000-0000-0000-000000000400,40HC,24.0,inbound,00000000-0000-0000-0000-000000000131,critical,hazardous,True
SYN-CONT-002230,00000000-0000-0000-0000-000000000400,40HC,22.6,inbound,00000000-0000-0000-0000-00000000012f,critical,standard,True
SYN-CONT-002231,00000000-0000-0000-0000-000000000400,40GP,18.7,inbound,00000000-0000-0000-0000-00000000012e,critical,standard,True
SYN-CONT-002232,00000000-0000-0000-0000-000000000400,20GP,13.9,inbound,00000000-0000-0000-0000-00000000012f,critical,standard,True
SYN-CONT-002233,00000000-0000-0000-0000-000000000400,40GP,13.6,inbound,00000000-0000-0000-0000-000000000130,critical,standard,True
SYN-CONT-002234,00000000-0000-0000-0000-000000000400,40GP,10.6,inbound,00000000-0000-0000-0000-00000000012c,critical,standard,True
SYN-CONT-002235,00000000-0000-0000-0000-000000000400,40RF,16.9,inbound,00000000-0000-0000-0000-000000000130,critical,reefer,True
SYN-CONT-002236,00000000-0000-0000-0000-000000000400,20GP,28.5,inbound,00000000-0000-0000-0000-00000000012f,critical,hazardous,True
SYN-CONT-002237,00000000-0000-0000-0000-000000000400,40GP,13.7,inbound,00000000-0000-0000-0000-00000000012e,critical,reefer,True
SYN-CONT-002238,00000000-0000-0000-0000-000000000400,40RF,21.2,inbound,00000000-0000-0000-0000-000000000131,critical,reefer,True
SYN-CONT-002239,00000000-0000-0000-0000-000000000400,40RF,24.9,inbound,00000000-0000-0000-0000-000000000131,critical,reefer,True
SYN-CONT-002240,00000000-0000-0000-0000-000000000400,20GP,22.3,inbound,00000000-0000-0000-0000-00000000012e,critical,standard,True
SYN-CONT-002241,00000000-0000-0000-0000-000000000400,40GP,24.8,inbound,00000000-0000-0000-0000-000000000131,critical,standard,True
SYN-CONT-002242,00000000-0000-0000-0000-000000000400,40RF,23.7,inbound,00000000-0000-0000-0000-00000000012c,critical,reefer,True
SYN-CONT-002243,00000000-0000-0000-0000-000000000400,40GP,8.0,inbound,00000000-0000-0000-0000-00000000012c,critical,reefer,True
SYN-CONT-002244,00000000-0000-0000-0000-000000000400,40RF,19.8,inbound,00000000-0000-0000-0000-000000000131,critical,reefer,True
SYN-CONT-002245,00000000-0000-0000-0000-000000000400,40HC,11.8,inbound,00000000-0000-0000-0000-00000000012e,critical,reefer,True
SYN-CONT-002246,00000000-0000-0000-0000-000000000400,40GP,12.5,inbound,00000000-0000-0000-0000-00000000012d,critical,standard,True
SYN-CONT-002247,00000000-0000-0000-0000-000000000400,20GP,20.8,inbound,00000000-0000-0000-0000-00000000012d,critical,reefer,True
SYN-CONT-002248,00000000-0000-0000-0000-000000000400,40GP,9.3,inbound,00000000-0000-0000-0000-00000000012d,critical,standard,True
SYN-CONT-002249,00000000-0000-0000-0000-000000000400,40GP,30.1,inbound,00000000-0000-0000-0000-00000000012f,critical,standard,True
SYN-CONT-002250,00000000-0000-0000-0000-000000000400,40RF,22.1,inbound,00000000-0000-0000-0000-000000000130,critical,reefer,True
SYN-CONT-002251,00000000-0000-0000-0000-000000000400,20GP,9.8,inbound,00000000-0000-0000-0000-00000000012c,critical,standard,True
SYN-CONT-002252,00000000-0000-0000-0000-000000000400,40RF,10.8,inbound,00000000-0000-0000-0000-00000000012c,critical,reefer,True
SYN-CONT-002253,00000000-0000-0000-0000-000000000400,40HC,21.2,inbound,00000000-0000-0000-0000-00000000012f,critical,standard,True
SYN-CONT-002254,00000000-0000-0000-0000-000000000400,40RF,23.1,inbound,00000000-0000-0000-0000-00000000012c,critical,reefer,True
SYN-CONT-002255,00000000-0000-0000-0000-000000000400,20GP,14.0,inbound,00000000-0000-0000-0000-00000000012c,critical,standard,True
SYN-CONT-002256,00000000-0000-0000-0000-000000000400,20GP,12.7,inbound,00000000-0000-0000-0000-00000000012c,critical,standard,True
SYN-CONT-002257,00000000-0000-0000-0000-000000000400,40RF,21.6,inbound,00000000-0000-0000-0000-00000000012e,critical,reefer,True
SYN-CONT-002258,00000000-0000-0000-0000-000000000400,40RF,18.6,inbound,00000000-0000-0000-0000-00000000012e,critical,reefer,True
SYN-CONT-002259,00000000-0000-0000-0000-000000000400,40RF,15.6,inbound,00000000-0000-0000-0000-000000000131,critical,reefer,True
SYN-CONT-002260,00000000-0000-0000-0000-000000000400,40HC,26.4,inbound,00000000-0000-0000-0000-00000000012e,critical,standard,True
SYN-CONT-002261,00000000-0000-0000-0000-000000000400,40RF,16.5,inbound,00000000-0000-0000-0000-00000000012c,critical,reefer,True
SYN-CONT-002262,00000000-0000-0000-0000-000000000400,40HC,26.1,inbound,00000000-0000-0000-0000-00000000012c,critical,standard,True
SYN-CONT-002263,00000000-0000-0000-0000-000000000400,40RF,27.6,inbound,00000000-0000-0000-0000-00000000012f,critical,reefer,True
SYN-CONT-002264,00000000-0000-0000-0000-000000000400,40GP,21.5,inbound,00000000-0000-0000-0000-000000000130,critical,standard,True
SYN-CONT-002265,00000000-0000-0000-0000-000000000400,40HC,16.3,inbound,00000000-0000-0000-0000-000000000130,critical,standard,True
SYN-CONT-002266,00000000-0000-0000-0000-000000000400,40RF,19.6,inbound,00000000-0000-0000-0000-000000000131,critical,reefer,True
SYN-CONT-002267,00000000-0000-0000-0000-000000000400,40GP,30.2,inbound,00000000-0000-0000-0000-00000000012e,critical,standard,True
SYN-CONT-002268,00000000-0000-0000-0000-000000000400,20GP,27.7,inbound,00000000-0000-0000-0000-000000000131,critical,standard,True
SYN-CONT-002269,00000000-0000-0000-0000-000000000400,40HC,13.3,inbound,00000000-0000-0000-0000-00000000012f,critical,reefer,True
SYN-CONT-002270,00000000-0000-0000-0000-000000000400,40RF,24.6,inbound,00000000-0000-0000-0000-00000000012c,critical,reefer,True
SYN-CONT-002271,00000000-0000-0000-0000-000000000400,40HC,29.1,inbound,00000000-0000-0000-0000-00000000012f,critical,reefer,True
SYN-CONT-002272,00000000-0000-0000-0000-000000000400,20GP,14.6,inbound,00000000-0000-0000-0000-00000000012d,critical,reefer,True
SYN-CONT-002273,00000000-0000-0000-0000-000000000400,40GP,27.7,inbound,00000000-0000-0000-0000-000000000131,critical,hazardous,True
SYN-CONT-002274,00000000-0000-0000-0000-000000000400,20GP,19.2,inbound,00000000-0000-0000-0000-00000000012c,critical,standard,True
SYN-CONT-002275,00000000-0000-0000-0000-000000000400,40HC,30.2,inbound,00000000-0000-0000-0000-00000000012f,critical,hazardous,True
SYN-CONT-002276,00000000-0000-0000-0000-000000000400,40GP,29.5,inbound,00000000-0000-0000-0000-00000000012f,critical,reefer,True
SYN-CONT-002277,00000000-0000-0000-0000-000000000400,40GP,12.8,inbound,00000000-0000-0000-0000-000000000131,critical,standard,True
SYN-CONT-002278,00000000-0000-0000-0000-000000000400,20GP,17.8,inbound,00000000-0000-0000-0000-000000000131,critical,standard,True
SYN-CONT-002279,00000000-0000-0000-0000-000000000400,20GP,28.9,inbound,00000000-0000-0000-0000-00000000012e,critical,standard,True
SYN-CONT-002280,00000000-0000-0000-0000-000000000400,40RF,25.2,inbound,00000000-0000-0000-0000-00000000012d,critical,reefer,True
SYN-CONT-002281,00000000-0000-0000-0000-000000000400,40HC,29.4,inbound,00000000-0000-0000-0000-000000000131,critical,reefer,True
SYN-CONT-002282,00000000-0000-0000-0000-000000000400,20GP,28.8,inbound,00000000-0000-0000-0000-000000000131,critical,standard,True
SYN-CONT-002283,00000000-0000-0000-0000-000000000400,40RF,10.0,inbound,00000000-0000-0000-0000-000000000131,critical,reefer,True
SYN-CONT-002284,00000000-0000-0000-0000-000000000400,40HC,29.0,inbound,00000000-0000-0000-0000-000000000130,critical,standard,True
SYN-CONT-002285,00000000-0000-0000-0000-000000000400,20GP,16.5,inbound,00000000-0000-0000-0000-000000000131,critical,standard,True
SYN-CONT-002286,00000000-0000-0000-0000-000000000400,40RF,22.7,inbound,00000000-0000-0000-0000-000000000130,critical,reefer,True
SYN-CONT-002287,00000000-0000-0000-0000-000000000400,40RF,26.2,inbound,00000000-0000-0000-0000-00000000012d,critical,reefer,True
SYN-CONT-002288,00000000-0000-0000-0000-000000000400,40HC,14.5,inbound,00000000-0000-0000-0000-00000000012c,critical,standard,True
SYN-CONT-002289,00000000-0000-0000-0000-000000000400,20GP,24.7,inbound,00000000-0000-0000-0000-00000000012d,critical,standard,True
SYN-CONT-002290,00000000-0000-0000-0000-000000000400,20GP,16.3,inbound,00000000-0000-0000-0000-00000000012e,critical,hazardous,True
SYN-CONT-002291,00000000-0000-0000-0000-000000000400,40RF,21.0,inbound,00000000-0000-0000-0000-00000000012c,critical,reefer,True
SYN-CONT-002292,00000000-0000-0000-0000-000000000400,40HC,21.3,inbound,00000000-0000-0000-0000-00000000012d,critical,standard,True
SYN-CONT-002293,00000000-0000-0000-0000-000000000400,40RF,30.0,inbound,00000000-0000-0000-0000-00000000012e,critical,reefer,True
SYN-CONT-002294,00000000-0000-0000-0000-000000000400,40HC,19.7,inbound,00000000-0000-0000-0000-000000000130,critical,standard,True
SYN-CONT-002295,00000000-0000-0000-0000-000000000400,40GP,16.9,inbound,00000000-0000-0000-0000-000000000130,critical,standard,True
SYN-CONT-002296,00000000-0000-0000-0000-000000000400,40RF,15.1,inbound,00000000-0000-0000-0000-00000000012e,critical,reefer,True
SYN-CONT-002297,00000000-0000-0000-0000-000000000400,40GP,23.3,inbound,00000000-0000-0000-0000-00000000012d,critical,reefer,True
SYN-CONT-002298,00000000-0000-0000-0000-000000000400,40HC,24.8,inbound,00000000-0000-0000-0000-000000000131,critical,standard,True
SYN-CONT-002299,00000000-0000-0000-0000-000000000400,20GP,15.2,inbound,00000000-0000-0000-0000-000000000130,critical,hazardous,True
SYN-CONT-002300,00000000-0000-0000-0000-000000000400,20GP,30.4,inbound,00000000-0000-0000-0000-000000000131,critical,standard,True
SYN-CONT-002301,00000000-0000-0000-0000-000000000401,40RF,22.2,inbound,00000000-0000-0000-0000-00000000012d,normal,reefer,True
SYN-CONT-002302,00000000-0000-0000-0000-000000000401,40RF,14.6,inbound,00000000-0000-0000-0000-00000000012f,normal,reefer,True
SYN-CONT-002303,00000000-0000-0000-0000-000000000401,20GP,11.4,inbound,00000000-0000-0000-0000-000000000131,normal,standard,True
SYN-CONT-002304,00000000-0000-0000-0000-000000000401,40GP,23.8,inbound,00000000-0000-0000-0000-00000000012c,normal,standard,True
SYN-CONT-002305,00000000-0000-0000-0000-000000000401,40GP,24.4,inbound,00000000-0000-0000-0000-00000000012e,normal,reefer,True
SYN-CONT-002306,00000000-0000-0000-0000-000000000401,40GP,20.3,inbound,00000000-0000-0000-0000-00000000012e,normal,standard,True
SYN-CONT-002307,00000000-0000-0000-0000-000000000401,40RF,23.3,inbound,00000000-0000-0000-0000-00000000012e,normal,reefer,True
SYN-CONT-002308,00000000-0000-0000-0000-000000000401,40RF,16.8,inbound,00000000-0000-0000-0000-000000000130,normal,reefer,True
SYN-CONT-002309,00000000-0000-0000-0000-000000000401,40HC,23.7,inbound,00000000-0000-0000-0000-00000000012d,normal,standard,True
SYN-CONT-002310,00000000-0000-0000-0000-000000000401,40RF,10.2,inbound,00000000-0000-0000-0000-00000000012e,normal,reefer,True
SYN-CONT-002311,00000000-0000-0000-0000-000000000401,20GP,18.3,inbound,00000000-0000-0000-0000-00000000012d,normal,standard,True
SYN-CONT-002312,00000000-0000-0000-0000-000000000401,40GP,23.7,inbound,00000000-0000-0000-0000-00000000012e,normal,reefer,True
SYN-CONT-002313,00000000-0000-0000-0000-000000000401,40GP,12.9,inbound,00000000-0000-0000-0000-000000000131,normal,standard,True
SYN-CONT-002314,00000000-0000-0000-0000-000000000401,40GP,16.2,inbound,00000000-0000-0000-0000-000000000130,normal,standard,True
SYN-CONT-002315,00000000-0000-0000-0000-000000000401,20GP,16.5,inbound,00000000-0000-0000-0000-00000000012f,normal,standard,True
SYN-CONT-002316,00000000-0000-0000-0000-000000000401,40GP,10.2,inbound,00000000-0000-0000-0000-00000000012f,normal,standard,True
SYN-CONT-002317,00000000-0000-0000-0000-000000000401,40GP,10.6,inbound,00000000-0000-0000-0000-000000000130,normal,standard,True
SYN-CONT-002318,00000000-0000-0000-0000-000000000401,40HC,17.8,inbound,00000000-0000-0000-0000-00000000012d,normal,hazardous,True
SYN-CONT-002319,00000000-0000-0000-0000-000000000401,40RF,13.5,inbound,00000000-0000-0000-0000-00000000012c,normal,reefer,True
SYN-CONT-002320,00000000-0000-0000-0000-000000000401,40GP,19.0,inbound,00000000-0000-0000-0000-000000000131,normal,reefer,True
SYN-CONT-002321,00000000-0000-0000-0000-000000000401,40GP,25.5,inbound,00000000-0000-0000-0000-000000000131,normal,reefer,True
SYN-CONT-002322,00000000-0000-0000-0000-000000000401,20GP,27.5,inbound,00000000-0000-0000-0000-000000000131,normal,reefer,True
SYN-CONT-002323,00000000-0000-0000-0000-000000000401,40RF,14.2,inbound,00000000-0000-0000-0000-000000000131,normal,reefer,True
SYN-CONT-002324,00000000-0000-0000-0000-000000000401,40RF,16.3,inbound,00000000-0000-0000-0000-00000000012c,normal,reefer,True
SYN-CONT-002325,00000000-0000-0000-0000-000000000401,20GP,10.7,inbound,00000000-0000-0000-0000-000000000131,normal,standard,True
SYN-CONT-002326,00000000-0000-0000-0000-000000000401,40GP,21.2,inbound,00000000-0000-0000-0000-000000000130,normal,standard,True
SYN-CONT-002327,00000000-0000-0000-0000-000000000401,40RF,14.2,inbound,00000000-0000-0000-0000-000000000131,normal,reefer,True
SYN-CONT-002328,00000000-0000-0000-0000-000000000401,20GP,12.1,inbound,00000000-0000-0000-0000-00000000012f,normal,hazardous,True
SYN-CONT-002329,00000000-0000-0000-0000-000000000401,40RF,14.7,inbound,00000000-0000-0000-0000-00000000012d,normal,reefer,True
SYN-CONT-002330,00000000-0000-0000-0000-000000000401,20GP,9.4,inbound,00000000-0000-0000-0000-000000000130,normal,standard,True
SYN-CONT-002331,00000000-0000-0000-0000-000000000401,40GP,26.3,inbound,00000000-0000-0000-0000-00000000012c,normal,reefer,True
SYN-CONT-002332,00000000-0000-0000-0000-000000000401,40RF,20.5,inbound,00000000-0000-0000-0000-000000000130,normal,reefer,True
SYN-CONT-002333,00000000-0000-0000-0000-000000000401,40RF,9.4,inbound,00000000-0000-0000-0000-000000000130,normal,reefer,True
SYN-CONT-002334,00000000-0000-0000-0000-000000000401,20GP,29.7,inbound,00000000-0000-0000-0000-00000000012c,normal,standard,True
SYN-CONT-002335,00000000-0000-0000-0000-000000000401,40GP,23.6,inbound,00000000-0000-0000-0000-00000000012c,normal,hazardous,True
SYN-CONT-002336,00000000-0000-0000-0000-000000000401,40RF,26.0,inbound,00000000-0000-0000-0000-00000000012c,normal,reefer,True
SYN-CONT-002337,00000000-0000-0000-0000-000000000401,20GP,20.9,inbound,00000000-0000-0000-0000-000000000131,normal,standard,True
SYN-CONT-002338,00000000-0000-0000-0000-000000000401,40GP,20.7,inbound,00000000-0000-0000-0000-00000000012c,normal,standard,True
SYN-CONT-002339,00000000-0000-0000-0000-000000000401,20GP,19.4,inbound,00000000-0000-0000-0000-00000000012e,normal,standard,True
SYN-CONT-002340,00000000-0000-0000-0000-000000000401,40GP,30.0,inbound,00000000-0000-0000-0000-000000000131,normal,reefer,True
SYN-CONT-002341,00000000-0000-0000-0000-000000000401,20GP,14.8,inbound,00000000-0000-0000-0000-000000000130,normal,standard,True
SYN-CONT-002342,00000000-0000-0000-0000-000000000401,40HC,18.0,inbound,00000000-0000-0000-0000-000000000130,normal,hazardous,True
SYN-CONT-002343,00000000-0000-0000-0000-000000000401,40RF,23.6,inbound,00000000-0000-0000-0000-000000000130,normal,reefer,True
SYN-CONT-002344,00000000-0000-0000-0000-000000000401,40HC,20.1,inbound,00000000-0000-0000-0000-00000000012d,normal,hazardous,True
SYN-CONT-002345,00000000-0000-0000-0000-000000000401,20GP,13.3,inbound,00000000-0000-0000-0000-00000000012d,normal,standard,True
SYN-CONT-002346,00000000-0000-0000-0000-000000000401,40GP,27.3,inbound,00000000-0000-0000-0000-00000000012d,normal,standard,True
SYN-CONT-002347,00000000-0000-0000-0000-000000000401,40GP,20.4,inbound,00000000-0000-0000-0000-000000000130,normal,hazardous,True
SYN-CONT-002348,00000000-0000-0000-0000-000000000401,40HC,10.9,inbound,00000000-0000-0000-0000-000000000130,normal,standard,True
SYN-CONT-002349,00000000-0000-0000-0000-000000000401,40RF,9.7,inbound,00000000-0000-0000-0000-00000000012e,normal,reefer,True
SYN-CONT-002350,00000000-0000-0000-0000-000000000401,40HC,22.6,inbound,00000000-0000-0000-0000-00000000012d,normal,reefer,True
SYN-CONT-002351,00000000-0000-0000-0000-000000000401,40RF,18.3,inbound,00000000-0000-0000-0000-00000000012e,normal,reefer,True
SYN-CONT-002352,00000000-0000-0000-0000-000000000401,40RF,29.2,inbound,00000000-0000-0000-0000-00000000012d,normal,reefer,True
SYN-CONT-002353,00000000-0000-0000-0000-000000000401,40GP,22.2,inbound,00000000-0000-0000-0000-00000000012e,normal,standard,True
SYN-CONT-002354,00000000-0000-0000-0000-000000000401,40GP,20.7,inbound,00000000-0000-0000-0000-000000000131,normal,standard,True
SYN-CONT-002355,00000000-0000-0000-0000-000000000401,40GP,26.5,inbound,00000000-0000-0000-0000-00000000012e,normal,reefer,True
SYN-CONT-002356,00000000-0000-0000-0000-000000000401,40RF,16.5,inbound,00000000-0000-0000-0000-000000000130,normal,reefer,True
SYN-CONT-002357,00000000-0000-0000-0000-000000000401,40GP,14.1,inbound,00000000-0000-0000-0000-000000000130,normal,standard,True
SYN-CONT-002358,00000000-0000-0000-0000-000000000401,20GP,17.2,inbound,00000000-0000-0000-0000-00000000012e,normal,hazardous,True
SYN-CONT-002359,00000000-0000-0000-0000-000000000401,20GP,28.5,inbound,00000000-0000-0000-0000-00000000012e,normal,standard,True
SYN-CONT-002360,00000000-0000-0000-0000-000000000401,40GP,14.2,inbound,00000000-0000-0000-0000-00000000012c,normal,standard,True
SYN-CONT-002361,00000000-0000-0000-0000-000000000401,40RF,30.0,inbound,00000000-0000-0000-0000-00000000012d,normal,reefer,True
SYN-CONT-002362,00000000-0000-0000-0000-000000000401,40RF,29.4,inbound,00000000-0000-0000-0000-00000000012c,normal,reefer,True
SYN-CONT-002363,00000000-0000-0000-0000-000000000401,40GP,24.4,inbound,00000000-0000-0000-0000-00000000012e,normal,hazardous,True
SYN-CONT-002364,00000000-0000-0000-0000-000000000401,40RF,10.1,inbound,00000000-0000-0000-0000-00000000012e,normal,reefer,True
SYN-CONT-002365,00000000-0000-0000-0000-000000000401,40HC,14.1,inbound,00000000-0000-0000-0000-00000000012c,normal,hazardous,True
SYN-CONT-002366,00000000-0000-0000-0000-000000000401,20GP,15.2,inbound,00000000-0000-0000-0000-00000000012f,normal,standard,True
SYN-CONT-002367,00000000-0000-0000-0000-000000000401,40GP,26.1,inbound,00000000-0000-0000-0000-000000000131,normal,standard,True
SYN-CONT-002368,00000000-0000-0000-0000-000000000401,40RF,18.7,inbound,00000000-0000-0000-0000-00000000012d,normal,reefer,True
SYN-CONT-002369,00000000-0000-0000-0000-000000000401,40HC,23.4,inbound,00000000-0000-0000-0000-000000000131,normal,standard,True
SYN-CONT-002370,00000000-0000-0000-0000-000000000401,40GP,11.2,inbound,00000000-0000-0000-0000-000000000130,normal,standard,True
SYN-CONT-002371,00000000-0000-0000-0000-000000000401,40HC,28.7,inbound,00000000-0000-0000-0000-000000000131,normal,standard,True
SYN-CONT-002372,00000000-0000-0000-0000-000000000401,40HC,23.3,inbound,00000000-0000-0000-0000-00000000012f,normal,standard,True
SYN-CONT-002373,00000000-0000-0000-0000-000000000401,40RF,12.1,inbound,00000000-0000-0000-0000-00000000012e,normal,reefer,True
SYN-CONT-002374,00000000-0000-0000-0000-000000000401,40RF,19.3,inbound,00000000-0000-0000-0000-00000000012e,normal,reefer,True
SYN-CONT-002375,00000000-0000-0000-0000-000000000401,40RF,19.7,inbound,00000000-0000-0000-0000-000000000131,normal,reefer,True
SYN-CONT-002376,00000000-0000-0000-0000-000000000401,40GP,22.3,inbound,00000000-0000-0000-0000-00000000012c,normal,standard,True
SYN-CONT-002377,00000000-0000-0000-0000-000000000401,40HC,25.3,inbound,00000000-0000-0000-0000-00000000012c,normal,reefer,True
SYN-CONT-002378,00000000-0000-0000-0000-000000000401,20GP,24.4,inbound,00000000-0000-0000-0000-00000000012c,normal,standard,True
SYN-CONT-002379,00000000-0000-0000-0000-000000000401,40GP,9.3,inbound,00000000-0000-0000-0000-000000000131,normal,hazardous,True
SYN-CONT-002380,00000000-0000-0000-0000-000000000401,40HC,28.9,inbound,00000000-0000-0000-0000-00000000012c,normal,hazardous,True
SYN-CONT-002381,00000000-0000-0000-0000-000000000401,40RF,23.2,inbound,00000000-0000-0000-0000-000000000131,normal,reefer,True
SYN-CONT-002382,00000000-0000-0000-0000-000000000401,40GP,19.2,inbound,00000000-0000-0000-0000-000000000131,normal,reefer,True
SYN-CONT-002383,00000000-0000-0000-0000-000000000401,20GP,8.3,inbound,00000000-0000-0000-0000-00000000012d,normal,reefer,True
SYN-CONT-002384,00000000-0000-0000-0000-000000000401,20GP,23.8,inbound,00000000-0000-0000-0000-000000000131,normal,reefer,True
SYN-CONT-002385,00000000-0000-0000-0000-000000000401,40HC,30.4,inbound,00000000-0000-0000-0000-000000000131,normal,standard,True
SYN-CONT-002386,00000000-0000-0000-0000-000000000401,20GP,18.1,inbound,00000000-0000-0000-0000-00000000012d,normal,hazardous,True
SYN-CONT-002387,00000000-0000-0000-0000-000000000401,40GP,9.7,inbound,00000000-0000-0000-0000-00000000012d,normal,standard,True
SYN-CONT-002388,00000000-0000-0000-0000-000000000401,40HC,17.5,inbound,00000000-0000-0000-0000-00000000012f,normal,standard,True
SYN-CONT-002389,00000000-0000-0000-0000-000000000401,40GP,29.8,inbound,00000000-0000-0000-0000-00000000012e,normal,standard,True
SYN-CONT-002390,00000000-0000-0000-0000-000000000401,40GP,27.1,inbound,00000000-0000-0000-0000-00000000012c,normal,hazardous,True
SYN-CONT-002391,00000000-0000-0000-0000-000000000401,40HC,18.9,inbound,00000000-0000-0000-0000-00000000012e,normal,standard,True
SYN-CONT-002392,00000000-0000-0000-0000-000000000401,40GP,24.6,inbound,00000000-0000-0000-0000-000000000130,normal,standard,True
SYN-CONT-002393,00000000-0000-0000-0000-000000000402,40RF,12.9,inbound,00000000-0000-0000-0000-00000000012e,normal,reefer,True
SYN-CONT-002394,00000000-0000-0000-0000-000000000402,20GP,28.1,inbound,00000000-0000-0000-0000-00000000012f,normal,reefer,True
SYN-CONT-002395,00000000-0000-0000-0000-000000000402,20GP,8.1,inbound,00000000-0000-0000-0000-00000000012f,normal,standard,True
SYN-CONT-002396,00000000-0000-0000-0000-000000000402,40HC,16.0,inbound,00000000-0000-0000-0000-00000000012c,normal,standard,True
SYN-CONT-002397,00000000-0000-0000-0000-000000000402,40HC,17.0,inbound,00000000-0000-0000-0000-00000000012c,normal,standard,True
SYN-CONT-002398,00000000-0000-0000-0000-000000000402,20GP,19.1,inbound,00000000-0000-0000-0000-00000000012c,normal,reefer,True
SYN-CONT-002399,00000000-0000-0000-0000-000000000402,40GP,10.8,inbound,00000000-0000-0000-0000-00000000012f,normal,reefer,True
SYN-CONT-002400,00000000-0000-0000-0000-000000000402,20GP,25.3,inbound,00000000-0000-0000-0000-00000000012e,normal,standard,True
SYN-CONT-002401,00000000-0000-0000-0000-000000000402,40GP,16.9,inbound,00000000-0000-0000-0000-00000000012e,normal,reefer,True
SYN-CONT-002402,00000000-0000-0000-0000-000000000402,40HC,28.1,inbound,00000000-0000-0000-0000-000000000130,normal,reefer,True
SYN-CONT-002403,00000000-0000-0000-0000-000000000402,40HC,30.3,inbound,00000000-0000-0000-0000-000000000131,normal,standard,True
SYN-CONT-002404,00000000-0000-0000-0000-000000000402,40RF,11.6,inbound,00000000-0000-0000-0000-00000000012e,normal,reefer,True
SYN-CONT-002405,00000000-0000-0000-0000-000000000402,40RF,8.1,inbound,00000000-0000-0000-0000-000000000131,normal,reefer,True
SYN-CONT-002406,00000000-0000-0000-0000-000000000402,40GP,12.3,inbound,00000000-0000-0000-0000-00000000012c,normal,standard,True
SYN-CONT-002407,00000000-0000-0000-0000-000000000402,40GP,17.5,inbound,00000000-0000-0000-0000-00000000012e,normal,reefer,True
SYN-CONT-002408,00000000-0000-0000-0000-000000000402,20GP,23.0,inbound,00000000-0000-0000-0000-00000000012f,normal,standard,True
SYN-CONT-002409,00000000-0000-0000-0000-000000000402,40HC,17.5,inbound,00000000-0000-0000-0000-000000000130,normal,standard,True
SYN-CONT-002410,00000000-0000-0000-0000-000000000402,40RF,26.0,inbound,00000000-0000-0000-0000-000000000131,normal,reefer,True
SYN-CONT-002411,00000000-0000-0000-0000-000000000402,40GP,24.9,inbound,00000000-0000-0000-0000-00000000012f,normal,standard,True
SYN-CONT-002412,00000000-0000-0000-0000-000000000402,40RF,11.0,inbound,00000000-0000-0000-0000-00000000012c,normal,reefer,True
SYN-CONT-002413,00000000-0000-0000-0000-000000000402,20GP,11.5,inbound,00000000-0000-0000-0000-000000000130,normal,standard,True
SYN-CONT-002414,00000000-0000-0000-0000-000000000402,20GP,9.2,inbound,00000000-0000-0000-0000-00000000012e,normal,standard,True
SYN-CONT-002415,00000000-0000-0000-0000-000000000402,40RF,30.0,inbound,00000000-0000-0000-0000-000000000131,normal,reefer,True
SYN-CONT-002416,00000000-0000-0000-0000-000000000402,20GP,18.8,inbound,00000000-0000-0000-0000-00000000012e,normal,reefer,True
SYN-CONT-002417,00000000-0000-0000-0000-000000000402,40RF,9.9,inbound,00000000-0000-0000-0000-00000000012f,normal,reefer,True
SYN-CONT-002418,00000000-0000-0000-0000-000000000402,40GP,11.4,inbound,00000000-0000-0000-0000-000000000130,normal,hazardous,True
SYN-CONT-002419,00000000-0000-0000-0000-000000000402,40GP,14.3,inbound,00000000-0000-0000-0000-00000000012c,normal,standard,True
SYN-CONT-002420,00000000-0000-0000-0000-000000000402,40HC,23.0,inbound,00000000-0000-0000-0000-00000000012f,normal,standard,True
SYN-CONT-002421,00000000-0000-0000-0000-000000000402,40GP,23.9,inbound,00000000-0000-0000-0000-00000000012c,normal,reefer,True
SYN-CONT-002422,00000000-0000-0000-0000-000000000402,40GP,30.3,inbound,00000000-0000-0000-0000-000000000130,normal,standard,True
SYN-CONT-002423,00000000-0000-0000-0000-000000000402,40GP,10.7,inbound,00000000-0000-0000-0000-00000000012f,normal,standard,True
SYN-CONT-002424,00000000-0000-0000-0000-000000000402,20GP,30.3,inbound,00000000-0000-0000-0000-00000000012d,normal,standard,True
SYN-CONT-002425,00000000-0000-0000-0000-000000000402,40RF,8.4,inbound,00000000-0000-0000-0000-00000000012d,normal,reefer,True
SYN-CONT-002426,00000000-0000-0000-0000-000000000402,20GP,16.6,inbound,00000000-0000-0000-0000-000000000130,normal,standard,True
SYN-CONT-002427,00000000-0000-0000-0000-000000000402,40HC,13.0,inbound,00000000-0000-0000-0000-00000000012f,normal,standard,True
SYN-CONT-002428,00000000-0000-0000-0000-000000000402,40RF,9.4,inbound,00000000-0000-0000-0000-00000000012f,normal,reefer,True
SYN-CONT-002429,00000000-0000-0000-0000-000000000402,20GP,10.5,inbound,00000000-0000-0000-0000-00000000012e,normal,standard,True
SYN-CONT-002430,00000000-0000-0000-0000-000000000402,40HC,24.0,inbound,00000000-0000-0000-0000-00000000012d,normal,standard,True
SYN-CONT-002431,00000000-0000-0000-0000-000000000402,40HC,12.1,inbound,00000000-0000-0000-0000-00000000012c,normal,standard,True
SYN-CONT-002432,00000000-0000-0000-0000-000000000402,20GP,12.8,inbound,00000000-0000-0000-0000-00000000012f,normal,standard,True
SYN-CONT-002433,00000000-0000-0000-0000-000000000402,40HC,10.3,inbound,00000000-0000-0000-0000-00000000012d,normal,hazardous,True
SYN-CONT-002434,00000000-0000-0000-0000-000000000402,40HC,16.2,inbound,00000000-0000-0000-0000-00000000012e,normal,reefer,True
SYN-CONT-002435,00000000-0000-0000-0000-000000000402,20GP,23.1,inbound,00000000-0000-0000-0000-000000000131,normal,standard,True
SYN-CONT-002436,00000000-0000-0000-0000-000000000402,40GP,16.1,inbound,00000000-0000-0000-0000-00000000012e,normal,standard,True
SYN-CONT-002437,00000000-0000-0000-0000-000000000402,40HC,22.6,inbound,00000000-0000-0000-0000-00000000012d,normal,standard,True
SYN-CONT-002438,00000000-0000-0000-0000-000000000402,40RF,10.0,inbound,00000000-0000-0000-0000-00000000012c,normal,reefer,True
SYN-CONT-002439,00000000-0000-0000-0000-000000000402,40GP,10.7,inbound,00000000-0000-0000-0000-000000000130,normal,hazardous,True
SYN-CONT-002440,00000000-0000-0000-0000-000000000402,40GP,23.9,inbound,00000000-0000-0000-0000-00000000012c,normal,standard,True
SYN-CONT-002441,00000000-0000-0000-0000-000000000402,20GP,21.9,inbound,00000000-0000-0000-0000-00000000012e,normal,hazardous,True
SYN-CONT-002442,00000000-0000-0000-0000-000000000402,40RF,30.3,inbound,00000000-0000-0000-0000-00000000012d,normal,reefer,True
SYN-CONT-002443,00000000-0000-0000-0000-000000000402,40GP,10.9,inbound,00000000-0000-0000-0000-00000000012f,normal,standard,True
SYN-CONT-002444,00000000-0000-0000-0000-000000000402,40HC,29.9,inbound,00000000-0000-0000-0000-00000000012e,normal,hazardous,True
SYN-CONT-002445,00000000-0000-0000-0000-000000000402,40RF,22.2,inbound,00000000-0000-0000-0000-00000000012c,normal,reefer,True
SYN-CONT-002446,00000000-0000-0000-0000-000000000402,40RF,9.5,inbound,00000000-0000-0000-0000-00000000012f,normal,reefer,True
SYN-CONT-002447,00000000-0000-0000-0000-000000000402,20GP,21.5,inbound,00000000-0000-0000-0000-000000000131,normal,standard,True
SYN-CONT-002448,00000000-0000-0000-0000-000000000402,40GP,9.0,inbound,00000000-0000-0000-0000-000000000130,normal,standard,True
SYN-CONT-002449,00000000-0000-0000-0000-000000000402,20GP,24.7,inbound,00000000-0000-0000-0000-00000000012f,normal,standard,True
SYN-CONT-002450,00000000-0000-0000-0000-000000000402,40RF,23.4,inbound,00000000-0000-0000-0000-000000000130,normal,reefer,True
SYN-CONT-002451,00000000-0000-0000-0000-000000000402,20GP,17.8,inbound,00000000-0000-0000-0000-000000000130,normal,standard,True
SYN-CONT-002452,00000000-0000-0000-0000-000000000402,40RF,20.7,inbound,00000000-0000-0000-0000-00000000012f,normal,reefer,True
SYN-CONT-002453,00000000-0000-0000-0000-000000000402,40RF,21.7,inbound,00000000-0000-0000-0000-00000000012d,normal,reefer,True
SYN-CONT-002454,00000000-0000-0000-0000-000000000402,40GP,11.6,inbound,00000000-0000-0000-0000-00000000012d,normal,standard,True
SYN-CONT-002455,00000000-0000-0000-0000-000000000402,20GP,18.2,inbound,00000000-0000-0000-0000-000000000131,normal,hazardous,True
SYN-CONT-002456,00000000-0000-0000-0000-000000000402,40HC,27.2,inbound,00000000-0000-0000-0000-00000000012e,normal,standard,True
SYN-CONT-002457,00000000-0000-0000-0000-000000000402,40HC,10.7,inbound,00000000-0000-0000-0000-00000000012d,normal,hazardous,True
SYN-CONT-002458,00000000-0000-0000-0000-000000000402,20GP,13.4,inbound,00000000-0000-0000-0000-00000000012c,normal,hazardous,True
SYN-CONT-002459,00000000-0000-0000-0000-000000000402,40GP,28.9,inbound,00000000-0000-0000-0000-00000000012e,normal,standard,True
SYN-CONT-002460,00000000-0000-0000-0000-000000000402,20GP,30.3,inbound,00000000-0000-0000-0000-00000000012d,normal,standard,True
SYN-CONT-002461,00000000-0000-0000-0000-000000000402,20GP,22.6,inbound,00000000-0000-0000-0000-000000000131,normal,standard,True
SYN-CONT-002462,00000000-0000-0000-0000-000000000402,40HC,9.9,inbound,00000000-0000-0000-0000-000000000131,normal,standard,True
SYN-CONT-002463,00000000-0000-0000-0000-000000000402,40HC,17.2,inbound,00000000-0000-0000-0000-000000000130,normal,standard,True
SYN-CONT-002464,00000000-0000-0000-0000-000000000402,40HC,30.2,inbound,00000000-0000-0000-0000-000000000131,normal,standard,True
SYN-CONT-002465,00000000-0000-0000-0000-000000000402,20GP,12.9,inbound,00000000-0000-0000-0000-00000000012e,normal,standard,True
SYN-CONT-002466,00000000-0000-0000-0000-000000000402,40GP,29.9,inbound,00000000-0000-0000-0000-000000000130,normal,standard,True
SYN-CONT-002467,00000000-0000-0000-0000-000000000402,20GP,29.3,inbound,00000000-0000-0000-0000-00000000012e,normal,reefer,True
SYN-CONT-002468,00000000-0000-0000-0000-000000000402,40GP,13.0,inbound,00000000-0000-0000-0000-00000000012e,normal,reefer,True
SYN-CONT-002469,00000000-0000-0000-0000-000000000402,40GP,22.2,inbound,00000000-0000-0000-0000-00000000012f,normal,hazardous,True
SYN-CONT-002470,00000000-0000-0000-0000-000000000402,40GP,13.2,inbound,00000000-0000-0000-0000-000000000131,normal,reefer,True
SYN-CONT-002471,00000000-0000-0000-0000-000000000402,40RF,16.3,inbound,00000000-0000-0000-0000-00000000012f,normal,reefer,True
SYN-CONT-002472,00000000-0000-0000-0000-000000000402,20GP,12.1,inbound,00000000-0000-0000-0000-00000000012d,normal,reefer,True
SYN-CONT-002473,00000000-0000-0000-0000-000000000402,40GP,20.8,inbound,00000000-0000-0000-0000-000000000131,normal,standard,True
SYN-CONT-002474,00000000-0000-0000-0000-000000000402,40GP,8.5,inbound,00000000-0000-0000-0000-00000000012d,normal,standard,True
SYN-CONT-002475,00000000-0000-0000-0000-000000000402,40GP,23.5,inbound,00000000-0000-0000-0000-00000000012d,normal,reefer,True
SYN-CONT-002476,00000000-0000-0000-0000-000000000402,20GP,9.6,inbound,00000000-0000-0000-0000-00000000012d,normal,standard,True
SYN-CONT-002477,00000000-0000-0000-0000-000000000402,40RF,28.5,inbound,00000000-0000-0000-0000-00000000012f,normal,reefer,True
SYN-CONT-002478,00000000-0000-0000-0000-000000000402,20GP,11.1,inbound,00000000-0000-0000-0000-00000000012c,normal,hazardous,True
SYN-CONT-002479,00000000-0000-0000-0000-000000000402,20GP,16.6,inbound,00000000-0000-0000-0000-00000000012c,normal,reefer,True
SYN-CONT-002480,00000000-0000-0000-0000-000000000402,20GP,11.0,inbound,00000000-0000-0000-0000-00000000012c,normal,standard,True
SYN-CONT-002481,00000000-0000-0000-0000-000000000402,40HC,29.1,inbound,00000000-0000-0000-0000-000000000130,normal,standard,True
SYN-CONT-002482,00000000-0000-0000-0000-000000000402,20GP,29.5,inbound,00000000-0000-0000-0000-00000000012c,normal,standard,True
SYN-CONT-002483,00000000-0000-0000-0000-000000000402,40HC,12.6,inbound,00000000-0000-0000-0000-00000000012f,normal,standard,True
SYN-CONT-002484,00000000-0000-0000-0000-000000000402,40RF,26.3,inbound,00000000-0000-0000-0000-00000000012e,normal,reefer,True
SYN-CONT-002485,00000000-0000-0000-0000-000000000403,40HC,11.5,inbound,00000000-0000-0000-0000-00000000012c,normal,reefer,True
SYN-CONT-002486,00000000-0000-0000-0000-000000000403,40HC,10.8,inbound,00000000-0000-0000-0000-00000000012c,normal,hazardous,True
SYN-CONT-002487,00000000-0000-0000-0000-000000000403,20GP,14.7,inbound,00000000-0000-0000-0000-000000000130,normal,hazardous,True
SYN-CONT-002488,00000000-0000-0000-0000-000000000403,40RF,11.2,inbound,00000000-0000-0000-0000-00000000012d,normal,reefer,True
SYN-CONT-002489,00000000-0000-0000-0000-000000000403,20GP,17.6,inbound,00000000-0000-0000-0000-00000000012d,normal,standard,True
SYN-CONT-002490,00000000-0000-0000-0000-000000000403,40HC,13.1,inbound,00000000-0000-0000-0000-000000000131,normal,standard,True
SYN-CONT-002491,00000000-0000-0000-0000-000000000403,40RF,23.5,inbound,00000000-0000-0000-0000-000000000131,normal,reefer,True
SYN-CONT-002492,00000000-0000-0000-0000-000000000403,20GP,11.8,inbound,00000000-0000-0000-0000-00000000012c,normal,reefer,True
SYN-CONT-002493,00000000-0000-0000-0000-000000000403,40GP,29.5,inbound,00000000-0000-0000-0000-00000000012e,normal,standard,True
SYN-CONT-002494,00000000-0000-0000-0000-000000000403,40HC,21.9,inbound,00000000-0000-0000-0000-00000000012c,normal,standard,True
SYN-CONT-002495,00000000-0000-0000-0000-000000000403,40HC,28.2,inbound,00000000-0000-0000-0000-000000000130,normal,standard,True
SYN-CONT-002496,00000000-0000-0000-0000-000000000403,40GP,17.6,inbound,00000000-0000-0000-0000-00000000012e,normal,standard,True
SYN-CONT-002497,00000000-0000-0000-0000-000000000403,40GP,11.4,inbound,00000000-0000-0000-0000-000000000131,normal,reefer,True
SYN-CONT-002498,00000000-0000-0000-0000-000000000403,40HC,26.4,inbound,00000000-0000-0000-0000-00000000012e,normal,hazardous,True
SYN-CONT-002499,00000000-0000-0000-0000-000000000403,20GP,28.6,inbound,00000000-0000-0000-0000-000000000131,normal,standard,True
SYN-CONT-002500,00000000-0000-0000-0000-000000000403,40HC,26.2,inbound,00000000-0000-0000-0000-000000000131,normal,standard,True
SYN-CONT-002501,00000000-0000-0000-0000-000000000403,20GP,27.4,inbound,00000000-0000-0000-0000-00000000012d,normal,standard,True
SYN-CONT-002502,00000000-0000-0000-0000-000000000403,40GP,11.3,inbound,00000000-0000-0000-0000-00000000012f,normal,standard,True
SYN-CONT-002503,00000000-0000-0000-0000-000000000403,40RF,26.3,inbound,00000000-0000-0000-0000-00000000012c,normal,reefer,True
SYN-CONT-002504,00000000-0000-0000-0000-000000000403,40RF,29.6,inbound,00000000-0000-0000-0000-00000000012e,normal,reefer,True
SYN-CONT-002505,00000000-0000-0000-0000-000000000403,40GP,15.3,inbound,00000000-0000-0000-0000-00000000012d,normal,standard,True
SYN-CONT-002506,00000000-0000-0000-0000-000000000403,40GP,15.9,inbound,00000000-0000-0000-0000-00000000012f,normal,reefer,True
SYN-CONT-002507,00000000-0000-0000-0000-000000000403,40RF,18.8,inbound,00000000-0000-0000-0000-00000000012f,normal,reefer,True
SYN-CONT-002508,00000000-0000-0000-0000-000000000403,40HC,26.0,inbound,00000000-0000-0000-0000-000000000131,normal,standard,True
SYN-CONT-002509,00000000-0000-0000-0000-000000000403,40GP,17.4,inbound,00000000-0000-0000-0000-00000000012f,normal,reefer,True
SYN-CONT-002510,00000000-0000-0000-0000-000000000403,40RF,20.0,inbound,00000000-0000-0000-0000-00000000012d,normal,reefer,True
SYN-CONT-002511,00000000-0000-0000-0000-000000000403,40RF,9.9,inbound,00000000-0000-0000-0000-000000000131,normal,reefer,True
SYN-CONT-002512,00000000-0000-0000-0000-000000000403,40RF,19.9,inbound,00000000-0000-0000-0000-000000000131,normal,reefer,True
SYN-CONT-002513,00000000-0000-0000-0000-000000000403,40GP,13.3,inbound,00000000-0000-0000-0000-00000000012c,normal,standard,True
SYN-CONT-002514,00000000-0000-0000-0000-000000000403,40GP,16.2,inbound,00000000-0000-0000-0000-00000000012f,normal,standard,True
SYN-CONT-002515,00000000-0000-0000-0000-000000000403,40GP,9.3,inbound,00000000-0000-0000-0000-00000000012e,normal,standard,True
SYN-CONT-002516,00000000-0000-0000-0000-000000000403,40HC,14.6,inbound,00000000-0000-0000-0000-00000000012d,normal,standard,True
SYN-CONT-002517,00000000-0000-0000-0000-000000000403,40RF,13.5,inbound,00000000-0000-0000-0000-00000000012d,normal,reefer,True
SYN-CONT-002518,00000000-0000-0000-0000-000000000403,20GP,10.6,inbound,00000000-0000-0000-0000-000000000131,normal,standard,True
SYN-CONT-002519,00000000-0000-0000-0000-000000000403,40GP,24.5,inbound,00000000-0000-0000-0000-000000000131,normal,reefer,True
SYN-CONT-002520,00000000-0000-0000-0000-000000000403,40RF,16.4,inbound,00000000-0000-0000-0000-000000000131,normal,reefer,True
SYN-CONT-002521,00000000-0000-0000-0000-000000000403,20GP,9.7,inbound,00000000-0000-0000-0000-000000000130,normal,hazardous,True
SYN-CONT-002522,00000000-0000-0000-0000-000000000403,40GP,11.3,inbound,00000000-0000-0000-0000-00000000012d,normal,standard,True
SYN-CONT-002523,00000000-0000-0000-0000-000000000403,20GP,9.7,inbound,00000000-0000-0000-0000-000000000130,normal,standard,True
SYN-CONT-002524,00000000-0000-0000-0000-000000000403,40RF,11.4,inbound,00000000-0000-0000-0000-00000000012d,normal,reefer,True
SYN-CONT-002525,00000000-0000-0000-0000-000000000403,40RF,24.7,inbound,00000000-0000-0000-0000-000000000131,normal,reefer,True
SYN-CONT-002526,00000000-0000-0000-0000-000000000403,40HC,17.3,inbound,00000000-0000-0000-0000-00000000012e,normal,reefer,True
SYN-CONT-002527,00000000-0000-0000-0000-000000000403,40RF,25.6,inbound,00000000-0000-0000-0000-000000000131,normal,reefer,True
SYN-CONT-002528,00000000-0000-0000-0000-000000000403,20GP,10.5,inbound,00000000-0000-0000-0000-00000000012c,normal,standard,True
SYN-CONT-002529,00000000-0000-0000-0000-000000000403,20GP,24.9,inbound,00000000-0000-0000-0000-000000000130,normal,hazardous,True
SYN-CONT-002530,00000000-0000-0000-0000-000000000403,40GP,16.9,inbound,00000000-0000-0000-0000-00000000012f,normal,standard,True
SYN-CONT-002531,00000000-0000-0000-0000-000000000403,40RF,20.5,inbound,00000000-0000-0000-0000-00000000012e,normal,reefer,True
SYN-CONT-002532,00000000-0000-0000-0000-000000000403,40HC,17.5,inbound,00000000-0000-0000-0000-00000000012d,normal,standard,True
SYN-CONT-002533,00000000-0000-0000-0000-000000000403,40HC,19.7,inbound,00000000-0000-0000-0000-00000000012d,normal,standard,True
SYN-CONT-002534,00000000-0000-0000-0000-000000000403,40GP,21.9,inbound,00000000-0000-0000-0000-00000000012d,normal,reefer,True
SYN-CONT-002535,00000000-0000-0000-0000-000000000403,40RF,12.1,inbound,00000000-0000-0000-0000-000000000131,normal,reefer,True
SYN-CONT-002536,00000000-0000-0000-0000-000000000403,20GP,18.7,inbound,00000000-0000-0000-0000-000000000131,normal,reefer,True
SYN-CONT-002537,00000000-0000-0000-0000-000000000403,40RF,26.6,inbound,00000000-0000-0000-0000-00000000012d,normal,reefer,True
SYN-CONT-002538,00000000-0000-0000-0000-000000000403,20GP,22.5,inbound,00000000-0000-0000-0000-00000000012d,normal,standard,True
SYN-CONT-002539,00000000-0000-0000-0000-000000000403,40HC,10.3,inbound,00000000-0000-0000-0000-00000000012e,normal,standard,True
SYN-CONT-002540,00000000-0000-0000-0000-000000000403,40HC,13.4,inbound,00000000-0000-0000-0000-00000000012d,normal,standard,True
SYN-CONT-002541,00000000-0000-0000-0000-000000000403,20GP,12.8,inbound,00000000-0000-0000-0000-00000000012c,normal,standard,True
SYN-CONT-002542,00000000-0000-0000-0000-000000000403,40HC,20.4,inbound,00000000-0000-0000-0000-000000000131,normal,standard,True
SYN-CONT-002543,00000000-0000-0000-0000-000000000403,20GP,14.1,inbound,00000000-0000-0000-0000-000000000130,normal,standard,True
SYN-CONT-002544,00000000-0000-0000-0000-000000000403,20GP,30.2,inbound,00000000-0000-0000-0000-00000000012f,normal,hazardous,True
SYN-CONT-002545,00000000-0000-0000-0000-000000000403,20GP,15.1,inbound,00000000-0000-0000-0000-00000000012e,normal,standard,True
SYN-CONT-002546,00000000-0000-0000-0000-000000000403,20GP,24.9,inbound,00000000-0000-0000-0000-00000000012f,normal,standard,True
SYN-CONT-002547,00000000-0000-0000-0000-000000000403,40GP,24.9,inbound,00000000-0000-0000-0000-000000000131,normal,standard,True
SYN-CONT-002548,00000000-0000-0000-0000-000000000403,40HC,23.8,inbound,00000000-0000-0000-0000-00000000012c,normal,standard,True
SYN-CONT-002549,00000000-0000-0000-0000-000000000403,40HC,28.2,inbound,00000000-0000-0000-0000-000000000130,normal,reefer,True
SYN-CONT-002550,00000000-0000-0000-0000-000000000403,20GP,26.2,inbound,00000000-0000-0000-0000-00000000012d,normal,hazardous,True
SYN-CONT-002551,00000000-0000-0000-0000-000000000403,20GP,25.9,inbound,00000000-0000-0000-0000-00000000012f,normal,hazardous,True
SYN-CONT-002552,00000000-0000-0000-0000-000000000403,20GP,11.6,inbound,00000000-0000-0000-0000-000000000131,normal,standard,True
SYN-CONT-002553,00000000-0000-0000-0000-000000000403,40RF,9.8,inbound,00000000-0000-0000-0000-000000000131,normal,reefer,True
SYN-CONT-002554,00000000-0000-0000-0000-000000000403,20GP,27.9,inbound,00000000-0000-0000-0000-000000000131,normal,standard,True
SYN-CONT-002555,00000000-0000-0000-0000-000000000403,40GP,30.4,inbound,00000000-0000-0000-0000-000000000130,normal,standard,True
SYN-CONT-002556,00000000-0000-0000-0000-000000000403,40HC,25.7,inbound,00000000-0000-0000-0000-00000000012e,normal,reefer,True
SYN-CONT-002557,00000000-0000-0000-0000-000000000403,40HC,22.0,inbound,00000000-0000-0000-0000-00000000012f,normal,standard,True
SYN-CONT-002558,00000000-0000-0000-0000-000000000403,20GP,13.4,inbound,00000000-0000-0000-0000-000000000130,normal,reefer,True
SYN-CONT-002559,00000000-0000-0000-0000-000000000403,20GP,20.8,inbound,00000000-0000-0000-0000-00000000012f,normal,standard,True
SYN-CONT-002560,00000000-0000-0000-0000-000000000403,20GP,11.2,inbound,00000000-0000-0000-0000-00000000012e,normal,standard,True
SYN-CONT-002561,00000000-0000-0000-0000-000000000403,20GP,10.1,inbound,00000000-0000-0000-0000-00000000012e,normal,reefer,True
SYN-CONT-002562,00000000-0000-0000-0000-000000000403,40GP,11.6,inbound,00000000-0000-0000-0000-00000000012e,normal,standard,True
SYN-CONT-002563,00000000-0000-0000-0000-000000000403,40HC,10.0,inbound,00000000-0000-0000-0000-00000000012d,normal,standard,True
SYN-CONT-002564,00000000-0000-0000-0000-000000000403,40RF,13.8,inbound,00000000-0000-0000-0000-00000000012f,normal,reefer,True
SYN-CONT-002565,00000000-0000-0000-0000-000000000403,40HC,22.6,inbound,00000000-0000-0000-0000-00000000012d,normal,reefer,True
SYN-CONT-002566,00000000-0000-0000-0000-000000000403,20GP,19.0,inbound,00000000-0000-0000-0000-00000000012e,normal,hazardous,True
SYN-CONT-002567,00000000-0000-0000-0000-000000000403,40HC,17.2,inbound,00000000-0000-0000-0000-000000000130,normal,reefer,True
SYN-CONT-002568,00000000-0000-0000-0000-000000000403,40GP,16.3,inbound,00000000-0000-0000-0000-000000000130,normal,reefer,True
SYN-CONT-002569,00000000-0000-0000-0000-000000000403,40HC,9.9,inbound,00000000-0000-0000-0000-00000000012f,normal,standard,True
SYN-CONT-002570,00000000-0000-0000-0000-000000000403,40RF,13.9,inbound,00000000-0000-0000-0000-000000000131,normal,reefer,True
SYN-CONT-002571,00000000-0000-0000-0000-000000000403,20GP,30.0,inbound,00000000-0000-0000-0000-00000000012c,normal,hazardous,True
SYN-CONT-002572,00000000-0000-0000-0000-000000000403,40GP,8.2,inbound,00000000-0000-0000-0000-00000000012c,normal,hazardous,True
SYN-CONT-002573,00000000-0000-0000-0000-000000000403,40HC,11.6,inbound,00000000-0000-0000-0000-00000000012f,normal,reefer,True
SYN-CONT-002574,00000000-0000-0000-0000-000000000403,20GP,16.7,inbound,00000000-0000-0000-0000-00000000012f,normal,standard,True
SYN-CONT-002575,00000000-0000-0000-0000-000000000403,20GP,18.5,inbound,00000000-0000-0000-0000-000000000131,normal,standard,True
SYN-CONT-002576,00000000-0000-0000-0000-000000000403,40RF,10.5,inbound,00000000-0000-0000-0000-00000000012d,normal,reefer,True
SYN-CONT-002577,00000000-0000-0000-0000-000000000404,20GP,25.3,inbound,00000000-0000-0000-0000-00000000012d,high,reefer,True
SYN-CONT-002578,00000000-0000-0000-0000-000000000404,40RF,15.4,inbound,00000000-0000-0000-0000-00000000012e,high,reefer,True
SYN-CONT-002579,00000000-0000-0000-0000-000000000404,40HC,18.9,inbound,00000000-0000-0000-0000-000000000131,high,hazardous,True
SYN-CONT-002580,00000000-0000-0000-0000-000000000404,40RF,10.6,inbound,00000000-0000-0000-0000-00000000012f,high,reefer,True
SYN-CONT-002581,00000000-0000-0000-0000-000000000404,20GP,11.5,inbound,00000000-0000-0000-0000-00000000012f,high,hazardous,True
SYN-CONT-002582,00000000-0000-0000-0000-000000000404,40GP,15.2,inbound,00000000-0000-0000-0000-00000000012c,high,standard,True
SYN-CONT-002583,00000000-0000-0000-0000-000000000404,40RF,9.4,inbound,00000000-0000-0000-0000-00000000012e,high,reefer,True
SYN-CONT-002584,00000000-0000-0000-0000-000000000404,40RF,30.0,inbound,00000000-0000-0000-0000-00000000012d,high,reefer,True
SYN-CONT-002585,00000000-0000-0000-0000-000000000404,20GP,27.5,inbound,00000000-0000-0000-0000-000000000131,high,standard,True
SYN-CONT-002586,00000000-0000-0000-0000-000000000404,40RF,14.1,inbound,00000000-0000-0000-0000-000000000131,high,reefer,True
SYN-CONT-002587,00000000-0000-0000-0000-000000000404,40GP,11.2,inbound,00000000-0000-0000-0000-00000000012e,high,standard,True
SYN-CONT-002588,00000000-0000-0000-0000-000000000404,40RF,9.8,inbound,00000000-0000-0000-0000-000000000131,high,reefer,True
SYN-CONT-002589,00000000-0000-0000-0000-000000000404,40RF,27.6,inbound,00000000-0000-0000-0000-000000000130,high,reefer,True
SYN-CONT-002590,00000000-0000-0000-0000-000000000404,40GP,12.1,inbound,00000000-0000-0000-0000-00000000012c,high,standard,True
SYN-CONT-002591,00000000-0000-0000-0000-000000000404,20GP,15.7,inbound,00000000-0000-0000-0000-00000000012e,high,reefer,True
SYN-CONT-002592,00000000-0000-0000-0000-000000000404,40GP,15.9,inbound,00000000-0000-0000-0000-00000000012f,high,standard,True
SYN-CONT-002593,00000000-0000-0000-0000-000000000404,40RF,18.7,inbound,00000000-0000-0000-0000-000000000131,high,reefer,True
SYN-CONT-002594,00000000-0000-0000-0000-000000000404,40GP,16.0,inbound,00000000-0000-0000-0000-000000000131,high,reefer,True
SYN-CONT-002595,00000000-0000-0000-0000-000000000404,40RF,26.5,inbound,00000000-0000-0000-0000-000000000130,high,reefer,True
SYN-CONT-002596,00000000-0000-0000-0000-000000000404,40GP,24.3,inbound,00000000-0000-0000-0000-000000000130,high,standard,True
SYN-CONT-002597,00000000-0000-0000-0000-000000000404,40GP,22.9,inbound,00000000-0000-0000-0000-000000000131,high,standard,True
SYN-CONT-002598,00000000-0000-0000-0000-000000000404,40HC,11.4,inbound,00000000-0000-0000-0000-00000000012f,high,standard,True
SYN-CONT-002599,00000000-0000-0000-0000-000000000404,40GP,27.4,inbound,00000000-0000-0000-0000-00000000012c,high,reefer,True
SYN-CONT-002600,00000000-0000-0000-0000-000000000404,40RF,13.9,inbound,00000000-0000-0000-0000-000000000131,high,reefer,True
SYN-CONT-002601,00000000-0000-0000-0000-000000000404,20GP,29.2,inbound,00000000-0000-0000-0000-00000000012d,high,reefer,True
SYN-CONT-002602,00000000-0000-0000-0000-000000000404,40RF,22.4,inbound,00000000-0000-0000-0000-000000000130,high,reefer,True
SYN-CONT-002603,00000000-0000-0000-0000-000000000404,20GP,12.9,inbound,00000000-0000-0000-0000-00000000012d,high,standard,True
SYN-CONT-002604,00000000-0000-0000-0000-000000000404,40RF,23.7,inbound,00000000-0000-0000-0000-00000000012d,high,reefer,True
SYN-CONT-002605,00000000-0000-0000-0000-000000000404,40RF,12.9,inbound,00000000-0000-0000-0000-00000000012d,high,reefer,True
SYN-CONT-002606,00000000-0000-0000-0000-000000000404,40GP,29.5,inbound,00000000-0000-0000-0000-00000000012e,high,hazardous,True
SYN-CONT-002607,00000000-0000-0000-0000-000000000404,40HC,14.8,inbound,00000000-0000-0000-0000-00000000012e,high,standard,True
SYN-CONT-002608,00000000-0000-0000-0000-000000000404,20GP,22.6,inbound,00000000-0000-0000-0000-00000000012f,high,reefer,True
SYN-CONT-002609,00000000-0000-0000-0000-000000000404,40RF,17.2,inbound,00000000-0000-0000-0000-00000000012e,high,reefer,True
SYN-CONT-002610,00000000-0000-0000-0000-000000000404,40RF,19.8,inbound,00000000-0000-0000-0000-00000000012e,high,reefer,True
SYN-CONT-002611,00000000-0000-0000-0000-000000000404,20GP,18.3,inbound,00000000-0000-0000-0000-00000000012e,high,standard,True
SYN-CONT-002612,00000000-0000-0000-0000-000000000404,40GP,21.4,inbound,00000000-0000-0000-0000-000000000130,high,hazardous,True
SYN-CONT-002613,00000000-0000-0000-0000-000000000404,40RF,16.6,inbound,00000000-0000-0000-0000-000000000131,high,reefer,True
SYN-CONT-002614,00000000-0000-0000-0000-000000000404,40RF,22.3,inbound,00000000-0000-0000-0000-000000000131,high,reefer,True
SYN-CONT-002615,00000000-0000-0000-0000-000000000404,20GP,26.1,inbound,00000000-0000-0000-0000-00000000012c,high,standard,True
SYN-CONT-002616,00000000-0000-0000-0000-000000000404,20GP,21.9,inbound,00000000-0000-0000-0000-00000000012f,high,standard,True
SYN-CONT-002617,00000000-0000-0000-0000-000000000404,20GP,24.9,inbound,00000000-0000-0000-0000-000000000130,high,reefer,True
SYN-CONT-002618,00000000-0000-0000-0000-000000000404,20GP,19.3,inbound,00000000-0000-0000-0000-00000000012c,high,reefer,True
SYN-CONT-002619,00000000-0000-0000-0000-000000000404,40HC,12.8,inbound,00000000-0000-0000-0000-00000000012f,high,reefer,True
SYN-CONT-002620,00000000-0000-0000-0000-000000000404,40RF,10.6,inbound,00000000-0000-0000-0000-00000000012f,high,reefer,True
SYN-CONT-002621,00000000-0000-0000-0000-000000000404,20GP,29.8,inbound,00000000-0000-0000-0000-00000000012f,high,standard,True
SYN-CONT-002622,00000000-0000-0000-0000-000000000404,40RF,28.4,inbound,00000000-0000-0000-0000-000000000131,high,reefer,True
SYN-CONT-002623,00000000-0000-0000-0000-000000000404,40RF,8.2,inbound,00000000-0000-0000-0000-00000000012e,high,reefer,True
SYN-CONT-002624,00000000-0000-0000-0000-000000000404,40GP,14.4,inbound,00000000-0000-0000-0000-000000000131,high,hazardous,True
SYN-CONT-002625,00000000-0000-0000-0000-000000000404,40HC,26.9,inbound,00000000-0000-0000-0000-00000000012f,high,standard,True
SYN-CONT-002626,00000000-0000-0000-0000-000000000404,40GP,28.3,inbound,00000000-0000-0000-0000-00000000012f,high,standard,True
SYN-CONT-002627,00000000-0000-0000-0000-000000000404,20GP,8.6,inbound,00000000-0000-0000-0000-00000000012e,high,standard,True
SYN-CONT-002628,00000000-0000-0000-0000-000000000404,40HC,11.8,inbound,00000000-0000-0000-0000-000000000130,high,standard,True
SYN-CONT-002629,00000000-0000-0000-0000-000000000404,40RF,13.4,inbound,00000000-0000-0000-0000-00000000012f,high,reefer,True
SYN-CONT-002630,00000000-0000-0000-0000-000000000404,40GP,22.5,inbound,00000000-0000-0000-0000-00000000012c,high,hazardous,True
SYN-CONT-002631,00000000-0000-0000-0000-000000000404,40RF,10.9,inbound,00000000-0000-0000-0000-000000000131,high,reefer,True
SYN-CONT-002632,00000000-0000-0000-0000-000000000404,40RF,30.0,inbound,00000000-0000-0000-0000-00000000012d,high,reefer,True
SYN-CONT-002633,00000000-0000-0000-0000-000000000404,40RF,28.3,inbound,00000000-0000-0000-0000-000000000130,high,reefer,True
SYN-CONT-002634,00000000-0000-0000-0000-000000000404,40GP,13.2,inbound,00000000-0000-0000-0000-000000000131,high,reefer,True
SYN-CONT-002635,00000000-0000-0000-0000-000000000404,40GP,10.7,inbound,00000000-0000-0000-0000-000000000130,high,hazardous,True
SYN-CONT-002636,00000000-0000-0000-0000-000000000404,40RF,27.0,inbound,00000000-0000-0000-0000-000000000131,high,reefer,True
SYN-CONT-002637,00000000-0000-0000-0000-000000000404,40HC,11.6,inbound,00000000-0000-0000-0000-00000000012e,high,hazardous,True
SYN-CONT-002638,00000000-0000-0000-0000-000000000404,40GP,10.1,inbound,00000000-0000-0000-0000-00000000012f,high,standard,True
SYN-CONT-002639,00000000-0000-0000-0000-000000000404,20GP,11.4,inbound,00000000-0000-0000-0000-000000000130,high,hazardous,True
SYN-CONT-002640,00000000-0000-0000-0000-000000000404,20GP,16.6,inbound,00000000-0000-0000-0000-000000000131,high,hazardous,True
SYN-CONT-002641,00000000-0000-0000-0000-000000000404,40GP,22.3,inbound,00000000-0000-0000-0000-00000000012e,high,reefer,True
SYN-CONT-002642,00000000-0000-0000-0000-000000000404,40GP,22.7,inbound,00000000-0000-0000-0000-00000000012d,high,standard,True
SYN-CONT-002643,00000000-0000-0000-0000-000000000404,40HC,20.0,inbound,00000000-0000-0000-0000-00000000012d,high,standard,True
SYN-CONT-002644,00000000-0000-0000-0000-000000000404,40RF,25.3,inbound,00000000-0000-0000-0000-000000000131,high,reefer,True
SYN-CONT-002645,00000000-0000-0000-0000-000000000404,20GP,9.9,inbound,00000000-0000-0000-0000-00000000012d,high,standard,True
SYN-CONT-002646,00000000-0000-0000-0000-000000000404,20GP,27.5,inbound,00000000-0000-0000-0000-00000000012c,high,hazardous,True
SYN-CONT-002647,00000000-0000-0000-0000-000000000404,40RF,28.9,inbound,00000000-0000-0000-0000-00000000012c,high,reefer,True
SYN-CONT-002648,00000000-0000-0000-0000-000000000404,20GP,14.4,inbound,00000000-0000-0000-0000-00000000012d,high,standard,True
SYN-CONT-002649,00000000-0000-0000-0000-000000000404,20GP,19.1,inbound,00000000-0000-0000-0000-00000000012e,high,standard,True
SYN-CONT-002650,00000000-0000-0000-0000-000000000404,40GP,10.3,inbound,00000000-0000-0000-0000-00000000012c,high,reefer,True
SYN-CONT-002651,00000000-0000-0000-0000-000000000404,40RF,9.7,inbound,00000000-0000-0000-0000-000000000131,high,reefer,True
SYN-CONT-002652,00000000-0000-0000-0000-000000000404,20GP,23.5,inbound,00000000-0000-0000-0000-00000000012f,high,standard,True
SYN-CONT-002653,00000000-0000-0000-0000-000000000404,40HC,26.2,inbound,00000000-0000-0000-0000-00000000012d,high,reefer,True
SYN-CONT-002654,00000000-0000-0000-0000-000000000404,40HC,28.3,inbound,00000000-0000-0000-0000-000000000131,high,standard,True
SYN-CONT-002655,00000000-0000-0000-0000-000000000404,20GP,30.0,inbound,00000000-0000-0000-0000-00000000012e,high,standard,True
SYN-CONT-002656,00000000-0000-0000-0000-000000000404,40RF,30.4,inbound,00000000-0000-0000-0000-000000000130,high,reefer,True
SYN-CONT-002657,00000000-0000-0000-0000-000000000404,20GP,19.7,inbound,00000000-0000-0000-0000-00000000012e,high,standard,True
SYN-CONT-002658,00000000-0000-0000-0000-000000000404,20GP,21.6,inbound,00000000-0000-0000-0000-000000000130,high,standard,True
SYN-CONT-002659,00000000-0000-0000-0000-000000000404,20GP,19.5,inbound,00000000-0000-0000-0000-00000000012d,high,hazardous,True
SYN-CONT-002660,00000000-0000-0000-0000-000000000404,40GP,10.6,inbound,00000000-0000-0000-0000-00000000012d,high,standard,True
SYN-CONT-002661,00000000-0000-0000-0000-000000000404,20GP,11.1,inbound,00000000-0000-0000-0000-00000000012c,high,standard,True
SYN-CONT-002662,00000000-0000-0000-0000-000000000404,40GP,14.2,inbound,00000000-0000-0000-0000-00000000012d,high,standard,True
SYN-CONT-002663,00000000-0000-0000-0000-000000000404,20GP,23.9,inbound,00000000-0000-0000-0000-000000000131,high,standard,True
SYN-CONT-002664,00000000-0000-0000-0000-000000000404,40HC,24.8,inbound,00000000-0000-0000-0000-00000000012f,high,reefer,True
SYN-CONT-002665,00000000-0000-0000-0000-000000000404,40RF,19.5,inbound,00000000-0000-0000-0000-00000000012f,high,reefer,True
SYN-CONT-002666,00000000-0000-0000-0000-000000000404,40GP,11.9,inbound,00000000-0000-0000-0000-000000000131,high,standard,True
SYN-CONT-002667,00000000-0000-0000-0000-000000000404,40HC,10.3,inbound,00000000-0000-0000-0000-000000000130,high,reefer,True
SYN-CONT-002668,00000000-0000-0000-0000-000000000404,40HC,25.9,inbound,00000000-0000-0000-0000-000000000131,high,standard,True
SYN-CONT-002669,00000000-0000-0000-0000-000000000405,40RF,17.8,inbound,00000000-0000-0000-0000-00000000012f,critical,reefer,True
SYN-CONT-002670,00000000-0000-0000-0000-000000000405,40RF,21.4,inbound,00000000-0000-0000-0000-00000000012e,critical,reefer,True
SYN-CONT-002671,00000000-0000-0000-0000-000000000405,40HC,10.4,inbound,00000000-0000-0000-0000-00000000012f,critical,hazardous,True
SYN-CONT-002672,00000000-0000-0000-0000-000000000405,40RF,12.5,inbound,00000000-0000-0000-0000-00000000012e,critical,reefer,True
SYN-CONT-002673,00000000-0000-0000-0000-000000000405,40HC,18.1,inbound,00000000-0000-0000-0000-00000000012c,critical,standard,True
SYN-CONT-002674,00000000-0000-0000-0000-000000000405,40HC,17.2,inbound,00000000-0000-0000-0000-000000000130,critical,hazardous,True
SYN-CONT-002675,00000000-0000-0000-0000-000000000405,40HC,8.7,inbound,00000000-0000-0000-0000-00000000012d,critical,reefer,True
SYN-CONT-002676,00000000-0000-0000-0000-000000000405,40HC,25.8,inbound,00000000-0000-0000-0000-00000000012e,critical,reefer,True
SYN-CONT-002677,00000000-0000-0000-0000-000000000405,40GP,12.8,inbound,00000000-0000-0000-0000-00000000012e,critical,standard,True
SYN-CONT-002678,00000000-0000-0000-0000-000000000405,40HC,25.5,inbound,00000000-0000-0000-0000-00000000012c,critical,standard,True
SYN-CONT-002679,00000000-0000-0000-0000-000000000405,20GP,23.5,inbound,00000000-0000-0000-0000-000000000131,critical,standard,True
SYN-CONT-002680,00000000-0000-0000-0000-000000000405,40HC,18.5,inbound,00000000-0000-0000-0000-00000000012e,critical,standard,True
SYN-CONT-002681,00000000-0000-0000-0000-000000000405,40GP,9.5,inbound,00000000-0000-0000-0000-00000000012e,critical,hazardous,True
SYN-CONT-002682,00000000-0000-0000-0000-000000000405,40GP,12.9,inbound,00000000-0000-0000-0000-000000000130,critical,hazardous,True
SYN-CONT-002683,00000000-0000-0000-0000-000000000405,40HC,29.3,inbound,00000000-0000-0000-0000-000000000131,critical,hazardous,True
SYN-CONT-002684,00000000-0000-0000-0000-000000000405,20GP,28.1,inbound,00000000-0000-0000-0000-00000000012f,critical,hazardous,True
SYN-CONT-002685,00000000-0000-0000-0000-000000000405,40RF,15.2,inbound,00000000-0000-0000-0000-00000000012e,critical,reefer,True
SYN-CONT-002686,00000000-0000-0000-0000-000000000405,40GP,9.1,inbound,00000000-0000-0000-0000-00000000012f,critical,standard,True
SYN-CONT-002687,00000000-0000-0000-0000-000000000405,40RF,9.1,inbound,00000000-0000-0000-0000-00000000012e,critical,reefer,True
SYN-CONT-002688,00000000-0000-0000-0000-000000000405,40RF,10.7,inbound,00000000-0000-0000-0000-00000000012f,critical,reefer,True
SYN-CONT-002689,00000000-0000-0000-0000-000000000405,40GP,15.4,inbound,00000000-0000-0000-0000-00000000012f,critical,hazardous,True
SYN-CONT-002690,00000000-0000-0000-0000-000000000405,40GP,8.5,inbound,00000000-0000-0000-0000-00000000012c,critical,hazardous,True
SYN-CONT-002691,00000000-0000-0000-0000-000000000405,20GP,14.4,inbound,00000000-0000-0000-0000-00000000012f,critical,reefer,True
SYN-CONT-002692,00000000-0000-0000-0000-000000000405,20GP,28.7,inbound,00000000-0000-0000-0000-00000000012c,critical,hazardous,True
SYN-CONT-002693,00000000-0000-0000-0000-000000000405,40HC,9.6,inbound,00000000-0000-0000-0000-00000000012c,critical,standard,True
SYN-CONT-002694,00000000-0000-0000-0000-000000000405,40RF,24.3,inbound,00000000-0000-0000-0000-00000000012e,critical,reefer,True
SYN-CONT-002695,00000000-0000-0000-0000-000000000405,40HC,17.0,inbound,00000000-0000-0000-0000-000000000130,critical,standard,True
SYN-CONT-002696,00000000-0000-0000-0000-000000000405,40HC,21.8,inbound,00000000-0000-0000-0000-00000000012f,critical,reefer,True
SYN-CONT-002697,00000000-0000-0000-0000-000000000405,40HC,19.1,inbound,00000000-0000-0000-0000-000000000131,critical,reefer,True
SYN-CONT-002698,00000000-0000-0000-0000-000000000405,20GP,29.1,inbound,00000000-0000-0000-0000-00000000012c,critical,standard,True
SYN-CONT-002699,00000000-0000-0000-0000-000000000405,20GP,9.1,inbound,00000000-0000-0000-0000-00000000012c,critical,standard,True
SYN-CONT-002700,00000000-0000-0000-0000-000000000405,40GP,30.4,inbound,00000000-0000-0000-0000-000000000131,critical,standard,True
SYN-CONT-002701,00000000-0000-0000-0000-000000000405,40RF,13.1,inbound,00000000-0000-0000-0000-00000000012c,critical,reefer,True
SYN-CONT-002702,00000000-0000-0000-0000-000000000405,40GP,26.4,inbound,00000000-0000-0000-0000-000000000130,critical,standard,True
SYN-CONT-002703,00000000-0000-0000-0000-000000000405,20GP,13.8,inbound,00000000-0000-0000-0000-00000000012c,critical,standard,True
SYN-CONT-002704,00000000-0000-0000-0000-000000000405,20GP,29.3,inbound,00000000-0000-0000-0000-00000000012c,critical,standard,True
SYN-CONT-002705,00000000-0000-0000-0000-000000000405,40HC,23.5,inbound,00000000-0000-0000-0000-00000000012f,critical,standard,True
SYN-CONT-002706,00000000-0000-0000-0000-000000000405,40HC,28.8,inbound,00000000-0000-0000-0000-000000000130,critical,standard,True
SYN-CONT-002707,00000000-0000-0000-0000-000000000405,40RF,10.7,inbound,00000000-0000-0000-0000-00000000012e,critical,reefer,True
SYN-CONT-002708,00000000-0000-0000-0000-000000000405,40GP,28.0,inbound,00000000-0000-0000-0000-00000000012f,critical,hazardous,True
SYN-CONT-002709,00000000-0000-0000-0000-000000000405,40RF,23.0,inbound,00000000-0000-0000-0000-000000000130,critical,reefer,True
SYN-CONT-002710,00000000-0000-0000-0000-000000000405,40GP,18.8,inbound,00000000-0000-0000-0000-00000000012f,critical,hazardous,True
SYN-CONT-002711,00000000-0000-0000-0000-000000000405,40HC,25.4,inbound,00000000-0000-0000-0000-00000000012f,critical,standard,True
SYN-CONT-002712,00000000-0000-0000-0000-000000000405,40GP,13.9,inbound,00000000-0000-0000-0000-00000000012e,critical,standard,True
SYN-CONT-002713,00000000-0000-0000-0000-000000000405,20GP,20.6,inbound,00000000-0000-0000-0000-00000000012d,critical,standard,True
SYN-CONT-002714,00000000-0000-0000-0000-000000000405,40GP,9.7,inbound,00000000-0000-0000-0000-00000000012f,critical,standard,True
SYN-CONT-002715,00000000-0000-0000-0000-000000000405,20GP,8.3,inbound,00000000-0000-0000-0000-00000000012d,critical,standard,True
SYN-CONT-002716,00000000-0000-0000-0000-000000000405,40RF,26.4,inbound,00000000-0000-0000-0000-00000000012d,critical,reefer,True
SYN-CONT-002717,00000000-0000-0000-0000-000000000405,40RF,10.4,inbound,00000000-0000-0000-0000-00000000012d,critical,reefer,True
SYN-CONT-002718,00000000-0000-0000-0000-000000000405,40HC,23.9,inbound,00000000-0000-0000-0000-000000000131,critical,standard,True
SYN-CONT-002719,00000000-0000-0000-0000-000000000405,40GP,10.4,inbound,00000000-0000-0000-0000-00000000012d,critical,hazardous,True
SYN-CONT-002720,00000000-0000-0000-0000-000000000405,40GP,16.7,inbound,00000000-0000-0000-0000-00000000012f,critical,standard,True
SYN-CONT-002721,00000000-0000-0000-0000-000000000405,40GP,12.2,inbound,00000000-0000-0000-0000-00000000012e,critical,reefer,True
SYN-CONT-002722,00000000-0000-0000-0000-000000000405,40RF,11.7,inbound,00000000-0000-0000-0000-00000000012e,critical,reefer,True
SYN-CONT-002723,00000000-0000-0000-0000-000000000405,20GP,18.4,inbound,00000000-0000-0000-0000-00000000012c,critical,standard,True
SYN-CONT-002724,00000000-0000-0000-0000-000000000405,20GP,8.4,inbound,00000000-0000-0000-0000-00000000012f,critical,standard,True
SYN-CONT-002725,00000000-0000-0000-0000-000000000405,40GP,8.6,inbound,00000000-0000-0000-0000-000000000131,critical,standard,True
SYN-CONT-002726,00000000-0000-0000-0000-000000000405,40RF,15.9,inbound,00000000-0000-0000-0000-00000000012c,critical,reefer,True
SYN-CONT-002727,00000000-0000-0000-0000-000000000405,20GP,17.7,inbound,00000000-0000-0000-0000-00000000012d,critical,standard,True
SYN-CONT-002728,00000000-0000-0000-0000-000000000405,40RF,19.3,inbound,00000000-0000-0000-0000-000000000130,critical,reefer,True
SYN-CONT-002729,00000000-0000-0000-0000-000000000405,40HC,17.9,inbound,00000000-0000-0000-0000-00000000012e,critical,standard,True
SYN-CONT-002730,00000000-0000-0000-0000-000000000405,20GP,22.6,inbound,00000000-0000-0000-0000-000000000131,critical,standard,True
SYN-CONT-002731,00000000-0000-0000-0000-000000000405,40RF,12.4,inbound,00000000-0000-0000-0000-00000000012d,critical,reefer,True
SYN-CONT-002732,00000000-0000-0000-0000-000000000405,40RF,12.0,inbound,00000000-0000-0000-0000-00000000012e,critical,reefer,True
SYN-CONT-002733,00000000-0000-0000-0000-000000000405,40RF,19.7,inbound,00000000-0000-0000-0000-00000000012c,critical,reefer,True
SYN-CONT-002734,00000000-0000-0000-0000-000000000405,20GP,29.6,inbound,00000000-0000-0000-0000-00000000012d,critical,standard,True
SYN-CONT-002735,00000000-0000-0000-0000-000000000405,20GP,28.1,inbound,00000000-0000-0000-0000-000000000130,critical,standard,True
SYN-CONT-002736,00000000-0000-0000-0000-000000000405,40HC,9.5,inbound,00000000-0000-0000-0000-00000000012c,critical,standard,True
SYN-CONT-002737,00000000-0000-0000-0000-000000000405,40HC,27.9,inbound,00000000-0000-0000-0000-000000000131,critical,standard,True
SYN-CONT-002738,00000000-0000-0000-0000-000000000405,40RF,16.8,inbound,00000000-0000-0000-0000-00000000012c,critical,reefer,True
SYN-CONT-002739,00000000-0000-0000-0000-000000000405,40GP,19.1,inbound,00000000-0000-0000-0000-00000000012d,critical,standard,True
SYN-CONT-002740,00000000-0000-0000-0000-000000000405,40GP,22.3,inbound,00000000-0000-0000-0000-000000000131,critical,standard,True
SYN-CONT-002741,00000000-0000-0000-0000-000000000405,40HC,10.1,inbound,00000000-0000-0000-0000-000000000130,critical,standard,True
SYN-CONT-002742,00000000-0000-0000-0000-000000000405,40RF,24.6,inbound,00000000-0000-0000-0000-000000000131,critical,reefer,True
SYN-CONT-002743,00000000-0000-0000-0000-000000000405,40GP,15.1,inbound,00000000-0000-0000-0000-00000000012c,critical,standard,True
SYN-CONT-002744,00000000-0000-0000-0000-000000000405,40GP,15.5,inbound,00000000-0000-0000-0000-00000000012f,critical,standard,True
SYN-CONT-002745,00000000-0000-0000-0000-000000000405,40GP,23.0,inbound,00000000-0000-0000-0000-00000000012f,critical,standard,True
SYN-CONT-002746,00000000-0000-0000-0000-000000000405,40HC,12.0,inbound,00000000-0000-0000-0000-00000000012e,critical,standard,True
SYN-CONT-002747,00000000-0000-0000-0000-000000000405,20GP,23.3,inbound,00000000-0000-0000-0000-00000000012c,critical,standard,True
SYN-CONT-002748,00000000-0000-0000-0000-000000000405,40HC,21.1,inbound,00000000-0000-0000-0000-00000000012f,critical,reefer,True
SYN-CONT-002749,00000000-0000-0000-0000-000000000405,40GP,10.5,inbound,00000000-0000-0000-0000-00000000012c,critical,reefer,True
SYN-CONT-002750,00000000-0000-0000-0000-000000000405,40HC,19.8,inbound,00000000-0000-0000-0000-00000000012d,critical,standard,True
SYN-CONT-002751,00000000-0000-0000-0000-000000000405,40GP,10.2,inbound,00000000-0000-0000-0000-000000000131,critical,standard,True
SYN-CONT-002752,00000000-0000-0000-0000-000000000405,40HC,19.0,inbound,00000000-0000-0000-0000-00000000012e,critical,reefer,True
SYN-CONT-002753,00000000-0000-0000-0000-000000000405,40HC,13.7,inbound,00000000-0000-0000-0000-00000000012f,critical,reefer,True
SYN-CONT-002754,00000000-0000-0000-0000-000000000405,20GP,14.8,inbound,00000000-0000-0000-0000-00000000012e,critical,standard,True
SYN-CONT-002755,00000000-0000-0000-0000-000000000405,40RF,10.5,inbound,00000000-0000-0000-0000-000000000131,critical,reefer,True
SYN-CONT-002756,00000000-0000-0000-0000-000000000405,20GP,30.0,inbound,00000000-0000-0000-0000-00000000012d,critical,standard,True
SYN-CONT-002757,00000000-0000-0000-0000-000000000405,40GP,19.2,inbound,00000000-0000-0000-0000-00000000012d,critical,standard,True
SYN-CONT-002758,00000000-0000-0000-0000-000000000405,40RF,16.1,inbound,00000000-0000-0000-0000-000000000131,critical,reefer,True
SYN-CONT-002759,00000000-0000-0000-0000-000000000405,20GP,28.7,inbound,00000000-0000-0000-0000-00000000012f,critical,standard,True
SYN-CONT-002760,00000000-0000-0000-0000-000000000405,20GP,27.7,inbound,00000000-0000-0000-0000-000000000131,critical,standard,True
SYN-CONT-002761,00000000-0000-0000-0000-000000000406,40RF,30.2,inbound,00000000-0000-0000-0000-000000000130,normal,reefer,True
SYN-CONT-002762,00000000-0000-0000-0000-000000000406,40GP,28.5,inbound,00000000-0000-0000-0000-00000000012e,normal,standard,True
SYN-CONT-002763,00000000-0000-0000-0000-000000000406,40HC,21.3,inbound,00000000-0000-0000-0000-00000000012e,normal,reefer,True
SYN-CONT-002764,00000000-0000-0000-0000-000000000406,40HC,8.9,inbound,00000000-0000-0000-0000-000000000130,normal,standard,True
SYN-CONT-002765,00000000-0000-0000-0000-000000000406,40HC,10.8,inbound,00000000-0000-0000-0000-00000000012f,normal,hazardous,True
SYN-CONT-002766,00000000-0000-0000-0000-000000000406,40HC,10.5,inbound,00000000-0000-0000-0000-00000000012c,normal,standard,True
SYN-CONT-002767,00000000-0000-0000-0000-000000000406,40RF,28.9,inbound,00000000-0000-0000-0000-00000000012d,normal,reefer,True
SYN-CONT-002768,00000000-0000-0000-0000-000000000406,40RF,23.3,inbound,00000000-0000-0000-0000-000000000130,normal,reefer,True
SYN-CONT-002769,00000000-0000-0000-0000-000000000406,40HC,20.6,inbound,00000000-0000-0000-0000-00000000012d,normal,hazardous,True
SYN-CONT-002770,00000000-0000-0000-0000-000000000406,40HC,14.5,inbound,00000000-0000-0000-0000-00000000012e,normal,reefer,True
SYN-CONT-002771,00000000-0000-0000-0000-000000000406,20GP,8.9,inbound,00000000-0000-0000-0000-00000000012e,normal,reefer,True
SYN-CONT-002772,00000000-0000-0000-0000-000000000406,20GP,19.0,inbound,00000000-0000-0000-0000-00000000012c,normal,standard,True
SYN-CONT-002773,00000000-0000-0000-0000-000000000406,40RF,15.9,inbound,00000000-0000-0000-0000-00000000012c,normal,reefer,True
SYN-CONT-002774,00000000-0000-0000-0000-000000000406,20GP,11.1,inbound,00000000-0000-0000-0000-00000000012e,normal,standard,True
SYN-CONT-002775,00000000-0000-0000-0000-000000000406,40GP,24.0,inbound,00000000-0000-0000-0000-00000000012d,normal,standard,True
SYN-CONT-002776,00000000-0000-0000-0000-000000000406,40GP,21.2,inbound,00000000-0000-0000-0000-00000000012c,normal,reefer,True
SYN-CONT-002777,00000000-0000-0000-0000-000000000406,40HC,8.7,inbound,00000000-0000-0000-0000-00000000012e,normal,standard,True
SYN-CONT-002778,00000000-0000-0000-0000-000000000406,40GP,17.5,inbound,00000000-0000-0000-0000-00000000012c,normal,reefer,True
SYN-CONT-002779,00000000-0000-0000-0000-000000000406,40HC,21.4,inbound,00000000-0000-0000-0000-00000000012d,normal,standard,True
SYN-CONT-002780,00000000-0000-0000-0000-000000000406,40RF,23.3,inbound,00000000-0000-0000-0000-00000000012e,normal,reefer,True
SYN-CONT-002781,00000000-0000-0000-0000-000000000406,40GP,13.6,inbound,00000000-0000-0000-0000-00000000012f,normal,standard,True
SYN-CONT-002782,00000000-0000-0000-0000-000000000406,40GP,14.9,inbound,00000000-0000-0000-0000-00000000012e,normal,standard,True
SYN-CONT-002783,00000000-0000-0000-0000-000000000406,40RF,20.3,inbound,00000000-0000-0000-0000-00000000012f,normal,reefer,True
SYN-CONT-002784,00000000-0000-0000-0000-000000000406,40RF,10.2,inbound,00000000-0000-0000-0000-000000000130,normal,reefer,True
SYN-CONT-002785,00000000-0000-0000-0000-000000000406,40RF,23.6,inbound,00000000-0000-0000-0000-000000000130,normal,reefer,True
SYN-CONT-002786,00000000-0000-0000-0000-000000000406,40HC,16.0,inbound,00000000-0000-0000-0000-00000000012f,normal,reefer,True
SYN-CONT-002787,00000000-0000-0000-0000-000000000406,40RF,29.6,inbound,00000000-0000-0000-0000-00000000012f,normal,reefer,True
SYN-CONT-002788,00000000-0000-0000-0000-000000000406,20GP,8.6,inbound,00000000-0000-0000-0000-00000000012f,normal,hazardous,True
SYN-CONT-002789,00000000-0000-0000-0000-000000000406,20GP,21.8,inbound,00000000-0000-0000-0000-00000000012e,normal,standard,True
SYN-CONT-002790,00000000-0000-0000-0000-000000000406,40GP,19.5,inbound,00000000-0000-0000-0000-00000000012d,normal,hazardous,True
SYN-CONT-002791,00000000-0000-0000-0000-000000000406,40HC,25.0,inbound,00000000-0000-0000-0000-00000000012f,normal,standard,True
SYN-CONT-002792,00000000-0000-0000-0000-000000000406,40GP,23.1,inbound,00000000-0000-0000-0000-00000000012f,normal,reefer,True
SYN-CONT-002793,00000000-0000-0000-0000-000000000406,40RF,26.9,inbound,00000000-0000-0000-0000-00000000012c,normal,reefer,True
SYN-CONT-002794,00000000-0000-0000-0000-000000000406,20GP,26.7,inbound,00000000-0000-0000-0000-000000000131,normal,standard,True
SYN-CONT-002795,00000000-0000-0000-0000-000000000406,20GP,21.4,inbound,00000000-0000-0000-0000-00000000012e,normal,standard,True
SYN-CONT-002796,00000000-0000-0000-0000-000000000406,40RF,23.5,inbound,00000000-0000-0000-0000-00000000012c,normal,reefer,True
SYN-CONT-002797,00000000-0000-0000-0000-000000000406,20GP,23.2,inbound,00000000-0000-0000-0000-000000000131,normal,hazardous,True
SYN-CONT-002798,00000000-0000-0000-0000-000000000406,20GP,19.6,inbound,00000000-0000-0000-0000-000000000130,normal,standard,True
SYN-CONT-002799,00000000-0000-0000-0000-000000000406,40RF,11.1,inbound,00000000-0000-0000-0000-000000000131,normal,reefer,True
SYN-CONT-002800,00000000-0000-0000-0000-000000000406,40GP,22.1,inbound,00000000-0000-0000-0000-000000000131,normal,standard,True
SYN-CONT-002801,00000000-0000-0000-0000-000000000406,20GP,22.0,inbound,00000000-0000-0000-0000-00000000012d,normal,reefer,True
SYN-CONT-002802,00000000-0000-0000-0000-000000000406,20GP,8.0,inbound,00000000-0000-0000-0000-000000000130,normal,standard,True
SYN-CONT-002803,00000000-0000-0000-0000-000000000406,20GP,10.2,inbound,00000000-0000-0000-0000-00000000012d,normal,hazardous,True
SYN-CONT-002804,00000000-0000-0000-0000-000000000406,20GP,8.6,inbound,00000000-0000-0000-0000-000000000130,normal,reefer,True
SYN-CONT-002805,00000000-0000-0000-0000-000000000406,40RF,16.8,inbound,00000000-0000-0000-0000-00000000012c,normal,reefer,True
SYN-CONT-002806,00000000-0000-0000-0000-000000000406,40HC,18.9,inbound,00000000-0000-0000-0000-00000000012d,normal,reefer,True
SYN-CONT-002807,00000000-0000-0000-0000-000000000406,40GP,13.9,inbound,00000000-0000-0000-0000-000000000130,normal,hazardous,True
SYN-CONT-002808,00000000-0000-0000-0000-000000000406,40RF,27.3,inbound,00000000-0000-0000-0000-000000000130,normal,reefer,True
SYN-CONT-002809,00000000-0000-0000-0000-000000000406,20GP,11.3,inbound,00000000-0000-0000-0000-00000000012c,normal,reefer,True
SYN-CONT-002810,00000000-0000-0000-0000-000000000406,40GP,26.4,inbound,00000000-0000-0000-0000-000000000131,normal,standard,True
SYN-CONT-002811,00000000-0000-0000-0000-000000000406,40GP,19.5,inbound,00000000-0000-0000-0000-000000000131,normal,standard,True
SYN-CONT-002812,00000000-0000-0000-0000-000000000406,40GP,18.8,inbound,00000000-0000-0000-0000-00000000012e,normal,reefer,True
SYN-CONT-002813,00000000-0000-0000-0000-000000000406,20GP,19.1,inbound,00000000-0000-0000-0000-000000000131,normal,hazardous,True
SYN-CONT-002814,00000000-0000-0000-0000-000000000406,40HC,16.7,inbound,00000000-0000-0000-0000-00000000012c,normal,reefer,True
SYN-CONT-002815,00000000-0000-0000-0000-000000000406,40RF,17.4,inbound,00000000-0000-0000-0000-00000000012f,normal,reefer,True
SYN-CONT-002816,00000000-0000-0000-0000-000000000406,40GP,14.4,inbound,00000000-0000-0000-0000-00000000012c,normal,standard,True
SYN-CONT-002817,00000000-0000-0000-0000-000000000406,40RF,8.2,inbound,00000000-0000-0000-0000-00000000012e,normal,reefer,True
SYN-CONT-002818,00000000-0000-0000-0000-000000000406,20GP,18.0,inbound,00000000-0000-0000-0000-00000000012e,normal,hazardous,True
SYN-CONT-002819,00000000-0000-0000-0000-000000000406,40GP,27.9,inbound,00000000-0000-0000-0000-00000000012f,normal,reefer,True
SYN-CONT-002820,00000000-0000-0000-0000-000000000406,40HC,30.1,inbound,00000000-0000-0000-0000-00000000012e,normal,standard,True
SYN-CONT-002821,00000000-0000-0000-0000-000000000406,40GP,28.3,inbound,00000000-0000-0000-0000-000000000130,normal,standard,True
SYN-CONT-002822,00000000-0000-0000-0000-000000000406,40RF,19.5,inbound,00000000-0000-0000-0000-00000000012d,normal,reefer,True
SYN-CONT-002823,00000000-0000-0000-0000-000000000406,40GP,22.8,inbound,00000000-0000-0000-0000-000000000130,normal,standard,True
SYN-CONT-002824,00000000-0000-0000-0000-000000000406,40HC,24.1,inbound,00000000-0000-0000-0000-00000000012d,normal,reefer,True
SYN-CONT-002825,00000000-0000-0000-0000-000000000406,40HC,28.8,inbound,00000000-0000-0000-0000-00000000012c,normal,standard,True
SYN-CONT-002826,00000000-0000-0000-0000-000000000406,40RF,16.5,inbound,00000000-0000-0000-0000-00000000012f,normal,reefer,True
SYN-CONT-002827,00000000-0000-0000-0000-000000000406,40GP,23.9,inbound,00000000-0000-0000-0000-000000000130,normal,hazardous,True
SYN-CONT-002828,00000000-0000-0000-0000-000000000406,40HC,23.7,inbound,00000000-0000-0000-0000-000000000130,normal,standard,True
SYN-CONT-002829,00000000-0000-0000-0000-000000000406,40HC,21.9,inbound,00000000-0000-0000-0000-00000000012f,normal,hazardous,True
SYN-CONT-002830,00000000-0000-0000-0000-000000000406,20GP,8.7,inbound,00000000-0000-0000-0000-000000000131,normal,standard,True
SYN-CONT-002831,00000000-0000-0000-0000-000000000406,40GP,10.2,inbound,00000000-0000-0000-0000-00000000012c,normal,standard,True
SYN-CONT-002832,00000000-0000-0000-0000-000000000406,40RF,29.0,inbound,00000000-0000-0000-0000-00000000012f,normal,reefer,True
SYN-CONT-002833,00000000-0000-0000-0000-000000000406,40HC,30.1,inbound,00000000-0000-0000-0000-000000000131,normal,standard,True
SYN-CONT-002834,00000000-0000-0000-0000-000000000406,40GP,28.2,inbound,00000000-0000-0000-0000-00000000012d,normal,standard,True
SYN-CONT-002835,00000000-0000-0000-0000-000000000406,40RF,25.0,inbound,00000000-0000-0000-0000-00000000012f,normal,reefer,True
SYN-CONT-002836,00000000-0000-0000-0000-000000000406,20GP,21.8,inbound,00000000-0000-0000-0000-00000000012c,normal,standard,True
SYN-CONT-002837,00000000-0000-0000-0000-000000000406,20GP,17.9,inbound,00000000-0000-0000-0000-00000000012e,normal,standard,True
SYN-CONT-002838,00000000-0000-0000-0000-000000000406,20GP,15.2,inbound,00000000-0000-0000-0000-000000000131,normal,standard,True
SYN-CONT-002839,00000000-0000-0000-0000-000000000406,40RF,16.5,inbound,00000000-0000-0000-0000-000000000131,normal,reefer,True
SYN-CONT-002840,00000000-0000-0000-0000-000000000406,40GP,13.7,inbound,00000000-0000-0000-0000-00000000012f,normal,standard,True
SYN-CONT-002841,00000000-0000-0000-0000-000000000406,40HC,12.5,inbound,00000000-0000-0000-0000-00000000012d,normal,standard,True
SYN-CONT-002842,00000000-0000-0000-0000-000000000406,40RF,26.3,inbound,00000000-0000-0000-0000-00000000012d,normal,reefer,True
SYN-CONT-002843,00000000-0000-0000-0000-000000000406,20GP,8.5,inbound,00000000-0000-0000-0000-000000000131,normal,hazardous,True
SYN-CONT-002844,00000000-0000-0000-0000-000000000406,20GP,8.7,inbound,00000000-0000-0000-0000-00000000012d,normal,standard,True
SYN-CONT-002845,00000000-0000-0000-0000-000000000406,20GP,25.4,inbound,00000000-0000-0000-0000-000000000130,normal,standard,True
SYN-CONT-002846,00000000-0000-0000-0000-000000000406,20GP,12.2,inbound,00000000-0000-0000-0000-000000000131,normal,standard,True
SYN-CONT-002847,00000000-0000-0000-0000-000000000406,40RF,12.3,inbound,00000000-0000-0000-0000-00000000012d,normal,reefer,True
SYN-CONT-002848,00000000-0000-0000-0000-000000000406,40RF,19.3,inbound,00000000-0000-0000-0000-00000000012e,normal,reefer,True
SYN-CONT-002849,00000000-0000-0000-0000-000000000406,40GP,17.9,inbound,00000000-0000-0000-0000-000000000131,normal,standard,True
SYN-CONT-002850,00000000-0000-0000-0000-000000000406,40RF,27.7,inbound,00000000-0000-0000-0000-000000000130,normal,reefer,True
SYN-CONT-002851,00000000-0000-0000-0000-000000000406,20GP,25.6,inbound,00000000-0000-0000-0000-00000000012e,normal,standard,True
SYN-CONT-002852,00000000-0000-0000-0000-000000000406,20GP,19.2,inbound,00000000-0000-0000-0000-00000000012c,normal,standard,True
SYN-CONT-002853,00000000-0000-0000-0000-000000000407,40HC,13.0,inbound,00000000-0000-0000-0000-00000000012e,high,standard,True
SYN-CONT-002854,00000000-0000-0000-0000-000000000407,40HC,23.8,inbound,00000000-0000-0000-0000-00000000012c,high,reefer,True
SYN-CONT-002855,00000000-0000-0000-0000-000000000407,40GP,9.7,inbound,00000000-0000-0000-0000-000000000130,high,standard,True
SYN-CONT-002856,00000000-0000-0000-0000-000000000407,40GP,29.0,inbound,00000000-0000-0000-0000-000000000130,high,hazardous,True
SYN-CONT-002857,00000000-0000-0000-0000-000000000407,40HC,21.9,inbound,00000000-0000-0000-0000-000000000130,high,reefer,True
SYN-CONT-002858,00000000-0000-0000-0000-000000000407,20GP,18.6,inbound,00000000-0000-0000-0000-00000000012e,high,hazardous,True
SYN-CONT-002859,00000000-0000-0000-0000-000000000407,20GP,15.6,inbound,00000000-0000-0000-0000-00000000012e,high,standard,True
SYN-CONT-002860,00000000-0000-0000-0000-000000000407,40GP,28.0,inbound,00000000-0000-0000-0000-00000000012c,high,standard,True
SYN-CONT-002861,00000000-0000-0000-0000-000000000407,40GP,20.3,inbound,00000000-0000-0000-0000-000000000131,high,standard,True
SYN-CONT-002862,00000000-0000-0000-0000-000000000407,40HC,13.3,inbound,00000000-0000-0000-0000-00000000012c,high,standard,True
SYN-CONT-002863,00000000-0000-0000-0000-000000000407,20GP,30.1,inbound,00000000-0000-0000-0000-00000000012f,high,standard,True
SYN-CONT-002864,00000000-0000-0000-0000-000000000407,20GP,18.8,inbound,00000000-0000-0000-0000-00000000012d,high,hazardous,True
SYN-CONT-002865,00000000-0000-0000-0000-000000000407,40HC,10.3,inbound,00000000-0000-0000-0000-00000000012f,high,standard,True
SYN-CONT-002866,00000000-0000-0000-0000-000000000407,40GP,17.7,inbound,00000000-0000-0000-0000-00000000012e,high,standard,True
SYN-CONT-002867,00000000-0000-0000-0000-000000000407,40GP,29.0,inbound,00000000-0000-0000-0000-00000000012c,high,standard,True
SYN-CONT-002868,00000000-0000-0000-0000-000000000407,40GP,21.7,inbound,00000000-0000-0000-0000-00000000012f,high,hazardous,True
SYN-CONT-002869,00000000-0000-0000-0000-000000000407,20GP,18.8,inbound,00000000-0000-0000-0000-00000000012f,high,hazardous,True
SYN-CONT-002870,00000000-0000-0000-0000-000000000407,40RF,23.6,inbound,00000000-0000-0000-0000-00000000012f,high,reefer,True
SYN-CONT-002871,00000000-0000-0000-0000-000000000407,40RF,20.4,inbound,00000000-0000-0000-0000-00000000012c,high,reefer,True
SYN-CONT-002872,00000000-0000-0000-0000-000000000407,40RF,10.7,inbound,00000000-0000-0000-0000-000000000130,high,reefer,True
SYN-CONT-002873,00000000-0000-0000-0000-000000000407,40HC,12.4,inbound,00000000-0000-0000-0000-00000000012f,high,standard,True
SYN-CONT-002874,00000000-0000-0000-0000-000000000407,20GP,13.2,inbound,00000000-0000-0000-0000-000000000130,high,standard,True
SYN-CONT-002875,00000000-0000-0000-0000-000000000407,20GP,17.3,inbound,00000000-0000-0000-0000-000000000130,high,standard,True
SYN-CONT-002876,00000000-0000-0000-0000-000000000407,20GP,27.6,inbound,00000000-0000-0000-0000-00000000012d,high,standard,True
SYN-CONT-002877,00000000-0000-0000-0000-000000000407,20GP,9.3,inbound,00000000-0000-0000-0000-00000000012f,high,standard,True
SYN-CONT-002878,00000000-0000-0000-0000-000000000407,40GP,9.0,inbound,00000000-0000-0000-0000-00000000012e,high,standard,True
SYN-CONT-002879,00000000-0000-0000-0000-000000000407,40GP,10.9,inbound,00000000-0000-0000-0000-00000000012f,high,standard,True
SYN-CONT-002880,00000000-0000-0000-0000-000000000407,40RF,22.8,inbound,00000000-0000-0000-0000-000000000131,high,reefer,True
SYN-CONT-002881,00000000-0000-0000-0000-000000000407,20GP,13.6,inbound,00000000-0000-0000-0000-000000000130,high,standard,True
SYN-CONT-002882,00000000-0000-0000-0000-000000000407,40GP,23.9,inbound,00000000-0000-0000-0000-00000000012e,high,reefer,True
SYN-CONT-002883,00000000-0000-0000-0000-000000000407,40GP,24.0,inbound,00000000-0000-0000-0000-00000000012e,high,reefer,True
SYN-CONT-002884,00000000-0000-0000-0000-000000000407,40HC,19.9,inbound,00000000-0000-0000-0000-00000000012e,high,standard,True
SYN-CONT-002885,00000000-0000-0000-0000-000000000407,40HC,19.3,inbound,00000000-0000-0000-0000-00000000012c,high,hazardous,True
SYN-CONT-002886,00000000-0000-0000-0000-000000000407,40HC,23.9,inbound,00000000-0000-0000-0000-000000000130,high,reefer,True
SYN-CONT-002887,00000000-0000-0000-0000-000000000407,40RF,14.3,inbound,00000000-0000-0000-0000-00000000012d,high,reefer,True
SYN-CONT-002888,00000000-0000-0000-0000-000000000407,40GP,13.2,inbound,00000000-0000-0000-0000-000000000131,high,hazardous,True
SYN-CONT-002889,00000000-0000-0000-0000-000000000407,40GP,16.4,inbound,00000000-0000-0000-0000-00000000012d,high,standard,True
SYN-CONT-002890,00000000-0000-0000-0000-000000000407,20GP,23.7,inbound,00000000-0000-0000-0000-000000000131,high,standard,True
SYN-CONT-002891,00000000-0000-0000-0000-000000000407,40RF,29.4,inbound,00000000-0000-0000-0000-00000000012c,high,reefer,True
SYN-CONT-002892,00000000-0000-0000-0000-000000000407,40RF,26.8,inbound,00000000-0000-0000-0000-00000000012e,high,reefer,True
SYN-CONT-002893,00000000-0000-0000-0000-000000000407,40HC,16.6,inbound,00000000-0000-0000-0000-00000000012c,high,hazardous,True
SYN-CONT-002894,00000000-0000-0000-0000-000000000407,20GP,27.2,inbound,00000000-0000-0000-0000-00000000012f,high,standard,True
SYN-CONT-002895,00000000-0000-0000-0000-000000000407,40RF,8.4,inbound,00000000-0000-0000-0000-00000000012f,high,reefer,True
SYN-CONT-002896,00000000-0000-0000-0000-000000000407,40RF,18.0,inbound,00000000-0000-0000-0000-00000000012d,high,reefer,True
SYN-CONT-002897,00000000-0000-0000-0000-000000000407,40GP,12.1,inbound,00000000-0000-0000-0000-00000000012f,high,reefer,True
SYN-CONT-002898,00000000-0000-0000-0000-000000000407,20GP,8.7,inbound,00000000-0000-0000-0000-00000000012e,high,standard,True
SYN-CONT-002899,00000000-0000-0000-0000-000000000407,20GP,25.0,inbound,00000000-0000-0000-0000-00000000012e,high,hazardous,True
SYN-CONT-002900,00000000-0000-0000-0000-000000000407,40HC,12.9,inbound,00000000-0000-0000-0000-00000000012c,high,hazardous,True
SYN-CONT-002901,00000000-0000-0000-0000-000000000407,40HC,17.8,inbound,00000000-0000-0000-0000-00000000012f,high,hazardous,True
SYN-CONT-002902,00000000-0000-0000-0000-000000000407,20GP,20.4,inbound,00000000-0000-0000-0000-000000000131,high,standard,True
SYN-CONT-002903,00000000-0000-0000-0000-000000000407,40HC,18.4,inbound,00000000-0000-0000-0000-000000000130,high,hazardous,True
SYN-CONT-002904,00000000-0000-0000-0000-000000000407,40HC,29.6,inbound,00000000-0000-0000-0000-00000000012f,high,standard,True
SYN-CONT-002905,00000000-0000-0000-0000-000000000407,40GP,28.4,inbound,00000000-0000-0000-0000-00000000012e,high,standard,True
SYN-CONT-002906,00000000-0000-0000-0000-000000000407,40HC,30.5,inbound,00000000-0000-0000-0000-000000000130,high,standard,True
SYN-CONT-002907,00000000-0000-0000-0000-000000000407,40HC,20.8,inbound,00000000-0000-0000-0000-00000000012c,high,standard,True
SYN-CONT-002908,00000000-0000-0000-0000-000000000407,40HC,14.0,inbound,00000000-0000-0000-0000-00000000012e,high,standard,True
SYN-CONT-002909,00000000-0000-0000-0000-000000000407,20GP,14.9,inbound,00000000-0000-0000-0000-000000000131,high,standard,True
SYN-CONT-002910,00000000-0000-0000-0000-000000000407,40HC,27.1,inbound,00000000-0000-0000-0000-00000000012f,high,standard,True
SYN-CONT-002911,00000000-0000-0000-0000-000000000407,40RF,8.4,inbound,00000000-0000-0000-0000-00000000012c,high,reefer,True
SYN-CONT-002912,00000000-0000-0000-0000-000000000407,40RF,8.8,inbound,00000000-0000-0000-0000-00000000012e,high,reefer,True
SYN-CONT-002913,00000000-0000-0000-0000-000000000407,40RF,22.3,inbound,00000000-0000-0000-0000-000000000130,high,reefer,True
SYN-CONT-002914,00000000-0000-0000-0000-000000000407,40GP,9.3,inbound,00000000-0000-0000-0000-00000000012c,high,reefer,True
SYN-CONT-002915,00000000-0000-0000-0000-000000000407,40HC,20.4,inbound,00000000-0000-0000-0000-00000000012c,high,hazardous,True
SYN-CONT-002916,00000000-0000-0000-0000-000000000407,40RF,12.0,inbound,00000000-0000-0000-0000-00000000012e,high,reefer,True
SYN-CONT-002917,00000000-0000-0000-0000-000000000407,40HC,10.9,inbound,00000000-0000-0000-0000-000000000131,high,reefer,True
SYN-CONT-002918,00000000-0000-0000-0000-000000000407,40GP,27.6,inbound,00000000-0000-0000-0000-000000000131,high,standard,True
SYN-CONT-002919,00000000-0000-0000-0000-000000000407,20GP,10.6,inbound,00000000-0000-0000-0000-00000000012c,high,standard,True
SYN-CONT-002920,00000000-0000-0000-0000-000000000407,40GP,27.4,inbound,00000000-0000-0000-0000-000000000130,high,hazardous,True
SYN-CONT-002921,00000000-0000-0000-0000-000000000407,40HC,20.5,inbound,00000000-0000-0000-0000-00000000012d,high,standard,True
SYN-CONT-002922,00000000-0000-0000-0000-000000000407,20GP,29.9,inbound,00000000-0000-0000-0000-00000000012c,high,standard,True
SYN-CONT-002923,00000000-0000-0000-0000-000000000407,40HC,24.2,inbound,00000000-0000-0000-0000-000000000130,high,hazardous,True
SYN-CONT-002924,00000000-0000-0000-0000-000000000407,40GP,10.5,inbound,00000000-0000-0000-0000-000000000130,high,standard,True
SYN-CONT-002925,00000000-0000-0000-0000-000000000407,40RF,10.5,inbound,00000000-0000-0000-0000-00000000012c,high,reefer,True
SYN-CONT-002926,00000000-0000-0000-0000-000000000407,40GP,15.3,inbound,00000000-0000-0000-0000-00000000012e,high,standard,True
SYN-CONT-002927,00000000-0000-0000-0000-000000000407,40RF,9.6,inbound,00000000-0000-0000-0000-00000000012f,high,reefer,True
SYN-CONT-002928,00000000-0000-0000-0000-000000000407,40HC,8.6,inbound,00000000-0000-0000-0000-000000000130,high,standard,True
SYN-CONT-002929,00000000-0000-0000-0000-000000000407,40HC,29.9,inbound,00000000-0000-0000-0000-000000000131,high,standard,True
SYN-CONT-002930,00000000-0000-0000-0000-000000000407,40HC,29.2,inbound,00000000-0000-0000-0000-00000000012e,high,reefer,True
SYN-CONT-002931,00000000-0000-0000-0000-000000000407,20GP,16.3,inbound,00000000-0000-0000-0000-00000000012e,high,standard,True
SYN-CONT-002932,00000000-0000-0000-0000-000000000407,40GP,8.6,inbound,00000000-0000-0000-0000-000000000130,high,hazardous,True
SYN-CONT-002933,00000000-0000-0000-0000-000000000407,40GP,19.5,inbound,00000000-0000-0000-0000-000000000131,high,standard,True
SYN-CONT-002934,00000000-0000-0000-0000-000000000407,40HC,16.5,inbound,00000000-0000-0000-0000-000000000130,high,standard,True
SYN-CONT-002935,00000000-0000-0000-0000-000000000407,20GP,16.6,inbound,00000000-0000-0000-0000-000000000131,high,standard,True
SYN-CONT-002936,00000000-0000-0000-0000-000000000407,20GP,29.6,inbound,00000000-0000-0000-0000-00000000012d,high,standard,True
SYN-CONT-002937,00000000-0000-0000-0000-000000000407,40RF,20.1,inbound,00000000-0000-0000-0000-00000000012c,high,reefer,True
SYN-CONT-002938,00000000-0000-0000-0000-000000000407,20GP,18.6,inbound,00000000-0000-0000-0000-000000000130,high,hazardous,True
SYN-CONT-002939,00000000-0000-0000-0000-000000000407,40RF,15.1,inbound,00000000-0000-0000-0000-00000000012d,high,reefer,True
SYN-CONT-002940,00000000-0000-0000-0000-000000000407,40HC,15.4,inbound,00000000-0000-0000-0000-00000000012e,high,standard,True
SYN-CONT-002941,00000000-0000-0000-0000-000000000407,40GP,15.1,inbound,00000000-0000-0000-0000-00000000012c,high,reefer,True
SYN-CONT-002942,00000000-0000-0000-0000-000000000407,40GP,24.5,inbound,00000000-0000-0000-0000-00000000012f,high,reefer,True
SYN-CONT-002943,00000000-0000-0000-0000-000000000407,40HC,15.9,inbound,00000000-0000-0000-0000-000000000130,high,standard,True
SYN-CONT-002944,00000000-0000-0000-0000-000000000407,20GP,22.7,inbound,00000000-0000-0000-0000-000000000130,high,standard,True
SYN-CONT-002945,00000000-0000-0000-0000-000000000408,40GP,25.7,inbound,00000000-0000-0000-0000-00000000012d,high,reefer,True
SYN-CONT-002946,00000000-0000-0000-0000-000000000408,40GP,13.5,inbound,00000000-0000-0000-0000-00000000012f,high,hazardous,True
SYN-CONT-002947,00000000-0000-0000-0000-000000000408,40GP,13.9,inbound,00000000-0000-0000-0000-00000000012e,high,hazardous,True
SYN-CONT-002948,00000000-0000-0000-0000-000000000408,40HC,10.7,inbound,00000000-0000-0000-0000-00000000012f,high,standard,True
SYN-CONT-002949,00000000-0000-0000-0000-000000000408,40RF,19.4,inbound,00000000-0000-0000-0000-00000000012d,high,reefer,True
SYN-CONT-002950,00000000-0000-0000-0000-000000000408,40RF,22.2,inbound,00000000-0000-0000-0000-00000000012d,high,reefer,True
SYN-CONT-002951,00000000-0000-0000-0000-000000000408,40GP,8.3,inbound,00000000-0000-0000-0000-00000000012c,high,reefer,True
SYN-CONT-002952,00000000-0000-0000-0000-000000000408,40RF,13.9,inbound,00000000-0000-0000-0000-000000000130,high,reefer,True
SYN-CONT-002953,00000000-0000-0000-0000-000000000408,40RF,24.7,inbound,00000000-0000-0000-0000-00000000012d,high,reefer,True
SYN-CONT-002954,00000000-0000-0000-0000-000000000408,20GP,8.5,inbound,00000000-0000-0000-0000-00000000012d,high,reefer,True
SYN-CONT-002955,00000000-0000-0000-0000-000000000408,20GP,19.6,inbound,00000000-0000-0000-0000-000000000130,high,standard,True
SYN-CONT-002956,00000000-0000-0000-0000-000000000408,40RF,28.3,inbound,00000000-0000-0000-0000-00000000012e,high,reefer,True
SYN-CONT-002957,00000000-0000-0000-0000-000000000408,40GP,23.7,inbound,00000000-0000-0000-0000-00000000012d,high,reefer,True
SYN-CONT-002958,00000000-0000-0000-0000-000000000408,40HC,15.6,inbound,00000000-0000-0000-0000-00000000012e,high,standard,True
SYN-CONT-002959,00000000-0000-0000-0000-000000000408,20GP,9.7,inbound,00000000-0000-0000-0000-00000000012e,high,standard,True
SYN-CONT-002960,00000000-0000-0000-0000-000000000408,40RF,28.5,inbound,00000000-0000-0000-0000-000000000131,high,reefer,True
SYN-CONT-002961,00000000-0000-0000-0000-000000000408,40RF,24.7,inbound,00000000-0000-0000-0000-00000000012f,high,reefer,True
SYN-CONT-002962,00000000-0000-0000-0000-000000000408,40HC,23.8,inbound,00000000-0000-0000-0000-000000000131,high,reefer,True
SYN-CONT-002963,00000000-0000-0000-0000-000000000408,40GP,28.6,inbound,00000000-0000-0000-0000-000000000130,high,hazardous,True
SYN-CONT-002964,00000000-0000-0000-0000-000000000408,20GP,28.2,inbound,00000000-0000-0000-0000-000000000130,high,standard,True
SYN-CONT-002965,00000000-0000-0000-0000-000000000408,40HC,16.5,inbound,00000000-0000-0000-0000-00000000012f,high,reefer,True
SYN-CONT-002966,00000000-0000-0000-0000-000000000408,40GP,24.3,inbound,00000000-0000-0000-0000-00000000012e,high,hazardous,True
SYN-CONT-002967,00000000-0000-0000-0000-000000000408,20GP,14.7,inbound,00000000-0000-0000-0000-00000000012e,high,standard,True
SYN-CONT-002968,00000000-0000-0000-0000-000000000408,20GP,19.6,inbound,00000000-0000-0000-0000-000000000130,high,hazardous,True
SYN-CONT-002969,00000000-0000-0000-0000-000000000408,40RF,14.4,inbound,00000000-0000-0000-0000-00000000012f,high,reefer,True
SYN-CONT-002970,00000000-0000-0000-0000-000000000408,40HC,29.5,inbound,00000000-0000-0000-0000-00000000012c,high,standard,True
SYN-CONT-002971,00000000-0000-0000-0000-000000000408,40GP,19.7,inbound,00000000-0000-0000-0000-000000000130,high,reefer,True
SYN-CONT-002972,00000000-0000-0000-0000-000000000408,40HC,15.8,inbound,00000000-0000-0000-0000-00000000012d,high,standard,True
SYN-CONT-002973,00000000-0000-0000-0000-000000000408,20GP,14.2,inbound,00000000-0000-0000-0000-00000000012f,high,standard,True
SYN-CONT-002974,00000000-0000-0000-0000-000000000408,40GP,14.5,inbound,00000000-0000-0000-0000-00000000012e,high,standard,True
SYN-CONT-002975,00000000-0000-0000-0000-000000000408,20GP,23.0,inbound,00000000-0000-0000-0000-00000000012d,high,standard,True
SYN-CONT-002976,00000000-0000-0000-0000-000000000408,20GP,20.4,inbound,00000000-0000-0000-0000-000000000130,high,standard,True
SYN-CONT-002977,00000000-0000-0000-0000-000000000408,40GP,21.5,inbound,00000000-0000-0000-0000-00000000012c,high,standard,True
SYN-CONT-002978,00000000-0000-0000-0000-000000000408,40GP,19.0,inbound,00000000-0000-0000-0000-00000000012c,high,standard,True
SYN-CONT-002979,00000000-0000-0000-0000-000000000408,40HC,14.3,inbound,00000000-0000-0000-0000-000000000130,high,standard,True
SYN-CONT-002980,00000000-0000-0000-0000-000000000408,40RF,24.5,inbound,00000000-0000-0000-0000-000000000130,high,reefer,True
SYN-CONT-002981,00000000-0000-0000-0000-000000000408,40GP,14.6,inbound,00000000-0000-0000-0000-00000000012c,high,reefer,True
SYN-CONT-002982,00000000-0000-0000-0000-000000000408,20GP,28.0,inbound,00000000-0000-0000-0000-00000000012f,high,reefer,True
SYN-CONT-002983,00000000-0000-0000-0000-000000000408,40HC,27.5,inbound,00000000-0000-0000-0000-00000000012e,high,standard,True
SYN-CONT-002984,00000000-0000-0000-0000-000000000408,20GP,26.1,inbound,00000000-0000-0000-0000-000000000131,high,standard,True
SYN-CONT-002985,00000000-0000-0000-0000-000000000408,40GP,15.4,inbound,00000000-0000-0000-0000-000000000130,high,standard,True
SYN-CONT-002986,00000000-0000-0000-0000-000000000408,40HC,18.2,inbound,00000000-0000-0000-0000-000000000131,high,standard,True
SYN-CONT-002987,00000000-0000-0000-0000-000000000408,20GP,28.1,inbound,00000000-0000-0000-0000-00000000012c,high,standard,True
SYN-CONT-002988,00000000-0000-0000-0000-000000000408,40RF,10.3,inbound,00000000-0000-0000-0000-000000000131,high,reefer,True
SYN-CONT-002989,00000000-0000-0000-0000-000000000408,40HC,26.9,inbound,00000000-0000-0000-0000-000000000131,high,standard,True
SYN-CONT-002990,00000000-0000-0000-0000-000000000408,20GP,13.5,inbound,00000000-0000-0000-0000-000000000130,high,standard,True
SYN-CONT-002991,00000000-0000-0000-0000-000000000408,40RF,27.6,inbound,00000000-0000-0000-0000-00000000012d,high,reefer,True
SYN-CONT-002992,00000000-0000-0000-0000-000000000408,40GP,18.6,inbound,00000000-0000-0000-0000-00000000012f,high,standard,True
SYN-CONT-002993,00000000-0000-0000-0000-000000000408,40GP,14.4,inbound,00000000-0000-0000-0000-00000000012d,high,reefer,True
SYN-CONT-002994,00000000-0000-0000-0000-000000000408,20GP,27.3,inbound,00000000-0000-0000-0000-000000000131,high,hazardous,True
SYN-CONT-002995,00000000-0000-0000-0000-000000000408,40GP,17.8,inbound,00000000-0000-0000-0000-00000000012f,high,standard,True
SYN-CONT-002996,00000000-0000-0000-0000-000000000408,40GP,8.9,inbound,00000000-0000-0000-0000-000000000131,high,standard,True
SYN-CONT-002997,00000000-0000-0000-0000-000000000408,40HC,16.6,inbound,00000000-0000-0000-0000-000000000130,high,hazardous,True
SYN-CONT-002998,00000000-0000-0000-0000-000000000408,40GP,18.9,inbound,00000000-0000-0000-0000-000000000131,high,standard,True
SYN-CONT-002999,00000000-0000-0000-0000-000000000408,40GP,26.9,inbound,00000000-0000-0000-0000-00000000012e,high,standard,True
SYN-CONT-003000,00000000-0000-0000-0000-000000000408,40RF,19.0,inbound,00000000-0000-0000-0000-000000000131,high,reefer,True
SYN-CONT-003001,00000000-0000-0000-0000-000000000408,40RF,21.5,inbound,00000000-0000-0000-0000-000000000130,high,reefer,True
SYN-CONT-003002,00000000-0000-0000-0000-000000000408,40RF,14.6,inbound,00000000-0000-0000-0000-00000000012d,high,reefer,True
SYN-CONT-003003,00000000-0000-0000-0000-000000000408,20GP,17.4,inbound,00000000-0000-0000-0000-00000000012f,high,standard,True
SYN-CONT-003004,00000000-0000-0000-0000-000000000408,40HC,22.9,inbound,00000000-0000-0000-0000-00000000012c,high,standard,True
SYN-CONT-003005,00000000-0000-0000-0000-000000000408,40GP,29.5,inbound,00000000-0000-0000-0000-000000000131,high,reefer,True
SYN-CONT-003006,00000000-0000-0000-0000-000000000408,20GP,23.7,inbound,00000000-0000-0000-0000-000000000131,high,standard,True
SYN-CONT-003007,00000000-0000-0000-0000-000000000408,40GP,26.9,inbound,00000000-0000-0000-0000-00000000012f,high,reefer,True
SYN-CONT-003008,00000000-0000-0000-0000-000000000408,40RF,23.5,inbound,00000000-0000-0000-0000-00000000012c,high,reefer,True
SYN-CONT-003009,00000000-0000-0000-0000-000000000408,40HC,19.4,inbound,00000000-0000-0000-0000-00000000012f,high,standard,True
SYN-CONT-003010,00000000-0000-0000-0000-000000000408,20GP,25.4,inbound,00000000-0000-0000-0000-00000000012e,high,hazardous,True
SYN-CONT-003011,00000000-0000-0000-0000-000000000408,40HC,16.8,inbound,00000000-0000-0000-0000-00000000012f,high,reefer,True
SYN-CONT-003012,00000000-0000-0000-0000-000000000408,40RF,17.0,inbound,00000000-0000-0000-0000-00000000012c,high,reefer,True
SYN-CONT-003013,00000000-0000-0000-0000-000000000408,40HC,24.4,inbound,00000000-0000-0000-0000-00000000012e,high,reefer,True
SYN-CONT-003014,00000000-0000-0000-0000-000000000408,20GP,18.1,inbound,00000000-0000-0000-0000-00000000012d,high,standard,True
SYN-CONT-003015,00000000-0000-0000-0000-000000000408,40GP,12.6,inbound,00000000-0000-0000-0000-000000000131,high,hazardous,True
SYN-CONT-003016,00000000-0000-0000-0000-000000000408,20GP,21.7,inbound,00000000-0000-0000-0000-00000000012d,high,hazardous,True
SYN-CONT-003017,00000000-0000-0000-0000-000000000408,20GP,26.1,inbound,00000000-0000-0000-0000-00000000012c,high,standard,True
SYN-CONT-003018,00000000-0000-0000-0000-000000000408,40HC,25.3,inbound,00000000-0000-0000-0000-000000000130,high,standard,True
SYN-CONT-003019,00000000-0000-0000-0000-000000000408,20GP,19.7,inbound,00000000-0000-0000-0000-00000000012e,high,standard,True
SYN-CONT-003020,00000000-0000-0000-0000-000000000408,40GP,26.9,inbound,00000000-0000-0000-0000-00000000012f,high,standard,True
SYN-CONT-003021,00000000-0000-0000-0000-000000000408,40GP,26.0,inbound,00000000-0000-0000-0000-00000000012e,high,standard,True
SYN-CONT-003022,00000000-0000-0000-0000-000000000408,40HC,12.9,inbound,00000000-0000-0000-0000-000000000131,high,reefer,True
SYN-CONT-003023,00000000-0000-0000-0000-000000000408,40GP,8.8,inbound,00000000-0000-0000-0000-00000000012c,high,standard,True
SYN-CONT-003024,00000000-0000-0000-0000-000000000408,20GP,17.0,inbound,00000000-0000-0000-0000-00000000012f,high,hazardous,True
SYN-CONT-003025,00000000-0000-0000-0000-000000000408,20GP,14.4,inbound,00000000-0000-0000-0000-00000000012c,high,standard,True
SYN-CONT-003026,00000000-0000-0000-0000-000000000408,40GP,8.8,inbound,00000000-0000-0000-0000-000000000131,high,standard,True
SYN-CONT-003027,00000000-0000-0000-0000-000000000408,20GP,22.7,inbound,00000000-0000-0000-0000-00000000012d,high,reefer,True
SYN-CONT-003028,00000000-0000-0000-0000-000000000408,40HC,9.7,inbound,00000000-0000-0000-0000-000000000130,high,standard,True
SYN-CONT-003029,00000000-0000-0000-0000-000000000408,40RF,8.5,inbound,00000000-0000-0000-0000-000000000131,high,reefer,True
SYN-CONT-003030,00000000-0000-0000-0000-000000000408,40GP,24.6,inbound,00000000-0000-0000-0000-00000000012f,high,standard,True
SYN-CONT-003031,00000000-0000-0000-0000-000000000408,40GP,27.3,inbound,00000000-0000-0000-0000-00000000012e,high,hazardous,True
SYN-CONT-003032,00000000-0000-0000-0000-000000000408,40RF,19.5,inbound,00000000-0000-0000-0000-00000000012c,high,reefer,True
SYN-CONT-003033,00000000-0000-0000-0000-000000000408,40HC,18.3,inbound,00000000-0000-0000-0000-00000000012c,high,standard,True
SYN-CONT-003034,00000000-0000-0000-0000-000000000408,40HC,18.6,inbound,00000000-0000-0000-0000-00000000012e,high,hazardous,True
SYN-CONT-003035,00000000-0000-0000-0000-000000000408,40RF,10.1,inbound,00000000-0000-0000-0000-00000000012f,high,reefer,True
SYN-CONT-003036,00000000-0000-0000-0000-000000000408,40HC,14.4,inbound,00000000-0000-0000-0000-000000000131,high,reefer,True
SYN-CONT-003037,00000000-0000-0000-0000-000000000409,40GP,8.4,inbound,00000000-0000-0000-0000-00000000012f,critical,reefer,True
SYN-CONT-003038,00000000-0000-0000-0000-000000000409,40RF,29.4,inbound,00000000-0000-0000-0000-000000000130,critical,reefer,True
SYN-CONT-003039,00000000-0000-0000-0000-000000000409,20GP,13.0,inbound,00000000-0000-0000-0000-00000000012c,critical,reefer,True
SYN-CONT-003040,00000000-0000-0000-0000-000000000409,40RF,25.4,inbound,00000000-0000-0000-0000-00000000012f,critical,reefer,True
SYN-CONT-003041,00000000-0000-0000-0000-000000000409,40HC,20.7,inbound,00000000-0000-0000-0000-000000000131,critical,reefer,True
SYN-CONT-003042,00000000-0000-0000-0000-000000000409,40HC,11.2,inbound,00000000-0000-0000-0000-000000000131,critical,standard,True
SYN-CONT-003043,00000000-0000-0000-0000-000000000409,20GP,20.6,inbound,00000000-0000-0000-0000-00000000012d,critical,standard,True
SYN-CONT-003044,00000000-0000-0000-0000-000000000409,40RF,21.4,inbound,00000000-0000-0000-0000-00000000012c,critical,reefer,True
SYN-CONT-003045,00000000-0000-0000-0000-000000000409,40GP,21.9,inbound,00000000-0000-0000-0000-00000000012f,critical,reefer,True
SYN-CONT-003046,00000000-0000-0000-0000-000000000409,40GP,25.3,inbound,00000000-0000-0000-0000-00000000012e,critical,standard,True
SYN-CONT-003047,00000000-0000-0000-0000-000000000409,40RF,15.0,inbound,00000000-0000-0000-0000-00000000012e,critical,reefer,True
SYN-CONT-003048,00000000-0000-0000-0000-000000000409,40GP,15.2,inbound,00000000-0000-0000-0000-000000000130,critical,standard,True
SYN-CONT-003049,00000000-0000-0000-0000-000000000409,40RF,27.6,inbound,00000000-0000-0000-0000-00000000012e,critical,reefer,True
SYN-CONT-003050,00000000-0000-0000-0000-000000000409,40GP,25.9,inbound,00000000-0000-0000-0000-000000000130,critical,hazardous,True
SYN-CONT-003051,00000000-0000-0000-0000-000000000409,40RF,15.0,inbound,00000000-0000-0000-0000-000000000131,critical,reefer,True
SYN-CONT-003052,00000000-0000-0000-0000-000000000409,40GP,18.4,inbound,00000000-0000-0000-0000-00000000012f,critical,standard,True
SYN-CONT-003053,00000000-0000-0000-0000-000000000409,20GP,17.6,inbound,00000000-0000-0000-0000-00000000012c,critical,standard,True
SYN-CONT-003054,00000000-0000-0000-0000-000000000409,40RF,10.9,inbound,00000000-0000-0000-0000-00000000012c,critical,reefer,True
SYN-CONT-003055,00000000-0000-0000-0000-000000000409,40GP,24.8,inbound,00000000-0000-0000-0000-00000000012d,critical,hazardous,True
SYN-CONT-003056,00000000-0000-0000-0000-000000000409,40GP,27.6,inbound,00000000-0000-0000-0000-00000000012c,critical,reefer,True
SYN-CONT-003057,00000000-0000-0000-0000-000000000409,20GP,19.1,inbound,00000000-0000-0000-0000-000000000131,critical,reefer,True
SYN-CONT-003058,00000000-0000-0000-0000-000000000409,40RF,11.1,inbound,00000000-0000-0000-0000-000000000130,critical,reefer,True
SYN-CONT-003059,00000000-0000-0000-0000-000000000409,40RF,17.0,inbound,00000000-0000-0000-0000-00000000012e,critical,reefer,True
SYN-CONT-003060,00000000-0000-0000-0000-000000000409,20GP,30.4,inbound,00000000-0000-0000-0000-000000000131,critical,reefer,True
SYN-CONT-003061,00000000-0000-0000-0000-000000000409,40HC,15.3,inbound,00000000-0000-0000-0000-00000000012e,critical,hazardous,True
SYN-CONT-003062,00000000-0000-0000-0000-000000000409,40GP,14.5,inbound,00000000-0000-0000-0000-000000000131,critical,standard,True
SYN-CONT-003063,00000000-0000-0000-0000-000000000409,40GP,29.4,inbound,00000000-0000-0000-0000-00000000012e,critical,hazardous,True
SYN-CONT-003064,00000000-0000-0000-0000-000000000409,40HC,18.4,inbound,00000000-0000-0000-0000-00000000012e,critical,reefer,True
SYN-CONT-003065,00000000-0000-0000-0000-000000000409,40GP,19.8,inbound,00000000-0000-0000-0000-00000000012f,critical,standard,True
SYN-CONT-003066,00000000-0000-0000-0000-000000000409,20GP,17.4,inbound,00000000-0000-0000-0000-00000000012d,critical,standard,True
SYN-CONT-003067,00000000-0000-0000-0000-000000000409,40RF,9.5,inbound,00000000-0000-0000-0000-00000000012c,critical,reefer,True
SYN-CONT-003068,00000000-0000-0000-0000-000000000409,40HC,12.5,inbound,00000000-0000-0000-0000-00000000012c,critical,standard,True
SYN-CONT-003069,00000000-0000-0000-0000-000000000409,40RF,15.4,inbound,00000000-0000-0000-0000-00000000012c,critical,reefer,True
SYN-CONT-003070,00000000-0000-0000-0000-000000000409,40RF,21.4,inbound,00000000-0000-0000-0000-00000000012c,critical,reefer,True
SYN-CONT-003071,00000000-0000-0000-0000-000000000409,40HC,27.9,inbound,00000000-0000-0000-0000-00000000012e,critical,hazardous,True
SYN-CONT-003072,00000000-0000-0000-0000-000000000409,20GP,14.2,inbound,00000000-0000-0000-0000-00000000012f,critical,standard,True
SYN-CONT-003073,00000000-0000-0000-0000-000000000409,40HC,22.1,inbound,00000000-0000-0000-0000-00000000012f,critical,standard,True
SYN-CONT-003074,00000000-0000-0000-0000-000000000409,40HC,20.2,inbound,00000000-0000-0000-0000-000000000131,critical,hazardous,True
SYN-CONT-003075,00000000-0000-0000-0000-000000000409,40GP,21.3,inbound,00000000-0000-0000-0000-00000000012c,critical,standard,True
SYN-CONT-003076,00000000-0000-0000-0000-000000000409,40GP,12.0,inbound,00000000-0000-0000-0000-000000000130,critical,standard,True
SYN-CONT-003077,00000000-0000-0000-0000-000000000409,20GP,25.9,inbound,00000000-0000-0000-0000-000000000130,critical,standard,True
SYN-CONT-003078,00000000-0000-0000-0000-000000000409,40RF,15.4,inbound,00000000-0000-0000-0000-000000000130,critical,reefer,True
SYN-CONT-003079,00000000-0000-0000-0000-000000000409,40HC,23.0,inbound,00000000-0000-0000-0000-00000000012f,critical,hazardous,True
SYN-CONT-003080,00000000-0000-0000-0000-000000000409,40GP,8.1,inbound,00000000-0000-0000-0000-00000000012d,critical,standard,True
SYN-CONT-003081,00000000-0000-0000-0000-000000000409,40GP,28.9,inbound,00000000-0000-0000-0000-000000000130,critical,standard,True
SYN-CONT-003082,00000000-0000-0000-0000-000000000409,40GP,11.7,inbound,00000000-0000-0000-0000-00000000012c,critical,standard,True
SYN-CONT-003083,00000000-0000-0000-0000-000000000409,40HC,28.2,inbound,00000000-0000-0000-0000-00000000012c,critical,standard,True
SYN-CONT-003084,00000000-0000-0000-0000-000000000409,40GP,26.2,inbound,00000000-0000-0000-0000-00000000012f,critical,hazardous,True
SYN-CONT-003085,00000000-0000-0000-0000-000000000409,40RF,15.4,inbound,00000000-0000-0000-0000-000000000130,critical,reefer,True
SYN-CONT-003086,00000000-0000-0000-0000-000000000409,20GP,20.6,inbound,00000000-0000-0000-0000-00000000012f,critical,standard,True
SYN-CONT-003087,00000000-0000-0000-0000-000000000409,40RF,23.9,inbound,00000000-0000-0000-0000-00000000012e,critical,reefer,True
SYN-CONT-003088,00000000-0000-0000-0000-000000000409,40HC,15.1,inbound,00000000-0000-0000-0000-00000000012c,critical,hazardous,True
SYN-CONT-003089,00000000-0000-0000-0000-000000000409,40GP,29.3,inbound,00000000-0000-0000-0000-00000000012e,critical,standard,True
SYN-CONT-003090,00000000-0000-0000-0000-000000000409,40GP,20.6,inbound,00000000-0000-0000-0000-00000000012f,critical,reefer,True
SYN-CONT-003091,00000000-0000-0000-0000-000000000409,40HC,20.6,inbound,00000000-0000-0000-0000-00000000012f,critical,standard,True
SYN-CONT-003092,00000000-0000-0000-0000-000000000409,40HC,8.6,inbound,00000000-0000-0000-0000-00000000012e,critical,standard,True
SYN-CONT-003093,00000000-0000-0000-0000-000000000409,40RF,25.3,inbound,00000000-0000-0000-0000-00000000012e,critical,reefer,True
SYN-CONT-003094,00000000-0000-0000-0000-000000000409,40RF,12.8,inbound,00000000-0000-0000-0000-000000000130,critical,reefer,True
SYN-CONT-003095,00000000-0000-0000-0000-000000000409,40GP,16.4,inbound,00000000-0000-0000-0000-000000000131,critical,reefer,True
SYN-CONT-003096,00000000-0000-0000-0000-000000000409,20GP,17.9,inbound,00000000-0000-0000-0000-000000000130,critical,standard,True
SYN-CONT-003097,00000000-0000-0000-0000-000000000409,40GP,21.2,inbound,00000000-0000-0000-0000-00000000012e,critical,standard,True
SYN-CONT-003098,00000000-0000-0000-0000-000000000409,20GP,28.6,inbound,00000000-0000-0000-0000-000000000130,critical,standard,True
SYN-CONT-003099,00000000-0000-0000-0000-000000000409,20GP,14.1,inbound,00000000-0000-0000-0000-000000000131,critical,hazardous,True
SYN-CONT-003100,00000000-0000-0000-0000-000000000409,40HC,17.0,inbound,00000000-0000-0000-0000-000000000131,critical,reefer,True
SYN-CONT-003101,00000000-0000-0000-0000-000000000409,40HC,22.1,inbound,00000000-0000-0000-0000-000000000130,critical,standard,True
SYN-CONT-003102,00000000-0000-0000-0000-000000000409,20GP,30.4,inbound,00000000-0000-0000-0000-000000000131,critical,reefer,True
SYN-CONT-003103,00000000-0000-0000-0000-000000000409,40RF,19.0,inbound,00000000-0000-0000-0000-00000000012f,critical,reefer,True
SYN-CONT-003104,00000000-0000-0000-0000-000000000409,20GP,16.3,inbound,00000000-0000-0000-0000-000000000130,critical,standard,True
SYN-CONT-003105,00000000-0000-0000-0000-000000000409,40GP,27.6,inbound,00000000-0000-0000-0000-00000000012d,critical,standard,True
SYN-CONT-003106,00000000-0000-0000-0000-000000000409,20GP,26.8,inbound,00000000-0000-0000-0000-00000000012c,critical,reefer,True
SYN-CONT-003107,00000000-0000-0000-0000-000000000409,20GP,22.3,inbound,00000000-0000-0000-0000-00000000012c,critical,reefer,True
SYN-CONT-003108,00000000-0000-0000-0000-000000000409,40HC,27.3,inbound,00000000-0000-0000-0000-00000000012e,critical,standard,True
SYN-CONT-003109,00000000-0000-0000-0000-000000000409,40GP,24.6,inbound,00000000-0000-0000-0000-00000000012e,critical,hazardous,True
SYN-CONT-003110,00000000-0000-0000-0000-000000000409,40HC,28.4,inbound,00000000-0000-0000-0000-000000000130,critical,standard,True
SYN-CONT-003111,00000000-0000-0000-0000-000000000409,40HC,8.3,inbound,00000000-0000-0000-0000-000000000131,critical,hazardous,True
SYN-CONT-003112,00000000-0000-0000-0000-000000000409,40RF,17.4,inbound,00000000-0000-0000-0000-000000000131,critical,reefer,True
SYN-CONT-003113,00000000-0000-0000-0000-000000000409,20GP,12.3,inbound,00000000-0000-0000-0000-000000000130,critical,standard,True
SYN-CONT-003114,00000000-0000-0000-0000-000000000409,40GP,9.9,inbound,00000000-0000-0000-0000-00000000012f,critical,standard,True
SYN-CONT-003115,00000000-0000-0000-0000-000000000409,20GP,21.7,inbound,00000000-0000-0000-0000-000000000131,critical,standard,True
SYN-CONT-003116,00000000-0000-0000-0000-000000000409,40RF,11.9,inbound,00000000-0000-0000-0000-000000000131,critical,reefer,True
SYN-CONT-003117,00000000-0000-0000-0000-000000000409,20GP,14.2,inbound,00000000-0000-0000-0000-00000000012e,critical,standard,True
SYN-CONT-003118,00000000-0000-0000-0000-000000000409,20GP,18.5,inbound,00000000-0000-0000-0000-000000000131,critical,standard,True
SYN-CONT-003119,00000000-0000-0000-0000-000000000409,20GP,28.9,inbound,00000000-0000-0000-0000-00000000012c,critical,hazardous,True
SYN-CONT-003120,00000000-0000-0000-0000-000000000409,20GP,12.1,inbound,00000000-0000-0000-0000-00000000012c,critical,standard,True
SYN-CONT-003121,00000000-0000-0000-0000-000000000409,40GP,21.3,inbound,00000000-0000-0000-0000-00000000012c,critical,standard,True
SYN-CONT-003122,00000000-0000-0000-0000-000000000409,40GP,12.9,inbound,00000000-0000-0000-0000-00000000012e,critical,standard,True
SYN-CONT-003123,00000000-0000-0000-0000-000000000409,40RF,9.8,inbound,00000000-0000-0000-0000-000000000131,critical,reefer,True
SYN-CONT-003124,00000000-0000-0000-0000-000000000409,40GP,26.8,inbound,00000000-0000-0000-0000-000000000131,critical,standard,True
SYN-CONT-003125,00000000-0000-0000-0000-000000000409,40GP,15.0,inbound,00000000-0000-0000-0000-00000000012f,critical,standard,True
SYN-CONT-003126,00000000-0000-0000-0000-000000000409,40HC,14.3,inbound,00000000-0000-0000-0000-000000000130,critical,standard,True
SYN-CONT-003127,00000000-0000-0000-0000-000000000409,40HC,13.1,inbound,00000000-0000-0000-0000-00000000012d,critical,reefer,True
SYN-CONT-003128,00000000-0000-0000-0000-000000000409,40HC,12.0,inbound,00000000-0000-0000-0000-00000000012e,critical,standard,True
SYN-CONT-003129,00000000-0000-0000-0000-00000000040a,40HC,14.0,inbound,00000000-0000-0000-0000-00000000012f,low,reefer,True
SYN-CONT-003130,00000000-0000-0000-0000-00000000040a,40HC,16.2,inbound,00000000-0000-0000-0000-000000000131,low,hazardous,True
SYN-CONT-003131,00000000-0000-0000-0000-00000000040a,40RF,26.7,inbound,00000000-0000-0000-0000-000000000131,low,reefer,True
SYN-CONT-003132,00000000-0000-0000-0000-00000000040a,40GP,29.4,inbound,00000000-0000-0000-0000-000000000130,low,standard,True
SYN-CONT-003133,00000000-0000-0000-0000-00000000040a,40RF,11.5,inbound,00000000-0000-0000-0000-000000000130,low,reefer,True
SYN-CONT-003134,00000000-0000-0000-0000-00000000040a,40GP,15.8,inbound,00000000-0000-0000-0000-000000000131,low,reefer,True
SYN-CONT-003135,00000000-0000-0000-0000-00000000040a,40HC,15.7,inbound,00000000-0000-0000-0000-000000000130,low,standard,True
SYN-CONT-003136,00000000-0000-0000-0000-00000000040a,40HC,19.5,inbound,00000000-0000-0000-0000-00000000012d,low,standard,True
SYN-CONT-003137,00000000-0000-0000-0000-00000000040a,40HC,18.5,inbound,00000000-0000-0000-0000-00000000012c,low,standard,True
SYN-CONT-003138,00000000-0000-0000-0000-00000000040a,20GP,22.8,inbound,00000000-0000-0000-0000-00000000012d,low,hazardous,True
SYN-CONT-003139,00000000-0000-0000-0000-00000000040a,40RF,11.1,inbound,00000000-0000-0000-0000-000000000130,low,reefer,True
SYN-CONT-003140,00000000-0000-0000-0000-00000000040a,40HC,20.7,inbound,00000000-0000-0000-0000-000000000131,low,standard,True
SYN-CONT-003141,00000000-0000-0000-0000-00000000040a,20GP,23.8,inbound,00000000-0000-0000-0000-000000000131,low,standard,True
SYN-CONT-003142,00000000-0000-0000-0000-00000000040a,40HC,11.6,inbound,00000000-0000-0000-0000-00000000012f,low,standard,True
SYN-CONT-003143,00000000-0000-0000-0000-00000000040a,40HC,22.6,inbound,00000000-0000-0000-0000-00000000012c,low,standard,True
SYN-CONT-003144,00000000-0000-0000-0000-00000000040a,40GP,14.9,inbound,00000000-0000-0000-0000-00000000012f,low,standard,True
SYN-CONT-003145,00000000-0000-0000-0000-00000000040a,40GP,17.9,inbound,00000000-0000-0000-0000-000000000130,low,standard,True
SYN-CONT-003146,00000000-0000-0000-0000-00000000040a,40RF,21.4,inbound,00000000-0000-0000-0000-000000000131,low,reefer,True
SYN-CONT-003147,00000000-0000-0000-0000-00000000040a,40RF,24.4,inbound,00000000-0000-0000-0000-00000000012f,low,reefer,True
SYN-CONT-003148,00000000-0000-0000-0000-00000000040a,40GP,24.3,inbound,00000000-0000-0000-0000-000000000130,low,standard,True
SYN-CONT-003149,00000000-0000-0000-0000-00000000040a,40HC,23.3,inbound,00000000-0000-0000-0000-00000000012e,low,reefer,True
SYN-CONT-003150,00000000-0000-0000-0000-00000000040a,20GP,25.2,inbound,00000000-0000-0000-0000-000000000130,low,standard,True
SYN-CONT-003151,00000000-0000-0000-0000-00000000040a,20GP,17.6,inbound,00000000-0000-0000-0000-00000000012e,low,reefer,True
SYN-CONT-003152,00000000-0000-0000-0000-00000000040a,40RF,21.3,inbound,00000000-0000-0000-0000-00000000012d,low,reefer,True
SYN-CONT-003153,00000000-0000-0000-0000-00000000040a,40GP,27.9,inbound,00000000-0000-0000-0000-000000000131,low,standard,True
SYN-CONT-003154,00000000-0000-0000-0000-00000000040a,40GP,24.9,inbound,00000000-0000-0000-0000-00000000012d,low,hazardous,True
SYN-CONT-003155,00000000-0000-0000-0000-00000000040a,40HC,29.8,inbound,00000000-0000-0000-0000-00000000012e,low,standard,True
SYN-CONT-003156,00000000-0000-0000-0000-00000000040a,40GP,18.3,inbound,00000000-0000-0000-0000-00000000012d,low,standard,True
SYN-CONT-003157,00000000-0000-0000-0000-00000000040a,40RF,8.0,inbound,00000000-0000-0000-0000-00000000012d,low,reefer,True
SYN-CONT-003158,00000000-0000-0000-0000-00000000040a,40GP,14.8,inbound,00000000-0000-0000-0000-00000000012c,low,standard,True
SYN-CONT-003159,00000000-0000-0000-0000-00000000040a,40GP,27.3,inbound,00000000-0000-0000-0000-00000000012f,low,standard,True
SYN-CONT-003160,00000000-0000-0000-0000-00000000040a,20GP,11.5,inbound,00000000-0000-0000-0000-000000000130,low,standard,True
SYN-CONT-003161,00000000-0000-0000-0000-00000000040a,40HC,18.7,inbound,00000000-0000-0000-0000-00000000012e,low,standard,True
SYN-CONT-003162,00000000-0000-0000-0000-00000000040a,20GP,20.4,inbound,00000000-0000-0000-0000-00000000012f,low,reefer,True
SYN-CONT-003163,00000000-0000-0000-0000-00000000040a,40GP,23.0,inbound,00000000-0000-0000-0000-00000000012f,low,reefer,True
SYN-CONT-003164,00000000-0000-0000-0000-00000000040a,40GP,16.7,inbound,00000000-0000-0000-0000-00000000012e,low,standard,True
SYN-CONT-003165,00000000-0000-0000-0000-00000000040a,40GP,25.4,inbound,00000000-0000-0000-0000-00000000012e,low,reefer,True
SYN-CONT-003166,00000000-0000-0000-0000-00000000040a,40RF,21.4,inbound,00000000-0000-0000-0000-000000000130,low,reefer,True
SYN-CONT-003167,00000000-0000-0000-0000-00000000040a,20GP,19.0,inbound,00000000-0000-0000-0000-000000000131,low,standard,True
SYN-CONT-003168,00000000-0000-0000-0000-00000000040a,20GP,27.9,inbound,00000000-0000-0000-0000-00000000012d,low,standard,True
SYN-CONT-003169,00000000-0000-0000-0000-00000000040a,40GP,16.2,inbound,00000000-0000-0000-0000-000000000130,low,standard,True
SYN-CONT-003170,00000000-0000-0000-0000-00000000040a,20GP,21.5,inbound,00000000-0000-0000-0000-00000000012f,low,hazardous,True
SYN-CONT-003171,00000000-0000-0000-0000-00000000040a,20GP,11.1,inbound,00000000-0000-0000-0000-00000000012d,low,standard,True
SYN-CONT-003172,00000000-0000-0000-0000-00000000040a,20GP,14.8,inbound,00000000-0000-0000-0000-00000000012c,low,standard,True
SYN-CONT-003173,00000000-0000-0000-0000-00000000040a,40HC,22.7,inbound,00000000-0000-0000-0000-00000000012f,low,reefer,True
SYN-CONT-003174,00000000-0000-0000-0000-00000000040a,40GP,15.0,inbound,00000000-0000-0000-0000-000000000131,low,standard,True
SYN-CONT-003175,00000000-0000-0000-0000-00000000040a,40RF,8.8,inbound,00000000-0000-0000-0000-00000000012f,low,reefer,True
SYN-CONT-003176,00000000-0000-0000-0000-00000000040a,40GP,17.0,inbound,00000000-0000-0000-0000-000000000130,low,standard,True
SYN-CONT-003177,00000000-0000-0000-0000-00000000040a,20GP,26.1,inbound,00000000-0000-0000-0000-00000000012e,low,reefer,True
SYN-CONT-003178,00000000-0000-0000-0000-00000000040a,20GP,26.1,inbound,00000000-0000-0000-0000-00000000012c,low,reefer,True
SYN-CONT-003179,00000000-0000-0000-0000-00000000040a,40GP,10.9,inbound,00000000-0000-0000-0000-000000000130,low,standard,True
SYN-CONT-003180,00000000-0000-0000-0000-00000000040a,40RF,23.4,inbound,00000000-0000-0000-0000-00000000012c,low,reefer,True
SYN-CONT-003181,00000000-0000-0000-0000-00000000040a,40RF,22.7,inbound,00000000-0000-0000-0000-000000000131,low,reefer,True
SYN-CONT-003182,00000000-0000-0000-0000-00000000040a,40RF,17.5,inbound,00000000-0000-0000-0000-00000000012c,low,reefer,True
SYN-CONT-003183,00000000-0000-0000-0000-00000000040a,40HC,13.8,inbound,00000000-0000-0000-0000-000000000131,low,reefer,True
SYN-CONT-003184,00000000-0000-0000-0000-00000000040a,20GP,26.2,inbound,00000000-0000-0000-0000-00000000012f,low,hazardous,True
SYN-CONT-003185,00000000-0000-0000-0000-00000000040a,40HC,24.0,inbound,00000000-0000-0000-0000-000000000130,low,reefer,True
SYN-CONT-003186,00000000-0000-0000-0000-00000000040a,40HC,25.7,inbound,00000000-0000-0000-0000-00000000012f,low,standard,True
SYN-CONT-003187,00000000-0000-0000-0000-00000000040a,40RF,27.6,inbound,00000000-0000-0000-0000-00000000012c,low,reefer,True
SYN-CONT-003188,00000000-0000-0000-0000-00000000040a,40GP,15.6,inbound,00000000-0000-0000-0000-000000000131,low,standard,True
SYN-CONT-003189,00000000-0000-0000-0000-00000000040a,40HC,19.6,inbound,00000000-0000-0000-0000-000000000130,low,standard,True
SYN-CONT-003190,00000000-0000-0000-0000-00000000040a,40RF,17.8,inbound,00000000-0000-0000-0000-00000000012f,low,reefer,True
SYN-CONT-003191,00000000-0000-0000-0000-00000000040a,40HC,10.7,inbound,00000000-0000-0000-0000-00000000012f,low,standard,True
SYN-CONT-003192,00000000-0000-0000-0000-00000000040a,40RF,16.3,inbound,00000000-0000-0000-0000-000000000130,low,reefer,True
SYN-CONT-003193,00000000-0000-0000-0000-00000000040a,40HC,17.6,inbound,00000000-0000-0000-0000-000000000131,low,standard,True
SYN-CONT-003194,00000000-0000-0000-0000-00000000040a,40HC,20.2,inbound,00000000-0000-0000-0000-00000000012d,low,standard,True
SYN-CONT-003195,00000000-0000-0000-0000-00000000040a,40HC,17.4,inbound,00000000-0000-0000-0000-00000000012f,low,standard,True
SYN-CONT-003196,00000000-0000-0000-0000-00000000040a,40HC,22.3,inbound,00000000-0000-0000-0000-000000000130,low,standard,True
SYN-CONT-003197,00000000-0000-0000-0000-00000000040a,20GP,24.5,inbound,00000000-0000-0000-0000-000000000130,low,standard,True
SYN-CONT-003198,00000000-0000-0000-0000-00000000040a,40RF,13.6,inbound,00000000-0000-0000-0000-00000000012c,low,reefer,True
SYN-CONT-003199,00000000-0000-0000-0000-00000000040a,20GP,24.4,inbound,00000000-0000-0000-0000-000000000131,low,standard,True
SYN-CONT-003200,00000000-0000-0000-0000-00000000040a,40RF,17.7,inbound,00000000-0000-0000-0000-00000000012e,low,reefer,True
SYN-CONT-003201,00000000-0000-0000-0000-00000000040a,40HC,23.5,inbound,00000000-0000-0000-0000-00000000012d,low,reefer,True
SYN-CONT-003202,00000000-0000-0000-0000-00000000040a,40RF,8.9,inbound,00000000-0000-0000-0000-00000000012e,low,reefer,True
SYN-CONT-003203,00000000-0000-0000-0000-00000000040a,40HC,11.3,inbound,00000000-0000-0000-0000-000000000131,low,standard,True
SYN-CONT-003204,00000000-0000-0000-0000-00000000040a,20GP,19.5,inbound,00000000-0000-0000-0000-000000000131,low,reefer,True
SYN-CONT-003205,00000000-0000-0000-0000-00000000040a,20GP,28.9,inbound,00000000-0000-0000-0000-000000000131,low,standard,True
SYN-CONT-003206,00000000-0000-0000-0000-00000000040a,40HC,17.0,inbound,00000000-0000-0000-0000-00000000012d,low,reefer,True
SYN-CONT-003207,00000000-0000-0000-0000-00000000040a,40HC,26.8,inbound,00000000-0000-0000-0000-00000000012f,low,standard,True
SYN-CONT-003208,00000000-0000-0000-0000-00000000040a,20GP,20.8,inbound,00000000-0000-0000-0000-00000000012e,low,standard,True
SYN-CONT-003209,00000000-0000-0000-0000-00000000040a,40GP,16.4,inbound,00000000-0000-0000-0000-00000000012f,low,standard,True
SYN-CONT-003210,00000000-0000-0000-0000-00000000040a,40GP,14.2,inbound,00000000-0000-0000-0000-000000000131,low,reefer,True
SYN-CONT-003211,00000000-0000-0000-0000-00000000040a,40GP,19.3,inbound,00000000-0000-0000-0000-00000000012c,low,standard,True
SYN-CONT-003212,00000000-0000-0000-0000-00000000040a,40RF,28.5,inbound,00000000-0000-0000-0000-000000000131,low,reefer,True
SYN-CONT-003213,00000000-0000-0000-0000-00000000040a,40HC,8.1,inbound,00000000-0000-0000-0000-00000000012d,low,standard,True
SYN-CONT-003214,00000000-0000-0000-0000-00000000040a,20GP,22.8,inbound,00000000-0000-0000-0000-00000000012e,low,reefer,True
SYN-CONT-003215,00000000-0000-0000-0000-00000000040a,40HC,21.5,inbound,00000000-0000-0000-0000-000000000131,low,reefer,True
SYN-CONT-003216,00000000-0000-0000-0000-00000000040a,40HC,13.0,inbound,00000000-0000-0000-0000-00000000012c,low,standard,True
SYN-CONT-003217,00000000-0000-0000-0000-00000000040a,40HC,9.4,inbound,00000000-0000-0000-0000-00000000012e,low,standard,True
SYN-CONT-003218,00000000-0000-0000-0000-00000000040a,40RF,21.2,inbound,00000000-0000-0000-0000-000000000131,low,reefer,True
SYN-CONT-003219,00000000-0000-0000-0000-00000000040a,40HC,16.8,inbound,00000000-0000-0000-0000-000000000130,low,hazardous,True
SYN-CONT-003220,00000000-0000-0000-0000-00000000040a,20GP,15.7,inbound,00000000-0000-0000-0000-00000000012e,low,standard,True
SYN-CONT-003221,00000000-0000-0000-0000-00000000040b,40RF,11.4,inbound,00000000-0000-0000-0000-000000000131,high,reefer,True
SYN-CONT-003222,00000000-0000-0000-0000-00000000040b,40RF,12.7,inbound,00000000-0000-0000-0000-000000000131,high,reefer,True
SYN-CONT-003223,00000000-0000-0000-0000-00000000040b,40GP,13.8,inbound,00000000-0000-0000-0000-00000000012c,high,reefer,True
SYN-CONT-003224,00000000-0000-0000-0000-00000000040b,20GP,20.6,inbound,00000000-0000-0000-0000-00000000012e,high,reefer,True
SYN-CONT-003225,00000000-0000-0000-0000-00000000040b,20GP,24.8,inbound,00000000-0000-0000-0000-000000000130,high,standard,True
SYN-CONT-003226,00000000-0000-0000-0000-00000000040b,40HC,14.6,inbound,00000000-0000-0000-0000-00000000012e,high,standard,True
SYN-CONT-003227,00000000-0000-0000-0000-00000000040b,40RF,23.2,inbound,00000000-0000-0000-0000-00000000012c,high,reefer,True
SYN-CONT-003228,00000000-0000-0000-0000-00000000040b,40GP,21.2,inbound,00000000-0000-0000-0000-000000000130,high,hazardous,True
SYN-CONT-003229,00000000-0000-0000-0000-00000000040b,40HC,17.7,inbound,00000000-0000-0000-0000-00000000012c,high,hazardous,True
SYN-CONT-003230,00000000-0000-0000-0000-00000000040b,40HC,24.7,inbound,00000000-0000-0000-0000-00000000012d,high,hazardous,True
SYN-CONT-003231,00000000-0000-0000-0000-00000000040b,40RF,28.7,inbound,00000000-0000-0000-0000-00000000012d,high,reefer,True
SYN-CONT-003232,00000000-0000-0000-0000-00000000040b,40RF,21.7,inbound,00000000-0000-0000-0000-00000000012c,high,reefer,True
SYN-CONT-003233,00000000-0000-0000-0000-00000000040b,20GP,12.9,inbound,00000000-0000-0000-0000-00000000012c,high,reefer,True
SYN-CONT-003234,00000000-0000-0000-0000-00000000040b,40HC,27.5,inbound,00000000-0000-0000-0000-000000000131,high,standard,True
SYN-CONT-003235,00000000-0000-0000-0000-00000000040b,40RF,20.4,inbound,00000000-0000-0000-0000-00000000012e,high,reefer,True
SYN-CONT-003236,00000000-0000-0000-0000-00000000040b,40GP,28.3,inbound,00000000-0000-0000-0000-00000000012e,high,reefer,True
SYN-CONT-003237,00000000-0000-0000-0000-00000000040b,40HC,22.2,inbound,00000000-0000-0000-0000-000000000131,high,standard,True
SYN-CONT-003238,00000000-0000-0000-0000-00000000040b,40HC,20.1,inbound,00000000-0000-0000-0000-00000000012f,high,hazardous,True
SYN-CONT-003239,00000000-0000-0000-0000-00000000040b,40GP,19.1,inbound,00000000-0000-0000-0000-00000000012f,high,reefer,True
SYN-CONT-003240,00000000-0000-0000-0000-00000000040b,40HC,11.5,inbound,00000000-0000-0000-0000-00000000012d,high,reefer,True
SYN-CONT-003241,00000000-0000-0000-0000-00000000040b,40RF,14.5,inbound,00000000-0000-0000-0000-000000000130,high,reefer,True
SYN-CONT-003242,00000000-0000-0000-0000-00000000040b,40HC,22.8,inbound,00000000-0000-0000-0000-000000000131,high,reefer,True
SYN-CONT-003243,00000000-0000-0000-0000-00000000040b,20GP,21.1,inbound,00000000-0000-0000-0000-00000000012f,high,reefer,True
SYN-CONT-003244,00000000-0000-0000-0000-00000000040b,40RF,17.2,inbound,00000000-0000-0000-0000-000000000131,high,reefer,True
SYN-CONT-003245,00000000-0000-0000-0000-00000000040b,20GP,13.0,inbound,00000000-0000-0000-0000-000000000130,high,hazardous,True
SYN-CONT-003246,00000000-0000-0000-0000-00000000040b,20GP,20.8,inbound,00000000-0000-0000-0000-00000000012f,high,hazardous,True
SYN-CONT-003247,00000000-0000-0000-0000-00000000040b,20GP,21.7,inbound,00000000-0000-0000-0000-00000000012d,high,standard,True
SYN-CONT-003248,00000000-0000-0000-0000-00000000040b,40RF,23.4,inbound,00000000-0000-0000-0000-00000000012e,high,reefer,True
SYN-CONT-003249,00000000-0000-0000-0000-00000000040b,20GP,27.9,inbound,00000000-0000-0000-0000-000000000131,high,hazardous,True
SYN-CONT-003250,00000000-0000-0000-0000-00000000040b,40RF,20.4,inbound,00000000-0000-0000-0000-00000000012d,high,reefer,True
SYN-CONT-003251,00000000-0000-0000-0000-00000000040b,40GP,16.3,inbound,00000000-0000-0000-0000-00000000012d,high,reefer,True
SYN-CONT-003252,00000000-0000-0000-0000-00000000040b,40GP,29.1,inbound,00000000-0000-0000-0000-00000000012d,high,reefer,True
SYN-CONT-003253,00000000-0000-0000-0000-00000000040b,40HC,14.6,inbound,00000000-0000-0000-0000-00000000012c,high,standard,True
SYN-CONT-003254,00000000-0000-0000-0000-00000000040b,40GP,18.4,inbound,00000000-0000-0000-0000-00000000012d,high,hazardous,True
SYN-CONT-003255,00000000-0000-0000-0000-00000000040b,40RF,30.3,inbound,00000000-0000-0000-0000-00000000012d,high,reefer,True
SYN-CONT-003256,00000000-0000-0000-0000-00000000040b,40RF,19.3,inbound,00000000-0000-0000-0000-00000000012c,high,reefer,True
SYN-CONT-003257,00000000-0000-0000-0000-00000000040b,40HC,13.5,inbound,00000000-0000-0000-0000-000000000131,high,standard,True
SYN-CONT-003258,00000000-0000-0000-0000-00000000040b,20GP,24.8,inbound,00000000-0000-0000-0000-000000000131,high,standard,True
SYN-CONT-003259,00000000-0000-0000-0000-00000000040b,40RF,27.5,inbound,00000000-0000-0000-0000-00000000012f,high,reefer,True
SYN-CONT-003260,00000000-0000-0000-0000-00000000040b,40RF,9.6,inbound,00000000-0000-0000-0000-00000000012f,high,reefer,True
SYN-CONT-003261,00000000-0000-0000-0000-00000000040b,40HC,10.7,inbound,00000000-0000-0000-0000-000000000130,high,hazardous,True
SYN-CONT-003262,00000000-0000-0000-0000-00000000040b,20GP,18.8,inbound,00000000-0000-0000-0000-000000000131,high,reefer,True
SYN-CONT-003263,00000000-0000-0000-0000-00000000040b,20GP,26.3,inbound,00000000-0000-0000-0000-000000000131,high,standard,True
SYN-CONT-003264,00000000-0000-0000-0000-00000000040b,20GP,17.0,inbound,00000000-0000-0000-0000-000000000130,high,standard,True
SYN-CONT-003265,00000000-0000-0000-0000-00000000040b,40RF,17.6,inbound,00000000-0000-0000-0000-00000000012c,high,reefer,True
SYN-CONT-003266,00000000-0000-0000-0000-00000000040b,20GP,27.1,inbound,00000000-0000-0000-0000-000000000130,high,standard,True
SYN-CONT-003267,00000000-0000-0000-0000-00000000040b,20GP,16.2,inbound,00000000-0000-0000-0000-000000000131,high,standard,True
SYN-CONT-003268,00000000-0000-0000-0000-00000000040b,40HC,28.5,inbound,00000000-0000-0000-0000-00000000012f,high,standard,True
SYN-CONT-003269,00000000-0000-0000-0000-00000000040b,40GP,10.2,inbound,00000000-0000-0000-0000-000000000131,high,standard,True
SYN-CONT-003270,00000000-0000-0000-0000-00000000040b,20GP,28.2,inbound,00000000-0000-0000-0000-00000000012f,high,reefer,True
SYN-CONT-003271,00000000-0000-0000-0000-00000000040b,40GP,15.7,inbound,00000000-0000-0000-0000-000000000131,high,standard,True
SYN-CONT-003272,00000000-0000-0000-0000-00000000040b,40RF,15.4,inbound,00000000-0000-0000-0000-00000000012f,high,reefer,True
SYN-CONT-003273,00000000-0000-0000-0000-00000000040b,40HC,14.2,inbound,00000000-0000-0000-0000-00000000012c,high,hazardous,True
SYN-CONT-003274,00000000-0000-0000-0000-00000000040b,40GP,19.7,inbound,00000000-0000-0000-0000-00000000012c,high,standard,True
SYN-CONT-003275,00000000-0000-0000-0000-00000000040b,40GP,20.7,inbound,00000000-0000-0000-0000-000000000131,high,standard,True
SYN-CONT-003276,00000000-0000-0000-0000-00000000040b,40HC,29.3,inbound,00000000-0000-0000-0000-00000000012d,high,standard,True
SYN-CONT-003277,00000000-0000-0000-0000-00000000040b,40HC,24.0,inbound,00000000-0000-0000-0000-000000000131,high,reefer,True
SYN-CONT-003278,00000000-0000-0000-0000-00000000040b,40HC,24.7,inbound,00000000-0000-0000-0000-000000000131,high,standard,True
SYN-CONT-003279,00000000-0000-0000-0000-00000000040b,40GP,21.7,inbound,00000000-0000-0000-0000-00000000012f,high,standard,True
SYN-CONT-003280,00000000-0000-0000-0000-00000000040b,40HC,8.6,inbound,00000000-0000-0000-0000-00000000012d,high,standard,True
SYN-CONT-003281,00000000-0000-0000-0000-00000000040b,40HC,21.1,inbound,00000000-0000-0000-0000-00000000012e,high,standard,True
SYN-CONT-003282,00000000-0000-0000-0000-00000000040b,40HC,24.8,inbound,00000000-0000-0000-0000-000000000130,high,hazardous,True
SYN-CONT-003283,00000000-0000-0000-0000-00000000040b,40RF,18.7,inbound,00000000-0000-0000-0000-00000000012d,high,reefer,True
SYN-CONT-003284,00000000-0000-0000-0000-00000000040b,40HC,21.2,inbound,00000000-0000-0000-0000-000000000130,high,standard,True
SYN-CONT-003285,00000000-0000-0000-0000-00000000040b,40HC,16.4,inbound,00000000-0000-0000-0000-00000000012f,high,hazardous,True
SYN-CONT-003286,00000000-0000-0000-0000-00000000040b,40GP,18.8,inbound,00000000-0000-0000-0000-00000000012f,high,hazardous,True
SYN-CONT-003287,00000000-0000-0000-0000-00000000040b,40RF,8.3,inbound,00000000-0000-0000-0000-00000000012c,high,reefer,True
SYN-CONT-003288,00000000-0000-0000-0000-00000000040b,40HC,15.0,inbound,00000000-0000-0000-0000-00000000012d,high,standard,True
SYN-CONT-003289,00000000-0000-0000-0000-00000000040b,40GP,21.7,inbound,00000000-0000-0000-0000-000000000131,high,standard,True
SYN-CONT-003290,00000000-0000-0000-0000-00000000040b,20GP,16.0,inbound,00000000-0000-0000-0000-00000000012f,high,standard,True
SYN-CONT-003291,00000000-0000-0000-0000-00000000040b,20GP,28.2,inbound,00000000-0000-0000-0000-000000000131,high,hazardous,True
SYN-CONT-003292,00000000-0000-0000-0000-00000000040b,40GP,22.9,inbound,00000000-0000-0000-0000-00000000012f,high,standard,True
SYN-CONT-003293,00000000-0000-0000-0000-00000000040b,20GP,19.4,inbound,00000000-0000-0000-0000-00000000012e,high,standard,True
SYN-CONT-003294,00000000-0000-0000-0000-00000000040b,20GP,18.0,inbound,00000000-0000-0000-0000-000000000130,high,standard,True
SYN-CONT-003295,00000000-0000-0000-0000-00000000040b,40GP,13.8,inbound,00000000-0000-0000-0000-000000000131,high,standard,True
SYN-CONT-003296,00000000-0000-0000-0000-00000000040b,40GP,13.1,inbound,00000000-0000-0000-0000-000000000131,high,standard,True
SYN-CONT-003297,00000000-0000-0000-0000-00000000040b,40RF,12.0,inbound,00000000-0000-0000-0000-000000000130,high,reefer,True
SYN-CONT-003298,00000000-0000-0000-0000-00000000040b,40HC,14.2,inbound,00000000-0000-0000-0000-000000000131,high,hazardous,True
SYN-CONT-003299,00000000-0000-0000-0000-00000000040b,40GP,28.4,inbound,00000000-0000-0000-0000-00000000012d,high,standard,True
SYN-CONT-003300,00000000-0000-0000-0000-00000000040b,40HC,12.7,inbound,00000000-0000-0000-0000-00000000012d,high,standard,True
SYN-CONT-003301,00000000-0000-0000-0000-00000000040b,40RF,18.4,inbound,00000000-0000-0000-0000-000000000130,high,reefer,True
SYN-CONT-003302,00000000-0000-0000-0000-00000000040b,20GP,25.8,inbound,00000000-0000-0000-0000-00000000012c,high,standard,True
SYN-CONT-003303,00000000-0000-0000-0000-00000000040b,40GP,10.6,inbound,00000000-0000-0000-0000-00000000012c,high,reefer,True
SYN-CONT-003304,00000000-0000-0000-0000-00000000040b,40RF,12.4,inbound,00000000-0000-0000-0000-000000000130,high,reefer,True
SYN-CONT-003305,00000000-0000-0000-0000-00000000040b,40GP,19.0,inbound,00000000-0000-0000-0000-000000000130,high,hazardous,True
SYN-CONT-003306,00000000-0000-0000-0000-00000000040b,20GP,17.7,inbound,00000000-0000-0000-0000-00000000012c,high,hazardous,True
SYN-CONT-003307,00000000-0000-0000-0000-00000000040b,40RF,25.5,inbound,00000000-0000-0000-0000-00000000012d,high,reefer,True
SYN-CONT-003308,00000000-0000-0000-0000-00000000040b,40RF,30.3,inbound,00000000-0000-0000-0000-00000000012e,high,reefer,True
SYN-CONT-003309,00000000-0000-0000-0000-00000000040b,40RF,21.5,inbound,00000000-0000-0000-0000-00000000012f,high,reefer,True
SYN-CONT-003310,00000000-0000-0000-0000-00000000040b,40GP,19.4,inbound,00000000-0000-0000-0000-000000000130,high,standard,True
SYN-CONT-003311,00000000-0000-0000-0000-00000000040b,40HC,13.9,inbound,00000000-0000-0000-0000-000000000130,high,standard,True
SYN-CONT-003312,00000000-0000-0000-0000-00000000040b,40GP,14.2,inbound,00000000-0000-0000-0000-000000000130,high,standard,True
SYN-CONT-003313,00000000-0000-0000-0000-00000000040c,40HC,10.5,inbound,00000000-0000-0000-0000-00000000012d,low,reefer,True
SYN-CONT-003314,00000000-0000-0000-0000-00000000040c,40RF,8.1,inbound,00000000-0000-0000-0000-000000000130,low,reefer,True
SYN-CONT-003315,00000000-0000-0000-0000-00000000040c,40RF,19.2,inbound,00000000-0000-0000-0000-00000000012d,low,reefer,True
SYN-CONT-003316,00000000-0000-0000-0000-00000000040c,20GP,23.1,inbound,00000000-0000-0000-0000-00000000012c,low,reefer,True
SYN-CONT-003317,00000000-0000-0000-0000-00000000040c,40RF,15.7,inbound,00000000-0000-0000-0000-000000000131,low,reefer,True
SYN-CONT-003318,00000000-0000-0000-0000-00000000040c,40GP,25.5,inbound,00000000-0000-0000-0000-00000000012d,low,standard,True
SYN-CONT-003319,00000000-0000-0000-0000-00000000040c,40GP,19.3,inbound,00000000-0000-0000-0000-00000000012e,low,standard,True
SYN-CONT-003320,00000000-0000-0000-0000-00000000040c,40RF,10.3,inbound,00000000-0000-0000-0000-00000000012e,low,reefer,True
SYN-CONT-003321,00000000-0000-0000-0000-00000000040c,40GP,23.1,inbound,00000000-0000-0000-0000-00000000012e,low,hazardous,True
SYN-CONT-003322,00000000-0000-0000-0000-00000000040c,40GP,25.2,inbound,00000000-0000-0000-0000-00000000012d,low,standard,True
SYN-CONT-003323,00000000-0000-0000-0000-00000000040c,40GP,22.9,inbound,00000000-0000-0000-0000-00000000012e,low,hazardous,True
SYN-CONT-003324,00000000-0000-0000-0000-00000000040c,40RF,22.7,inbound,00000000-0000-0000-0000-00000000012f,low,reefer,True
SYN-CONT-003325,00000000-0000-0000-0000-00000000040c,40HC,29.0,inbound,00000000-0000-0000-0000-00000000012f,low,standard,True
SYN-CONT-003326,00000000-0000-0000-0000-00000000040c,40HC,11.3,inbound,00000000-0000-0000-0000-00000000012e,low,standard,True
SYN-CONT-003327,00000000-0000-0000-0000-00000000040c,40HC,18.1,inbound,00000000-0000-0000-0000-00000000012f,low,standard,True
SYN-CONT-003328,00000000-0000-0000-0000-00000000040c,40RF,25.2,inbound,00000000-0000-0000-0000-00000000012c,low,reefer,True
SYN-CONT-003329,00000000-0000-0000-0000-00000000040c,40RF,9.2,inbound,00000000-0000-0000-0000-00000000012f,low,reefer,True
SYN-CONT-003330,00000000-0000-0000-0000-00000000040c,40HC,29.9,inbound,00000000-0000-0000-0000-00000000012e,low,standard,True
SYN-CONT-003331,00000000-0000-0000-0000-00000000040c,20GP,12.7,inbound,00000000-0000-0000-0000-000000000131,low,standard,True
SYN-CONT-003332,00000000-0000-0000-0000-00000000040c,40HC,26.7,inbound,00000000-0000-0000-0000-00000000012c,low,standard,True
SYN-CONT-003333,00000000-0000-0000-0000-00000000040c,40HC,25.8,inbound,00000000-0000-0000-0000-00000000012e,low,reefer,True
SYN-CONT-003334,00000000-0000-0000-0000-00000000040c,40GP,21.9,inbound,00000000-0000-0000-0000-00000000012f,low,standard,True
SYN-CONT-003335,00000000-0000-0000-0000-00000000040c,40HC,9.7,inbound,00000000-0000-0000-0000-00000000012d,low,standard,True
SYN-CONT-003336,00000000-0000-0000-0000-00000000040c,40HC,29.2,inbound,00000000-0000-0000-0000-000000000130,low,reefer,True
SYN-CONT-003337,00000000-0000-0000-0000-00000000040c,40RF,29.4,inbound,00000000-0000-0000-0000-00000000012c,low,reefer,True
SYN-CONT-003338,00000000-0000-0000-0000-00000000040c,40RF,23.5,inbound,00000000-0000-0000-0000-000000000131,low,reefer,True
SYN-CONT-003339,00000000-0000-0000-0000-00000000040c,40RF,13.6,inbound,00000000-0000-0000-0000-000000000130,low,reefer,True
SYN-CONT-003340,00000000-0000-0000-0000-00000000040c,40RF,9.3,inbound,00000000-0000-0000-0000-00000000012c,low,reefer,True
SYN-CONT-003341,00000000-0000-0000-0000-00000000040c,40HC,20.1,inbound,00000000-0000-0000-0000-00000000012f,low,standard,True
SYN-CONT-003342,00000000-0000-0000-0000-00000000040c,40HC,18.6,inbound,00000000-0000-0000-0000-000000000131,low,standard,True
SYN-CONT-003343,00000000-0000-0000-0000-00000000040c,20GP,30.0,inbound,00000000-0000-0000-0000-000000000131,low,standard,True
SYN-CONT-003344,00000000-0000-0000-0000-00000000040c,40RF,26.5,inbound,00000000-0000-0000-0000-00000000012d,low,reefer,True
SYN-CONT-003345,00000000-0000-0000-0000-00000000040c,40HC,12.5,inbound,00000000-0000-0000-0000-00000000012c,low,hazardous,True
SYN-CONT-003346,00000000-0000-0000-0000-00000000040c,40RF,13.5,inbound,00000000-0000-0000-0000-000000000130,low,reefer,True
SYN-CONT-003347,00000000-0000-0000-0000-00000000040c,40HC,19.9,inbound,00000000-0000-0000-0000-00000000012e,low,hazardous,True
SYN-CONT-003348,00000000-0000-0000-0000-00000000040c,20GP,25.4,inbound,00000000-0000-0000-0000-00000000012c,low,standard,True
SYN-CONT-003349,00000000-0000-0000-0000-00000000040c,40HC,28.4,inbound,00000000-0000-0000-0000-00000000012f,low,standard,True
SYN-CONT-003350,00000000-0000-0000-0000-00000000040c,40GP,15.2,inbound,00000000-0000-0000-0000-00000000012d,low,standard,True
SYN-CONT-003351,00000000-0000-0000-0000-00000000040c,40RF,16.1,inbound,00000000-0000-0000-0000-00000000012d,low,reefer,True
SYN-CONT-003352,00000000-0000-0000-0000-00000000040c,40HC,21.6,inbound,00000000-0000-0000-0000-00000000012c,low,standard,True
SYN-CONT-003353,00000000-0000-0000-0000-00000000040c,40GP,22.5,inbound,00000000-0000-0000-0000-00000000012f,low,standard,True
SYN-CONT-003354,00000000-0000-0000-0000-00000000040c,40RF,26.1,inbound,00000000-0000-0000-0000-00000000012c,low,reefer,True
SYN-CONT-003355,00000000-0000-0000-0000-00000000040c,20GP,16.4,inbound,00000000-0000-0000-0000-000000000130,low,hazardous,True
SYN-CONT-003356,00000000-0000-0000-0000-00000000040c,40RF,30.4,inbound,00000000-0000-0000-0000-000000000130,low,reefer,True
SYN-CONT-003357,00000000-0000-0000-0000-00000000040c,40HC,19.1,inbound,00000000-0000-0000-0000-000000000130,low,hazardous,True
SYN-CONT-003358,00000000-0000-0000-0000-00000000040c,40HC,24.5,inbound,00000000-0000-0000-0000-000000000130,low,standard,True
SYN-CONT-003359,00000000-0000-0000-0000-00000000040c,20GP,25.6,inbound,00000000-0000-0000-0000-000000000130,low,hazardous,True
SYN-CONT-003360,00000000-0000-0000-0000-00000000040c,40GP,27.0,inbound,00000000-0000-0000-0000-00000000012c,low,hazardous,True
SYN-CONT-003361,00000000-0000-0000-0000-00000000040c,40RF,21.7,inbound,00000000-0000-0000-0000-00000000012d,low,reefer,True
SYN-CONT-003362,00000000-0000-0000-0000-00000000040c,20GP,26.4,inbound,00000000-0000-0000-0000-00000000012f,low,reefer,True
SYN-CONT-003363,00000000-0000-0000-0000-00000000040c,40RF,28.0,inbound,00000000-0000-0000-0000-000000000131,low,reefer,True
SYN-CONT-003364,00000000-0000-0000-0000-00000000040c,40GP,9.6,inbound,00000000-0000-0000-0000-000000000131,low,standard,True
SYN-CONT-003365,00000000-0000-0000-0000-00000000040c,40HC,19.9,inbound,00000000-0000-0000-0000-000000000131,low,reefer,True
SYN-CONT-003366,00000000-0000-0000-0000-00000000040c,40RF,28.0,inbound,00000000-0000-0000-0000-00000000012f,low,reefer,True
SYN-CONT-003367,00000000-0000-0000-0000-00000000040c,40HC,22.0,inbound,00000000-0000-0000-0000-00000000012f,low,standard,True
SYN-CONT-003368,00000000-0000-0000-0000-00000000040c,20GP,13.1,inbound,00000000-0000-0000-0000-00000000012f,low,standard,True
SYN-CONT-003369,00000000-0000-0000-0000-00000000040c,40GP,27.3,inbound,00000000-0000-0000-0000-000000000130,low,standard,True
SYN-CONT-003370,00000000-0000-0000-0000-00000000040c,40HC,18.3,inbound,00000000-0000-0000-0000-000000000131,low,hazardous,True
SYN-CONT-003371,00000000-0000-0000-0000-00000000040c,40GP,28.8,inbound,00000000-0000-0000-0000-000000000131,low,hazardous,True
SYN-CONT-003372,00000000-0000-0000-0000-00000000040c,40GP,25.4,inbound,00000000-0000-0000-0000-00000000012d,low,standard,True
SYN-CONT-003373,00000000-0000-0000-0000-00000000040c,40HC,10.3,inbound,00000000-0000-0000-0000-000000000130,low,standard,True
SYN-CONT-003374,00000000-0000-0000-0000-00000000040c,20GP,20.2,inbound,00000000-0000-0000-0000-00000000012c,low,standard,True
SYN-CONT-003375,00000000-0000-0000-0000-00000000040c,40HC,28.9,inbound,00000000-0000-0000-0000-000000000131,low,standard,True
SYN-CONT-003376,00000000-0000-0000-0000-00000000040c,40GP,14.8,inbound,00000000-0000-0000-0000-00000000012f,low,standard,True
SYN-CONT-003377,00000000-0000-0000-0000-00000000040c,40HC,29.1,inbound,00000000-0000-0000-0000-00000000012d,low,standard,True
SYN-CONT-003378,00000000-0000-0000-0000-00000000040c,40HC,11.1,inbound,00000000-0000-0000-0000-00000000012f,low,standard,True
SYN-CONT-003379,00000000-0000-0000-0000-00000000040c,20GP,8.6,inbound,00000000-0000-0000-0000-000000000131,low,reefer,True
SYN-CONT-003380,00000000-0000-0000-0000-00000000040c,40GP,9.1,inbound,00000000-0000-0000-0000-00000000012f,low,reefer,True
SYN-CONT-003381,00000000-0000-0000-0000-00000000040c,40RF,12.5,inbound,00000000-0000-0000-0000-00000000012f,low,reefer,True
SYN-CONT-003382,00000000-0000-0000-0000-00000000040c,20GP,29.8,inbound,00000000-0000-0000-0000-000000000130,low,standard,True
SYN-CONT-003383,00000000-0000-0000-0000-00000000040c,20GP,25.0,inbound,00000000-0000-0000-0000-00000000012c,low,standard,True
SYN-CONT-003384,00000000-0000-0000-0000-00000000040c,40RF,24.7,inbound,00000000-0000-0000-0000-00000000012e,low,reefer,True
SYN-CONT-003385,00000000-0000-0000-0000-00000000040c,40HC,12.3,inbound,00000000-0000-0000-0000-00000000012c,low,reefer,True
SYN-CONT-003386,00000000-0000-0000-0000-00000000040c,40HC,13.7,inbound,00000000-0000-0000-0000-00000000012c,low,reefer,True
SYN-CONT-003387,00000000-0000-0000-0000-00000000040c,40RF,8.4,inbound,00000000-0000-0000-0000-00000000012f,low,reefer,True
SYN-CONT-003388,00000000-0000-0000-0000-00000000040c,40RF,17.0,inbound,00000000-0000-0000-0000-00000000012c,low,reefer,True
SYN-CONT-003389,00000000-0000-0000-0000-00000000040c,40HC,29.3,inbound,00000000-0000-0000-0000-00000000012c,low,standard,True
SYN-CONT-003390,00000000-0000-0000-0000-00000000040c,40RF,29.3,inbound,00000000-0000-0000-0000-000000000131,low,reefer,True
SYN-CONT-003391,00000000-0000-0000-0000-00000000040c,40HC,30.5,inbound,00000000-0000-0000-0000-00000000012c,low,standard,True
SYN-CONT-003392,00000000-0000-0000-0000-00000000040c,40RF,27.7,inbound,00000000-0000-0000-0000-00000000012c,low,reefer,True
SYN-CONT-003393,00000000-0000-0000-0000-00000000040c,40HC,9.0,inbound,00000000-0000-0000-0000-00000000012d,low,standard,True
SYN-CONT-003394,00000000-0000-0000-0000-00000000040c,40GP,8.2,inbound,00000000-0000-0000-0000-000000000130,low,hazardous,True
SYN-CONT-003395,00000000-0000-0000-0000-00000000040c,40GP,23.6,inbound,00000000-0000-0000-0000-00000000012c,low,standard,True
SYN-CONT-003396,00000000-0000-0000-0000-00000000040c,20GP,26.1,inbound,00000000-0000-0000-0000-000000000131,low,hazardous,True
SYN-CONT-003397,00000000-0000-0000-0000-00000000040c,40HC,21.9,inbound,00000000-0000-0000-0000-00000000012d,low,standard,True
SYN-CONT-003398,00000000-0000-0000-0000-00000000040c,40RF,11.9,inbound,00000000-0000-0000-0000-000000000130,low,reefer,True
SYN-CONT-003399,00000000-0000-0000-0000-00000000040c,40GP,16.2,inbound,00000000-0000-0000-0000-00000000012c,low,standard,True
SYN-CONT-003400,00000000-0000-0000-0000-00000000040c,40GP,19.2,inbound,00000000-0000-0000-0000-00000000012e,low,standard,True
SYN-CONT-003401,00000000-0000-0000-0000-00000000040c,40RF,22.1,inbound,00000000-0000-0000-0000-00000000012e,low,reefer,True
SYN-CONT-003402,00000000-0000-0000-0000-00000000040c,40HC,25.6,inbound,00000000-0000-0000-0000-00000000012e,low,standard,True
SYN-CONT-003403,00000000-0000-0000-0000-00000000040c,20GP,8.8,inbound,00000000-0000-0000-0000-00000000012d,low,reefer,True
SYN-CONT-003404,00000000-0000-0000-0000-00000000040c,40RF,9.0,inbound,00000000-0000-0000-0000-00000000012f,low,reefer,True
SYN-CONT-003405,00000000-0000-0000-0000-00000000040d,40GP,10.3,inbound,00000000-0000-0000-0000-00000000012e,normal,standard,True
SYN-CONT-003406,00000000-0000-0000-0000-00000000040d,40GP,17.4,inbound,00000000-0000-0000-0000-00000000012c,normal,standard,True
SYN-CONT-003407,00000000-0000-0000-0000-00000000040d,20GP,18.4,inbound,00000000-0000-0000-0000-00000000012f,normal,reefer,True
SYN-CONT-003408,00000000-0000-0000-0000-00000000040d,40RF,11.0,inbound,00000000-0000-0000-0000-000000000130,normal,reefer,True
SYN-CONT-003409,00000000-0000-0000-0000-00000000040d,20GP,18.7,inbound,00000000-0000-0000-0000-00000000012e,normal,standard,True
SYN-CONT-003410,00000000-0000-0000-0000-00000000040d,40GP,22.8,inbound,00000000-0000-0000-0000-00000000012e,normal,standard,True
SYN-CONT-003411,00000000-0000-0000-0000-00000000040d,20GP,19.1,inbound,00000000-0000-0000-0000-000000000130,normal,reefer,True
SYN-CONT-003412,00000000-0000-0000-0000-00000000040d,40GP,12.9,inbound,00000000-0000-0000-0000-00000000012d,normal,standard,True
SYN-CONT-003413,00000000-0000-0000-0000-00000000040d,40GP,22.8,inbound,00000000-0000-0000-0000-000000000131,normal,standard,True
SYN-CONT-003414,00000000-0000-0000-0000-00000000040d,20GP,14.4,inbound,00000000-0000-0000-0000-000000000130,normal,reefer,True
SYN-CONT-003415,00000000-0000-0000-0000-00000000040d,20GP,13.1,inbound,00000000-0000-0000-0000-00000000012d,normal,standard,True
SYN-CONT-003416,00000000-0000-0000-0000-00000000040d,40HC,24.0,inbound,00000000-0000-0000-0000-00000000012f,normal,standard,True
SYN-CONT-003417,00000000-0000-0000-0000-00000000040d,40HC,15.4,inbound,00000000-0000-0000-0000-00000000012e,normal,standard,True
SYN-CONT-003418,00000000-0000-0000-0000-00000000040d,40GP,24.6,inbound,00000000-0000-0000-0000-00000000012c,normal,hazardous,True
SYN-CONT-003419,00000000-0000-0000-0000-00000000040d,40RF,22.2,inbound,00000000-0000-0000-0000-00000000012d,normal,reefer,True
SYN-CONT-003420,00000000-0000-0000-0000-00000000040d,40GP,11.2,inbound,00000000-0000-0000-0000-00000000012c,normal,standard,True
SYN-CONT-003421,00000000-0000-0000-0000-00000000040d,40GP,16.9,inbound,00000000-0000-0000-0000-00000000012c,normal,standard,True
SYN-CONT-003422,00000000-0000-0000-0000-00000000040d,40RF,18.9,inbound,00000000-0000-0000-0000-00000000012e,normal,reefer,True
SYN-CONT-003423,00000000-0000-0000-0000-00000000040d,40GP,17.1,inbound,00000000-0000-0000-0000-00000000012d,normal,hazardous,True
SYN-CONT-003424,00000000-0000-0000-0000-00000000040d,40RF,22.0,inbound,00000000-0000-0000-0000-000000000130,normal,reefer,True
SYN-CONT-003425,00000000-0000-0000-0000-00000000040d,40RF,10.7,inbound,00000000-0000-0000-0000-00000000012e,normal,reefer,True
SYN-CONT-003426,00000000-0000-0000-0000-00000000040d,40HC,30.4,inbound,00000000-0000-0000-0000-00000000012d,normal,standard,True
SYN-CONT-003427,00000000-0000-0000-0000-00000000040d,40HC,26.2,inbound,00000000-0000-0000-0000-00000000012f,normal,standard,True
SYN-CONT-003428,00000000-0000-0000-0000-00000000040d,40RF,22.9,inbound,00000000-0000-0000-0000-000000000131,normal,reefer,True
SYN-CONT-003429,00000000-0000-0000-0000-00000000040d,40HC,13.9,inbound,00000000-0000-0000-0000-00000000012e,normal,hazardous,True
SYN-CONT-003430,00000000-0000-0000-0000-00000000040d,40RF,22.5,inbound,00000000-0000-0000-0000-000000000130,normal,reefer,True
SYN-CONT-003431,00000000-0000-0000-0000-00000000040d,40GP,13.1,inbound,00000000-0000-0000-0000-00000000012f,normal,standard,True
SYN-CONT-003432,00000000-0000-0000-0000-00000000040d,20GP,20.4,inbound,00000000-0000-0000-0000-00000000012e,normal,standard,True
SYN-CONT-003433,00000000-0000-0000-0000-00000000040d,40GP,14.9,inbound,00000000-0000-0000-0000-00000000012f,normal,standard,True
SYN-CONT-003434,00000000-0000-0000-0000-00000000040d,20GP,12.1,inbound,00000000-0000-0000-0000-000000000130,normal,hazardous,True
SYN-CONT-003435,00000000-0000-0000-0000-00000000040d,40GP,26.9,inbound,00000000-0000-0000-0000-00000000012d,normal,standard,True
SYN-CONT-003436,00000000-0000-0000-0000-00000000040d,20GP,24.5,inbound,00000000-0000-0000-0000-00000000012e,normal,standard,True
SYN-CONT-003437,00000000-0000-0000-0000-00000000040d,40GP,27.3,inbound,00000000-0000-0000-0000-000000000130,normal,hazardous,True
SYN-CONT-003438,00000000-0000-0000-0000-00000000040d,20GP,16.2,inbound,00000000-0000-0000-0000-00000000012d,normal,hazardous,True
SYN-CONT-003439,00000000-0000-0000-0000-00000000040d,40GP,11.6,inbound,00000000-0000-0000-0000-000000000131,normal,standard,True
SYN-CONT-003440,00000000-0000-0000-0000-00000000040d,40GP,13.1,inbound,00000000-0000-0000-0000-000000000131,normal,hazardous,True
SYN-CONT-003441,00000000-0000-0000-0000-00000000040d,40GP,29.2,inbound,00000000-0000-0000-0000-000000000130,normal,hazardous,True
SYN-CONT-003442,00000000-0000-0000-0000-00000000040d,40RF,27.3,inbound,00000000-0000-0000-0000-00000000012e,normal,reefer,True
SYN-CONT-003443,00000000-0000-0000-0000-00000000040d,20GP,14.7,inbound,00000000-0000-0000-0000-000000000130,normal,reefer,True
SYN-CONT-003444,00000000-0000-0000-0000-00000000040d,40RF,28.1,inbound,00000000-0000-0000-0000-00000000012f,normal,reefer,True
SYN-CONT-003445,00000000-0000-0000-0000-00000000040d,40HC,24.2,inbound,00000000-0000-0000-0000-00000000012e,normal,standard,True
SYN-CONT-003446,00000000-0000-0000-0000-00000000040d,20GP,13.7,inbound,00000000-0000-0000-0000-000000000130,normal,standard,True
SYN-CONT-003447,00000000-0000-0000-0000-00000000040d,40HC,28.8,inbound,00000000-0000-0000-0000-000000000130,normal,standard,True
SYN-CONT-003448,00000000-0000-0000-0000-00000000040d,20GP,25.0,inbound,00000000-0000-0000-0000-00000000012d,normal,standard,True
SYN-CONT-003449,00000000-0000-0000-0000-00000000040d,40GP,26.5,inbound,00000000-0000-0000-0000-00000000012d,normal,reefer,True
SYN-CONT-003450,00000000-0000-0000-0000-00000000040d,40RF,25.7,inbound,00000000-0000-0000-0000-000000000131,normal,reefer,True
SYN-CONT-003451,00000000-0000-0000-0000-00000000040d,40RF,16.8,inbound,00000000-0000-0000-0000-00000000012d,normal,reefer,True
SYN-CONT-003452,00000000-0000-0000-0000-00000000040d,40GP,9.6,inbound,00000000-0000-0000-0000-00000000012e,normal,standard,True
SYN-CONT-003453,00000000-0000-0000-0000-00000000040d,40GP,10.8,inbound,00000000-0000-0000-0000-000000000131,normal,reefer,True
SYN-CONT-003454,00000000-0000-0000-0000-00000000040d,40GP,18.0,inbound,00000000-0000-0000-0000-000000000131,normal,standard,True
SYN-CONT-003455,00000000-0000-0000-0000-00000000040d,40HC,8.2,inbound,00000000-0000-0000-0000-00000000012c,normal,standard,True
SYN-CONT-003456,00000000-0000-0000-0000-00000000040d,40HC,10.3,inbound,00000000-0000-0000-0000-000000000131,normal,hazardous,True
SYN-CONT-003457,00000000-0000-0000-0000-00000000040d,40RF,13.2,inbound,00000000-0000-0000-0000-00000000012f,normal,reefer,True
SYN-CONT-003458,00000000-0000-0000-0000-00000000040d,40HC,20.2,inbound,00000000-0000-0000-0000-000000000130,normal,standard,True
SYN-CONT-003459,00000000-0000-0000-0000-00000000040d,40RF,11.5,inbound,00000000-0000-0000-0000-000000000131,normal,reefer,True
SYN-CONT-003460,00000000-0000-0000-0000-00000000040d,40HC,29.4,inbound,00000000-0000-0000-0000-00000000012c,normal,standard,True
SYN-CONT-003461,00000000-0000-0000-0000-00000000040d,40RF,26.9,inbound,00000000-0000-0000-0000-00000000012e,normal,reefer,True
SYN-CONT-003462,00000000-0000-0000-0000-00000000040d,20GP,17.6,inbound,00000000-0000-0000-0000-00000000012d,normal,reefer,True
SYN-CONT-003463,00000000-0000-0000-0000-00000000040d,40RF,25.1,inbound,00000000-0000-0000-0000-00000000012d,normal,reefer,True
SYN-CONT-003464,00000000-0000-0000-0000-00000000040d,20GP,30.4,inbound,00000000-0000-0000-0000-000000000130,normal,standard,True
SYN-CONT-003465,00000000-0000-0000-0000-00000000040d,40HC,27.6,inbound,00000000-0000-0000-0000-000000000131,normal,standard,True
SYN-CONT-003466,00000000-0000-0000-0000-00000000040d,40RF,26.8,inbound,00000000-0000-0000-0000-00000000012f,normal,reefer,True
SYN-CONT-003467,00000000-0000-0000-0000-00000000040d,40RF,9.3,inbound,00000000-0000-0000-0000-00000000012c,normal,reefer,True
SYN-CONT-003468,00000000-0000-0000-0000-00000000040d,40HC,28.4,inbound,00000000-0000-0000-0000-000000000131,normal,standard,True
SYN-CONT-003469,00000000-0000-0000-0000-00000000040d,40HC,23.0,inbound,00000000-0000-0000-0000-00000000012e,normal,reefer,True
SYN-CONT-003470,00000000-0000-0000-0000-00000000040d,40HC,8.3,inbound,00000000-0000-0000-0000-000000000131,normal,standard,True
SYN-CONT-003471,00000000-0000-0000-0000-00000000040d,40RF,13.5,inbound,00000000-0000-0000-0000-00000000012f,normal,reefer,True
SYN-CONT-003472,00000000-0000-0000-0000-00000000040d,40GP,17.8,inbound,00000000-0000-0000-0000-00000000012e,normal,hazardous,True
SYN-CONT-003473,00000000-0000-0000-0000-00000000040d,20GP,20.6,inbound,00000000-0000-0000-0000-000000000130,normal,reefer,True
SYN-CONT-003474,00000000-0000-0000-0000-00000000040d,40RF,21.6,inbound,00000000-0000-0000-0000-000000000131,normal,reefer,True
SYN-CONT-003475,00000000-0000-0000-0000-00000000040d,40RF,8.9,inbound,00000000-0000-0000-0000-00000000012c,normal,reefer,True
SYN-CONT-003476,00000000-0000-0000-0000-00000000040d,20GP,10.1,inbound,00000000-0000-0000-0000-00000000012d,normal,hazardous,True
SYN-CONT-003477,00000000-0000-0000-0000-00000000040d,40HC,23.1,inbound,00000000-0000-0000-0000-000000000130,normal,hazardous,True
SYN-CONT-003478,00000000-0000-0000-0000-00000000040d,40RF,26.3,inbound,00000000-0000-0000-0000-000000000131,normal,reefer,True
SYN-CONT-003479,00000000-0000-0000-0000-00000000040d,20GP,22.6,inbound,00000000-0000-0000-0000-00000000012f,normal,standard,True
SYN-CONT-003480,00000000-0000-0000-0000-00000000040d,40RF,20.9,inbound,00000000-0000-0000-0000-000000000130,normal,reefer,True
SYN-CONT-003481,00000000-0000-0000-0000-00000000040d,20GP,26.3,inbound,00000000-0000-0000-0000-000000000131,normal,reefer,True
SYN-CONT-003482,00000000-0000-0000-0000-00000000040d,40RF,23.1,inbound,00000000-0000-0000-0000-00000000012c,normal,reefer,True
SYN-CONT-003483,00000000-0000-0000-0000-00000000040d,40GP,12.1,inbound,00000000-0000-0000-0000-000000000131,normal,hazardous,True
SYN-CONT-003484,00000000-0000-0000-0000-00000000040d,40HC,14.6,inbound,00000000-0000-0000-0000-00000000012f,normal,standard,True
SYN-CONT-003485,00000000-0000-0000-0000-00000000040d,20GP,27.1,inbound,00000000-0000-0000-0000-00000000012e,normal,reefer,True
SYN-CONT-003486,00000000-0000-0000-0000-00000000040d,40HC,15.9,inbound,00000000-0000-0000-0000-00000000012d,normal,standard,True
SYN-CONT-003487,00000000-0000-0000-0000-00000000040d,40HC,25.6,inbound,00000000-0000-0000-0000-00000000012e,normal,reefer,True
SYN-CONT-003488,00000000-0000-0000-0000-00000000040d,40RF,23.7,inbound,00000000-0000-0000-0000-000000000131,normal,reefer,True
SYN-CONT-003489,00000000-0000-0000-0000-00000000040d,40HC,12.7,inbound,00000000-0000-0000-0000-000000000130,normal,standard,True
SYN-CONT-003490,00000000-0000-0000-0000-00000000040d,40HC,24.9,inbound,00000000-0000-0000-0000-00000000012d,normal,reefer,True
SYN-CONT-003491,00000000-0000-0000-0000-00000000040d,40RF,27.3,inbound,00000000-0000-0000-0000-00000000012e,normal,reefer,True
SYN-CONT-003492,00000000-0000-0000-0000-00000000040d,40HC,20.1,inbound,00000000-0000-0000-0000-00000000012d,normal,hazardous,True
SYN-CONT-003493,00000000-0000-0000-0000-00000000040d,40HC,10.3,inbound,00000000-0000-0000-0000-000000000131,normal,standard,True
SYN-CONT-003494,00000000-0000-0000-0000-00000000040d,20GP,15.0,inbound,00000000-0000-0000-0000-00000000012f,normal,reefer,True
SYN-CONT-003495,00000000-0000-0000-0000-00000000040d,40GP,12.5,inbound,00000000-0000-0000-0000-000000000131,normal,reefer,True
SYN-CONT-003496,00000000-0000-0000-0000-00000000040d,40RF,15.9,inbound,00000000-0000-0000-0000-00000000012f,normal,reefer,True
SYN-CONT-003497,00000000-0000-0000-0000-00000000040e,40HC,29.6,inbound,00000000-0000-0000-0000-00000000012e,normal,standard,True
SYN-CONT-003498,00000000-0000-0000-0000-00000000040e,20GP,12.3,inbound,00000000-0000-0000-0000-00000000012e,normal,standard,True
SYN-CONT-003499,00000000-0000-0000-0000-00000000040e,40HC,20.1,inbound,00000000-0000-0000-0000-00000000012f,normal,hazardous,True
SYN-CONT-003500,00000000-0000-0000-0000-00000000040e,20GP,10.1,inbound,00000000-0000-0000-0000-000000000131,normal,standard,True
SYN-CONT-003501,00000000-0000-0000-0000-00000000040e,40RF,27.2,inbound,00000000-0000-0000-0000-00000000012d,normal,reefer,True
SYN-CONT-003502,00000000-0000-0000-0000-00000000040e,40HC,16.0,inbound,00000000-0000-0000-0000-00000000012d,normal,hazardous,True
SYN-CONT-003503,00000000-0000-0000-0000-00000000040e,40RF,10.3,inbound,00000000-0000-0000-0000-000000000131,normal,reefer,True
SYN-CONT-003504,00000000-0000-0000-0000-00000000040e,40HC,20.8,inbound,00000000-0000-0000-0000-00000000012c,normal,hazardous,True
SYN-CONT-003505,00000000-0000-0000-0000-00000000040e,40HC,18.0,inbound,00000000-0000-0000-0000-00000000012c,normal,standard,True
SYN-CONT-003506,00000000-0000-0000-0000-00000000040e,40GP,11.5,inbound,00000000-0000-0000-0000-00000000012e,normal,hazardous,True
SYN-CONT-003507,00000000-0000-0000-0000-00000000040e,20GP,13.1,inbound,00000000-0000-0000-0000-000000000131,normal,reefer,True
SYN-CONT-003508,00000000-0000-0000-0000-00000000040e,40GP,27.7,inbound,00000000-0000-0000-0000-00000000012f,normal,standard,True
SYN-CONT-003509,00000000-0000-0000-0000-00000000040e,40GP,8.3,inbound,00000000-0000-0000-0000-00000000012d,normal,standard,True
SYN-CONT-003510,00000000-0000-0000-0000-00000000040e,20GP,18.9,inbound,00000000-0000-0000-0000-00000000012f,normal,hazardous,True
SYN-CONT-003511,00000000-0000-0000-0000-00000000040e,40RF,20.5,inbound,00000000-0000-0000-0000-000000000130,normal,reefer,True
SYN-CONT-003512,00000000-0000-0000-0000-00000000040e,40GP,12.2,inbound,00000000-0000-0000-0000-000000000130,normal,reefer,True
SYN-CONT-003513,00000000-0000-0000-0000-00000000040e,40RF,22.1,inbound,00000000-0000-0000-0000-00000000012f,normal,reefer,True
SYN-CONT-003514,00000000-0000-0000-0000-00000000040e,40HC,26.1,inbound,00000000-0000-0000-0000-00000000012e,normal,standard,True
SYN-CONT-003515,00000000-0000-0000-0000-00000000040e,40RF,16.3,inbound,00000000-0000-0000-0000-00000000012d,normal,reefer,True
SYN-CONT-003516,00000000-0000-0000-0000-00000000040e,40HC,16.0,inbound,00000000-0000-0000-0000-000000000131,normal,hazardous,True
SYN-CONT-003517,00000000-0000-0000-0000-00000000040e,40GP,27.3,inbound,00000000-0000-0000-0000-000000000131,normal,standard,True
SYN-CONT-003518,00000000-0000-0000-0000-00000000040e,40GP,21.0,inbound,00000000-0000-0000-0000-00000000012c,normal,hazardous,True
SYN-CONT-003519,00000000-0000-0000-0000-00000000040e,40RF,20.0,inbound,00000000-0000-0000-0000-00000000012c,normal,reefer,True
SYN-CONT-003520,00000000-0000-0000-0000-00000000040e,40GP,24.1,inbound,00000000-0000-0000-0000-000000000131,normal,standard,True
SYN-CONT-003521,00000000-0000-0000-0000-00000000040e,40GP,14.1,inbound,00000000-0000-0000-0000-00000000012c,normal,reefer,True
SYN-CONT-003522,00000000-0000-0000-0000-00000000040e,40RF,21.9,inbound,00000000-0000-0000-0000-00000000012f,normal,reefer,True
SYN-CONT-003523,00000000-0000-0000-0000-00000000040e,40RF,9.5,inbound,00000000-0000-0000-0000-00000000012d,normal,reefer,True
SYN-CONT-003524,00000000-0000-0000-0000-00000000040e,20GP,18.1,inbound,00000000-0000-0000-0000-000000000131,normal,hazardous,True
SYN-CONT-003525,00000000-0000-0000-0000-00000000040e,20GP,18.7,inbound,00000000-0000-0000-0000-000000000131,normal,standard,True
SYN-CONT-003526,00000000-0000-0000-0000-00000000040e,40GP,23.3,inbound,00000000-0000-0000-0000-00000000012c,normal,standard,True
SYN-CONT-003527,00000000-0000-0000-0000-00000000040e,40HC,13.7,inbound,00000000-0000-0000-0000-000000000131,normal,hazardous,True
SYN-CONT-003528,00000000-0000-0000-0000-00000000040e,20GP,19.0,inbound,00000000-0000-0000-0000-000000000131,normal,hazardous,True
SYN-CONT-003529,00000000-0000-0000-0000-00000000040e,40GP,12.8,inbound,00000000-0000-0000-0000-00000000012f,normal,reefer,True
SYN-CONT-003530,00000000-0000-0000-0000-00000000040e,40HC,23.7,inbound,00000000-0000-0000-0000-00000000012e,normal,hazardous,True
SYN-CONT-003531,00000000-0000-0000-0000-00000000040e,40HC,20.8,inbound,00000000-0000-0000-0000-000000000130,normal,standard,True
SYN-CONT-003532,00000000-0000-0000-0000-00000000040e,40RF,11.2,inbound,00000000-0000-0000-0000-000000000130,normal,reefer,True
SYN-CONT-003533,00000000-0000-0000-0000-00000000040e,40HC,29.8,inbound,00000000-0000-0000-0000-00000000012c,normal,standard,True
SYN-CONT-003534,00000000-0000-0000-0000-00000000040e,40HC,10.7,inbound,00000000-0000-0000-0000-00000000012c,normal,hazardous,True
SYN-CONT-003535,00000000-0000-0000-0000-00000000040e,20GP,17.3,inbound,00000000-0000-0000-0000-00000000012d,normal,hazardous,True
SYN-CONT-003536,00000000-0000-0000-0000-00000000040e,40GP,30.0,inbound,00000000-0000-0000-0000-00000000012d,normal,standard,True
SYN-CONT-003537,00000000-0000-0000-0000-00000000040e,40GP,22.6,inbound,00000000-0000-0000-0000-00000000012f,normal,standard,True
SYN-CONT-003538,00000000-0000-0000-0000-00000000040e,20GP,10.0,inbound,00000000-0000-0000-0000-00000000012f,normal,standard,True
SYN-CONT-003539,00000000-0000-0000-0000-00000000040e,40RF,26.1,inbound,00000000-0000-0000-0000-00000000012f,normal,reefer,True
SYN-CONT-003540,00000000-0000-0000-0000-00000000040e,40RF,11.1,inbound,00000000-0000-0000-0000-00000000012e,normal,reefer,True
SYN-CONT-003541,00000000-0000-0000-0000-00000000040e,40GP,15.0,inbound,00000000-0000-0000-0000-00000000012d,normal,standard,True
SYN-CONT-003542,00000000-0000-0000-0000-00000000040e,40RF,27.8,inbound,00000000-0000-0000-0000-00000000012f,normal,reefer,True
SYN-CONT-003543,00000000-0000-0000-0000-00000000040e,20GP,13.9,inbound,00000000-0000-0000-0000-00000000012d,normal,standard,True
SYN-CONT-003544,00000000-0000-0000-0000-00000000040e,40GP,30.2,inbound,00000000-0000-0000-0000-000000000131,normal,standard,True
SYN-CONT-003545,00000000-0000-0000-0000-00000000040e,20GP,18.2,inbound,00000000-0000-0000-0000-00000000012c,normal,standard,True
SYN-CONT-003546,00000000-0000-0000-0000-00000000040e,40HC,27.8,inbound,00000000-0000-0000-0000-00000000012c,normal,standard,True
SYN-CONT-003547,00000000-0000-0000-0000-00000000040e,20GP,10.1,inbound,00000000-0000-0000-0000-00000000012c,normal,standard,True
SYN-CONT-003548,00000000-0000-0000-0000-00000000040e,20GP,15.4,inbound,00000000-0000-0000-0000-00000000012e,normal,standard,True
SYN-CONT-003549,00000000-0000-0000-0000-00000000040e,20GP,20.7,inbound,00000000-0000-0000-0000-00000000012c,normal,hazardous,True
SYN-CONT-003550,00000000-0000-0000-0000-00000000040e,40GP,22.3,inbound,00000000-0000-0000-0000-00000000012f,normal,standard,True
SYN-CONT-003551,00000000-0000-0000-0000-00000000040e,40GP,12.9,inbound,00000000-0000-0000-0000-00000000012e,normal,hazardous,True
SYN-CONT-003552,00000000-0000-0000-0000-00000000040e,20GP,21.5,inbound,00000000-0000-0000-0000-000000000130,normal,standard,True
SYN-CONT-003553,00000000-0000-0000-0000-00000000040e,40GP,23.9,inbound,00000000-0000-0000-0000-00000000012d,normal,reefer,True
SYN-CONT-003554,00000000-0000-0000-0000-00000000040e,40GP,8.7,inbound,00000000-0000-0000-0000-00000000012c,normal,reefer,True
SYN-CONT-003555,00000000-0000-0000-0000-00000000040e,20GP,29.0,inbound,00000000-0000-0000-0000-00000000012c,normal,standard,True
SYN-CONT-003556,00000000-0000-0000-0000-00000000040e,40HC,21.3,inbound,00000000-0000-0000-0000-00000000012d,normal,standard,True
SYN-CONT-003557,00000000-0000-0000-0000-00000000040e,20GP,12.3,inbound,00000000-0000-0000-0000-00000000012d,normal,reefer,True
SYN-CONT-003558,00000000-0000-0000-0000-00000000040e,40HC,28.9,inbound,00000000-0000-0000-0000-000000000130,normal,reefer,True
SYN-CONT-003559,00000000-0000-0000-0000-00000000040e,40RF,25.6,inbound,00000000-0000-0000-0000-00000000012c,normal,reefer,True
SYN-CONT-003560,00000000-0000-0000-0000-00000000040e,20GP,13.5,inbound,00000000-0000-0000-0000-00000000012d,normal,standard,True
SYN-CONT-003561,00000000-0000-0000-0000-00000000040e,40GP,12.2,inbound,00000000-0000-0000-0000-00000000012f,normal,reefer,True
SYN-CONT-003562,00000000-0000-0000-0000-00000000040e,20GP,9.3,inbound,00000000-0000-0000-0000-00000000012f,normal,standard,True
SYN-CONT-003563,00000000-0000-0000-0000-00000000040e,20GP,10.0,inbound,00000000-0000-0000-0000-000000000131,normal,hazardous,True
SYN-CONT-003564,00000000-0000-0000-0000-00000000040e,40HC,20.7,inbound,00000000-0000-0000-0000-000000000131,normal,hazardous,True
SYN-CONT-003565,00000000-0000-0000-0000-00000000040e,40RF,25.0,inbound,00000000-0000-0000-0000-000000000131,normal,reefer,True
SYN-CONT-003566,00000000-0000-0000-0000-00000000040e,40GP,15.2,inbound,00000000-0000-0000-0000-00000000012f,normal,standard,True
SYN-CONT-003567,00000000-0000-0000-0000-00000000040e,40GP,29.2,inbound,00000000-0000-0000-0000-00000000012f,normal,standard,True
SYN-CONT-003568,00000000-0000-0000-0000-00000000040e,40RF,17.8,inbound,00000000-0000-0000-0000-00000000012c,normal,reefer,True
SYN-CONT-003569,00000000-0000-0000-0000-00000000040e,40RF,8.5,inbound,00000000-0000-0000-0000-00000000012c,normal,reefer,True
SYN-CONT-003570,00000000-0000-0000-0000-00000000040e,40HC,18.9,inbound,00000000-0000-0000-0000-00000000012f,normal,hazardous,True
SYN-CONT-003571,00000000-0000-0000-0000-00000000040e,40HC,30.3,inbound,00000000-0000-0000-0000-00000000012e,normal,reefer,True
SYN-CONT-003572,00000000-0000-0000-0000-00000000040e,20GP,26.7,inbound,00000000-0000-0000-0000-00000000012d,normal,hazardous,True
SYN-CONT-003573,00000000-0000-0000-0000-00000000040e,20GP,28.1,inbound,00000000-0000-0000-0000-000000000131,normal,standard,True
SYN-CONT-003574,00000000-0000-0000-0000-00000000040e,40GP,24.6,inbound,00000000-0000-0000-0000-000000000130,normal,standard,True
SYN-CONT-003575,00000000-0000-0000-0000-00000000040e,20GP,29.8,inbound,00000000-0000-0000-0000-00000000012f,normal,standard,True
SYN-CONT-003576,00000000-0000-0000-0000-00000000040e,40GP,29.7,inbound,00000000-0000-0000-0000-00000000012c,normal,standard,True
SYN-CONT-003577,00000000-0000-0000-0000-00000000040e,40RF,24.6,inbound,00000000-0000-0000-0000-000000000130,normal,reefer,True
SYN-CONT-003578,00000000-0000-0000-0000-00000000040e,40GP,16.3,inbound,00000000-0000-0000-0000-000000000131,normal,hazardous,True
SYN-CONT-003579,00000000-0000-0000-0000-00000000040e,20GP,10.2,inbound,00000000-0000-0000-0000-00000000012d,normal,standard,True
SYN-CONT-003580,00000000-0000-0000-0000-00000000040e,40GP,9.6,inbound,00000000-0000-0000-0000-00000000012d,normal,standard,True
SYN-CONT-003581,00000000-0000-0000-0000-00000000040e,40RF,12.7,inbound,00000000-0000-0000-0000-000000000131,normal,reefer,True
SYN-CONT-003582,00000000-0000-0000-0000-00000000040e,20GP,28.7,inbound,00000000-0000-0000-0000-00000000012d,normal,standard,True
SYN-CONT-003583,00000000-0000-0000-0000-00000000040e,20GP,8.1,inbound,00000000-0000-0000-0000-00000000012d,normal,standard,True
SYN-CONT-003584,00000000-0000-0000-0000-00000000040e,40HC,30.2,inbound,00000000-0000-0000-0000-00000000012d,normal,standard,True
SYN-CONT-003585,00000000-0000-0000-0000-00000000040e,40HC,9.0,inbound,00000000-0000-0000-0000-00000000012d,normal,reefer,True
SYN-CONT-003586,00000000-0000-0000-0000-00000000040e,40GP,23.0,inbound,00000000-0000-0000-0000-00000000012f,normal,hazardous,True
SYN-CONT-003587,00000000-0000-0000-0000-00000000040e,40HC,29.2,inbound,00000000-0000-0000-0000-000000000131,normal,standard,True
SYN-CONT-003588,00000000-0000-0000-0000-00000000040e,40HC,23.5,inbound,00000000-0000-0000-0000-00000000012f,normal,reefer,True
SYN-CONT-003589,00000000-0000-0000-0000-00000000040f,40RF,16.5,inbound,00000000-0000-0000-0000-00000000012d,high,reefer,True
SYN-CONT-003590,00000000-0000-0000-0000-00000000040f,40RF,13.7,inbound,00000000-0000-0000-0000-00000000012c,high,reefer,True
SYN-CONT-003591,00000000-0000-0000-0000-00000000040f,40RF,8.9,inbound,00000000-0000-0000-0000-00000000012f,high,reefer,True
SYN-CONT-003592,00000000-0000-0000-0000-00000000040f,40GP,9.6,inbound,00000000-0000-0000-0000-00000000012c,high,standard,True
SYN-CONT-003593,00000000-0000-0000-0000-00000000040f,20GP,28.3,inbound,00000000-0000-0000-0000-00000000012f,high,standard,True
SYN-CONT-003594,00000000-0000-0000-0000-00000000040f,20GP,20.1,inbound,00000000-0000-0000-0000-00000000012d,high,standard,True
SYN-CONT-003595,00000000-0000-0000-0000-00000000040f,40HC,14.4,inbound,00000000-0000-0000-0000-00000000012e,high,reefer,True
SYN-CONT-003596,00000000-0000-0000-0000-00000000040f,40HC,13.9,inbound,00000000-0000-0000-0000-00000000012c,high,hazardous,True
SYN-CONT-003597,00000000-0000-0000-0000-00000000040f,40RF,26.5,inbound,00000000-0000-0000-0000-00000000012d,high,reefer,True
SYN-CONT-003598,00000000-0000-0000-0000-00000000040f,20GP,27.0,inbound,00000000-0000-0000-0000-00000000012d,high,hazardous,True
SYN-CONT-003599,00000000-0000-0000-0000-00000000040f,40GP,30.4,inbound,00000000-0000-0000-0000-00000000012f,high,hazardous,True
SYN-CONT-003600,00000000-0000-0000-0000-00000000040f,40RF,10.5,inbound,00000000-0000-0000-0000-00000000012d,high,reefer,True
SYN-CONT-003601,00000000-0000-0000-0000-00000000040f,20GP,12.2,inbound,00000000-0000-0000-0000-000000000131,high,reefer,True
SYN-CONT-003602,00000000-0000-0000-0000-00000000040f,20GP,17.8,inbound,00000000-0000-0000-0000-00000000012e,high,standard,True
SYN-CONT-003603,00000000-0000-0000-0000-00000000040f,40RF,24.6,inbound,00000000-0000-0000-0000-00000000012f,high,reefer,True
SYN-CONT-003604,00000000-0000-0000-0000-00000000040f,20GP,25.3,inbound,00000000-0000-0000-0000-00000000012d,high,hazardous,True
SYN-CONT-003605,00000000-0000-0000-0000-00000000040f,40GP,9.0,inbound,00000000-0000-0000-0000-00000000012c,high,standard,True
SYN-CONT-003606,00000000-0000-0000-0000-00000000040f,40GP,27.3,inbound,00000000-0000-0000-0000-00000000012e,high,standard,True
SYN-CONT-003607,00000000-0000-0000-0000-00000000040f,40GP,18.4,inbound,00000000-0000-0000-0000-000000000131,high,standard,True
SYN-CONT-003608,00000000-0000-0000-0000-00000000040f,20GP,16.6,inbound,00000000-0000-0000-0000-00000000012e,high,reefer,True
SYN-CONT-003609,00000000-0000-0000-0000-00000000040f,20GP,12.1,inbound,00000000-0000-0000-0000-00000000012d,high,standard,True
SYN-CONT-003610,00000000-0000-0000-0000-00000000040f,40HC,8.6,inbound,00000000-0000-0000-0000-00000000012f,high,reefer,True
SYN-CONT-003611,00000000-0000-0000-0000-00000000040f,20GP,21.5,inbound,00000000-0000-0000-0000-00000000012e,high,standard,True
SYN-CONT-003612,00000000-0000-0000-0000-00000000040f,40GP,20.3,inbound,00000000-0000-0000-0000-00000000012e,high,standard,True
SYN-CONT-003613,00000000-0000-0000-0000-00000000040f,20GP,23.4,inbound,00000000-0000-0000-0000-00000000012f,high,standard,True
SYN-CONT-003614,00000000-0000-0000-0000-00000000040f,20GP,24.2,inbound,00000000-0000-0000-0000-000000000131,high,hazardous,True
SYN-CONT-003615,00000000-0000-0000-0000-00000000040f,40HC,8.9,inbound,00000000-0000-0000-0000-00000000012c,high,standard,True
SYN-CONT-003616,00000000-0000-0000-0000-00000000040f,40GP,16.6,inbound,00000000-0000-0000-0000-000000000130,high,standard,True
SYN-CONT-003617,00000000-0000-0000-0000-00000000040f,20GP,25.3,inbound,00000000-0000-0000-0000-00000000012c,high,reefer,True
SYN-CONT-003618,00000000-0000-0000-0000-00000000040f,40GP,20.7,inbound,00000000-0000-0000-0000-00000000012c,high,standard,True
SYN-CONT-003619,00000000-0000-0000-0000-00000000040f,20GP,29.1,inbound,00000000-0000-0000-0000-000000000131,high,reefer,True
SYN-CONT-003620,00000000-0000-0000-0000-00000000040f,40RF,14.4,inbound,00000000-0000-0000-0000-000000000130,high,reefer,True
SYN-CONT-003621,00000000-0000-0000-0000-00000000040f,40RF,18.1,inbound,00000000-0000-0000-0000-000000000131,high,reefer,True
SYN-CONT-003622,00000000-0000-0000-0000-00000000040f,40GP,21.8,inbound,00000000-0000-0000-0000-00000000012e,high,reefer,True
SYN-CONT-003623,00000000-0000-0000-0000-00000000040f,40RF,18.8,inbound,00000000-0000-0000-0000-00000000012d,high,reefer,True
SYN-CONT-003624,00000000-0000-0000-0000-00000000040f,40RF,20.1,inbound,00000000-0000-0000-0000-00000000012e,high,reefer,True
SYN-CONT-003625,00000000-0000-0000-0000-00000000040f,40GP,14.5,inbound,00000000-0000-0000-0000-000000000131,high,standard,True
SYN-CONT-003626,00000000-0000-0000-0000-00000000040f,40GP,30.5,inbound,00000000-0000-0000-0000-00000000012d,high,reefer,True
SYN-CONT-003627,00000000-0000-0000-0000-00000000040f,40HC,17.7,inbound,00000000-0000-0000-0000-00000000012e,high,standard,True
SYN-CONT-003628,00000000-0000-0000-0000-00000000040f,40GP,18.3,inbound,00000000-0000-0000-0000-000000000131,high,standard,True
SYN-CONT-003629,00000000-0000-0000-0000-00000000040f,40GP,10.8,inbound,00000000-0000-0000-0000-000000000131,high,reefer,True
SYN-CONT-003630,00000000-0000-0000-0000-00000000040f,40HC,29.2,inbound,00000000-0000-0000-0000-00000000012f,high,standard,True
SYN-CONT-003631,00000000-0000-0000-0000-00000000040f,40RF,18.4,inbound,00000000-0000-0000-0000-00000000012f,high,reefer,True
SYN-CONT-003632,00000000-0000-0000-0000-00000000040f,40RF,29.4,inbound,00000000-0000-0000-0000-00000000012f,high,reefer,True
SYN-CONT-003633,00000000-0000-0000-0000-00000000040f,40HC,15.3,inbound,00000000-0000-0000-0000-00000000012f,high,standard,True
SYN-CONT-003634,00000000-0000-0000-0000-00000000040f,40GP,12.6,inbound,00000000-0000-0000-0000-00000000012d,high,hazardous,True
SYN-CONT-003635,00000000-0000-0000-0000-00000000040f,40GP,12.4,inbound,00000000-0000-0000-0000-000000000131,high,hazardous,True
SYN-CONT-003636,00000000-0000-0000-0000-00000000040f,40HC,20.3,inbound,00000000-0000-0000-0000-00000000012f,high,reefer,True
SYN-CONT-003637,00000000-0000-0000-0000-00000000040f,40HC,12.8,inbound,00000000-0000-0000-0000-00000000012d,high,standard,True
SYN-CONT-003638,00000000-0000-0000-0000-00000000040f,40RF,10.4,inbound,00000000-0000-0000-0000-000000000131,high,reefer,True
SYN-CONT-003639,00000000-0000-0000-0000-00000000040f,40RF,14.8,inbound,00000000-0000-0000-0000-000000000130,high,reefer,True
SYN-CONT-003640,00000000-0000-0000-0000-00000000040f,40RF,9.1,inbound,00000000-0000-0000-0000-00000000012d,high,reefer,True
SYN-CONT-003641,00000000-0000-0000-0000-00000000040f,40HC,28.0,inbound,00000000-0000-0000-0000-000000000131,high,hazardous,True
SYN-CONT-003642,00000000-0000-0000-0000-00000000040f,40RF,29.1,inbound,00000000-0000-0000-0000-00000000012f,high,reefer,True
SYN-CONT-003643,00000000-0000-0000-0000-00000000040f,40GP,8.5,inbound,00000000-0000-0000-0000-00000000012d,high,reefer,True
SYN-CONT-003644,00000000-0000-0000-0000-00000000040f,40RF,20.8,inbound,00000000-0000-0000-0000-00000000012d,high,reefer,True
SYN-CONT-003645,00000000-0000-0000-0000-00000000040f,40HC,25.3,inbound,00000000-0000-0000-0000-000000000131,high,hazardous,True
SYN-CONT-003646,00000000-0000-0000-0000-00000000040f,40RF,20.9,inbound,00000000-0000-0000-0000-00000000012d,high,reefer,True
SYN-CONT-003647,00000000-0000-0000-0000-00000000040f,40GP,15.1,inbound,00000000-0000-0000-0000-00000000012d,high,reefer,True
SYN-CONT-003648,00000000-0000-0000-0000-00000000040f,40GP,15.1,inbound,00000000-0000-0000-0000-000000000130,high,reefer,True
SYN-CONT-003649,00000000-0000-0000-0000-00000000040f,20GP,25.7,inbound,00000000-0000-0000-0000-00000000012c,high,standard,True
SYN-CONT-003650,00000000-0000-0000-0000-00000000040f,20GP,28.7,inbound,00000000-0000-0000-0000-00000000012c,high,standard,True
SYN-CONT-003651,00000000-0000-0000-0000-00000000040f,40HC,15.0,inbound,00000000-0000-0000-0000-00000000012e,high,standard,True
SYN-CONT-003652,00000000-0000-0000-0000-00000000040f,40GP,29.6,inbound,00000000-0000-0000-0000-00000000012e,high,standard,True
SYN-CONT-003653,00000000-0000-0000-0000-00000000040f,20GP,22.0,inbound,00000000-0000-0000-0000-00000000012e,high,standard,True
SYN-CONT-003654,00000000-0000-0000-0000-00000000040f,40RF,18.7,inbound,00000000-0000-0000-0000-000000000131,high,reefer,True
SYN-CONT-003655,00000000-0000-0000-0000-00000000040f,40GP,14.8,inbound,00000000-0000-0000-0000-000000000130,high,standard,True
SYN-CONT-003656,00000000-0000-0000-0000-00000000040f,40GP,11.7,inbound,00000000-0000-0000-0000-00000000012c,high,standard,True
SYN-CONT-003657,00000000-0000-0000-0000-00000000040f,40RF,11.6,inbound,00000000-0000-0000-0000-000000000130,high,reefer,True
SYN-CONT-003658,00000000-0000-0000-0000-00000000040f,40RF,23.7,inbound,00000000-0000-0000-0000-00000000012e,high,reefer,True
SYN-CONT-003659,00000000-0000-0000-0000-00000000040f,40GP,22.9,inbound,00000000-0000-0000-0000-00000000012d,high,standard,True
SYN-CONT-003660,00000000-0000-0000-0000-00000000040f,40RF,10.2,inbound,00000000-0000-0000-0000-00000000012c,high,reefer,True
SYN-CONT-003661,00000000-0000-0000-0000-00000000040f,40GP,18.6,inbound,00000000-0000-0000-0000-00000000012f,high,reefer,True
SYN-CONT-003662,00000000-0000-0000-0000-00000000040f,40GP,21.2,inbound,00000000-0000-0000-0000-00000000012e,high,standard,True
SYN-CONT-003663,00000000-0000-0000-0000-00000000040f,40RF,21.2,inbound,00000000-0000-0000-0000-00000000012d,high,reefer,True
SYN-CONT-003664,00000000-0000-0000-0000-00000000040f,40RF,28.1,inbound,00000000-0000-0000-0000-00000000012f,high,reefer,True
SYN-CONT-003665,00000000-0000-0000-0000-00000000040f,40HC,30.2,inbound,00000000-0000-0000-0000-00000000012e,high,standard,True
SYN-CONT-003666,00000000-0000-0000-0000-00000000040f,20GP,11.0,inbound,00000000-0000-0000-0000-00000000012e,high,standard,True
SYN-CONT-003667,00000000-0000-0000-0000-00000000040f,40RF,28.6,inbound,00000000-0000-0000-0000-00000000012c,high,reefer,True
SYN-CONT-003668,00000000-0000-0000-0000-00000000040f,40GP,14.6,inbound,00000000-0000-0000-0000-00000000012c,high,standard,True
SYN-CONT-003669,00000000-0000-0000-0000-00000000040f,40HC,30.1,inbound,00000000-0000-0000-0000-00000000012f,high,hazardous,True
SYN-CONT-003670,00000000-0000-0000-0000-00000000040f,20GP,28.0,inbound,00000000-0000-0000-0000-00000000012f,high,hazardous,True
SYN-CONT-003671,00000000-0000-0000-0000-00000000040f,40GP,27.2,inbound,00000000-0000-0000-0000-00000000012d,high,standard,True
SYN-CONT-003672,00000000-0000-0000-0000-00000000040f,40HC,28.3,inbound,00000000-0000-0000-0000-00000000012c,high,hazardous,True
SYN-CONT-003673,00000000-0000-0000-0000-00000000040f,40RF,15.2,inbound,00000000-0000-0000-0000-00000000012d,high,reefer,True
SYN-CONT-003674,00000000-0000-0000-0000-00000000040f,20GP,23.8,inbound,00000000-0000-0000-0000-00000000012e,high,standard,True
SYN-CONT-003675,00000000-0000-0000-0000-00000000040f,40RF,30.4,inbound,00000000-0000-0000-0000-00000000012e,high,reefer,True
SYN-CONT-003676,00000000-0000-0000-0000-00000000040f,20GP,24.9,inbound,00000000-0000-0000-0000-000000000131,high,standard,True
SYN-CONT-003677,00000000-0000-0000-0000-00000000040f,40RF,22.8,inbound,00000000-0000-0000-0000-00000000012e,high,reefer,True
SYN-CONT-003678,00000000-0000-0000-0000-00000000040f,20GP,27.6,inbound,00000000-0000-0000-0000-000000000130,high,standard,True
SYN-CONT-003679,00000000-0000-0000-0000-00000000040f,20GP,8.4,inbound,00000000-0000-0000-0000-00000000012f,high,hazardous,True
SYN-CONT-003680,00000000-0000-0000-0000-00000000040f,40GP,16.6,inbound,00000000-0000-0000-0000-00000000012c,high,reefer,True
SYN-CONT-003681,00000000-0000-0000-0000-000000000410,40HC,15.6,inbound,00000000-0000-0000-0000-000000000130,normal,reefer,True
SYN-CONT-003682,00000000-0000-0000-0000-000000000410,40RF,17.2,inbound,00000000-0000-0000-0000-00000000012e,normal,reefer,True
SYN-CONT-003683,00000000-0000-0000-0000-000000000410,40GP,24.2,inbound,00000000-0000-0000-0000-000000000130,normal,standard,True
SYN-CONT-003684,00000000-0000-0000-0000-000000000410,40GP,14.3,inbound,00000000-0000-0000-0000-00000000012c,normal,reefer,True
SYN-CONT-003685,00000000-0000-0000-0000-000000000410,40RF,28.7,inbound,00000000-0000-0000-0000-00000000012c,normal,reefer,True
SYN-CONT-003686,00000000-0000-0000-0000-000000000410,40HC,28.2,inbound,00000000-0000-0000-0000-00000000012c,normal,hazardous,True
SYN-CONT-003687,00000000-0000-0000-0000-000000000410,40GP,13.5,inbound,00000000-0000-0000-0000-00000000012d,normal,standard,True
SYN-CONT-003688,00000000-0000-0000-0000-000000000410,40HC,11.5,inbound,00000000-0000-0000-0000-00000000012d,normal,standard,True
SYN-CONT-003689,00000000-0000-0000-0000-000000000410,20GP,8.2,inbound,00000000-0000-0000-0000-00000000012c,normal,standard,True
SYN-CONT-003690,00000000-0000-0000-0000-000000000410,40HC,9.6,inbound,00000000-0000-0000-0000-000000000130,normal,hazardous,True
SYN-CONT-003691,00000000-0000-0000-0000-000000000410,40RF,22.2,inbound,00000000-0000-0000-0000-00000000012e,normal,reefer,True
SYN-CONT-003692,00000000-0000-0000-0000-000000000410,20GP,10.7,inbound,00000000-0000-0000-0000-000000000131,normal,hazardous,True
SYN-CONT-003693,00000000-0000-0000-0000-000000000410,40GP,28.7,inbound,00000000-0000-0000-0000-00000000012c,normal,standard,True
SYN-CONT-003694,00000000-0000-0000-0000-000000000410,40GP,24.2,inbound,00000000-0000-0000-0000-00000000012c,normal,standard,True
SYN-CONT-003695,00000000-0000-0000-0000-000000000410,20GP,25.8,inbound,00000000-0000-0000-0000-00000000012d,normal,reefer,True
SYN-CONT-003696,00000000-0000-0000-0000-000000000410,40GP,24.1,inbound,00000000-0000-0000-0000-00000000012f,normal,standard,True
SYN-CONT-003697,00000000-0000-0000-0000-000000000410,40HC,12.3,inbound,00000000-0000-0000-0000-00000000012d,normal,hazardous,True
SYN-CONT-003698,00000000-0000-0000-0000-000000000410,40RF,21.6,inbound,00000000-0000-0000-0000-00000000012d,normal,reefer,True
SYN-CONT-003699,00000000-0000-0000-0000-000000000410,40RF,14.5,inbound,00000000-0000-0000-0000-000000000131,normal,reefer,True
SYN-CONT-003700,00000000-0000-0000-0000-000000000410,20GP,12.2,inbound,00000000-0000-0000-0000-00000000012c,normal,reefer,True
SYN-CONT-003701,00000000-0000-0000-0000-000000000410,20GP,29.9,inbound,00000000-0000-0000-0000-00000000012e,normal,standard,True
SYN-CONT-003702,00000000-0000-0000-0000-000000000410,40GP,20.9,inbound,00000000-0000-0000-0000-00000000012d,normal,hazardous,True
SYN-CONT-003703,00000000-0000-0000-0000-000000000410,20GP,12.2,inbound,00000000-0000-0000-0000-00000000012e,normal,standard,True
SYN-CONT-003704,00000000-0000-0000-0000-000000000410,40GP,16.9,inbound,00000000-0000-0000-0000-000000000130,normal,standard,True
SYN-CONT-003705,00000000-0000-0000-0000-000000000410,40HC,17.3,inbound,00000000-0000-0000-0000-000000000131,normal,hazardous,True
SYN-CONT-003706,00000000-0000-0000-0000-000000000410,40HC,17.6,inbound,00000000-0000-0000-0000-00000000012e,normal,standard,True
SYN-CONT-003707,00000000-0000-0000-0000-000000000410,40GP,8.2,inbound,00000000-0000-0000-0000-000000000131,normal,hazardous,True
SYN-CONT-003708,00000000-0000-0000-0000-000000000410,40HC,25.0,inbound,00000000-0000-0000-0000-00000000012c,normal,standard,True
SYN-CONT-003709,00000000-0000-0000-0000-000000000410,20GP,19.1,inbound,00000000-0000-0000-0000-000000000131,normal,standard,True
SYN-CONT-003710,00000000-0000-0000-0000-000000000410,20GP,25.0,inbound,00000000-0000-0000-0000-00000000012f,normal,hazardous,True
SYN-CONT-003711,00000000-0000-0000-0000-000000000410,20GP,8.3,inbound,00000000-0000-0000-0000-000000000131,normal,reefer,True
SYN-CONT-003712,00000000-0000-0000-0000-000000000410,20GP,21.2,inbound,00000000-0000-0000-0000-00000000012e,normal,standard,True
SYN-CONT-003713,00000000-0000-0000-0000-000000000410,20GP,13.9,inbound,00000000-0000-0000-0000-00000000012e,normal,hazardous,True
SYN-CONT-003714,00000000-0000-0000-0000-000000000410,40RF,16.1,inbound,00000000-0000-0000-0000-00000000012f,normal,reefer,True
SYN-CONT-003715,00000000-0000-0000-0000-000000000410,40HC,14.8,inbound,00000000-0000-0000-0000-00000000012f,normal,reefer,True
SYN-CONT-003716,00000000-0000-0000-0000-000000000410,40HC,30.5,inbound,00000000-0000-0000-0000-00000000012d,normal,hazardous,True
SYN-CONT-003717,00000000-0000-0000-0000-000000000410,40GP,11.8,inbound,00000000-0000-0000-0000-000000000131,normal,hazardous,True
SYN-CONT-003718,00000000-0000-0000-0000-000000000410,40HC,18.5,inbound,00000000-0000-0000-0000-00000000012f,normal,reefer,True
SYN-CONT-003719,00000000-0000-0000-0000-000000000410,40HC,18.4,inbound,00000000-0000-0000-0000-00000000012f,normal,reefer,True
SYN-CONT-003720,00000000-0000-0000-0000-000000000410,40RF,11.4,inbound,00000000-0000-0000-0000-000000000131,normal,reefer,True
SYN-CONT-003721,00000000-0000-0000-0000-000000000410,40RF,17.4,inbound,00000000-0000-0000-0000-00000000012c,normal,reefer,True
SYN-CONT-003722,00000000-0000-0000-0000-000000000410,40GP,16.6,inbound,00000000-0000-0000-0000-000000000131,normal,standard,True
SYN-CONT-003723,00000000-0000-0000-0000-000000000410,40GP,16.2,inbound,00000000-0000-0000-0000-00000000012f,normal,reefer,True
SYN-CONT-003724,00000000-0000-0000-0000-000000000410,40GP,21.3,inbound,00000000-0000-0000-0000-00000000012d,normal,standard,True
SYN-CONT-003725,00000000-0000-0000-0000-000000000410,40GP,8.4,inbound,00000000-0000-0000-0000-00000000012f,normal,standard,True
SYN-CONT-003726,00000000-0000-0000-0000-000000000410,40GP,15.6,inbound,00000000-0000-0000-0000-00000000012c,normal,standard,True
SYN-CONT-003727,00000000-0000-0000-0000-000000000410,40RF,16.8,inbound,00000000-0000-0000-0000-00000000012e,normal,reefer,True
SYN-CONT-003728,00000000-0000-0000-0000-000000000410,40HC,12.3,inbound,00000000-0000-0000-0000-000000000130,normal,standard,True
SYN-CONT-003729,00000000-0000-0000-0000-000000000410,40RF,17.7,inbound,00000000-0000-0000-0000-00000000012d,normal,reefer,True
SYN-CONT-003730,00000000-0000-0000-0000-000000000410,40RF,29.8,inbound,00000000-0000-0000-0000-00000000012c,normal,reefer,True
SYN-CONT-003731,00000000-0000-0000-0000-000000000410,40HC,9.5,inbound,00000000-0000-0000-0000-00000000012e,normal,standard,True
SYN-CONT-003732,00000000-0000-0000-0000-000000000410,40RF,21.7,inbound,00000000-0000-0000-0000-00000000012d,normal,reefer,True
SYN-CONT-003733,00000000-0000-0000-0000-000000000410,40GP,29.2,inbound,00000000-0000-0000-0000-00000000012d,normal,hazardous,True
SYN-CONT-003734,00000000-0000-0000-0000-000000000410,40RF,19.0,inbound,00000000-0000-0000-0000-00000000012e,normal,reefer,True
SYN-CONT-003735,00000000-0000-0000-0000-000000000410,40GP,22.2,inbound,00000000-0000-0000-0000-000000000131,normal,standard,True
SYN-CONT-003736,00000000-0000-0000-0000-000000000410,40RF,21.8,inbound,00000000-0000-0000-0000-000000000130,normal,reefer,True
SYN-CONT-003737,00000000-0000-0000-0000-000000000410,40GP,14.3,inbound,00000000-0000-0000-0000-000000000131,normal,hazardous,True
SYN-CONT-003738,00000000-0000-0000-0000-000000000410,40HC,16.3,inbound,00000000-0000-0000-0000-00000000012f,normal,standard,True
SYN-CONT-003739,00000000-0000-0000-0000-000000000410,20GP,18.1,inbound,00000000-0000-0000-0000-00000000012f,normal,standard,True
SYN-CONT-003740,00000000-0000-0000-0000-000000000410,40GP,29.3,inbound,00000000-0000-0000-0000-000000000131,normal,standard,True
SYN-CONT-003741,00000000-0000-0000-0000-000000000410,40GP,22.3,inbound,00000000-0000-0000-0000-00000000012f,normal,standard,True
SYN-CONT-003742,00000000-0000-0000-0000-000000000410,40HC,15.7,inbound,00000000-0000-0000-0000-00000000012e,normal,hazardous,True
SYN-CONT-003743,00000000-0000-0000-0000-000000000410,40GP,29.7,inbound,00000000-0000-0000-0000-000000000131,normal,standard,True
SYN-CONT-003744,00000000-0000-0000-0000-000000000410,40GP,21.7,inbound,00000000-0000-0000-0000-00000000012d,normal,hazardous,True
SYN-CONT-003745,00000000-0000-0000-0000-000000000410,40RF,20.7,inbound,00000000-0000-0000-0000-00000000012c,normal,reefer,True
SYN-CONT-003746,00000000-0000-0000-0000-000000000410,40HC,27.8,inbound,00000000-0000-0000-0000-00000000012f,normal,hazardous,True
SYN-CONT-003747,00000000-0000-0000-0000-000000000410,40GP,15.2,inbound,00000000-0000-0000-0000-000000000130,normal,hazardous,True
SYN-CONT-003748,00000000-0000-0000-0000-000000000410,40RF,18.4,inbound,00000000-0000-0000-0000-000000000131,normal,reefer,True
SYN-CONT-003749,00000000-0000-0000-0000-000000000410,40HC,18.1,inbound,00000000-0000-0000-0000-00000000012d,normal,standard,True
SYN-CONT-003750,00000000-0000-0000-0000-000000000410,40HC,16.2,inbound,00000000-0000-0000-0000-00000000012c,normal,standard,True
SYN-CONT-003751,00000000-0000-0000-0000-000000000410,40RF,13.5,inbound,00000000-0000-0000-0000-000000000131,normal,reefer,True
SYN-CONT-003752,00000000-0000-0000-0000-000000000410,20GP,16.0,inbound,00000000-0000-0000-0000-000000000130,normal,standard,True
SYN-CONT-003753,00000000-0000-0000-0000-000000000410,40RF,20.6,inbound,00000000-0000-0000-0000-00000000012e,normal,reefer,True
SYN-CONT-003754,00000000-0000-0000-0000-000000000410,40HC,30.2,inbound,00000000-0000-0000-0000-000000000130,normal,reefer,True
SYN-CONT-003755,00000000-0000-0000-0000-000000000410,40GP,29.5,inbound,00000000-0000-0000-0000-000000000130,normal,standard,True
SYN-CONT-003756,00000000-0000-0000-0000-000000000410,20GP,24.5,inbound,00000000-0000-0000-0000-000000000131,normal,standard,True
SYN-CONT-003757,00000000-0000-0000-0000-000000000410,40GP,26.0,inbound,00000000-0000-0000-0000-00000000012e,normal,hazardous,True
SYN-CONT-003758,00000000-0000-0000-0000-000000000410,40GP,17.5,inbound,00000000-0000-0000-0000-00000000012c,normal,reefer,True
SYN-CONT-003759,00000000-0000-0000-0000-000000000410,40HC,12.6,inbound,00000000-0000-0000-0000-00000000012e,normal,standard,True
SYN-CONT-003760,00000000-0000-0000-0000-000000000410,20GP,22.7,inbound,00000000-0000-0000-0000-00000000012f,normal,standard,True
SYN-CONT-003761,00000000-0000-0000-0000-000000000410,20GP,18.5,inbound,00000000-0000-0000-0000-00000000012d,normal,standard,True
SYN-CONT-003762,00000000-0000-0000-0000-000000000410,40RF,22.1,inbound,00000000-0000-0000-0000-000000000130,normal,reefer,True
SYN-CONT-003763,00000000-0000-0000-0000-000000000410,40GP,18.0,inbound,00000000-0000-0000-0000-00000000012e,normal,hazardous,True
SYN-CONT-003764,00000000-0000-0000-0000-000000000410,20GP,18.3,inbound,00000000-0000-0000-0000-00000000012d,normal,standard,True
SYN-CONT-003765,00000000-0000-0000-0000-000000000410,40RF,14.4,inbound,00000000-0000-0000-0000-000000000130,normal,reefer,True
SYN-CONT-003766,00000000-0000-0000-0000-000000000410,40GP,29.5,inbound,00000000-0000-0000-0000-00000000012c,normal,standard,True
SYN-CONT-003767,00000000-0000-0000-0000-000000000410,20GP,20.4,inbound,00000000-0000-0000-0000-00000000012e,normal,standard,True
SYN-CONT-003768,00000000-0000-0000-0000-000000000410,40GP,26.7,inbound,00000000-0000-0000-0000-00000000012f,normal,standard,True
SYN-CONT-003769,00000000-0000-0000-0000-000000000410,20GP,22.5,inbound,00000000-0000-0000-0000-00000000012f,normal,reefer,True
SYN-CONT-003770,00000000-0000-0000-0000-000000000410,40GP,21.8,inbound,00000000-0000-0000-0000-00000000012c,normal,standard,True
SYN-CONT-003771,00000000-0000-0000-0000-000000000410,40HC,20.7,inbound,00000000-0000-0000-0000-000000000130,normal,standard,True
SYN-CONT-003772,00000000-0000-0000-0000-000000000411,20GP,9.3,inbound,00000000-0000-0000-0000-000000000131,low,hazardous,True
SYN-CONT-003773,00000000-0000-0000-0000-000000000411,40GP,9.4,inbound,00000000-0000-0000-0000-00000000012c,low,reefer,True
SYN-CONT-003774,00000000-0000-0000-0000-000000000411,40GP,10.3,inbound,00000000-0000-0000-0000-00000000012d,low,standard,True
SYN-CONT-003775,00000000-0000-0000-0000-000000000411,40GP,25.0,inbound,00000000-0000-0000-0000-00000000012e,low,standard,True
SYN-CONT-003776,00000000-0000-0000-0000-000000000411,40HC,17.3,inbound,00000000-0000-0000-0000-00000000012c,low,standard,True
SYN-CONT-003777,00000000-0000-0000-0000-000000000411,40RF,17.0,inbound,00000000-0000-0000-0000-00000000012c,low,reefer,True
SYN-CONT-003778,00000000-0000-0000-0000-000000000411,40RF,22.4,inbound,00000000-0000-0000-0000-00000000012f,low,reefer,True
SYN-CONT-003779,00000000-0000-0000-0000-000000000411,40GP,26.5,inbound,00000000-0000-0000-0000-00000000012d,low,hazardous,True
SYN-CONT-003780,00000000-0000-0000-0000-000000000411,40RF,11.6,inbound,00000000-0000-0000-0000-00000000012e,low,reefer,True
SYN-CONT-003781,00000000-0000-0000-0000-000000000411,40GP,9.3,inbound,00000000-0000-0000-0000-000000000131,low,standard,True
SYN-CONT-003782,00000000-0000-0000-0000-000000000411,20GP,22.5,inbound,00000000-0000-0000-0000-000000000131,low,standard,True
SYN-CONT-003783,00000000-0000-0000-0000-000000000411,40GP,9.0,inbound,00000000-0000-0000-0000-00000000012d,low,reefer,True
SYN-CONT-003784,00000000-0000-0000-0000-000000000411,40GP,29.5,inbound,00000000-0000-0000-0000-00000000012d,low,standard,True
SYN-CONT-003785,00000000-0000-0000-0000-000000000411,40HC,16.7,inbound,00000000-0000-0000-0000-000000000131,low,standard,True
SYN-CONT-003786,00000000-0000-0000-0000-000000000411,40RF,8.4,inbound,00000000-0000-0000-0000-00000000012e,low,reefer,True
SYN-CONT-003787,00000000-0000-0000-0000-000000000411,40RF,8.5,inbound,00000000-0000-0000-0000-000000000131,low,reefer,True
SYN-CONT-003788,00000000-0000-0000-0000-000000000411,40RF,20.4,inbound,00000000-0000-0000-0000-00000000012c,low,reefer,True
SYN-CONT-003789,00000000-0000-0000-0000-000000000411,40GP,8.8,inbound,00000000-0000-0000-0000-00000000012d,low,hazardous,True
SYN-CONT-003790,00000000-0000-0000-0000-000000000411,40RF,8.2,inbound,00000000-0000-0000-0000-000000000131,low,reefer,True
SYN-CONT-003791,00000000-0000-0000-0000-000000000411,20GP,27.8,inbound,00000000-0000-0000-0000-000000000130,low,hazardous,True
SYN-CONT-003792,00000000-0000-0000-0000-000000000411,40GP,12.8,inbound,00000000-0000-0000-0000-000000000130,low,reefer,True
SYN-CONT-003793,00000000-0000-0000-0000-000000000411,20GP,14.3,inbound,00000000-0000-0000-0000-000000000130,low,hazardous,True
SYN-CONT-003794,00000000-0000-0000-0000-000000000411,40HC,16.7,inbound,00000000-0000-0000-0000-00000000012d,low,hazardous,True
SYN-CONT-003795,00000000-0000-0000-0000-000000000411,40HC,12.4,inbound,00000000-0000-0000-0000-00000000012e,low,standard,True
SYN-CONT-003796,00000000-0000-0000-0000-000000000411,40RF,10.7,inbound,00000000-0000-0000-0000-00000000012e,low,reefer,True
SYN-CONT-003797,00000000-0000-0000-0000-000000000411,40RF,8.6,inbound,00000000-0000-0000-0000-000000000130,low,reefer,True
SYN-CONT-003798,00000000-0000-0000-0000-000000000411,40RF,12.6,inbound,00000000-0000-0000-0000-00000000012c,low,reefer,True
SYN-CONT-003799,00000000-0000-0000-0000-000000000411,20GP,26.1,inbound,00000000-0000-0000-0000-000000000131,low,reefer,True
SYN-CONT-003800,00000000-0000-0000-0000-000000000411,40GP,25.1,inbound,00000000-0000-0000-0000-000000000131,low,standard,True
SYN-CONT-003801,00000000-0000-0000-0000-000000000411,40HC,27.9,inbound,00000000-0000-0000-0000-00000000012e,low,standard,True
SYN-CONT-003802,00000000-0000-0000-0000-000000000411,40HC,9.2,inbound,00000000-0000-0000-0000-000000000131,low,reefer,True
SYN-CONT-003803,00000000-0000-0000-0000-000000000411,40GP,28.0,inbound,00000000-0000-0000-0000-00000000012e,low,hazardous,True
SYN-CONT-003804,00000000-0000-0000-0000-000000000411,40GP,8.5,inbound,00000000-0000-0000-0000-00000000012c,low,hazardous,True
SYN-CONT-003805,00000000-0000-0000-0000-000000000411,40GP,27.4,inbound,00000000-0000-0000-0000-00000000012d,low,standard,True
SYN-CONT-003806,00000000-0000-0000-0000-000000000411,40RF,29.3,inbound,00000000-0000-0000-0000-00000000012f,low,reefer,True
SYN-CONT-003807,00000000-0000-0000-0000-000000000411,40HC,30.1,inbound,00000000-0000-0000-0000-000000000130,low,reefer,True
SYN-CONT-003808,00000000-0000-0000-0000-000000000411,40GP,18.8,inbound,00000000-0000-0000-0000-000000000130,low,reefer,True
SYN-CONT-003809,00000000-0000-0000-0000-000000000411,40HC,9.7,inbound,00000000-0000-0000-0000-00000000012c,low,standard,True
SYN-CONT-003810,00000000-0000-0000-0000-000000000411,20GP,21.9,inbound,00000000-0000-0000-0000-00000000012c,low,standard,True
SYN-CONT-003811,00000000-0000-0000-0000-000000000411,40HC,14.8,inbound,00000000-0000-0000-0000-00000000012f,low,standard,True
SYN-CONT-003812,00000000-0000-0000-0000-000000000411,40GP,9.2,inbound,00000000-0000-0000-0000-00000000012d,low,standard,True
SYN-CONT-003813,00000000-0000-0000-0000-000000000411,40GP,24.7,inbound,00000000-0000-0000-0000-00000000012e,low,reefer,True
SYN-CONT-003814,00000000-0000-0000-0000-000000000411,20GP,17.4,inbound,00000000-0000-0000-0000-00000000012c,low,standard,True
SYN-CONT-003815,00000000-0000-0000-0000-000000000411,40HC,28.2,inbound,00000000-0000-0000-0000-00000000012e,low,standard,True
SYN-CONT-003816,00000000-0000-0000-0000-000000000411,40GP,18.3,inbound,00000000-0000-0000-0000-00000000012d,low,standard,True
SYN-CONT-003817,00000000-0000-0000-0000-000000000411,20GP,27.8,inbound,00000000-0000-0000-0000-00000000012f,low,standard,True
SYN-CONT-003818,00000000-0000-0000-0000-000000000411,40GP,10.5,inbound,00000000-0000-0000-0000-000000000131,low,standard,True
SYN-CONT-003819,00000000-0000-0000-0000-000000000411,40GP,27.6,inbound,00000000-0000-0000-0000-000000000130,low,reefer,True
SYN-CONT-003820,00000000-0000-0000-0000-000000000411,40HC,8.5,inbound,00000000-0000-0000-0000-000000000130,low,standard,True
SYN-CONT-003821,00000000-0000-0000-0000-000000000411,40RF,9.4,inbound,00000000-0000-0000-0000-000000000131,low,reefer,True
SYN-CONT-003822,00000000-0000-0000-0000-000000000411,40GP,9.5,inbound,00000000-0000-0000-0000-000000000131,low,standard,True
SYN-CONT-003823,00000000-0000-0000-0000-000000000411,40RF,8.7,inbound,00000000-0000-0000-0000-00000000012f,low,reefer,True
SYN-CONT-003824,00000000-0000-0000-0000-000000000411,40RF,26.7,inbound,00000000-0000-0000-0000-00000000012f,low,reefer,True
SYN-CONT-003825,00000000-0000-0000-0000-000000000411,40GP,21.0,inbound,00000000-0000-0000-0000-00000000012c,low,standard,True
SYN-CONT-003826,00000000-0000-0000-0000-000000000411,20GP,24.0,inbound,00000000-0000-0000-0000-000000000131,low,standard,True
SYN-CONT-003827,00000000-0000-0000-0000-000000000411,40RF,12.6,inbound,00000000-0000-0000-0000-00000000012e,low,reefer,True
SYN-CONT-003828,00000000-0000-0000-0000-000000000411,20GP,29.7,inbound,00000000-0000-0000-0000-00000000012d,low,standard,True
SYN-CONT-003829,00000000-0000-0000-0000-000000000411,40GP,26.2,inbound,00000000-0000-0000-0000-000000000131,low,reefer,True
SYN-CONT-003830,00000000-0000-0000-0000-000000000411,20GP,26.8,inbound,00000000-0000-0000-0000-00000000012f,low,hazardous,True
SYN-CONT-003831,00000000-0000-0000-0000-000000000411,40RF,25.8,inbound,00000000-0000-0000-0000-000000000131,low,reefer,True
SYN-CONT-003832,00000000-0000-0000-0000-000000000411,20GP,16.2,inbound,00000000-0000-0000-0000-000000000130,low,standard,True
SYN-CONT-003833,00000000-0000-0000-0000-000000000411,40HC,26.5,inbound,00000000-0000-0000-0000-000000000130,low,reefer,True
SYN-CONT-003834,00000000-0000-0000-0000-000000000411,40GP,22.8,inbound,00000000-0000-0000-0000-00000000012e,low,standard,True
SYN-CONT-003835,00000000-0000-0000-0000-000000000411,40GP,24.5,inbound,00000000-0000-0000-0000-00000000012e,low,standard,True
SYN-CONT-003836,00000000-0000-0000-0000-000000000411,40RF,11.9,inbound,00000000-0000-0000-0000-00000000012f,low,reefer,True
SYN-CONT-003837,00000000-0000-0000-0000-000000000411,40HC,30.1,inbound,00000000-0000-0000-0000-00000000012e,low,reefer,True
SYN-CONT-003838,00000000-0000-0000-0000-000000000411,40GP,23.2,inbound,00000000-0000-0000-0000-00000000012f,low,reefer,True
SYN-CONT-003839,00000000-0000-0000-0000-000000000411,40HC,9.9,inbound,00000000-0000-0000-0000-00000000012e,low,reefer,True
SYN-CONT-003840,00000000-0000-0000-0000-000000000411,40GP,28.8,inbound,00000000-0000-0000-0000-000000000131,low,standard,True
SYN-CONT-003841,00000000-0000-0000-0000-000000000411,40RF,18.1,inbound,00000000-0000-0000-0000-000000000130,low,reefer,True
SYN-CONT-003842,00000000-0000-0000-0000-000000000411,40GP,15.7,inbound,00000000-0000-0000-0000-000000000131,low,standard,True
SYN-CONT-003843,00000000-0000-0000-0000-000000000411,40GP,15.7,inbound,00000000-0000-0000-0000-000000000131,low,hazardous,True
SYN-CONT-003844,00000000-0000-0000-0000-000000000411,40GP,11.1,inbound,00000000-0000-0000-0000-00000000012d,low,hazardous,True
SYN-CONT-003845,00000000-0000-0000-0000-000000000411,40RF,9.8,inbound,00000000-0000-0000-0000-00000000012f,low,reefer,True
SYN-CONT-003846,00000000-0000-0000-0000-000000000411,20GP,20.2,inbound,00000000-0000-0000-0000-000000000130,low,hazardous,True
SYN-CONT-003847,00000000-0000-0000-0000-000000000411,20GP,8.1,inbound,00000000-0000-0000-0000-000000000130,low,hazardous,True
SYN-CONT-003848,00000000-0000-0000-0000-000000000411,40GP,23.4,inbound,00000000-0000-0000-0000-00000000012e,low,standard,True
SYN-CONT-003849,00000000-0000-0000-0000-000000000411,40RF,10.6,inbound,00000000-0000-0000-0000-000000000131,low,reefer,True
SYN-CONT-003850,00000000-0000-0000-0000-000000000411,40HC,29.1,inbound,00000000-0000-0000-0000-000000000130,low,hazardous,True
SYN-CONT-003851,00000000-0000-0000-0000-000000000411,40RF,12.9,inbound,00000000-0000-0000-0000-00000000012e,low,reefer,True
SYN-CONT-003852,00000000-0000-0000-0000-000000000411,40RF,23.5,inbound,00000000-0000-0000-0000-00000000012c,low,reefer,True
SYN-CONT-003853,00000000-0000-0000-0000-000000000411,40GP,11.5,inbound,00000000-0000-0000-0000-000000000131,low,reefer,True
SYN-CONT-003854,00000000-0000-0000-0000-000000000411,40GP,28.1,inbound,00000000-0000-0000-0000-000000000130,low,standard,True
SYN-CONT-003855,00000000-0000-0000-0000-000000000411,20GP,11.2,inbound,00000000-0000-0000-0000-00000000012c,low,reefer,True
SYN-CONT-003856,00000000-0000-0000-0000-000000000411,40HC,25.0,inbound,00000000-0000-0000-0000-00000000012e,low,standard,True
SYN-CONT-003857,00000000-0000-0000-0000-000000000411,40GP,22.4,inbound,00000000-0000-0000-0000-00000000012d,low,hazardous,True
SYN-CONT-003858,00000000-0000-0000-0000-000000000411,20GP,8.7,inbound,00000000-0000-0000-0000-00000000012c,low,standard,True
SYN-CONT-003859,00000000-0000-0000-0000-000000000411,40GP,26.6,inbound,00000000-0000-0000-0000-000000000131,low,standard,True
SYN-CONT-003860,00000000-0000-0000-0000-000000000411,20GP,13.7,inbound,00000000-0000-0000-0000-00000000012c,low,standard,True
SYN-CONT-003861,00000000-0000-0000-0000-000000000411,40RF,29.3,inbound,00000000-0000-0000-0000-000000000131,low,reefer,True
SYN-CONT-003862,00000000-0000-0000-0000-000000000411,40RF,8.2,inbound,00000000-0000-0000-0000-000000000130,low,reefer,True
SYN-CONT-003863,00000000-0000-0000-0000-000000000412,40HC,16.7,inbound,00000000-0000-0000-0000-00000000012d,normal,standard,True
SYN-CONT-003864,00000000-0000-0000-0000-000000000412,40HC,21.9,inbound,00000000-0000-0000-0000-00000000012f,normal,reefer,True
SYN-CONT-003865,00000000-0000-0000-0000-000000000412,20GP,30.0,inbound,00000000-0000-0000-0000-00000000012f,normal,reefer,True
SYN-CONT-003866,00000000-0000-0000-0000-000000000412,40HC,8.7,inbound,00000000-0000-0000-0000-000000000131,normal,standard,True
SYN-CONT-003867,00000000-0000-0000-0000-000000000412,40RF,27.4,inbound,00000000-0000-0000-0000-00000000012f,normal,reefer,True
SYN-CONT-003868,00000000-0000-0000-0000-000000000412,20GP,23.5,inbound,00000000-0000-0000-0000-000000000130,normal,reefer,True
SYN-CONT-003869,00000000-0000-0000-0000-000000000412,40HC,30.4,inbound,00000000-0000-0000-0000-00000000012f,normal,reefer,True
SYN-CONT-003870,00000000-0000-0000-0000-000000000412,20GP,25.1,inbound,00000000-0000-0000-0000-00000000012c,normal,reefer,True
SYN-CONT-003871,00000000-0000-0000-0000-000000000412,40RF,13.7,inbound,00000000-0000-0000-0000-00000000012c,normal,reefer,True
SYN-CONT-003872,00000000-0000-0000-0000-000000000412,20GP,24.3,inbound,00000000-0000-0000-0000-000000000131,normal,standard,True
SYN-CONT-003873,00000000-0000-0000-0000-000000000412,20GP,16.5,inbound,00000000-0000-0000-0000-00000000012e,normal,reefer,True
SYN-CONT-003874,00000000-0000-0000-0000-000000000412,40GP,30.1,inbound,00000000-0000-0000-0000-00000000012c,normal,hazardous,True
SYN-CONT-003875,00000000-0000-0000-0000-000000000412,40HC,20.4,inbound,00000000-0000-0000-0000-000000000131,normal,standard,True
SYN-CONT-003876,00000000-0000-0000-0000-000000000412,40RF,12.9,inbound,00000000-0000-0000-0000-00000000012f,normal,reefer,True
SYN-CONT-003877,00000000-0000-0000-0000-000000000412,20GP,23.4,inbound,00000000-0000-0000-0000-000000000130,normal,standard,True
SYN-CONT-003878,00000000-0000-0000-0000-000000000412,20GP,18.0,inbound,00000000-0000-0000-0000-000000000130,normal,hazardous,True
SYN-CONT-003879,00000000-0000-0000-0000-000000000412,40GP,14.2,inbound,00000000-0000-0000-0000-000000000130,normal,reefer,True
SYN-CONT-003880,00000000-0000-0000-0000-000000000412,40RF,26.0,inbound,00000000-0000-0000-0000-000000000130,normal,reefer,True
SYN-CONT-003881,00000000-0000-0000-0000-000000000412,20GP,21.2,inbound,00000000-0000-0000-0000-000000000131,normal,standard,True
SYN-CONT-003882,00000000-0000-0000-0000-000000000412,40RF,11.9,inbound,00000000-0000-0000-0000-00000000012f,normal,reefer,True
SYN-CONT-003883,00000000-0000-0000-0000-000000000412,40HC,8.9,inbound,00000000-0000-0000-0000-000000000130,normal,standard,True
SYN-CONT-003884,00000000-0000-0000-0000-000000000412,40HC,10.5,inbound,00000000-0000-0000-0000-00000000012d,normal,reefer,True
SYN-CONT-003885,00000000-0000-0000-0000-000000000412,20GP,18.8,inbound,00000000-0000-0000-0000-00000000012d,normal,standard,True
SYN-CONT-003886,00000000-0000-0000-0000-000000000412,20GP,25.5,inbound,00000000-0000-0000-0000-000000000131,normal,reefer,True
SYN-CONT-003887,00000000-0000-0000-0000-000000000412,40GP,9.0,inbound,00000000-0000-0000-0000-00000000012d,normal,reefer,True
SYN-CONT-003888,00000000-0000-0000-0000-000000000412,40GP,27.5,inbound,00000000-0000-0000-0000-000000000130,normal,standard,True
SYN-CONT-003889,00000000-0000-0000-0000-000000000412,40RF,13.1,inbound,00000000-0000-0000-0000-00000000012f,normal,reefer,True
SYN-CONT-003890,00000000-0000-0000-0000-000000000412,20GP,11.7,inbound,00000000-0000-0000-0000-00000000012d,normal,standard,True
SYN-CONT-003891,00000000-0000-0000-0000-000000000412,20GP,19.2,inbound,00000000-0000-0000-0000-000000000131,normal,reefer,True
SYN-CONT-003892,00000000-0000-0000-0000-000000000412,40RF,8.5,inbound,00000000-0000-0000-0000-000000000130,normal,reefer,True
SYN-CONT-003893,00000000-0000-0000-0000-000000000412,40HC,10.4,inbound,00000000-0000-0000-0000-00000000012f,normal,hazardous,True
SYN-CONT-003894,00000000-0000-0000-0000-000000000412,20GP,17.8,inbound,00000000-0000-0000-0000-000000000131,normal,standard,True
SYN-CONT-003895,00000000-0000-0000-0000-000000000412,40RF,9.5,inbound,00000000-0000-0000-0000-00000000012c,normal,reefer,True
SYN-CONT-003896,00000000-0000-0000-0000-000000000412,40HC,18.7,inbound,00000000-0000-0000-0000-000000000130,normal,standard,True
SYN-CONT-003897,00000000-0000-0000-0000-000000000412,40GP,10.7,inbound,00000000-0000-0000-0000-00000000012d,normal,standard,True
SYN-CONT-003898,00000000-0000-0000-0000-000000000412,20GP,12.2,inbound,00000000-0000-0000-0000-00000000012d,normal,hazardous,True
SYN-CONT-003899,00000000-0000-0000-0000-000000000412,40RF,22.8,inbound,00000000-0000-0000-0000-000000000130,normal,reefer,True
SYN-CONT-003900,00000000-0000-0000-0000-000000000412,40HC,13.9,inbound,00000000-0000-0000-0000-00000000012c,normal,hazardous,True
SYN-CONT-003901,00000000-0000-0000-0000-000000000412,40GP,17.3,inbound,00000000-0000-0000-0000-000000000130,normal,hazardous,True
SYN-CONT-003902,00000000-0000-0000-0000-000000000412,20GP,12.6,inbound,00000000-0000-0000-0000-00000000012e,normal,standard,True
SYN-CONT-003903,00000000-0000-0000-0000-000000000412,40GP,8.3,inbound,00000000-0000-0000-0000-00000000012c,normal,reefer,True
SYN-CONT-003904,00000000-0000-0000-0000-000000000412,20GP,19.8,inbound,00000000-0000-0000-0000-00000000012e,normal,standard,True
SYN-CONT-003905,00000000-0000-0000-0000-000000000412,20GP,27.8,inbound,00000000-0000-0000-0000-00000000012d,normal,standard,True
SYN-CONT-003906,00000000-0000-0000-0000-000000000412,40HC,27.4,inbound,00000000-0000-0000-0000-00000000012d,normal,standard,True
SYN-CONT-003907,00000000-0000-0000-0000-000000000412,40GP,18.8,inbound,00000000-0000-0000-0000-00000000012d,normal,reefer,True
SYN-CONT-003908,00000000-0000-0000-0000-000000000412,20GP,16.7,inbound,00000000-0000-0000-0000-000000000131,normal,standard,True
SYN-CONT-003909,00000000-0000-0000-0000-000000000412,20GP,23.0,inbound,00000000-0000-0000-0000-000000000130,normal,standard,True
SYN-CONT-003910,00000000-0000-0000-0000-000000000412,40GP,18.7,inbound,00000000-0000-0000-0000-00000000012c,normal,standard,True
SYN-CONT-003911,00000000-0000-0000-0000-000000000412,40GP,22.1,inbound,00000000-0000-0000-0000-00000000012f,normal,standard,True
SYN-CONT-003912,00000000-0000-0000-0000-000000000412,40HC,26.6,inbound,00000000-0000-0000-0000-00000000012f,normal,standard,True
SYN-CONT-003913,00000000-0000-0000-0000-000000000412,20GP,9.0,inbound,00000000-0000-0000-0000-00000000012e,normal,reefer,True
SYN-CONT-003914,00000000-0000-0000-0000-000000000412,40RF,8.6,inbound,00000000-0000-0000-0000-000000000131,normal,reefer,True
SYN-CONT-003915,00000000-0000-0000-0000-000000000412,40HC,18.1,inbound,00000000-0000-0000-0000-00000000012d,normal,reefer,True
SYN-CONT-003916,00000000-0000-0000-0000-000000000412,40GP,21.8,inbound,00000000-0000-0000-0000-000000000130,normal,reefer,True
SYN-CONT-003917,00000000-0000-0000-0000-000000000412,40RF,22.5,inbound,00000000-0000-0000-0000-000000000131,normal,reefer,True
SYN-CONT-003918,00000000-0000-0000-0000-000000000412,40GP,21.5,inbound,00000000-0000-0000-0000-00000000012e,normal,standard,True
SYN-CONT-003919,00000000-0000-0000-0000-000000000412,40RF,25.4,inbound,00000000-0000-0000-0000-00000000012f,normal,reefer,True
SYN-CONT-003920,00000000-0000-0000-0000-000000000412,20GP,9.5,inbound,00000000-0000-0000-0000-00000000012c,normal,reefer,True
SYN-CONT-003921,00000000-0000-0000-0000-000000000412,40GP,16.3,inbound,00000000-0000-0000-0000-00000000012f,normal,standard,True
SYN-CONT-003922,00000000-0000-0000-0000-000000000412,40HC,22.6,inbound,00000000-0000-0000-0000-00000000012e,normal,reefer,True
SYN-CONT-003923,00000000-0000-0000-0000-000000000412,40HC,21.6,inbound,00000000-0000-0000-0000-00000000012e,normal,hazardous,True
SYN-CONT-003924,00000000-0000-0000-0000-000000000412,40RF,19.5,inbound,00000000-0000-0000-0000-00000000012f,normal,reefer,True
SYN-CONT-003925,00000000-0000-0000-0000-000000000412,40GP,15.6,inbound,00000000-0000-0000-0000-000000000131,normal,reefer,True
SYN-CONT-003926,00000000-0000-0000-0000-000000000412,40RF,29.9,inbound,00000000-0000-0000-0000-000000000130,normal,reefer,True
SYN-CONT-003927,00000000-0000-0000-0000-000000000412,20GP,22.2,inbound,00000000-0000-0000-0000-00000000012e,normal,standard,True
SYN-CONT-003928,00000000-0000-0000-0000-000000000412,40HC,19.6,inbound,00000000-0000-0000-0000-00000000012e,normal,hazardous,True
SYN-CONT-003929,00000000-0000-0000-0000-000000000412,40HC,20.7,inbound,00000000-0000-0000-0000-00000000012e,normal,standard,True
SYN-CONT-003930,00000000-0000-0000-0000-000000000412,40HC,26.6,inbound,00000000-0000-0000-0000-000000000130,normal,standard,True
SYN-CONT-003931,00000000-0000-0000-0000-000000000412,40RF,14.3,inbound,00000000-0000-0000-0000-000000000130,normal,reefer,True
SYN-CONT-003932,00000000-0000-0000-0000-000000000412,40RF,23.1,inbound,00000000-0000-0000-0000-00000000012d,normal,reefer,True
SYN-CONT-003933,00000000-0000-0000-0000-000000000412,40GP,12.3,inbound,00000000-0000-0000-0000-000000000131,normal,standard,True
SYN-CONT-003934,00000000-0000-0000-0000-000000000412,40HC,20.4,inbound,00000000-0000-0000-0000-00000000012d,normal,hazardous,True
SYN-CONT-003935,00000000-0000-0000-0000-000000000412,40RF,21.1,inbound,00000000-0000-0000-0000-00000000012d,normal,reefer,True
SYN-CONT-003936,00000000-0000-0000-0000-000000000412,20GP,22.4,inbound,00000000-0000-0000-0000-00000000012d,normal,standard,True
SYN-CONT-003937,00000000-0000-0000-0000-000000000412,40HC,28.0,inbound,00000000-0000-0000-0000-00000000012f,normal,standard,True
SYN-CONT-003938,00000000-0000-0000-0000-000000000412,40HC,16.8,inbound,00000000-0000-0000-0000-000000000131,normal,standard,True
SYN-CONT-003939,00000000-0000-0000-0000-000000000412,40HC,18.3,inbound,00000000-0000-0000-0000-00000000012e,normal,hazardous,True
SYN-CONT-003940,00000000-0000-0000-0000-000000000412,40GP,21.6,inbound,00000000-0000-0000-0000-00000000012e,normal,standard,True
SYN-CONT-003941,00000000-0000-0000-0000-000000000412,20GP,26.3,inbound,00000000-0000-0000-0000-00000000012f,normal,reefer,True
SYN-CONT-003942,00000000-0000-0000-0000-000000000412,20GP,12.3,inbound,00000000-0000-0000-0000-00000000012e,normal,standard,True
SYN-CONT-003943,00000000-0000-0000-0000-000000000412,40RF,18.2,inbound,00000000-0000-0000-0000-000000000130,normal,reefer,True
SYN-CONT-003944,00000000-0000-0000-0000-000000000412,40HC,20.8,inbound,00000000-0000-0000-0000-00000000012d,normal,hazardous,True
SYN-CONT-003945,00000000-0000-0000-0000-000000000412,40HC,30.1,inbound,00000000-0000-0000-0000-000000000131,normal,standard,True
SYN-CONT-003946,00000000-0000-0000-0000-000000000412,40RF,21.4,inbound,00000000-0000-0000-0000-00000000012f,normal,reefer,True
SYN-CONT-003947,00000000-0000-0000-0000-000000000412,40RF,16.7,inbound,00000000-0000-0000-0000-00000000012c,normal,reefer,True
SYN-CONT-003948,00000000-0000-0000-0000-000000000412,40GP,10.8,inbound,00000000-0000-0000-0000-00000000012c,normal,standard,True
SYN-CONT-003949,00000000-0000-0000-0000-000000000412,20GP,14.2,inbound,00000000-0000-0000-0000-000000000130,normal,standard,True
SYN-CONT-003950,00000000-0000-0000-0000-000000000412,40HC,25.6,inbound,00000000-0000-0000-0000-000000000131,normal,standard,True
SYN-CONT-003951,00000000-0000-0000-0000-000000000412,40RF,12.6,inbound,00000000-0000-0000-0000-000000000131,normal,reefer,True
SYN-CONT-003952,00000000-0000-0000-0000-000000000412,20GP,10.5,inbound,00000000-0000-0000-0000-000000000130,normal,standard,True
SYN-CONT-003953,00000000-0000-0000-0000-000000000412,40HC,17.7,inbound,00000000-0000-0000-0000-00000000012d,normal,standard,True
SYN-CONT-003954,00000000-0000-0000-0000-000000000413,40GP,21.6,inbound,00000000-0000-0000-0000-00000000012e,critical,hazardous,True
SYN-CONT-003955,00000000-0000-0000-0000-000000000413,40HC,11.4,inbound,00000000-0000-0000-0000-000000000130,critical,standard,True
SYN-CONT-003956,00000000-0000-0000-0000-000000000413,40HC,11.9,inbound,00000000-0000-0000-0000-00000000012f,critical,standard,True
SYN-CONT-003957,00000000-0000-0000-0000-000000000413,40GP,21.9,inbound,00000000-0000-0000-0000-00000000012d,critical,hazardous,True
SYN-CONT-003958,00000000-0000-0000-0000-000000000413,20GP,24.7,inbound,00000000-0000-0000-0000-00000000012e,critical,hazardous,True
SYN-CONT-003959,00000000-0000-0000-0000-000000000413,40RF,10.8,inbound,00000000-0000-0000-0000-00000000012d,critical,reefer,True
SYN-CONT-003960,00000000-0000-0000-0000-000000000413,40RF,13.0,inbound,00000000-0000-0000-0000-00000000012f,critical,reefer,True
SYN-CONT-003961,00000000-0000-0000-0000-000000000413,40GP,28.6,inbound,00000000-0000-0000-0000-00000000012e,critical,standard,True
SYN-CONT-003962,00000000-0000-0000-0000-000000000413,20GP,13.4,inbound,00000000-0000-0000-0000-00000000012e,critical,standard,True
SYN-CONT-003963,00000000-0000-0000-0000-000000000413,40RF,21.0,inbound,00000000-0000-0000-0000-000000000130,critical,reefer,True
SYN-CONT-003964,00000000-0000-0000-0000-000000000413,40RF,18.0,inbound,00000000-0000-0000-0000-00000000012d,critical,reefer,True
SYN-CONT-003965,00000000-0000-0000-0000-000000000413,20GP,17.2,inbound,00000000-0000-0000-0000-00000000012f,critical,standard,True
SYN-CONT-003966,00000000-0000-0000-0000-000000000413,40RF,11.4,inbound,00000000-0000-0000-0000-00000000012f,critical,reefer,True
SYN-CONT-003967,00000000-0000-0000-0000-000000000413,40RF,8.5,inbound,00000000-0000-0000-0000-00000000012e,critical,reefer,True
SYN-CONT-003968,00000000-0000-0000-0000-000000000413,40GP,17.8,inbound,00000000-0000-0000-0000-000000000130,critical,reefer,True
SYN-CONT-003969,00000000-0000-0000-0000-000000000413,40HC,8.5,inbound,00000000-0000-0000-0000-000000000130,critical,standard,True
SYN-CONT-003970,00000000-0000-0000-0000-000000000413,40RF,26.9,inbound,00000000-0000-0000-0000-000000000130,critical,reefer,True
SYN-CONT-003971,00000000-0000-0000-0000-000000000413,40GP,11.3,inbound,00000000-0000-0000-0000-00000000012c,critical,standard,True
SYN-CONT-003972,00000000-0000-0000-0000-000000000413,40RF,11.8,inbound,00000000-0000-0000-0000-00000000012f,critical,reefer,True
SYN-CONT-003973,00000000-0000-0000-0000-000000000413,40GP,15.1,inbound,00000000-0000-0000-0000-00000000012f,critical,standard,True
SYN-CONT-003974,00000000-0000-0000-0000-000000000413,40HC,24.1,inbound,00000000-0000-0000-0000-00000000012d,critical,standard,True
SYN-CONT-003975,00000000-0000-0000-0000-000000000413,40RF,21.5,inbound,00000000-0000-0000-0000-00000000012f,critical,reefer,True
SYN-CONT-003976,00000000-0000-0000-0000-000000000413,20GP,13.5,inbound,00000000-0000-0000-0000-000000000131,critical,hazardous,True
SYN-CONT-003977,00000000-0000-0000-0000-000000000413,20GP,24.0,inbound,00000000-0000-0000-0000-00000000012c,critical,reefer,True
SYN-CONT-003978,00000000-0000-0000-0000-000000000413,40RF,20.9,inbound,00000000-0000-0000-0000-00000000012e,critical,reefer,True
SYN-CONT-003979,00000000-0000-0000-0000-000000000413,40RF,8.5,inbound,00000000-0000-0000-0000-00000000012f,critical,reefer,True
SYN-CONT-003980,00000000-0000-0000-0000-000000000413,40RF,28.5,inbound,00000000-0000-0000-0000-00000000012c,critical,reefer,True
SYN-CONT-003981,00000000-0000-0000-0000-000000000413,40RF,13.7,inbound,00000000-0000-0000-0000-00000000012d,critical,reefer,True
SYN-CONT-003982,00000000-0000-0000-0000-000000000413,40HC,28.5,inbound,00000000-0000-0000-0000-00000000012e,critical,standard,True
SYN-CONT-003983,00000000-0000-0000-0000-000000000413,40RF,11.6,inbound,00000000-0000-0000-0000-00000000012d,critical,reefer,True
SYN-CONT-003984,00000000-0000-0000-0000-000000000413,40GP,30.0,inbound,00000000-0000-0000-0000-00000000012e,critical,standard,True
SYN-CONT-003985,00000000-0000-0000-0000-000000000413,20GP,10.0,inbound,00000000-0000-0000-0000-00000000012d,critical,standard,True
SYN-CONT-003986,00000000-0000-0000-0000-000000000413,20GP,23.6,inbound,00000000-0000-0000-0000-00000000012c,critical,hazardous,True
SYN-CONT-003987,00000000-0000-0000-0000-000000000413,40HC,19.8,inbound,00000000-0000-0000-0000-00000000012e,critical,standard,True
SYN-CONT-003988,00000000-0000-0000-0000-000000000413,40RF,11.4,inbound,00000000-0000-0000-0000-00000000012d,critical,reefer,True
SYN-CONT-003989,00000000-0000-0000-0000-000000000413,40RF,14.3,inbound,00000000-0000-0000-0000-00000000012d,critical,reefer,True
SYN-CONT-003990,00000000-0000-0000-0000-000000000413,40GP,15.0,inbound,00000000-0000-0000-0000-000000000130,critical,reefer,True
SYN-CONT-003991,00000000-0000-0000-0000-000000000413,20GP,27.6,inbound,00000000-0000-0000-0000-000000000130,critical,standard,True
SYN-CONT-003992,00000000-0000-0000-0000-000000000413,20GP,22.7,inbound,00000000-0000-0000-0000-000000000131,critical,hazardous,True
SYN-CONT-003993,00000000-0000-0000-0000-000000000413,40GP,20.3,inbound,00000000-0000-0000-0000-00000000012f,critical,standard,True
SYN-CONT-003994,00000000-0000-0000-0000-000000000413,40GP,8.4,inbound,00000000-0000-0000-0000-00000000012d,critical,standard,True
SYN-CONT-003995,00000000-0000-0000-0000-000000000413,20GP,25.4,inbound,00000000-0000-0000-0000-00000000012e,critical,standard,True
SYN-CONT-003996,00000000-0000-0000-0000-000000000413,40GP,10.8,inbound,00000000-0000-0000-0000-00000000012f,critical,hazardous,True
SYN-CONT-003997,00000000-0000-0000-0000-000000000413,40HC,11.4,inbound,00000000-0000-0000-0000-00000000012d,critical,standard,True
SYN-CONT-003998,00000000-0000-0000-0000-000000000413,40GP,15.3,inbound,00000000-0000-0000-0000-00000000012d,critical,standard,True
SYN-CONT-003999,00000000-0000-0000-0000-000000000413,40HC,26.3,inbound,00000000-0000-0000-0000-000000000130,critical,hazardous,True
SYN-CONT-004000,00000000-0000-0000-0000-000000000413,20GP,11.0,inbound,00000000-0000-0000-0000-00000000012c,critical,reefer,True
SYN-CONT-004001,00000000-0000-0000-0000-000000000413,40RF,11.5,inbound,00000000-0000-0000-0000-00000000012d,critical,reefer,True
SYN-CONT-004002,00000000-0000-0000-0000-000000000413,40GP,26.8,inbound,00000000-0000-0000-0000-000000000130,critical,hazardous,True
SYN-CONT-004003,00000000-0000-0000-0000-000000000413,40HC,13.5,inbound,00000000-0000-0000-0000-00000000012d,critical,reefer,True
SYN-CONT-004004,00000000-0000-0000-0000-000000000413,20GP,11.6,inbound,00000000-0000-0000-0000-000000000130,critical,standard,True
SYN-CONT-004005,00000000-0000-0000-0000-000000000413,20GP,30.1,inbound,00000000-0000-0000-0000-00000000012d,critical,standard,True
SYN-CONT-004006,00000000-0000-0000-0000-000000000413,20GP,18.4,inbound,00000000-0000-0000-0000-00000000012f,critical,standard,True
SYN-CONT-004007,00000000-0000-0000-0000-000000000413,40RF,20.4,inbound,00000000-0000-0000-0000-000000000131,critical,reefer,True
SYN-CONT-004008,00000000-0000-0000-0000-000000000413,40RF,28.0,inbound,00000000-0000-0000-0000-00000000012f,critical,reefer,True
SYN-CONT-004009,00000000-0000-0000-0000-000000000413,40HC,21.0,inbound,00000000-0000-0000-0000-000000000131,critical,hazardous,True
SYN-CONT-004010,00000000-0000-0000-0000-000000000413,40RF,24.9,inbound,00000000-0000-0000-0000-000000000130,critical,reefer,True
SYN-CONT-004011,00000000-0000-0000-0000-000000000413,40RF,11.8,inbound,00000000-0000-0000-0000-00000000012f,critical,reefer,True
SYN-CONT-004012,00000000-0000-0000-0000-000000000413,40GP,12.7,inbound,00000000-0000-0000-0000-000000000130,critical,standard,True
SYN-CONT-004013,00000000-0000-0000-0000-000000000413,40HC,10.6,inbound,00000000-0000-0000-0000-00000000012f,critical,standard,True
SYN-CONT-004014,00000000-0000-0000-0000-000000000413,40RF,16.5,inbound,00000000-0000-0000-0000-00000000012e,critical,reefer,True
SYN-CONT-004015,00000000-0000-0000-0000-000000000413,20GP,19.0,inbound,00000000-0000-0000-0000-00000000012c,critical,standard,True
SYN-CONT-004016,00000000-0000-0000-0000-000000000413,40GP,25.4,inbound,00000000-0000-0000-0000-00000000012d,critical,reefer,True
SYN-CONT-004017,00000000-0000-0000-0000-000000000413,40RF,27.5,inbound,00000000-0000-0000-0000-000000000131,critical,reefer,True
SYN-CONT-004018,00000000-0000-0000-0000-000000000413,40GP,16.9,inbound,00000000-0000-0000-0000-00000000012d,critical,standard,True
SYN-CONT-004019,00000000-0000-0000-0000-000000000413,20GP,28.3,inbound,00000000-0000-0000-0000-00000000012e,critical,standard,True
SYN-CONT-004020,00000000-0000-0000-0000-000000000413,40RF,17.0,inbound,00000000-0000-0000-0000-000000000131,critical,reefer,True
SYN-CONT-004021,00000000-0000-0000-0000-000000000413,40RF,16.4,inbound,00000000-0000-0000-0000-00000000012d,critical,reefer,True
SYN-CONT-004022,00000000-0000-0000-0000-000000000413,40RF,10.9,inbound,00000000-0000-0000-0000-00000000012c,critical,reefer,True
SYN-CONT-004023,00000000-0000-0000-0000-000000000413,40GP,28.2,inbound,00000000-0000-0000-0000-00000000012c,critical,standard,True
SYN-CONT-004024,00000000-0000-0000-0000-000000000413,40HC,9.2,inbound,00000000-0000-0000-0000-00000000012f,critical,standard,True
SYN-CONT-004025,00000000-0000-0000-0000-000000000413,40RF,28.0,inbound,00000000-0000-0000-0000-00000000012f,critical,reefer,True
SYN-CONT-004026,00000000-0000-0000-0000-000000000413,20GP,14.6,inbound,00000000-0000-0000-0000-000000000130,critical,hazardous,True
SYN-CONT-004027,00000000-0000-0000-0000-000000000413,40RF,8.9,inbound,00000000-0000-0000-0000-00000000012f,critical,reefer,True
SYN-CONT-004028,00000000-0000-0000-0000-000000000413,20GP,15.5,inbound,00000000-0000-0000-0000-00000000012e,critical,standard,True
SYN-CONT-004029,00000000-0000-0000-0000-000000000413,40GP,30.3,inbound,00000000-0000-0000-0000-00000000012d,critical,standard,True
SYN-CONT-004030,00000000-0000-0000-0000-000000000413,40HC,8.6,inbound,00000000-0000-0000-0000-00000000012d,critical,standard,True
SYN-CONT-004031,00000000-0000-0000-0000-000000000413,40HC,18.1,inbound,00000000-0000-0000-0000-00000000012e,critical,standard,True
SYN-CONT-004032,00000000-0000-0000-0000-000000000413,40RF,15.8,inbound,00000000-0000-0000-0000-00000000012e,critical,reefer,True
SYN-CONT-004033,00000000-0000-0000-0000-000000000413,40HC,9.1,inbound,00000000-0000-0000-0000-000000000130,critical,standard,True
SYN-CONT-004034,00000000-0000-0000-0000-000000000413,20GP,25.1,inbound,00000000-0000-0000-0000-00000000012f,critical,reefer,True
SYN-CONT-004035,00000000-0000-0000-0000-000000000413,20GP,24.4,inbound,00000000-0000-0000-0000-000000000130,critical,hazardous,True
SYN-CONT-004036,00000000-0000-0000-0000-000000000413,20GP,29.0,inbound,00000000-0000-0000-0000-00000000012f,critical,standard,True
SYN-CONT-004037,00000000-0000-0000-0000-000000000413,40HC,24.5,inbound,00000000-0000-0000-0000-000000000131,critical,reefer,True
SYN-CONT-004038,00000000-0000-0000-0000-000000000413,40HC,11.2,inbound,00000000-0000-0000-0000-00000000012d,critical,standard,True
SYN-CONT-004039,00000000-0000-0000-0000-000000000413,20GP,16.6,inbound,00000000-0000-0000-0000-00000000012f,critical,hazardous,True
SYN-CONT-004040,00000000-0000-0000-0000-000000000413,40GP,9.0,inbound,00000000-0000-0000-0000-00000000012c,critical,standard,True
SYN-CONT-004041,00000000-0000-0000-0000-000000000413,40GP,17.4,inbound,00000000-0000-0000-0000-00000000012d,critical,standard,True
SYN-CONT-004042,00000000-0000-0000-0000-000000000413,40RF,26.0,inbound,00000000-0000-0000-0000-00000000012d,critical,reefer,True
SYN-CONT-004043,00000000-0000-0000-0000-000000000413,40RF,20.3,inbound,00000000-0000-0000-0000-00000000012e,critical,reefer,True
SYN-CONT-004044,00000000-0000-0000-0000-000000000413,40GP,30.3,inbound,00000000-0000-0000-0000-00000000012d,critical,standard,True
SYN-CONT-004045,00000000-0000-0000-0000-000000000414,20GP,24.4,inbound,00000000-0000-0000-0000-00000000012c,normal,standard,True
SYN-CONT-004046,00000000-0000-0000-0000-000000000414,40GP,28.6,inbound,00000000-0000-0000-0000-00000000012d,normal,reefer,True
SYN-CONT-004047,00000000-0000-0000-0000-000000000414,40RF,10.6,inbound,00000000-0000-0000-0000-000000000131,normal,reefer,True
SYN-CONT-004048,00000000-0000-0000-0000-000000000414,40RF,26.3,inbound,00000000-0000-0000-0000-00000000012e,normal,reefer,True
SYN-CONT-004049,00000000-0000-0000-0000-000000000414,40HC,29.5,inbound,00000000-0000-0000-0000-00000000012e,normal,reefer,True
SYN-CONT-004050,00000000-0000-0000-0000-000000000414,40HC,19.9,inbound,00000000-0000-0000-0000-000000000131,normal,standard,True
SYN-CONT-004051,00000000-0000-0000-0000-000000000414,40HC,25.5,inbound,00000000-0000-0000-0000-00000000012d,normal,hazardous,True
SYN-CONT-004052,00000000-0000-0000-0000-000000000414,40GP,17.8,inbound,00000000-0000-0000-0000-00000000012e,normal,standard,True
SYN-CONT-004053,00000000-0000-0000-0000-000000000414,40HC,14.8,inbound,00000000-0000-0000-0000-000000000131,normal,hazardous,True
SYN-CONT-004054,00000000-0000-0000-0000-000000000414,40RF,9.2,inbound,00000000-0000-0000-0000-000000000130,normal,reefer,True
SYN-CONT-004055,00000000-0000-0000-0000-000000000414,40HC,10.4,inbound,00000000-0000-0000-0000-00000000012d,normal,standard,True
SYN-CONT-004056,00000000-0000-0000-0000-000000000414,40GP,27.8,inbound,00000000-0000-0000-0000-00000000012d,normal,standard,True
SYN-CONT-004057,00000000-0000-0000-0000-000000000414,40RF,28.4,inbound,00000000-0000-0000-0000-00000000012c,normal,reefer,True
SYN-CONT-004058,00000000-0000-0000-0000-000000000414,40HC,24.7,inbound,00000000-0000-0000-0000-00000000012f,normal,reefer,True
SYN-CONT-004059,00000000-0000-0000-0000-000000000414,40HC,9.8,inbound,00000000-0000-0000-0000-00000000012d,normal,standard,True
SYN-CONT-004060,00000000-0000-0000-0000-000000000414,40RF,29.3,inbound,00000000-0000-0000-0000-000000000131,normal,reefer,True
SYN-CONT-004061,00000000-0000-0000-0000-000000000414,20GP,28.8,inbound,00000000-0000-0000-0000-00000000012c,normal,standard,True
SYN-CONT-004062,00000000-0000-0000-0000-000000000414,40RF,17.1,inbound,00000000-0000-0000-0000-00000000012f,normal,reefer,True
SYN-CONT-004063,00000000-0000-0000-0000-000000000414,40GP,18.6,inbound,00000000-0000-0000-0000-00000000012c,normal,reefer,True
SYN-CONT-004064,00000000-0000-0000-0000-000000000414,40HC,10.7,inbound,00000000-0000-0000-0000-00000000012d,normal,standard,True
SYN-CONT-004065,00000000-0000-0000-0000-000000000414,40RF,27.8,inbound,00000000-0000-0000-0000-00000000012f,normal,reefer,True
SYN-CONT-004066,00000000-0000-0000-0000-000000000414,40RF,21.2,inbound,00000000-0000-0000-0000-00000000012f,normal,reefer,True
SYN-CONT-004067,00000000-0000-0000-0000-000000000414,40RF,27.1,inbound,00000000-0000-0000-0000-00000000012e,normal,reefer,True
SYN-CONT-004068,00000000-0000-0000-0000-000000000414,40GP,26.1,inbound,00000000-0000-0000-0000-00000000012e,normal,hazardous,True
SYN-CONT-004069,00000000-0000-0000-0000-000000000414,40GP,15.4,inbound,00000000-0000-0000-0000-00000000012f,normal,hazardous,True
SYN-CONT-004070,00000000-0000-0000-0000-000000000414,20GP,9.8,inbound,00000000-0000-0000-0000-000000000131,normal,standard,True
SYN-CONT-004071,00000000-0000-0000-0000-000000000414,20GP,20.2,inbound,00000000-0000-0000-0000-00000000012f,normal,standard,True
SYN-CONT-004072,00000000-0000-0000-0000-000000000414,20GP,30.3,inbound,00000000-0000-0000-0000-00000000012c,normal,standard,True
SYN-CONT-004073,00000000-0000-0000-0000-000000000414,40RF,12.0,inbound,00000000-0000-0000-0000-00000000012d,normal,reefer,True
SYN-CONT-004074,00000000-0000-0000-0000-000000000414,40HC,23.3,inbound,00000000-0000-0000-0000-000000000131,normal,standard,True
SYN-CONT-004075,00000000-0000-0000-0000-000000000414,40HC,10.0,inbound,00000000-0000-0000-0000-00000000012d,normal,hazardous,True
SYN-CONT-004076,00000000-0000-0000-0000-000000000414,40HC,10.2,inbound,00000000-0000-0000-0000-000000000130,normal,standard,True
SYN-CONT-004077,00000000-0000-0000-0000-000000000414,20GP,21.8,inbound,00000000-0000-0000-0000-00000000012d,normal,standard,True
SYN-CONT-004078,00000000-0000-0000-0000-000000000414,40GP,26.5,inbound,00000000-0000-0000-0000-00000000012f,normal,reefer,True
SYN-CONT-004079,00000000-0000-0000-0000-000000000414,20GP,21.4,inbound,00000000-0000-0000-0000-000000000130,normal,standard,True
SYN-CONT-004080,00000000-0000-0000-0000-000000000414,20GP,14.4,inbound,00000000-0000-0000-0000-00000000012c,normal,hazardous,True
SYN-CONT-004081,00000000-0000-0000-0000-000000000414,40RF,21.6,inbound,00000000-0000-0000-0000-00000000012e,normal,reefer,True
SYN-CONT-004082,00000000-0000-0000-0000-000000000414,40GP,10.2,inbound,00000000-0000-0000-0000-000000000130,normal,hazardous,True
SYN-CONT-004083,00000000-0000-0000-0000-000000000414,40GP,8.7,inbound,00000000-0000-0000-0000-00000000012e,normal,standard,True
SYN-CONT-004084,00000000-0000-0000-0000-000000000414,40GP,26.2,inbound,00000000-0000-0000-0000-00000000012e,normal,reefer,True
SYN-CONT-004085,00000000-0000-0000-0000-000000000414,40HC,22.7,inbound,00000000-0000-0000-0000-00000000012f,normal,standard,True
SYN-CONT-004086,00000000-0000-0000-0000-000000000414,40RF,26.2,inbound,00000000-0000-0000-0000-00000000012d,normal,reefer,True
SYN-CONT-004087,00000000-0000-0000-0000-000000000414,40HC,12.7,inbound,00000000-0000-0000-0000-00000000012f,normal,standard,True
SYN-CONT-004088,00000000-0000-0000-0000-000000000414,40GP,8.8,inbound,00000000-0000-0000-0000-00000000012c,normal,standard,True
SYN-CONT-004089,00000000-0000-0000-0000-000000000414,20GP,10.4,inbound,00000000-0000-0000-0000-00000000012f,normal,standard,True
SYN-CONT-004090,00000000-0000-0000-0000-000000000414,40GP,24.3,inbound,00000000-0000-0000-0000-00000000012e,normal,standard,True
SYN-CONT-004091,00000000-0000-0000-0000-000000000414,40HC,21.0,inbound,00000000-0000-0000-0000-000000000131,normal,standard,True
SYN-CONT-004092,00000000-0000-0000-0000-000000000414,40RF,17.8,inbound,00000000-0000-0000-0000-00000000012c,normal,reefer,True
SYN-CONT-004093,00000000-0000-0000-0000-000000000414,40HC,28.2,inbound,00000000-0000-0000-0000-000000000131,normal,standard,True
SYN-CONT-004094,00000000-0000-0000-0000-000000000414,20GP,11.5,inbound,00000000-0000-0000-0000-00000000012d,normal,standard,True
SYN-CONT-004095,00000000-0000-0000-0000-000000000414,40HC,9.1,inbound,00000000-0000-0000-0000-00000000012e,normal,standard,True
SYN-CONT-004096,00000000-0000-0000-0000-000000000414,40RF,12.2,inbound,00000000-0000-0000-0000-00000000012f,normal,reefer,True
SYN-CONT-004097,00000000-0000-0000-0000-000000000414,40RF,22.8,inbound,00000000-0000-0000-0000-00000000012f,normal,reefer,True
SYN-CONT-004098,00000000-0000-0000-0000-000000000414,40HC,11.0,inbound,00000000-0000-0000-0000-00000000012e,normal,reefer,True
SYN-CONT-004099,00000000-0000-0000-0000-000000000414,40RF,22.8,inbound,00000000-0000-0000-0000-000000000130,normal,reefer,True
SYN-CONT-004100,00000000-0000-0000-0000-000000000414,40GP,27.6,inbound,00000000-0000-0000-0000-00000000012d,normal,standard,True
SYN-CONT-004101,00000000-0000-0000-0000-000000000414,40HC,10.1,inbound,00000000-0000-0000-0000-00000000012e,normal,reefer,True
SYN-CONT-004102,00000000-0000-0000-0000-000000000414,40GP,27.9,inbound,00000000-0000-0000-0000-00000000012d,normal,standard,True
SYN-CONT-004103,00000000-0000-0000-0000-000000000414,40RF,29.5,inbound,00000000-0000-0000-0000-00000000012d,normal,reefer,True
SYN-CONT-004104,00000000-0000-0000-0000-000000000414,40GP,8.9,inbound,00000000-0000-0000-0000-00000000012c,normal,reefer,True
SYN-CONT-004105,00000000-0000-0000-0000-000000000414,40HC,26.0,inbound,00000000-0000-0000-0000-00000000012e,normal,standard,True
SYN-CONT-004106,00000000-0000-0000-0000-000000000414,40HC,10.4,inbound,00000000-0000-0000-0000-000000000130,normal,standard,True
SYN-CONT-004107,00000000-0000-0000-0000-000000000414,40GP,11.3,inbound,00000000-0000-0000-0000-000000000131,normal,standard,True
SYN-CONT-004108,00000000-0000-0000-0000-000000000414,40HC,16.8,inbound,00000000-0000-0000-0000-000000000130,normal,hazardous,True
SYN-CONT-004109,00000000-0000-0000-0000-000000000414,40GP,25.3,inbound,00000000-0000-0000-0000-000000000131,normal,reefer,True
SYN-CONT-004110,00000000-0000-0000-0000-000000000414,20GP,29.7,inbound,00000000-0000-0000-0000-000000000130,normal,reefer,True
SYN-CONT-004111,00000000-0000-0000-0000-000000000414,40HC,30.4,inbound,00000000-0000-0000-0000-00000000012f,normal,hazardous,True
SYN-CONT-004112,00000000-0000-0000-0000-000000000414,20GP,15.5,inbound,00000000-0000-0000-0000-00000000012f,normal,standard,True
SYN-CONT-004113,00000000-0000-0000-0000-000000000414,20GP,26.7,inbound,00000000-0000-0000-0000-00000000012f,normal,reefer,True
SYN-CONT-004114,00000000-0000-0000-0000-000000000414,40RF,28.6,inbound,00000000-0000-0000-0000-000000000130,normal,reefer,True
SYN-CONT-004115,00000000-0000-0000-0000-000000000414,40GP,26.8,inbound,00000000-0000-0000-0000-00000000012d,normal,standard,True
SYN-CONT-004116,00000000-0000-0000-0000-000000000414,40RF,14.0,inbound,00000000-0000-0000-0000-000000000131,normal,reefer,True
SYN-CONT-004117,00000000-0000-0000-0000-000000000414,20GP,23.0,inbound,00000000-0000-0000-0000-000000000130,normal,standard,True
SYN-CONT-004118,00000000-0000-0000-0000-000000000414,40HC,14.0,inbound,00000000-0000-0000-0000-000000000130,normal,reefer,True
SYN-CONT-004119,00000000-0000-0000-0000-000000000414,40GP,13.0,inbound,00000000-0000-0000-0000-00000000012f,normal,standard,True
SYN-CONT-004120,00000000-0000-0000-0000-000000000414,40GP,8.1,inbound,00000000-0000-0000-0000-00000000012c,normal,reefer,True
SYN-CONT-004121,00000000-0000-0000-0000-000000000414,20GP,20.0,inbound,00000000-0000-0000-0000-000000000130,normal,standard,True
SYN-CONT-004122,00000000-0000-0000-0000-000000000414,40RF,8.4,inbound,00000000-0000-0000-0000-000000000131,normal,reefer,True
SYN-CONT-004123,00000000-0000-0000-0000-000000000414,40HC,22.9,inbound,00000000-0000-0000-0000-00000000012f,normal,hazardous,True
SYN-CONT-004124,00000000-0000-0000-0000-000000000414,40GP,22.9,inbound,00000000-0000-0000-0000-00000000012e,normal,hazardous,True
SYN-CONT-004125,00000000-0000-0000-0000-000000000414,20GP,28.8,inbound,00000000-0000-0000-0000-00000000012f,normal,standard,True
SYN-CONT-004126,00000000-0000-0000-0000-000000000414,40HC,20.3,inbound,00000000-0000-0000-0000-00000000012d,normal,standard,True
SYN-CONT-004127,00000000-0000-0000-0000-000000000414,20GP,9.8,inbound,00000000-0000-0000-0000-000000000131,normal,reefer,True
SYN-CONT-004128,00000000-0000-0000-0000-000000000414,40GP,8.5,inbound,00000000-0000-0000-0000-00000000012d,normal,reefer,True
SYN-CONT-004129,00000000-0000-0000-0000-000000000414,40HC,22.8,inbound,00000000-0000-0000-0000-000000000131,normal,standard,True
SYN-CONT-004130,00000000-0000-0000-0000-000000000414,40HC,11.6,inbound,00000000-0000-0000-0000-00000000012f,normal,reefer,True
SYN-CONT-004131,00000000-0000-0000-0000-000000000414,40GP,16.1,inbound,00000000-0000-0000-0000-00000000012e,normal,standard,True
SYN-CONT-004132,00000000-0000-0000-0000-000000000414,40HC,23.6,inbound,00000000-0000-0000-0000-000000000131,normal,hazardous,True
SYN-CONT-004133,00000000-0000-0000-0000-000000000414,20GP,30.1,inbound,00000000-0000-0000-0000-00000000012c,normal,standard,True
SYN-CONT-004134,00000000-0000-0000-0000-000000000414,20GP,9.5,inbound,00000000-0000-0000-0000-00000000012e,normal,standard,True
SYN-CONT-004135,00000000-0000-0000-0000-000000000414,40GP,25.2,inbound,00000000-0000-0000-0000-00000000012e,normal,standard,True
SYN-CONT-004136,00000000-0000-0000-0000-000000000415,20GP,25.2,inbound,00000000-0000-0000-0000-000000000130,critical,hazardous,True
SYN-CONT-004137,00000000-0000-0000-0000-000000000415,40RF,19.5,inbound,00000000-0000-0000-0000-00000000012f,critical,reefer,True
SYN-CONT-004138,00000000-0000-0000-0000-000000000415,40HC,16.0,inbound,00000000-0000-0000-0000-00000000012c,critical,standard,True
SYN-CONT-004139,00000000-0000-0000-0000-000000000415,40HC,16.7,inbound,00000000-0000-0000-0000-00000000012d,critical,standard,True
SYN-CONT-004140,00000000-0000-0000-0000-000000000415,40HC,28.5,inbound,00000000-0000-0000-0000-000000000130,critical,standard,True
SYN-CONT-004141,00000000-0000-0000-0000-000000000415,20GP,11.7,inbound,00000000-0000-0000-0000-00000000012e,critical,standard,True
SYN-CONT-004142,00000000-0000-0000-0000-000000000415,40GP,26.3,inbound,00000000-0000-0000-0000-000000000130,critical,hazardous,True
SYN-CONT-004143,00000000-0000-0000-0000-000000000415,40GP,30.3,inbound,00000000-0000-0000-0000-000000000131,critical,reefer,True
SYN-CONT-004144,00000000-0000-0000-0000-000000000415,40HC,15.7,inbound,00000000-0000-0000-0000-00000000012f,critical,standard,True
SYN-CONT-004145,00000000-0000-0000-0000-000000000415,40RF,10.3,inbound,00000000-0000-0000-0000-000000000130,critical,reefer,True
SYN-CONT-004146,00000000-0000-0000-0000-000000000415,40RF,12.8,inbound,00000000-0000-0000-0000-00000000012d,critical,reefer,True
SYN-CONT-004147,00000000-0000-0000-0000-000000000415,40RF,25.4,inbound,00000000-0000-0000-0000-000000000131,critical,reefer,True
SYN-CONT-004148,00000000-0000-0000-0000-000000000415,20GP,26.8,inbound,00000000-0000-0000-0000-00000000012f,critical,standard,True
SYN-CONT-004149,00000000-0000-0000-0000-000000000415,40RF,16.7,inbound,00000000-0000-0000-0000-000000000131,critical,reefer,True
SYN-CONT-004150,00000000-0000-0000-0000-000000000415,40HC,28.2,inbound,00000000-0000-0000-0000-00000000012c,critical,standard,True
SYN-CONT-004151,00000000-0000-0000-0000-000000000415,40RF,12.2,inbound,00000000-0000-0000-0000-000000000130,critical,reefer,True
SYN-CONT-004152,00000000-0000-0000-0000-000000000415,40HC,30.2,inbound,00000000-0000-0000-0000-00000000012e,critical,standard,True
SYN-CONT-004153,00000000-0000-0000-0000-000000000415,40HC,24.9,inbound,00000000-0000-0000-0000-00000000012c,critical,reefer,True
SYN-CONT-004154,00000000-0000-0000-0000-000000000415,40HC,9.9,inbound,00000000-0000-0000-0000-00000000012c,critical,reefer,True
SYN-CONT-004155,00000000-0000-0000-0000-000000000415,20GP,11.1,inbound,00000000-0000-0000-0000-00000000012f,critical,hazardous,True
SYN-CONT-004156,00000000-0000-0000-0000-000000000415,40HC,22.1,inbound,00000000-0000-0000-0000-00000000012c,critical,standard,True
SYN-CONT-004157,00000000-0000-0000-0000-000000000415,40HC,15.0,inbound,00000000-0000-0000-0000-00000000012f,critical,standard,True
SYN-CONT-004158,00000000-0000-0000-0000-000000000415,40HC,27.3,inbound,00000000-0000-0000-0000-00000000012c,critical,standard,True
SYN-CONT-004159,00000000-0000-0000-0000-000000000415,40HC,23.7,inbound,00000000-0000-0000-0000-00000000012f,critical,standard,True
SYN-CONT-004160,00000000-0000-0000-0000-000000000415,40GP,15.6,inbound,00000000-0000-0000-0000-00000000012f,critical,standard,True
SYN-CONT-004161,00000000-0000-0000-0000-000000000415,20GP,16.2,inbound,00000000-0000-0000-0000-00000000012f,critical,hazardous,True
SYN-CONT-004162,00000000-0000-0000-0000-000000000415,40HC,17.2,inbound,00000000-0000-0000-0000-00000000012c,critical,standard,True
SYN-CONT-004163,00000000-0000-0000-0000-000000000415,40HC,12.2,inbound,00000000-0000-0000-0000-00000000012c,critical,standard,True
SYN-CONT-004164,00000000-0000-0000-0000-000000000415,40GP,21.6,inbound,00000000-0000-0000-0000-00000000012c,critical,hazardous,True
SYN-CONT-004165,00000000-0000-0000-0000-000000000415,40HC,10.1,inbound,00000000-0000-0000-0000-00000000012e,critical,standard,True
SYN-CONT-004166,00000000-0000-0000-0000-000000000415,40HC,28.0,inbound,00000000-0000-0000-0000-00000000012d,critical,standard,True
SYN-CONT-004167,00000000-0000-0000-0000-000000000415,40GP,26.0,inbound,00000000-0000-0000-0000-00000000012d,critical,hazardous,True
SYN-CONT-004168,00000000-0000-0000-0000-000000000415,20GP,15.0,inbound,00000000-0000-0000-0000-000000000130,critical,standard,True
SYN-CONT-004169,00000000-0000-0000-0000-000000000415,20GP,29.0,inbound,00000000-0000-0000-0000-000000000131,critical,hazardous,True
SYN-CONT-004170,00000000-0000-0000-0000-000000000415,40HC,22.8,inbound,00000000-0000-0000-0000-00000000012c,critical,hazardous,True
SYN-CONT-004171,00000000-0000-0000-0000-000000000415,40RF,24.9,inbound,00000000-0000-0000-0000-00000000012c,critical,reefer,True
SYN-CONT-004172,00000000-0000-0000-0000-000000000415,40HC,10.1,inbound,00000000-0000-0000-0000-00000000012e,critical,reefer,True
SYN-CONT-004173,00000000-0000-0000-0000-000000000415,40HC,11.1,inbound,00000000-0000-0000-0000-00000000012c,critical,standard,True
SYN-CONT-004174,00000000-0000-0000-0000-000000000415,20GP,28.1,inbound,00000000-0000-0000-0000-00000000012c,critical,standard,True
SYN-CONT-004175,00000000-0000-0000-0000-000000000415,40RF,26.2,inbound,00000000-0000-0000-0000-00000000012f,critical,reefer,True
SYN-CONT-004176,00000000-0000-0000-0000-000000000415,20GP,11.6,inbound,00000000-0000-0000-0000-000000000130,critical,standard,True
SYN-CONT-004177,00000000-0000-0000-0000-000000000415,40GP,15.5,inbound,00000000-0000-0000-0000-00000000012d,critical,standard,True
SYN-CONT-004178,00000000-0000-0000-0000-000000000415,20GP,18.6,inbound,00000000-0000-0000-0000-000000000131,critical,standard,True
SYN-CONT-004179,00000000-0000-0000-0000-000000000415,40GP,24.6,inbound,00000000-0000-0000-0000-000000000131,critical,standard,True
SYN-CONT-004180,00000000-0000-0000-0000-000000000415,40GP,8.1,inbound,00000000-0000-0000-0000-000000000130,critical,reefer,True
SYN-CONT-004181,00000000-0000-0000-0000-000000000415,40HC,25.9,inbound,00000000-0000-0000-0000-00000000012d,critical,hazardous,True
SYN-CONT-004182,00000000-0000-0000-0000-000000000415,40RF,20.3,inbound,00000000-0000-0000-0000-00000000012c,critical,reefer,True
SYN-CONT-004183,00000000-0000-0000-0000-000000000415,40RF,12.7,inbound,00000000-0000-0000-0000-000000000131,critical,reefer,True
SYN-CONT-004184,00000000-0000-0000-0000-000000000415,40RF,12.3,inbound,00000000-0000-0000-0000-000000000130,critical,reefer,True
SYN-CONT-004185,00000000-0000-0000-0000-000000000415,40HC,11.1,inbound,00000000-0000-0000-0000-000000000130,critical,standard,True
SYN-CONT-004186,00000000-0000-0000-0000-000000000415,40RF,28.5,inbound,00000000-0000-0000-0000-00000000012e,critical,reefer,True
SYN-CONT-004187,00000000-0000-0000-0000-000000000415,40HC,21.9,inbound,00000000-0000-0000-0000-00000000012c,critical,standard,True
SYN-CONT-004188,00000000-0000-0000-0000-000000000415,40RF,13.7,inbound,00000000-0000-0000-0000-000000000130,critical,reefer,True
SYN-CONT-004189,00000000-0000-0000-0000-000000000415,40RF,8.0,inbound,00000000-0000-0000-0000-00000000012c,critical,reefer,True
SYN-CONT-004190,00000000-0000-0000-0000-000000000415,40RF,21.3,inbound,00000000-0000-0000-0000-000000000131,critical,reefer,True
SYN-CONT-004191,00000000-0000-0000-0000-000000000415,40HC,21.0,inbound,00000000-0000-0000-0000-000000000131,critical,standard,True
SYN-CONT-004192,00000000-0000-0000-0000-000000000415,20GP,11.0,inbound,00000000-0000-0000-0000-00000000012c,critical,standard,True
SYN-CONT-004193,00000000-0000-0000-0000-000000000415,40GP,24.8,inbound,00000000-0000-0000-0000-000000000131,critical,standard,True
SYN-CONT-004194,00000000-0000-0000-0000-000000000415,20GP,11.0,inbound,00000000-0000-0000-0000-00000000012d,critical,reefer,True
SYN-CONT-004195,00000000-0000-0000-0000-000000000415,40HC,20.9,inbound,00000000-0000-0000-0000-000000000131,critical,standard,True
SYN-CONT-004196,00000000-0000-0000-0000-000000000415,40GP,26.7,inbound,00000000-0000-0000-0000-00000000012c,critical,standard,True
SYN-CONT-004197,00000000-0000-0000-0000-000000000415,40RF,10.4,inbound,00000000-0000-0000-0000-00000000012d,critical,reefer,True
SYN-CONT-004198,00000000-0000-0000-0000-000000000415,40RF,11.2,inbound,00000000-0000-0000-0000-000000000131,critical,reefer,True
SYN-CONT-004199,00000000-0000-0000-0000-000000000415,20GP,15.3,inbound,00000000-0000-0000-0000-00000000012f,critical,standard,True
SYN-CONT-004200,00000000-0000-0000-0000-000000000415,40RF,22.8,inbound,00000000-0000-0000-0000-000000000131,critical,reefer,True
SYN-CONT-004201,00000000-0000-0000-0000-000000000415,40HC,22.9,inbound,00000000-0000-0000-0000-000000000131,critical,reefer,True
SYN-CONT-004202,00000000-0000-0000-0000-000000000415,40GP,16.8,inbound,00000000-0000-0000-0000-00000000012d,critical,standard,True
SYN-CONT-004203,00000000-0000-0000-0000-000000000415,40GP,19.0,inbound,00000000-0000-0000-0000-00000000012e,critical,reefer,True
SYN-CONT-004204,00000000-0000-0000-0000-000000000415,40RF,9.1,inbound,00000000-0000-0000-0000-00000000012c,critical,reefer,True
SYN-CONT-004205,00000000-0000-0000-0000-000000000415,40RF,18.4,inbound,00000000-0000-0000-0000-00000000012c,critical,reefer,True
SYN-CONT-004206,00000000-0000-0000-0000-000000000415,20GP,19.8,inbound,00000000-0000-0000-0000-00000000012d,critical,reefer,True
SYN-CONT-004207,00000000-0000-0000-0000-000000000415,40RF,10.5,inbound,00000000-0000-0000-0000-00000000012e,critical,reefer,True
SYN-CONT-004208,00000000-0000-0000-0000-000000000415,40GP,14.3,inbound,00000000-0000-0000-0000-00000000012f,critical,standard,True
SYN-CONT-004209,00000000-0000-0000-0000-000000000415,20GP,25.7,inbound,00000000-0000-0000-0000-000000000130,critical,reefer,True
SYN-CONT-004210,00000000-0000-0000-0000-000000000415,20GP,18.2,inbound,00000000-0000-0000-0000-00000000012e,critical,hazardous,True
SYN-CONT-004211,00000000-0000-0000-0000-000000000415,40GP,12.5,inbound,00000000-0000-0000-0000-00000000012e,critical,reefer,True
SYN-CONT-004212,00000000-0000-0000-0000-000000000415,40RF,29.7,inbound,00000000-0000-0000-0000-00000000012e,critical,reefer,True
SYN-CONT-004213,00000000-0000-0000-0000-000000000415,40GP,13.0,inbound,00000000-0000-0000-0000-00000000012d,critical,reefer,True
SYN-CONT-004214,00000000-0000-0000-0000-000000000415,20GP,22.5,inbound,00000000-0000-0000-0000-00000000012f,critical,standard,True
SYN-CONT-004215,00000000-0000-0000-0000-000000000415,40GP,19.5,inbound,00000000-0000-0000-0000-00000000012d,critical,hazardous,True
SYN-CONT-004216,00000000-0000-0000-0000-000000000415,20GP,24.2,inbound,00000000-0000-0000-0000-000000000130,critical,standard,True
SYN-CONT-004217,00000000-0000-0000-0000-000000000415,40HC,14.1,inbound,00000000-0000-0000-0000-000000000131,critical,standard,True
SYN-CONT-004218,00000000-0000-0000-0000-000000000415,40HC,8.5,inbound,00000000-0000-0000-0000-000000000130,critical,reefer,True
SYN-CONT-004219,00000000-0000-0000-0000-000000000415,20GP,28.2,inbound,00000000-0000-0000-0000-00000000012e,critical,standard,True
SYN-CONT-004220,00000000-0000-0000-0000-000000000415,40GP,27.3,inbound,00000000-0000-0000-0000-000000000130,critical,hazardous,True
SYN-CONT-004221,00000000-0000-0000-0000-000000000415,40GP,30.0,inbound,00000000-0000-0000-0000-00000000012c,critical,reefer,True
SYN-CONT-004222,00000000-0000-0000-0000-000000000415,40GP,15.4,inbound,00000000-0000-0000-0000-000000000131,critical,standard,True
SYN-CONT-004223,00000000-0000-0000-0000-000000000415,40RF,20.8,inbound,00000000-0000-0000-0000-00000000012c,critical,reefer,True
SYN-CONT-004224,00000000-0000-0000-0000-000000000415,40RF,12.4,inbound,00000000-0000-0000-0000-00000000012c,critical,reefer,True
SYN-CONT-004225,00000000-0000-0000-0000-000000000415,40HC,13.7,inbound,00000000-0000-0000-0000-00000000012e,critical,reefer,True
SYN-CONT-004226,00000000-0000-0000-0000-000000000415,40GP,23.1,inbound,00000000-0000-0000-0000-000000000130,critical,reefer,True
SYN-CONT-004227,00000000-0000-0000-0000-000000000416,40HC,16.5,inbound,00000000-0000-0000-0000-000000000130,low,standard,True
SYN-CONT-004228,00000000-0000-0000-0000-000000000416,40GP,15.3,inbound,00000000-0000-0000-0000-00000000012e,low,standard,True
SYN-CONT-004229,00000000-0000-0000-0000-000000000416,40HC,25.1,inbound,00000000-0000-0000-0000-000000000130,low,reefer,True
SYN-CONT-004230,00000000-0000-0000-0000-000000000416,40HC,13.1,inbound,00000000-0000-0000-0000-000000000130,low,reefer,True
SYN-CONT-004231,00000000-0000-0000-0000-000000000416,20GP,10.3,inbound,00000000-0000-0000-0000-00000000012d,low,standard,True
SYN-CONT-004232,00000000-0000-0000-0000-000000000416,40GP,27.5,inbound,00000000-0000-0000-0000-00000000012d,low,reefer,True
SYN-CONT-004233,00000000-0000-0000-0000-000000000416,40RF,17.3,inbound,00000000-0000-0000-0000-000000000131,low,reefer,True
SYN-CONT-004234,00000000-0000-0000-0000-000000000416,20GP,23.3,inbound,00000000-0000-0000-0000-000000000130,low,standard,True
SYN-CONT-004235,00000000-0000-0000-0000-000000000416,40RF,24.2,inbound,00000000-0000-0000-0000-00000000012d,low,reefer,True
SYN-CONT-004236,00000000-0000-0000-0000-000000000416,40GP,16.3,inbound,00000000-0000-0000-0000-00000000012c,low,standard,True
SYN-CONT-004237,00000000-0000-0000-0000-000000000416,40HC,28.7,inbound,00000000-0000-0000-0000-00000000012f,low,standard,True
SYN-CONT-004238,00000000-0000-0000-0000-000000000416,20GP,22.5,inbound,00000000-0000-0000-0000-00000000012f,low,standard,True
SYN-CONT-004239,00000000-0000-0000-0000-000000000416,40GP,15.7,inbound,00000000-0000-0000-0000-00000000012d,low,standard,True
SYN-CONT-004240,00000000-0000-0000-0000-000000000416,20GP,26.1,inbound,00000000-0000-0000-0000-000000000130,low,standard,True
SYN-CONT-004241,00000000-0000-0000-0000-000000000416,40GP,18.7,inbound,00000000-0000-0000-0000-00000000012e,low,standard,True
SYN-CONT-004242,00000000-0000-0000-0000-000000000416,40GP,28.8,inbound,00000000-0000-0000-0000-00000000012f,low,standard,True
SYN-CONT-004243,00000000-0000-0000-0000-000000000416,40GP,28.0,inbound,00000000-0000-0000-0000-00000000012c,low,reefer,True
SYN-CONT-004244,00000000-0000-0000-0000-000000000416,20GP,21.1,inbound,00000000-0000-0000-0000-000000000130,low,hazardous,True
SYN-CONT-004245,00000000-0000-0000-0000-000000000416,40HC,17.6,inbound,00000000-0000-0000-0000-00000000012e,low,standard,True
SYN-CONT-004246,00000000-0000-0000-0000-000000000416,40HC,20.5,inbound,00000000-0000-0000-0000-00000000012d,low,reefer,True
SYN-CONT-004247,00000000-0000-0000-0000-000000000416,20GP,30.1,inbound,00000000-0000-0000-0000-000000000130,low,standard,True
SYN-CONT-004248,00000000-0000-0000-0000-000000000416,20GP,12.3,inbound,00000000-0000-0000-0000-00000000012d,low,standard,True
SYN-CONT-004249,00000000-0000-0000-0000-000000000416,40GP,24.5,inbound,00000000-0000-0000-0000-00000000012d,low,standard,True
SYN-CONT-004250,00000000-0000-0000-0000-000000000416,40GP,11.0,inbound,00000000-0000-0000-0000-00000000012f,low,standard,True
SYN-CONT-004251,00000000-0000-0000-0000-000000000416,20GP,13.1,inbound,00000000-0000-0000-0000-00000000012d,low,reefer,True
SYN-CONT-004252,00000000-0000-0000-0000-000000000416,20GP,24.3,inbound,00000000-0000-0000-0000-000000000131,low,standard,True
SYN-CONT-004253,00000000-0000-0000-0000-000000000416,40GP,22.1,inbound,00000000-0000-0000-0000-00000000012e,low,standard,True
SYN-CONT-004254,00000000-0000-0000-0000-000000000416,40RF,11.5,inbound,00000000-0000-0000-0000-00000000012c,low,reefer,True
SYN-CONT-004255,00000000-0000-0000-0000-000000000416,40GP,16.5,inbound,00000000-0000-0000-0000-00000000012d,low,reefer,True
SYN-CONT-004256,00000000-0000-0000-0000-000000000416,40HC,20.0,inbound,00000000-0000-0000-0000-000000000131,low,standard,True
SYN-CONT-004257,00000000-0000-0000-0000-000000000416,40RF,10.4,inbound,00000000-0000-0000-0000-00000000012d,low,reefer,True
SYN-CONT-004258,00000000-0000-0000-0000-000000000416,40GP,11.5,inbound,00000000-0000-0000-0000-00000000012c,low,standard,True
SYN-CONT-004259,00000000-0000-0000-0000-000000000416,40RF,13.2,inbound,00000000-0000-0000-0000-00000000012d,low,reefer,True
SYN-CONT-004260,00000000-0000-0000-0000-000000000416,40HC,24.1,inbound,00000000-0000-0000-0000-000000000131,low,hazardous,True
SYN-CONT-004261,00000000-0000-0000-0000-000000000416,40HC,11.5,inbound,00000000-0000-0000-0000-000000000130,low,reefer,True
SYN-CONT-004262,00000000-0000-0000-0000-000000000416,40GP,17.6,inbound,00000000-0000-0000-0000-000000000130,low,reefer,True
SYN-CONT-004263,00000000-0000-0000-0000-000000000416,40RF,14.3,inbound,00000000-0000-0000-0000-00000000012e,low,reefer,True
SYN-CONT-004264,00000000-0000-0000-0000-000000000416,40GP,12.4,inbound,00000000-0000-0000-0000-00000000012e,low,standard,True
SYN-CONT-004265,00000000-0000-0000-0000-000000000416,40RF,25.4,inbound,00000000-0000-0000-0000-00000000012f,low,reefer,True
SYN-CONT-004266,00000000-0000-0000-0000-000000000416,20GP,10.6,inbound,00000000-0000-0000-0000-000000000131,low,hazardous,True
SYN-CONT-004267,00000000-0000-0000-0000-000000000416,40GP,13.2,inbound,00000000-0000-0000-0000-000000000131,low,standard,True
SYN-CONT-004268,00000000-0000-0000-0000-000000000416,20GP,18.8,inbound,00000000-0000-0000-0000-000000000131,low,hazardous,True
SYN-CONT-004269,00000000-0000-0000-0000-000000000416,40GP,19.7,inbound,00000000-0000-0000-0000-000000000130,low,standard,True
SYN-CONT-004270,00000000-0000-0000-0000-000000000416,40GP,13.4,inbound,00000000-0000-0000-0000-00000000012c,low,standard,True
SYN-CONT-004271,00000000-0000-0000-0000-000000000416,20GP,20.1,inbound,00000000-0000-0000-0000-00000000012c,low,standard,True
SYN-CONT-004272,00000000-0000-0000-0000-000000000416,40HC,20.1,inbound,00000000-0000-0000-0000-00000000012e,low,hazardous,True
SYN-CONT-004273,00000000-0000-0000-0000-000000000416,40HC,20.4,inbound,00000000-0000-0000-0000-00000000012d,low,standard,True
SYN-CONT-004274,00000000-0000-0000-0000-000000000416,20GP,19.0,inbound,00000000-0000-0000-0000-00000000012d,low,reefer,True
SYN-CONT-004275,00000000-0000-0000-0000-000000000416,40GP,23.7,inbound,00000000-0000-0000-0000-00000000012c,low,standard,True
SYN-CONT-004276,00000000-0000-0000-0000-000000000416,40GP,18.0,inbound,00000000-0000-0000-0000-00000000012f,low,hazardous,True
SYN-CONT-004277,00000000-0000-0000-0000-000000000416,20GP,18.4,inbound,00000000-0000-0000-0000-000000000131,low,standard,True
SYN-CONT-004278,00000000-0000-0000-0000-000000000416,40HC,8.7,inbound,00000000-0000-0000-0000-00000000012c,low,standard,True
SYN-CONT-004279,00000000-0000-0000-0000-000000000416,20GP,27.4,inbound,00000000-0000-0000-0000-000000000131,low,standard,True
SYN-CONT-004280,00000000-0000-0000-0000-000000000416,20GP,15.3,inbound,00000000-0000-0000-0000-000000000131,low,standard,True
SYN-CONT-004281,00000000-0000-0000-0000-000000000416,20GP,23.5,inbound,00000000-0000-0000-0000-00000000012f,low,standard,True
SYN-CONT-004282,00000000-0000-0000-0000-000000000416,20GP,25.6,inbound,00000000-0000-0000-0000-000000000130,low,reefer,True
SYN-CONT-004283,00000000-0000-0000-0000-000000000416,40HC,25.7,inbound,00000000-0000-0000-0000-000000000131,low,standard,True
SYN-CONT-004284,00000000-0000-0000-0000-000000000416,20GP,30.2,inbound,00000000-0000-0000-0000-00000000012e,low,standard,True
SYN-CONT-004285,00000000-0000-0000-0000-000000000416,40RF,23.1,inbound,00000000-0000-0000-0000-000000000130,low,reefer,True
SYN-CONT-004286,00000000-0000-0000-0000-000000000416,40HC,13.9,inbound,00000000-0000-0000-0000-00000000012c,low,standard,True
SYN-CONT-004287,00000000-0000-0000-0000-000000000416,40GP,23.0,inbound,00000000-0000-0000-0000-000000000130,low,hazardous,True
SYN-CONT-004288,00000000-0000-0000-0000-000000000416,40RF,14.5,inbound,00000000-0000-0000-0000-000000000130,low,reefer,True
SYN-CONT-004289,00000000-0000-0000-0000-000000000416,20GP,12.0,inbound,00000000-0000-0000-0000-00000000012e,low,standard,True
SYN-CONT-004290,00000000-0000-0000-0000-000000000416,20GP,16.5,inbound,00000000-0000-0000-0000-00000000012c,low,standard,True
SYN-CONT-004291,00000000-0000-0000-0000-000000000416,40RF,18.5,inbound,00000000-0000-0000-0000-00000000012c,low,reefer,True
SYN-CONT-004292,00000000-0000-0000-0000-000000000416,20GP,22.9,inbound,00000000-0000-0000-0000-00000000012d,low,standard,True
SYN-CONT-004293,00000000-0000-0000-0000-000000000416,40RF,15.8,inbound,00000000-0000-0000-0000-00000000012e,low,reefer,True
SYN-CONT-004294,00000000-0000-0000-0000-000000000416,20GP,24.3,inbound,00000000-0000-0000-0000-00000000012e,low,standard,True
SYN-CONT-004295,00000000-0000-0000-0000-000000000416,40GP,16.5,inbound,00000000-0000-0000-0000-00000000012c,low,reefer,True
SYN-CONT-004296,00000000-0000-0000-0000-000000000416,40GP,11.4,inbound,00000000-0000-0000-0000-00000000012e,low,reefer,True
SYN-CONT-004297,00000000-0000-0000-0000-000000000416,40GP,16.3,inbound,00000000-0000-0000-0000-00000000012c,low,standard,True
SYN-CONT-004298,00000000-0000-0000-0000-000000000416,40HC,26.5,inbound,00000000-0000-0000-0000-000000000130,low,standard,True
SYN-CONT-004299,00000000-0000-0000-0000-000000000416,40RF,24.4,inbound,00000000-0000-0000-0000-000000000130,low,reefer,True
SYN-CONT-004300,00000000-0000-0000-0000-000000000416,20GP,9.2,inbound,00000000-0000-0000-0000-00000000012d,low,reefer,True
SYN-CONT-004301,00000000-0000-0000-0000-000000000416,40GP,21.5,inbound,00000000-0000-0000-0000-000000000130,low,reefer,True
SYN-CONT-004302,00000000-0000-0000-0000-000000000416,40RF,21.9,inbound,00000000-0000-0000-0000-00000000012c,low,reefer,True
SYN-CONT-004303,00000000-0000-0000-0000-000000000416,40GP,9.5,inbound,00000000-0000-0000-0000-00000000012e,low,standard,True
SYN-CONT-004304,00000000-0000-0000-0000-000000000416,20GP,27.5,inbound,00000000-0000-0000-0000-00000000012e,low,standard,True
SYN-CONT-004305,00000000-0000-0000-0000-000000000416,20GP,28.6,inbound,00000000-0000-0000-0000-000000000131,low,hazardous,True
SYN-CONT-004306,00000000-0000-0000-0000-000000000416,20GP,22.1,inbound,00000000-0000-0000-0000-00000000012e,low,standard,True
SYN-CONT-004307,00000000-0000-0000-0000-000000000416,40GP,29.3,inbound,00000000-0000-0000-0000-00000000012f,low,hazardous,True
SYN-CONT-004308,00000000-0000-0000-0000-000000000416,40GP,12.4,inbound,00000000-0000-0000-0000-000000000131,low,hazardous,True
SYN-CONT-004309,00000000-0000-0000-0000-000000000416,40GP,22.6,inbound,00000000-0000-0000-0000-00000000012f,low,hazardous,True
SYN-CONT-004310,00000000-0000-0000-0000-000000000416,40HC,11.5,inbound,00000000-0000-0000-0000-00000000012c,low,standard,True
SYN-CONT-004311,00000000-0000-0000-0000-000000000416,40GP,21.9,inbound,00000000-0000-0000-0000-00000000012e,low,reefer,True
SYN-CONT-004312,00000000-0000-0000-0000-000000000416,40GP,20.9,inbound,00000000-0000-0000-0000-000000000131,low,hazardous,True
SYN-CONT-004313,00000000-0000-0000-0000-000000000416,40HC,14.7,inbound,00000000-0000-0000-0000-00000000012c,low,reefer,True
SYN-CONT-004314,00000000-0000-0000-0000-000000000416,40GP,25.0,inbound,00000000-0000-0000-0000-00000000012d,low,reefer,True
SYN-CONT-004315,00000000-0000-0000-0000-000000000416,40HC,17.7,inbound,00000000-0000-0000-0000-00000000012c,low,hazardous,True
SYN-CONT-004316,00000000-0000-0000-0000-000000000416,40HC,9.8,inbound,00000000-0000-0000-0000-00000000012c,low,standard,True
SYN-CONT-004317,00000000-0000-0000-0000-000000000416,40RF,14.6,inbound,00000000-0000-0000-0000-000000000131,low,reefer,True
SYN-CONT-004318,00000000-0000-0000-0000-000000000417,40RF,11.5,inbound,00000000-0000-0000-0000-00000000012e,normal,reefer,True
SYN-CONT-004319,00000000-0000-0000-0000-000000000417,40HC,12.2,inbound,00000000-0000-0000-0000-00000000012d,normal,standard,True
SYN-CONT-004320,00000000-0000-0000-0000-000000000417,40HC,20.2,inbound,00000000-0000-0000-0000-00000000012d,normal,standard,True
SYN-CONT-004321,00000000-0000-0000-0000-000000000417,40HC,29.6,inbound,00000000-0000-0000-0000-000000000131,normal,standard,True
SYN-CONT-004322,00000000-0000-0000-0000-000000000417,20GP,18.6,inbound,00000000-0000-0000-0000-00000000012e,normal,standard,True
SYN-CONT-004323,00000000-0000-0000-0000-000000000417,40RF,25.8,inbound,00000000-0000-0000-0000-00000000012e,normal,reefer,True
SYN-CONT-004324,00000000-0000-0000-0000-000000000417,20GP,24.4,inbound,00000000-0000-0000-0000-00000000012e,normal,standard,True
SYN-CONT-004325,00000000-0000-0000-0000-000000000417,40GP,23.7,inbound,00000000-0000-0000-0000-000000000130,normal,hazardous,True
SYN-CONT-004326,00000000-0000-0000-0000-000000000417,40GP,15.5,inbound,00000000-0000-0000-0000-00000000012d,normal,standard,True
SYN-CONT-004327,00000000-0000-0000-0000-000000000417,40RF,21.7,inbound,00000000-0000-0000-0000-000000000131,normal,reefer,True
SYN-CONT-004328,00000000-0000-0000-0000-000000000417,20GP,8.8,inbound,00000000-0000-0000-0000-000000000131,normal,standard,True
SYN-CONT-004329,00000000-0000-0000-0000-000000000417,20GP,13.4,inbound,00000000-0000-0000-0000-00000000012d,normal,standard,True
SYN-CONT-004330,00000000-0000-0000-0000-000000000417,40GP,12.4,inbound,00000000-0000-0000-0000-000000000130,normal,standard,True
SYN-CONT-004331,00000000-0000-0000-0000-000000000417,40HC,15.1,inbound,00000000-0000-0000-0000-000000000131,normal,hazardous,True
SYN-CONT-004332,00000000-0000-0000-0000-000000000417,20GP,24.4,inbound,00000000-0000-0000-0000-00000000012d,normal,reefer,True
SYN-CONT-004333,00000000-0000-0000-0000-000000000417,20GP,10.1,inbound,00000000-0000-0000-0000-000000000130,normal,standard,True
SYN-CONT-004334,00000000-0000-0000-0000-000000000417,40RF,19.8,inbound,00000000-0000-0000-0000-000000000131,normal,reefer,True
SYN-CONT-004335,00000000-0000-0000-0000-000000000417,20GP,9.1,inbound,00000000-0000-0000-0000-00000000012d,normal,hazardous,True
SYN-CONT-004336,00000000-0000-0000-0000-000000000417,40GP,10.1,inbound,00000000-0000-0000-0000-000000000131,normal,hazardous,True
SYN-CONT-004337,00000000-0000-0000-0000-000000000417,40GP,12.9,inbound,00000000-0000-0000-0000-00000000012f,normal,reefer,True
SYN-CONT-004338,00000000-0000-0000-0000-000000000417,40HC,8.9,inbound,00000000-0000-0000-0000-00000000012f,normal,standard,True
SYN-CONT-004339,00000000-0000-0000-0000-000000000417,20GP,29.5,inbound,00000000-0000-0000-0000-000000000130,normal,standard,True
SYN-CONT-004340,00000000-0000-0000-0000-000000000417,40RF,25.1,inbound,00000000-0000-0000-0000-00000000012e,normal,reefer,True
SYN-CONT-004341,00000000-0000-0000-0000-000000000417,40RF,10.1,inbound,00000000-0000-0000-0000-000000000130,normal,reefer,True
SYN-CONT-004342,00000000-0000-0000-0000-000000000417,40RF,25.5,inbound,00000000-0000-0000-0000-000000000131,normal,reefer,True
SYN-CONT-004343,00000000-0000-0000-0000-000000000417,20GP,28.5,inbound,00000000-0000-0000-0000-00000000012d,normal,standard,True
SYN-CONT-004344,00000000-0000-0000-0000-000000000417,20GP,21.2,inbound,00000000-0000-0000-0000-00000000012e,normal,standard,True
SYN-CONT-004345,00000000-0000-0000-0000-000000000417,40RF,10.5,inbound,00000000-0000-0000-0000-00000000012d,normal,reefer,True
SYN-CONT-004346,00000000-0000-0000-0000-000000000417,20GP,23.5,inbound,00000000-0000-0000-0000-00000000012e,normal,standard,True
SYN-CONT-004347,00000000-0000-0000-0000-000000000417,40RF,22.3,inbound,00000000-0000-0000-0000-00000000012f,normal,reefer,True
SYN-CONT-004348,00000000-0000-0000-0000-000000000417,40HC,26.5,inbound,00000000-0000-0000-0000-000000000130,normal,standard,True
SYN-CONT-004349,00000000-0000-0000-0000-000000000417,20GP,28.6,inbound,00000000-0000-0000-0000-000000000130,normal,reefer,True
SYN-CONT-004350,00000000-0000-0000-0000-000000000417,40GP,16.3,inbound,00000000-0000-0000-0000-00000000012e,normal,reefer,True
SYN-CONT-004351,00000000-0000-0000-0000-000000000417,40GP,9.7,inbound,00000000-0000-0000-0000-000000000130,normal,standard,True
SYN-CONT-004352,00000000-0000-0000-0000-000000000417,20GP,27.6,inbound,00000000-0000-0000-0000-000000000131,normal,standard,True
SYN-CONT-004353,00000000-0000-0000-0000-000000000417,40HC,20.1,inbound,00000000-0000-0000-0000-00000000012d,normal,standard,True
SYN-CONT-004354,00000000-0000-0000-0000-000000000417,40GP,19.9,inbound,00000000-0000-0000-0000-00000000012e,normal,reefer,True
SYN-CONT-004355,00000000-0000-0000-0000-000000000417,20GP,11.1,inbound,00000000-0000-0000-0000-00000000012f,normal,hazardous,True
SYN-CONT-004356,00000000-0000-0000-0000-000000000417,40GP,26.3,inbound,00000000-0000-0000-0000-00000000012d,normal,standard,True
SYN-CONT-004357,00000000-0000-0000-0000-000000000417,40GP,21.5,inbound,00000000-0000-0000-0000-00000000012d,normal,hazardous,True
SYN-CONT-004358,00000000-0000-0000-0000-000000000417,20GP,18.2,inbound,00000000-0000-0000-0000-00000000012e,normal,standard,True
SYN-CONT-004359,00000000-0000-0000-0000-000000000417,40HC,9.7,inbound,00000000-0000-0000-0000-00000000012e,normal,reefer,True
SYN-CONT-004360,00000000-0000-0000-0000-000000000417,20GP,10.9,inbound,00000000-0000-0000-0000-000000000130,normal,standard,True
SYN-CONT-004361,00000000-0000-0000-0000-000000000417,40RF,29.2,inbound,00000000-0000-0000-0000-00000000012c,normal,reefer,True
SYN-CONT-004362,00000000-0000-0000-0000-000000000417,40HC,25.5,inbound,00000000-0000-0000-0000-00000000012e,normal,standard,True
SYN-CONT-004363,00000000-0000-0000-0000-000000000417,40GP,29.1,inbound,00000000-0000-0000-0000-00000000012f,normal,reefer,True
SYN-CONT-004364,00000000-0000-0000-0000-000000000417,40RF,29.7,inbound,00000000-0000-0000-0000-000000000131,normal,reefer,True
SYN-CONT-004365,00000000-0000-0000-0000-000000000417,20GP,23.6,inbound,00000000-0000-0000-0000-00000000012c,normal,hazardous,True
SYN-CONT-004366,00000000-0000-0000-0000-000000000417,40GP,25.6,inbound,00000000-0000-0000-0000-00000000012c,normal,reefer,True
SYN-CONT-004367,00000000-0000-0000-0000-000000000417,20GP,27.7,inbound,00000000-0000-0000-0000-00000000012c,normal,standard,True
SYN-CONT-004368,00000000-0000-0000-0000-000000000417,40GP,16.8,inbound,00000000-0000-0000-0000-000000000130,normal,standard,True
SYN-CONT-004369,00000000-0000-0000-0000-000000000417,20GP,16.7,inbound,00000000-0000-0000-0000-000000000131,normal,standard,True
SYN-CONT-004370,00000000-0000-0000-0000-000000000417,40RF,9.6,inbound,00000000-0000-0000-0000-000000000131,normal,reefer,True
SYN-CONT-004371,00000000-0000-0000-0000-000000000417,40GP,29.4,inbound,00000000-0000-0000-0000-00000000012d,normal,standard,True
SYN-CONT-004372,00000000-0000-0000-0000-000000000417,40HC,16.0,inbound,00000000-0000-0000-0000-00000000012f,normal,standard,True
SYN-CONT-004373,00000000-0000-0000-0000-000000000417,40GP,20.9,inbound,00000000-0000-0000-0000-00000000012f,normal,reefer,True
SYN-CONT-004374,00000000-0000-0000-0000-000000000417,40RF,17.6,inbound,00000000-0000-0000-0000-000000000130,normal,reefer,True
SYN-CONT-004375,00000000-0000-0000-0000-000000000417,40GP,12.7,inbound,00000000-0000-0000-0000-000000000130,normal,hazardous,True
SYN-CONT-004376,00000000-0000-0000-0000-000000000417,40HC,24.9,inbound,00000000-0000-0000-0000-00000000012c,normal,standard,True
SYN-CONT-004377,00000000-0000-0000-0000-000000000417,20GP,14.8,inbound,00000000-0000-0000-0000-000000000130,normal,standard,True
SYN-CONT-004378,00000000-0000-0000-0000-000000000417,20GP,30.2,inbound,00000000-0000-0000-0000-00000000012d,normal,hazardous,True
SYN-CONT-004379,00000000-0000-0000-0000-000000000417,40HC,13.3,inbound,00000000-0000-0000-0000-000000000131,normal,standard,True
SYN-CONT-004380,00000000-0000-0000-0000-000000000417,40GP,9.0,inbound,00000000-0000-0000-0000-00000000012d,normal,reefer,True
SYN-CONT-004381,00000000-0000-0000-0000-000000000417,40HC,24.3,inbound,00000000-0000-0000-0000-00000000012c,normal,hazardous,True
SYN-CONT-004382,00000000-0000-0000-0000-000000000417,20GP,18.2,inbound,00000000-0000-0000-0000-000000000131,normal,standard,True
SYN-CONT-004383,00000000-0000-0000-0000-000000000417,20GP,26.5,inbound,00000000-0000-0000-0000-000000000130,normal,hazardous,True
SYN-CONT-004384,00000000-0000-0000-0000-000000000417,40HC,21.1,inbound,00000000-0000-0000-0000-00000000012c,normal,hazardous,True
SYN-CONT-004385,00000000-0000-0000-0000-000000000417,40HC,20.9,inbound,00000000-0000-0000-0000-00000000012c,normal,standard,True
SYN-CONT-004386,00000000-0000-0000-0000-000000000417,40RF,30.3,inbound,00000000-0000-0000-0000-000000000130,normal,reefer,True
SYN-CONT-004387,00000000-0000-0000-0000-000000000417,40GP,25.0,inbound,00000000-0000-0000-0000-000000000131,normal,reefer,True
SYN-CONT-004388,00000000-0000-0000-0000-000000000417,40RF,25.2,inbound,00000000-0000-0000-0000-000000000130,normal,reefer,True
SYN-CONT-004389,00000000-0000-0000-0000-000000000417,40RF,27.6,inbound,00000000-0000-0000-0000-000000000131,normal,reefer,True
SYN-CONT-004390,00000000-0000-0000-0000-000000000417,40HC,22.4,inbound,00000000-0000-0000-0000-000000000130,normal,hazardous,True
SYN-CONT-004391,00000000-0000-0000-0000-000000000417,40RF,10.0,inbound,00000000-0000-0000-0000-000000000130,normal,reefer,True
SYN-CONT-004392,00000000-0000-0000-0000-000000000417,40HC,20.0,inbound,00000000-0000-0000-0000-00000000012e,normal,standard,True
SYN-CONT-004393,00000000-0000-0000-0000-000000000417,40RF,22.3,inbound,00000000-0000-0000-0000-000000000130,normal,reefer,True
SYN-CONT-004394,00000000-0000-0000-0000-000000000417,40GP,15.4,inbound,00000000-0000-0000-0000-00000000012c,normal,standard,True
SYN-CONT-004395,00000000-0000-0000-0000-000000000417,40HC,25.4,inbound,00000000-0000-0000-0000-00000000012e,normal,standard,True
SYN-CONT-004396,00000000-0000-0000-0000-000000000417,40GP,28.0,inbound,00000000-0000-0000-0000-00000000012c,normal,standard,True
SYN-CONT-004397,00000000-0000-0000-0000-000000000417,40GP,14.6,inbound,00000000-0000-0000-0000-00000000012d,normal,standard,True
SYN-CONT-004398,00000000-0000-0000-0000-000000000417,40RF,17.1,inbound,00000000-0000-0000-0000-000000000130,normal,reefer,True
SYN-CONT-004399,00000000-0000-0000-0000-000000000417,20GP,22.0,inbound,00000000-0000-0000-0000-00000000012c,normal,reefer,True
SYN-CONT-004400,00000000-0000-0000-0000-000000000417,40RF,11.5,inbound,00000000-0000-0000-0000-000000000131,normal,reefer,True
SYN-CONT-004401,00000000-0000-0000-0000-000000000417,20GP,25.2,inbound,00000000-0000-0000-0000-00000000012c,normal,reefer,True
SYN-CONT-004402,00000000-0000-0000-0000-000000000417,40RF,11.9,inbound,00000000-0000-0000-0000-00000000012d,normal,reefer,True
SYN-CONT-004403,00000000-0000-0000-0000-000000000417,40HC,29.2,inbound,00000000-0000-0000-0000-000000000131,normal,hazardous,True
SYN-CONT-004404,00000000-0000-0000-0000-000000000417,40GP,21.7,inbound,00000000-0000-0000-0000-00000000012e,normal,hazardous,True
SYN-CONT-004405,00000000-0000-0000-0000-000000000417,40HC,28.2,inbound,00000000-0000-0000-0000-000000000130,normal,standard,True
SYN-CONT-004406,00000000-0000-0000-0000-000000000417,40GP,25.0,inbound,00000000-0000-0000-0000-00000000012e,normal,hazardous,True
SYN-CONT-004407,00000000-0000-0000-0000-000000000417,20GP,29.6,inbound,00000000-0000-0000-0000-000000000131,normal,standard,True
SYN-CONT-004408,00000000-0000-0000-0000-000000000417,20GP,28.3,inbound,00000000-0000-0000-0000-000000000130,normal,standard,True
SYN-CONT-004409,00000000-0000-0000-0000-000000000418,40RF,15.7,inbound,00000000-0000-0000-0000-000000000130,low,reefer,True
SYN-CONT-004410,00000000-0000-0000-0000-000000000418,40GP,21.3,inbound,00000000-0000-0000-0000-00000000012e,low,reefer,True
SYN-CONT-004411,00000000-0000-0000-0000-000000000418,40GP,22.9,inbound,00000000-0000-0000-0000-00000000012c,low,reefer,True
SYN-CONT-004412,00000000-0000-0000-0000-000000000418,40RF,20.9,inbound,00000000-0000-0000-0000-00000000012e,low,reefer,True
SYN-CONT-004413,00000000-0000-0000-0000-000000000418,40RF,22.2,inbound,00000000-0000-0000-0000-00000000012d,low,reefer,True
SYN-CONT-004414,00000000-0000-0000-0000-000000000418,20GP,18.8,inbound,00000000-0000-0000-0000-00000000012f,low,hazardous,True
SYN-CONT-004415,00000000-0000-0000-0000-000000000418,20GP,25.2,inbound,00000000-0000-0000-0000-000000000130,low,standard,True
SYN-CONT-004416,00000000-0000-0000-0000-000000000418,40HC,15.6,inbound,00000000-0000-0000-0000-00000000012c,low,hazardous,True
SYN-CONT-004417,00000000-0000-0000-0000-000000000418,40HC,25.5,inbound,00000000-0000-0000-0000-00000000012f,low,standard,True
SYN-CONT-004418,00000000-0000-0000-0000-000000000418,40GP,21.2,inbound,00000000-0000-0000-0000-00000000012e,low,standard,True
SYN-CONT-004419,00000000-0000-0000-0000-000000000418,40HC,27.2,inbound,00000000-0000-0000-0000-00000000012d,low,standard,True
SYN-CONT-004420,00000000-0000-0000-0000-000000000418,40RF,24.9,inbound,00000000-0000-0000-0000-00000000012c,low,reefer,True
SYN-CONT-004421,00000000-0000-0000-0000-000000000418,20GP,17.8,inbound,00000000-0000-0000-0000-00000000012f,low,hazardous,True
SYN-CONT-004422,00000000-0000-0000-0000-000000000418,40RF,9.4,inbound,00000000-0000-0000-0000-00000000012c,low,reefer,True
SYN-CONT-004423,00000000-0000-0000-0000-000000000418,20GP,19.3,inbound,00000000-0000-0000-0000-00000000012c,low,reefer,True
SYN-CONT-004424,00000000-0000-0000-0000-000000000418,20GP,26.3,inbound,00000000-0000-0000-0000-00000000012e,low,standard,True
SYN-CONT-004425,00000000-0000-0000-0000-000000000418,20GP,29.3,inbound,00000000-0000-0000-0000-00000000012f,low,standard,True
SYN-CONT-004426,00000000-0000-0000-0000-000000000418,20GP,22.6,inbound,00000000-0000-0000-0000-00000000012c,low,hazardous,True
SYN-CONT-004427,00000000-0000-0000-0000-000000000418,40HC,9.6,inbound,00000000-0000-0000-0000-000000000131,low,hazardous,True
SYN-CONT-004428,00000000-0000-0000-0000-000000000418,40HC,18.2,inbound,00000000-0000-0000-0000-00000000012d,low,standard,True
SYN-CONT-004429,00000000-0000-0000-0000-000000000418,40GP,29.4,inbound,00000000-0000-0000-0000-000000000131,low,hazardous,True
SYN-CONT-004430,00000000-0000-0000-0000-000000000418,40RF,22.1,inbound,00000000-0000-0000-0000-00000000012c,low,reefer,True
SYN-CONT-004431,00000000-0000-0000-0000-000000000418,40HC,22.3,inbound,00000000-0000-0000-0000-00000000012e,low,standard,True
SYN-CONT-004432,00000000-0000-0000-0000-000000000418,20GP,17.9,inbound,00000000-0000-0000-0000-000000000130,low,reefer,True
SYN-CONT-004433,00000000-0000-0000-0000-000000000418,40HC,11.7,inbound,00000000-0000-0000-0000-000000000131,low,reefer,True
SYN-CONT-004434,00000000-0000-0000-0000-000000000418,40RF,27.9,inbound,00000000-0000-0000-0000-000000000131,low,reefer,True
SYN-CONT-004435,00000000-0000-0000-0000-000000000418,40RF,25.2,inbound,00000000-0000-0000-0000-00000000012f,low,reefer,True
SYN-CONT-004436,00000000-0000-0000-0000-000000000418,40GP,11.1,inbound,00000000-0000-0000-0000-00000000012c,low,hazardous,True
SYN-CONT-004437,00000000-0000-0000-0000-000000000418,20GP,24.3,inbound,00000000-0000-0000-0000-00000000012f,low,reefer,True
SYN-CONT-004438,00000000-0000-0000-0000-000000000418,40RF,28.8,inbound,00000000-0000-0000-0000-00000000012d,low,reefer,True
SYN-CONT-004439,00000000-0000-0000-0000-000000000418,20GP,8.5,inbound,00000000-0000-0000-0000-000000000130,low,standard,True
SYN-CONT-004440,00000000-0000-0000-0000-000000000418,40HC,29.8,inbound,00000000-0000-0000-0000-00000000012d,low,standard,True
SYN-CONT-004441,00000000-0000-0000-0000-000000000418,40GP,13.2,inbound,00000000-0000-0000-0000-00000000012d,low,reefer,True
SYN-CONT-004442,00000000-0000-0000-0000-000000000418,40HC,24.1,inbound,00000000-0000-0000-0000-00000000012d,low,standard,True
SYN-CONT-004443,00000000-0000-0000-0000-000000000418,40GP,28.6,inbound,00000000-0000-0000-0000-00000000012f,low,standard,True
SYN-CONT-004444,00000000-0000-0000-0000-000000000418,20GP,20.3,inbound,00000000-0000-0000-0000-00000000012c,low,reefer,True
SYN-CONT-004445,00000000-0000-0000-0000-000000000418,40RF,8.2,inbound,00000000-0000-0000-0000-00000000012d,low,reefer,True
SYN-CONT-004446,00000000-0000-0000-0000-000000000418,20GP,21.6,inbound,00000000-0000-0000-0000-00000000012c,low,standard,True
SYN-CONT-004447,00000000-0000-0000-0000-000000000418,40RF,10.5,inbound,00000000-0000-0000-0000-00000000012f,low,reefer,True
SYN-CONT-004448,00000000-0000-0000-0000-000000000418,40GP,30.0,inbound,00000000-0000-0000-0000-00000000012e,low,hazardous,True
SYN-CONT-004449,00000000-0000-0000-0000-000000000418,40GP,19.2,inbound,00000000-0000-0000-0000-000000000130,low,reefer,True
SYN-CONT-004450,00000000-0000-0000-0000-000000000418,40HC,10.7,inbound,00000000-0000-0000-0000-00000000012d,low,reefer,True
SYN-CONT-004451,00000000-0000-0000-0000-000000000418,40RF,9.7,inbound,00000000-0000-0000-0000-000000000131,low,reefer,True
SYN-CONT-004452,00000000-0000-0000-0000-000000000418,40HC,14.0,inbound,00000000-0000-0000-0000-00000000012c,low,standard,True
SYN-CONT-004453,00000000-0000-0000-0000-000000000418,40GP,15.3,inbound,00000000-0000-0000-0000-00000000012d,low,hazardous,True
SYN-CONT-004454,00000000-0000-0000-0000-000000000418,40RF,14.6,inbound,00000000-0000-0000-0000-00000000012c,low,reefer,True
SYN-CONT-004455,00000000-0000-0000-0000-000000000418,20GP,14.2,inbound,00000000-0000-0000-0000-00000000012c,low,reefer,True
SYN-CONT-004456,00000000-0000-0000-0000-000000000418,40GP,12.6,inbound,00000000-0000-0000-0000-00000000012e,low,reefer,True
SYN-CONT-004457,00000000-0000-0000-0000-000000000418,20GP,18.6,inbound,00000000-0000-0000-0000-00000000012c,low,reefer,True
SYN-CONT-004458,00000000-0000-0000-0000-000000000418,40GP,24.7,inbound,00000000-0000-0000-0000-00000000012f,low,reefer,True
SYN-CONT-004459,00000000-0000-0000-0000-000000000418,40GP,9.7,inbound,00000000-0000-0000-0000-00000000012d,low,standard,True
SYN-CONT-004460,00000000-0000-0000-0000-000000000418,20GP,28.1,inbound,00000000-0000-0000-0000-000000000130,low,reefer,True
SYN-CONT-004461,00000000-0000-0000-0000-000000000418,40GP,22.1,inbound,00000000-0000-0000-0000-00000000012e,low,standard,True
SYN-CONT-004462,00000000-0000-0000-0000-000000000418,40RF,11.9,inbound,00000000-0000-0000-0000-000000000130,low,reefer,True
SYN-CONT-004463,00000000-0000-0000-0000-000000000418,40HC,25.6,inbound,00000000-0000-0000-0000-000000000131,low,reefer,True
SYN-CONT-004464,00000000-0000-0000-0000-000000000418,40RF,13.3,inbound,00000000-0000-0000-0000-00000000012f,low,reefer,True
SYN-CONT-004465,00000000-0000-0000-0000-000000000418,40GP,13.5,inbound,00000000-0000-0000-0000-00000000012c,low,hazardous,True
SYN-CONT-004466,00000000-0000-0000-0000-000000000418,40GP,23.3,inbound,00000000-0000-0000-0000-00000000012e,low,hazardous,True
SYN-CONT-004467,00000000-0000-0000-0000-000000000418,40RF,8.7,inbound,00000000-0000-0000-0000-00000000012d,low,reefer,True
SYN-CONT-004468,00000000-0000-0000-0000-000000000418,40RF,29.6,inbound,00000000-0000-0000-0000-00000000012c,low,reefer,True
SYN-CONT-004469,00000000-0000-0000-0000-000000000418,40RF,25.7,inbound,00000000-0000-0000-0000-000000000130,low,reefer,True
SYN-CONT-004470,00000000-0000-0000-0000-000000000418,40RF,17.1,inbound,00000000-0000-0000-0000-00000000012c,low,reefer,True
SYN-CONT-004471,00000000-0000-0000-0000-000000000418,40RF,18.8,inbound,00000000-0000-0000-0000-00000000012c,low,reefer,True
SYN-CONT-004472,00000000-0000-0000-0000-000000000418,40RF,27.4,inbound,00000000-0000-0000-0000-00000000012f,low,reefer,True
SYN-CONT-004473,00000000-0000-0000-0000-000000000418,40GP,19.7,inbound,00000000-0000-0000-0000-00000000012d,low,reefer,True
SYN-CONT-004474,00000000-0000-0000-0000-000000000418,20GP,25.2,inbound,00000000-0000-0000-0000-00000000012f,low,standard,True
SYN-CONT-004475,00000000-0000-0000-0000-000000000418,40GP,22.8,inbound,00000000-0000-0000-0000-00000000012d,low,standard,True
SYN-CONT-004476,00000000-0000-0000-0000-000000000418,40GP,22.2,inbound,00000000-0000-0000-0000-00000000012e,low,standard,True
SYN-CONT-004477,00000000-0000-0000-0000-000000000418,40GP,30.3,inbound,00000000-0000-0000-0000-000000000131,low,standard,True
SYN-CONT-004478,00000000-0000-0000-0000-000000000418,40HC,25.5,inbound,00000000-0000-0000-0000-000000000130,low,standard,True
SYN-CONT-004479,00000000-0000-0000-0000-000000000418,40RF,29.1,inbound,00000000-0000-0000-0000-000000000131,low,reefer,True
SYN-CONT-004480,00000000-0000-0000-0000-000000000418,40HC,20.8,inbound,00000000-0000-0000-0000-000000000131,low,reefer,True
SYN-CONT-004481,00000000-0000-0000-0000-000000000418,20GP,22.7,inbound,00000000-0000-0000-0000-00000000012d,low,hazardous,True
SYN-CONT-004482,00000000-0000-0000-0000-000000000418,20GP,11.1,inbound,00000000-0000-0000-0000-000000000130,low,hazardous,True
SYN-CONT-004483,00000000-0000-0000-0000-000000000418,40RF,29.8,inbound,00000000-0000-0000-0000-000000000130,low,reefer,True
SYN-CONT-004484,00000000-0000-0000-0000-000000000418,20GP,21.3,inbound,00000000-0000-0000-0000-000000000131,low,hazardous,True
SYN-CONT-004485,00000000-0000-0000-0000-000000000418,40HC,17.7,inbound,00000000-0000-0000-0000-000000000130,low,standard,True
SYN-CONT-004486,00000000-0000-0000-0000-000000000418,40HC,27.5,inbound,00000000-0000-0000-0000-00000000012d,low,hazardous,True
SYN-CONT-004487,00000000-0000-0000-0000-000000000418,40GP,27.1,inbound,00000000-0000-0000-0000-00000000012c,low,standard,True
SYN-CONT-004488,00000000-0000-0000-0000-000000000418,40GP,17.7,inbound,00000000-0000-0000-0000-000000000131,low,hazardous,True
SYN-CONT-004489,00000000-0000-0000-0000-000000000418,40HC,29.8,inbound,00000000-0000-0000-0000-000000000131,low,hazardous,True
SYN-CONT-004490,00000000-0000-0000-0000-000000000418,40GP,27.9,inbound,00000000-0000-0000-0000-00000000012e,low,standard,True
SYN-CONT-004491,00000000-0000-0000-0000-000000000418,20GP,14.4,inbound,00000000-0000-0000-0000-00000000012f,low,standard,True
SYN-CONT-004492,00000000-0000-0000-0000-000000000418,40RF,29.7,inbound,00000000-0000-0000-0000-00000000012c,low,reefer,True
SYN-CONT-004493,00000000-0000-0000-0000-000000000418,40RF,10.1,inbound,00000000-0000-0000-0000-00000000012d,low,reefer,True
SYN-CONT-004494,00000000-0000-0000-0000-000000000418,40GP,17.0,inbound,00000000-0000-0000-0000-00000000012f,low,hazardous,True
SYN-CONT-004495,00000000-0000-0000-0000-000000000418,40RF,12.4,inbound,00000000-0000-0000-0000-000000000131,low,reefer,True
SYN-CONT-004496,00000000-0000-0000-0000-000000000418,40GP,29.0,inbound,00000000-0000-0000-0000-00000000012f,low,standard,True
SYN-CONT-004497,00000000-0000-0000-0000-000000000418,40HC,25.6,inbound,00000000-0000-0000-0000-000000000130,low,reefer,True
SYN-CONT-004498,00000000-0000-0000-0000-000000000418,20GP,19.1,inbound,00000000-0000-0000-0000-000000000130,low,reefer,True
SYN-CONT-004499,00000000-0000-0000-0000-000000000418,40RF,16.7,inbound,00000000-0000-0000-0000-00000000012d,low,reefer,True
SYN-CONT-004500,00000000-0000-0000-0000-000000000419,40RF,19.4,inbound,00000000-0000-0000-0000-000000000131,normal,reefer,True
SYN-CONT-004501,00000000-0000-0000-0000-000000000419,40GP,15.2,inbound,00000000-0000-0000-0000-000000000130,normal,standard,True
SYN-CONT-004502,00000000-0000-0000-0000-000000000419,40GP,30.4,inbound,00000000-0000-0000-0000-00000000012c,normal,reefer,True
SYN-CONT-004503,00000000-0000-0000-0000-000000000419,40HC,8.0,inbound,00000000-0000-0000-0000-000000000131,normal,hazardous,True
SYN-CONT-004504,00000000-0000-0000-0000-000000000419,40GP,16.3,inbound,00000000-0000-0000-0000-000000000131,normal,standard,True
SYN-CONT-004505,00000000-0000-0000-0000-000000000419,40HC,22.9,inbound,00000000-0000-0000-0000-00000000012e,normal,standard,True
SYN-CONT-004506,00000000-0000-0000-0000-000000000419,40RF,16.6,inbound,00000000-0000-0000-0000-000000000130,normal,reefer,True
SYN-CONT-004507,00000000-0000-0000-0000-000000000419,40HC,20.8,inbound,00000000-0000-0000-0000-00000000012c,normal,reefer,True
SYN-CONT-004508,00000000-0000-0000-0000-000000000419,20GP,14.3,inbound,00000000-0000-0000-0000-000000000130,normal,standard,True
SYN-CONT-004509,00000000-0000-0000-0000-000000000419,40GP,27.2,inbound,00000000-0000-0000-0000-00000000012e,normal,standard,True
SYN-CONT-004510,00000000-0000-0000-0000-000000000419,40HC,29.0,inbound,00000000-0000-0000-0000-00000000012f,normal,standard,True
SYN-CONT-004511,00000000-0000-0000-0000-000000000419,40RF,21.4,inbound,00000000-0000-0000-0000-00000000012d,normal,reefer,True
SYN-CONT-004512,00000000-0000-0000-0000-000000000419,40GP,26.6,inbound,00000000-0000-0000-0000-000000000130,normal,standard,True
SYN-CONT-004513,00000000-0000-0000-0000-000000000419,40HC,22.4,inbound,00000000-0000-0000-0000-000000000131,normal,standard,True
SYN-CONT-004514,00000000-0000-0000-0000-000000000419,40GP,24.6,inbound,00000000-0000-0000-0000-00000000012e,normal,hazardous,True
SYN-CONT-004515,00000000-0000-0000-0000-000000000419,40RF,26.7,inbound,00000000-0000-0000-0000-00000000012d,normal,reefer,True
SYN-CONT-004516,00000000-0000-0000-0000-000000000419,40GP,29.6,inbound,00000000-0000-0000-0000-000000000130,normal,hazardous,True
SYN-CONT-004517,00000000-0000-0000-0000-000000000419,20GP,17.1,inbound,00000000-0000-0000-0000-00000000012e,normal,standard,True
SYN-CONT-004518,00000000-0000-0000-0000-000000000419,20GP,12.2,inbound,00000000-0000-0000-0000-00000000012e,normal,standard,True
SYN-CONT-004519,00000000-0000-0000-0000-000000000419,40RF,12.0,inbound,00000000-0000-0000-0000-00000000012e,normal,reefer,True
SYN-CONT-004520,00000000-0000-0000-0000-000000000419,40RF,11.8,inbound,00000000-0000-0000-0000-000000000130,normal,reefer,True
SYN-CONT-004521,00000000-0000-0000-0000-000000000419,40GP,29.3,inbound,00000000-0000-0000-0000-00000000012d,normal,reefer,True
SYN-CONT-004522,00000000-0000-0000-0000-000000000419,40GP,19.9,inbound,00000000-0000-0000-0000-000000000131,normal,standard,True
SYN-CONT-004523,00000000-0000-0000-0000-000000000419,40HC,13.0,inbound,00000000-0000-0000-0000-000000000130,normal,standard,True
SYN-CONT-004524,00000000-0000-0000-0000-000000000419,20GP,24.0,inbound,00000000-0000-0000-0000-00000000012e,normal,hazardous,True
SYN-CONT-004525,00000000-0000-0000-0000-000000000419,40HC,29.4,inbound,00000000-0000-0000-0000-00000000012f,normal,standard,True
SYN-CONT-004526,00000000-0000-0000-0000-000000000419,40HC,29.4,inbound,00000000-0000-0000-0000-000000000130,normal,reefer,True
SYN-CONT-004527,00000000-0000-0000-0000-000000000419,40HC,21.7,inbound,00000000-0000-0000-0000-00000000012f,normal,standard,True
SYN-CONT-004528,00000000-0000-0000-0000-000000000419,40HC,13.0,inbound,00000000-0000-0000-0000-00000000012d,normal,standard,True
SYN-CONT-004529,00000000-0000-0000-0000-000000000419,40HC,10.7,inbound,00000000-0000-0000-0000-000000000131,normal,hazardous,True
SYN-CONT-004530,00000000-0000-0000-0000-000000000419,20GP,28.6,inbound,00000000-0000-0000-0000-000000000130,normal,standard,True
SYN-CONT-004531,00000000-0000-0000-0000-000000000419,40RF,11.7,inbound,00000000-0000-0000-0000-00000000012d,normal,reefer,True
SYN-CONT-004532,00000000-0000-0000-0000-000000000419,40HC,13.3,inbound,00000000-0000-0000-0000-00000000012c,normal,hazardous,True
SYN-CONT-004533,00000000-0000-0000-0000-000000000419,20GP,12.7,inbound,00000000-0000-0000-0000-00000000012e,normal,standard,True
SYN-CONT-004534,00000000-0000-0000-0000-000000000419,20GP,14.6,inbound,00000000-0000-0000-0000-00000000012c,normal,standard,True
SYN-CONT-004535,00000000-0000-0000-0000-000000000419,40HC,12.6,inbound,00000000-0000-0000-0000-00000000012d,normal,standard,True
SYN-CONT-004536,00000000-0000-0000-0000-000000000419,40GP,21.9,inbound,00000000-0000-0000-0000-00000000012d,normal,standard,True
SYN-CONT-004537,00000000-0000-0000-0000-000000000419,40RF,18.7,inbound,00000000-0000-0000-0000-000000000130,normal,reefer,True
SYN-CONT-004538,00000000-0000-0000-0000-000000000419,20GP,26.0,inbound,00000000-0000-0000-0000-00000000012f,normal,standard,True
SYN-CONT-004539,00000000-0000-0000-0000-000000000419,40HC,8.4,inbound,00000000-0000-0000-0000-000000000130,normal,standard,True
SYN-CONT-004540,00000000-0000-0000-0000-000000000419,40HC,23.7,inbound,00000000-0000-0000-0000-000000000131,normal,standard,True
SYN-CONT-004541,00000000-0000-0000-0000-000000000419,20GP,29.4,inbound,00000000-0000-0000-0000-00000000012c,normal,standard,True
SYN-CONT-004542,00000000-0000-0000-0000-000000000419,20GP,12.0,inbound,00000000-0000-0000-0000-00000000012f,normal,standard,True
SYN-CONT-004543,00000000-0000-0000-0000-000000000419,20GP,19.8,inbound,00000000-0000-0000-0000-000000000130,normal,hazardous,True
SYN-CONT-004544,00000000-0000-0000-0000-000000000419,20GP,24.5,inbound,00000000-0000-0000-0000-00000000012d,normal,hazardous,True
SYN-CONT-004545,00000000-0000-0000-0000-000000000419,40RF,8.2,inbound,00000000-0000-0000-0000-00000000012e,normal,reefer,True
SYN-CONT-004546,00000000-0000-0000-0000-000000000419,40GP,27.0,inbound,00000000-0000-0000-0000-000000000130,normal,standard,True
SYN-CONT-004547,00000000-0000-0000-0000-000000000419,40HC,11.7,inbound,00000000-0000-0000-0000-00000000012d,normal,reefer,True
SYN-CONT-004548,00000000-0000-0000-0000-000000000419,40HC,26.2,inbound,00000000-0000-0000-0000-00000000012f,normal,hazardous,True
SYN-CONT-004549,00000000-0000-0000-0000-000000000419,40RF,9.3,inbound,00000000-0000-0000-0000-00000000012e,normal,reefer,True
SYN-CONT-004550,00000000-0000-0000-0000-000000000419,40RF,25.8,inbound,00000000-0000-0000-0000-00000000012f,normal,reefer,True
SYN-CONT-004551,00000000-0000-0000-0000-000000000419,40RF,14.3,inbound,00000000-0000-0000-0000-00000000012d,normal,reefer,True
SYN-CONT-004552,00000000-0000-0000-0000-000000000419,40GP,23.9,inbound,00000000-0000-0000-0000-000000000130,normal,reefer,True
SYN-CONT-004553,00000000-0000-0000-0000-000000000419,40HC,20.2,inbound,00000000-0000-0000-0000-00000000012e,normal,standard,True
SYN-CONT-004554,00000000-0000-0000-0000-000000000419,40RF,29.7,inbound,00000000-0000-0000-0000-00000000012e,normal,reefer,True
SYN-CONT-004555,00000000-0000-0000-0000-000000000419,40HC,19.3,inbound,00000000-0000-0000-0000-00000000012e,normal,standard,True
SYN-CONT-004556,00000000-0000-0000-0000-000000000419,20GP,26.3,inbound,00000000-0000-0000-0000-00000000012f,normal,standard,True
SYN-CONT-004557,00000000-0000-0000-0000-000000000419,40HC,11.1,inbound,00000000-0000-0000-0000-00000000012c,normal,standard,True
SYN-CONT-004558,00000000-0000-0000-0000-000000000419,20GP,11.5,inbound,00000000-0000-0000-0000-00000000012e,normal,standard,True
SYN-CONT-004559,00000000-0000-0000-0000-000000000419,40HC,21.2,inbound,00000000-0000-0000-0000-00000000012d,normal,standard,True
SYN-CONT-004560,00000000-0000-0000-0000-000000000419,20GP,11.0,inbound,00000000-0000-0000-0000-00000000012c,normal,standard,True
SYN-CONT-004561,00000000-0000-0000-0000-000000000419,40HC,9.6,inbound,00000000-0000-0000-0000-00000000012c,normal,standard,True
SYN-CONT-004562,00000000-0000-0000-0000-000000000419,40HC,18.8,inbound,00000000-0000-0000-0000-000000000130,normal,standard,True
SYN-CONT-004563,00000000-0000-0000-0000-000000000419,40GP,20.5,inbound,00000000-0000-0000-0000-00000000012d,normal,reefer,True
SYN-CONT-004564,00000000-0000-0000-0000-000000000419,20GP,14.8,inbound,00000000-0000-0000-0000-000000000130,normal,standard,True
SYN-CONT-004565,00000000-0000-0000-0000-000000000419,40RF,16.7,inbound,00000000-0000-0000-0000-000000000130,normal,reefer,True
SYN-CONT-004566,00000000-0000-0000-0000-000000000419,40RF,11.2,inbound,00000000-0000-0000-0000-000000000131,normal,reefer,True
SYN-CONT-004567,00000000-0000-0000-0000-000000000419,40GP,18.1,inbound,00000000-0000-0000-0000-000000000131,normal,reefer,True
SYN-CONT-004568,00000000-0000-0000-0000-000000000419,40RF,24.2,inbound,00000000-0000-0000-0000-00000000012e,normal,reefer,True
SYN-CONT-004569,00000000-0000-0000-0000-000000000419,40RF,11.4,inbound,00000000-0000-0000-0000-00000000012c,normal,reefer,True
SYN-CONT-004570,00000000-0000-0000-0000-000000000419,40GP,27.0,inbound,00000000-0000-0000-0000-000000000131,normal,standard,True
SYN-CONT-004571,00000000-0000-0000-0000-000000000419,40GP,14.5,inbound,00000000-0000-0000-0000-00000000012c,normal,standard,True
SYN-CONT-004572,00000000-0000-0000-0000-000000000419,40GP,23.9,inbound,00000000-0000-0000-0000-00000000012c,normal,standard,True
SYN-CONT-004573,00000000-0000-0000-0000-000000000419,40GP,26.8,inbound,00000000-0000-0000-0000-00000000012d,normal,standard,True
SYN-CONT-004574,00000000-0000-0000-0000-000000000419,40GP,11.2,inbound,00000000-0000-0000-0000-000000000131,normal,hazardous,True
SYN-CONT-004575,00000000-0000-0000-0000-000000000419,20GP,22.0,inbound,00000000-0000-0000-0000-00000000012c,normal,standard,True
SYN-CONT-004576,00000000-0000-0000-0000-000000000419,40RF,24.6,inbound,00000000-0000-0000-0000-00000000012c,normal,reefer,True
SYN-CONT-004577,00000000-0000-0000-0000-000000000419,40GP,13.9,inbound,00000000-0000-0000-0000-00000000012d,normal,reefer,True
SYN-CONT-004578,00000000-0000-0000-0000-000000000419,40GP,18.4,inbound,00000000-0000-0000-0000-00000000012c,normal,hazardous,True
SYN-CONT-004579,00000000-0000-0000-0000-000000000419,40GP,17.1,inbound,00000000-0000-0000-0000-000000000131,normal,reefer,True
SYN-CONT-004580,00000000-0000-0000-0000-000000000419,20GP,12.0,inbound,00000000-0000-0000-0000-00000000012d,normal,reefer,True
SYN-CONT-004581,00000000-0000-0000-0000-000000000419,40HC,18.4,inbound,00000000-0000-0000-0000-00000000012e,normal,reefer,True
SYN-CONT-004582,00000000-0000-0000-0000-000000000419,40HC,22.1,inbound,00000000-0000-0000-0000-00000000012f,normal,hazardous,True
SYN-CONT-004583,00000000-0000-0000-0000-000000000419,40GP,11.5,inbound,00000000-0000-0000-0000-000000000130,normal,reefer,True
SYN-CONT-004584,00000000-0000-0000-0000-000000000419,20GP,11.2,inbound,00000000-0000-0000-0000-00000000012c,normal,standard,True
SYN-CONT-004585,00000000-0000-0000-0000-000000000419,40RF,16.6,inbound,00000000-0000-0000-0000-000000000131,normal,reefer,True
SYN-CONT-004586,00000000-0000-0000-0000-000000000419,40GP,16.8,inbound,00000000-0000-0000-0000-000000000130,normal,standard,True
SYN-CONT-004587,00000000-0000-0000-0000-000000000419,40GP,29.6,inbound,00000000-0000-0000-0000-000000000131,normal,reefer,True
SYN-CONT-004588,00000000-0000-0000-0000-000000000419,40RF,11.9,inbound,00000000-0000-0000-0000-00000000012f,normal,reefer,True
SYN-CONT-004589,00000000-0000-0000-0000-000000000419,40GP,18.0,inbound,00000000-0000-0000-0000-000000000131,normal,standard,True
SYN-CONT-004590,00000000-0000-0000-0000-000000000419,40GP,22.7,inbound,00000000-0000-0000-0000-00000000012d,normal,hazardous,True
SYN-CONT-004591,00000000-0000-0000-0000-00000000041a,20GP,12.1,inbound,00000000-0000-0000-0000-00000000012d,high,standard,True
SYN-CONT-004592,00000000-0000-0000-0000-00000000041a,40GP,27.8,inbound,00000000-0000-0000-0000-00000000012c,high,reefer,True
SYN-CONT-004593,00000000-0000-0000-0000-00000000041a,40RF,26.0,inbound,00000000-0000-0000-0000-000000000131,high,reefer,True
SYN-CONT-004594,00000000-0000-0000-0000-00000000041a,20GP,13.3,inbound,00000000-0000-0000-0000-000000000130,high,standard,True
SYN-CONT-004595,00000000-0000-0000-0000-00000000041a,40GP,28.2,inbound,00000000-0000-0000-0000-00000000012e,high,standard,True
SYN-CONT-004596,00000000-0000-0000-0000-00000000041a,40HC,25.8,inbound,00000000-0000-0000-0000-000000000130,high,standard,True
SYN-CONT-004597,00000000-0000-0000-0000-00000000041a,40GP,20.5,inbound,00000000-0000-0000-0000-00000000012e,high,standard,True
SYN-CONT-004598,00000000-0000-0000-0000-00000000041a,40HC,10.7,inbound,00000000-0000-0000-0000-000000000131,high,reefer,True
SYN-CONT-004599,00000000-0000-0000-0000-00000000041a,40RF,24.6,inbound,00000000-0000-0000-0000-00000000012f,high,reefer,True
SYN-CONT-004600,00000000-0000-0000-0000-00000000041a,40GP,26.2,inbound,00000000-0000-0000-0000-00000000012e,high,standard,True
SYN-CONT-004601,00000000-0000-0000-0000-00000000041a,40GP,20.8,inbound,00000000-0000-0000-0000-00000000012e,high,standard,True
SYN-CONT-004602,00000000-0000-0000-0000-00000000041a,40HC,26.2,inbound,00000000-0000-0000-0000-00000000012f,high,hazardous,True
SYN-CONT-004603,00000000-0000-0000-0000-00000000041a,20GP,28.1,inbound,00000000-0000-0000-0000-000000000130,high,standard,True
SYN-CONT-004604,00000000-0000-0000-0000-00000000041a,40RF,8.1,inbound,00000000-0000-0000-0000-000000000130,high,reefer,True
SYN-CONT-004605,00000000-0000-0000-0000-00000000041a,40GP,9.6,inbound,00000000-0000-0000-0000-00000000012c,high,reefer,True
SYN-CONT-004606,00000000-0000-0000-0000-00000000041a,40HC,23.0,inbound,00000000-0000-0000-0000-000000000130,high,standard,True
SYN-CONT-004607,00000000-0000-0000-0000-00000000041a,40RF,25.1,inbound,00000000-0000-0000-0000-00000000012f,high,reefer,True
SYN-CONT-004608,00000000-0000-0000-0000-00000000041a,20GP,19.0,inbound,00000000-0000-0000-0000-00000000012e,high,standard,True
SYN-CONT-004609,00000000-0000-0000-0000-00000000041a,40GP,29.4,inbound,00000000-0000-0000-0000-000000000130,high,hazardous,True
SYN-CONT-004610,00000000-0000-0000-0000-00000000041a,40GP,11.4,inbound,00000000-0000-0000-0000-000000000131,high,standard,True
SYN-CONT-004611,00000000-0000-0000-0000-00000000041a,20GP,25.8,inbound,00000000-0000-0000-0000-00000000012f,high,standard,True
SYN-CONT-004612,00000000-0000-0000-0000-00000000041a,20GP,12.2,inbound,00000000-0000-0000-0000-00000000012c,high,hazardous,True
SYN-CONT-004613,00000000-0000-0000-0000-00000000041a,20GP,25.1,inbound,00000000-0000-0000-0000-00000000012f,high,standard,True
SYN-CONT-004614,00000000-0000-0000-0000-00000000041a,40RF,19.7,inbound,00000000-0000-0000-0000-000000000130,high,reefer,True
SYN-CONT-004615,00000000-0000-0000-0000-00000000041a,40RF,15.9,inbound,00000000-0000-0000-0000-00000000012d,high,reefer,True
SYN-CONT-004616,00000000-0000-0000-0000-00000000041a,40HC,16.0,inbound,00000000-0000-0000-0000-00000000012d,high,hazardous,True
SYN-CONT-004617,00000000-0000-0000-0000-00000000041a,40RF,28.8,inbound,00000000-0000-0000-0000-00000000012c,high,reefer,True
SYN-CONT-004618,00000000-0000-0000-0000-00000000041a,40GP,14.3,inbound,00000000-0000-0000-0000-00000000012e,high,standard,True
SYN-CONT-004619,00000000-0000-0000-0000-00000000041a,40GP,22.5,inbound,00000000-0000-0000-0000-000000000130,high,reefer,True
SYN-CONT-004620,00000000-0000-0000-0000-00000000041a,40HC,18.4,inbound,00000000-0000-0000-0000-00000000012e,high,standard,True
SYN-CONT-004621,00000000-0000-0000-0000-00000000041a,40GP,27.6,inbound,00000000-0000-0000-0000-000000000130,high,standard,True
SYN-CONT-004622,00000000-0000-0000-0000-00000000041a,20GP,25.5,inbound,00000000-0000-0000-0000-000000000131,high,standard,True
SYN-CONT-004623,00000000-0000-0000-0000-00000000041a,40GP,24.9,inbound,00000000-0000-0000-0000-000000000131,high,hazardous,True
SYN-CONT-004624,00000000-0000-0000-0000-00000000041a,20GP,14.8,inbound,00000000-0000-0000-0000-00000000012f,high,standard,True
SYN-CONT-004625,00000000-0000-0000-0000-00000000041a,40HC,12.3,inbound,00000000-0000-0000-0000-000000000130,high,hazardous,True
SYN-CONT-004626,00000000-0000-0000-0000-00000000041a,40GP,21.0,inbound,00000000-0000-0000-0000-00000000012f,high,standard,True
SYN-CONT-004627,00000000-0000-0000-0000-00000000041a,20GP,23.5,inbound,00000000-0000-0000-0000-00000000012f,high,standard,True
SYN-CONT-004628,00000000-0000-0000-0000-00000000041a,20GP,29.8,inbound,00000000-0000-0000-0000-00000000012d,high,hazardous,True
SYN-CONT-004629,00000000-0000-0000-0000-00000000041a,40RF,9.1,inbound,00000000-0000-0000-0000-00000000012d,high,reefer,True
SYN-CONT-004630,00000000-0000-0000-0000-00000000041a,40GP,12.7,inbound,00000000-0000-0000-0000-00000000012c,high,standard,True
SYN-CONT-004631,00000000-0000-0000-0000-00000000041a,40RF,17.2,inbound,00000000-0000-0000-0000-000000000131,high,reefer,True
SYN-CONT-004632,00000000-0000-0000-0000-00000000041a,40GP,10.6,inbound,00000000-0000-0000-0000-000000000131,high,standard,True
SYN-CONT-004633,00000000-0000-0000-0000-00000000041a,20GP,10.5,inbound,00000000-0000-0000-0000-00000000012f,high,standard,True
SYN-CONT-004634,00000000-0000-0000-0000-00000000041a,20GP,28.5,inbound,00000000-0000-0000-0000-00000000012c,high,standard,True
SYN-CONT-004635,00000000-0000-0000-0000-00000000041a,20GP,24.2,inbound,00000000-0000-0000-0000-00000000012f,high,hazardous,True
SYN-CONT-004636,00000000-0000-0000-0000-00000000041a,40GP,22.9,inbound,00000000-0000-0000-0000-000000000130,high,standard,True
SYN-CONT-004637,00000000-0000-0000-0000-00000000041a,40RF,29.0,inbound,00000000-0000-0000-0000-00000000012d,high,reefer,True
SYN-CONT-004638,00000000-0000-0000-0000-00000000041a,40GP,14.6,inbound,00000000-0000-0000-0000-00000000012d,high,standard,True
SYN-CONT-004639,00000000-0000-0000-0000-00000000041a,40RF,16.6,inbound,00000000-0000-0000-0000-00000000012d,high,reefer,True
SYN-CONT-004640,00000000-0000-0000-0000-00000000041a,20GP,18.2,inbound,00000000-0000-0000-0000-000000000131,high,standard,True
SYN-CONT-004641,00000000-0000-0000-0000-00000000041a,40HC,10.3,inbound,00000000-0000-0000-0000-00000000012e,high,hazardous,True
SYN-CONT-004642,00000000-0000-0000-0000-00000000041a,40GP,10.0,inbound,00000000-0000-0000-0000-00000000012c,high,standard,True
SYN-CONT-004643,00000000-0000-0000-0000-00000000041a,40RF,22.1,inbound,00000000-0000-0000-0000-00000000012d,high,reefer,True
SYN-CONT-004644,00000000-0000-0000-0000-00000000041a,40HC,21.0,inbound,00000000-0000-0000-0000-00000000012e,high,standard,True
SYN-CONT-004645,00000000-0000-0000-0000-00000000041a,40GP,21.4,inbound,00000000-0000-0000-0000-00000000012f,high,standard,True
SYN-CONT-004646,00000000-0000-0000-0000-00000000041a,40GP,26.9,inbound,00000000-0000-0000-0000-000000000130,high,standard,True
SYN-CONT-004647,00000000-0000-0000-0000-00000000041a,40GP,30.4,inbound,00000000-0000-0000-0000-00000000012e,high,standard,True
SYN-CONT-004648,00000000-0000-0000-0000-00000000041a,40RF,26.9,inbound,00000000-0000-0000-0000-00000000012c,high,reefer,True
SYN-CONT-004649,00000000-0000-0000-0000-00000000041a,20GP,24.1,inbound,00000000-0000-0000-0000-000000000130,high,standard,True
SYN-CONT-004650,00000000-0000-0000-0000-00000000041a,40HC,25.5,inbound,00000000-0000-0000-0000-000000000130,high,standard,True
SYN-CONT-004651,00000000-0000-0000-0000-00000000041a,40RF,26.5,inbound,00000000-0000-0000-0000-00000000012c,high,reefer,True
SYN-CONT-004652,00000000-0000-0000-0000-00000000041a,40GP,10.7,inbound,00000000-0000-0000-0000-00000000012e,high,reefer,True
SYN-CONT-004653,00000000-0000-0000-0000-00000000041a,40GP,29.0,inbound,00000000-0000-0000-0000-000000000130,high,reefer,True
SYN-CONT-004654,00000000-0000-0000-0000-00000000041a,40HC,16.3,inbound,00000000-0000-0000-0000-00000000012e,high,hazardous,True
SYN-CONT-004655,00000000-0000-0000-0000-00000000041a,40GP,27.0,inbound,00000000-0000-0000-0000-00000000012e,high,standard,True
SYN-CONT-004656,00000000-0000-0000-0000-00000000041a,20GP,8.6,inbound,00000000-0000-0000-0000-00000000012f,high,standard,True
SYN-CONT-004657,00000000-0000-0000-0000-00000000041a,20GP,10.8,inbound,00000000-0000-0000-0000-000000000130,high,reefer,True
SYN-CONT-004658,00000000-0000-0000-0000-00000000041a,40GP,13.2,inbound,00000000-0000-0000-0000-00000000012f,high,reefer,True
SYN-CONT-004659,00000000-0000-0000-0000-00000000041a,40HC,11.7,inbound,00000000-0000-0000-0000-000000000130,high,standard,True
SYN-CONT-004660,00000000-0000-0000-0000-00000000041a,20GP,24.2,inbound,00000000-0000-0000-0000-00000000012c,high,reefer,True
SYN-CONT-004661,00000000-0000-0000-0000-00000000041a,40RF,17.6,inbound,00000000-0000-0000-0000-000000000130,high,reefer,True
SYN-CONT-004662,00000000-0000-0000-0000-00000000041a,20GP,13.1,inbound,00000000-0000-0000-0000-00000000012d,high,reefer,True
SYN-CONT-004663,00000000-0000-0000-0000-00000000041a,40HC,22.6,inbound,00000000-0000-0000-0000-00000000012c,high,hazardous,True
SYN-CONT-004664,00000000-0000-0000-0000-00000000041a,40HC,13.9,inbound,00000000-0000-0000-0000-00000000012d,high,standard,True
SYN-CONT-004665,00000000-0000-0000-0000-00000000041a,20GP,23.8,inbound,00000000-0000-0000-0000-00000000012e,high,standard,True
SYN-CONT-004666,00000000-0000-0000-0000-00000000041a,20GP,9.3,inbound,00000000-0000-0000-0000-00000000012c,high,standard,True
SYN-CONT-004667,00000000-0000-0000-0000-00000000041a,40HC,29.5,inbound,00000000-0000-0000-0000-000000000130,high,reefer,True
SYN-CONT-004668,00000000-0000-0000-0000-00000000041a,40RF,16.3,inbound,00000000-0000-0000-0000-00000000012e,high,reefer,True
SYN-CONT-004669,00000000-0000-0000-0000-00000000041a,20GP,18.0,inbound,00000000-0000-0000-0000-000000000131,high,standard,True
SYN-CONT-004670,00000000-0000-0000-0000-00000000041a,40HC,14.4,inbound,00000000-0000-0000-0000-00000000012d,high,standard,True
SYN-CONT-004671,00000000-0000-0000-0000-00000000041a,40GP,18.8,inbound,00000000-0000-0000-0000-00000000012c,high,standard,True
SYN-CONT-004672,00000000-0000-0000-0000-00000000041a,40GP,18.4,inbound,00000000-0000-0000-0000-00000000012c,high,standard,True
SYN-CONT-004673,00000000-0000-0000-0000-00000000041a,20GP,20.5,inbound,00000000-0000-0000-0000-00000000012c,high,standard,True
SYN-CONT-004674,00000000-0000-0000-0000-00000000041a,20GP,12.7,inbound,00000000-0000-0000-0000-000000000131,high,standard,True
SYN-CONT-004675,00000000-0000-0000-0000-00000000041a,40RF,20.5,inbound,00000000-0000-0000-0000-00000000012c,high,reefer,True
SYN-CONT-004676,00000000-0000-0000-0000-00000000041a,40RF,17.0,inbound,00000000-0000-0000-0000-00000000012c,high,reefer,True
SYN-CONT-004677,00000000-0000-0000-0000-00000000041a,40RF,11.6,inbound,00000000-0000-0000-0000-000000000130,high,reefer,True
SYN-CONT-004678,00000000-0000-0000-0000-00000000041a,20GP,8.3,inbound,00000000-0000-0000-0000-00000000012c,high,hazardous,True
SYN-CONT-004679,00000000-0000-0000-0000-00000000041a,40HC,10.4,inbound,00000000-0000-0000-0000-000000000130,high,reefer,True
SYN-CONT-004680,00000000-0000-0000-0000-00000000041a,20GP,29.9,inbound,00000000-0000-0000-0000-000000000131,high,standard,True
SYN-CONT-004681,00000000-0000-0000-0000-00000000041a,20GP,9.9,inbound,00000000-0000-0000-0000-000000000130,high,reefer,True
SYN-CONT-004682,00000000-0000-0000-0000-00000000041b,20GP,18.2,inbound,00000000-0000-0000-0000-00000000012d,normal,reefer,True
SYN-CONT-004683,00000000-0000-0000-0000-00000000041b,20GP,24.0,inbound,00000000-0000-0000-0000-00000000012e,normal,reefer,True
SYN-CONT-004684,00000000-0000-0000-0000-00000000041b,20GP,26.3,inbound,00000000-0000-0000-0000-00000000012e,normal,standard,True
SYN-CONT-004685,00000000-0000-0000-0000-00000000041b,40HC,29.5,inbound,00000000-0000-0000-0000-00000000012f,normal,hazardous,True
SYN-CONT-004686,00000000-0000-0000-0000-00000000041b,40HC,26.0,inbound,00000000-0000-0000-0000-00000000012d,normal,standard,True
SYN-CONT-004687,00000000-0000-0000-0000-00000000041b,20GP,8.6,inbound,00000000-0000-0000-0000-000000000130,normal,standard,True
SYN-CONT-004688,00000000-0000-0000-0000-00000000041b,40RF,12.1,inbound,00000000-0000-0000-0000-000000000130,normal,reefer,True
SYN-CONT-004689,00000000-0000-0000-0000-00000000041b,40HC,17.6,inbound,00000000-0000-0000-0000-00000000012f,normal,reefer,True
SYN-CONT-004690,00000000-0000-0000-0000-00000000041b,40HC,8.7,inbound,00000000-0000-0000-0000-00000000012c,normal,reefer,True
SYN-CONT-004691,00000000-0000-0000-0000-00000000041b,20GP,12.5,inbound,00000000-0000-0000-0000-000000000131,normal,standard,True
SYN-CONT-004692,00000000-0000-0000-0000-00000000041b,40GP,17.1,inbound,00000000-0000-0000-0000-00000000012f,normal,hazardous,True
SYN-CONT-004693,00000000-0000-0000-0000-00000000041b,40HC,28.0,inbound,00000000-0000-0000-0000-00000000012f,normal,reefer,True
SYN-CONT-004694,00000000-0000-0000-0000-00000000041b,40GP,15.9,inbound,00000000-0000-0000-0000-00000000012c,normal,standard,True
SYN-CONT-004695,00000000-0000-0000-0000-00000000041b,40GP,23.7,inbound,00000000-0000-0000-0000-00000000012f,normal,standard,True
SYN-CONT-004696,00000000-0000-0000-0000-00000000041b,20GP,9.3,inbound,00000000-0000-0000-0000-00000000012e,normal,standard,True
SYN-CONT-004697,00000000-0000-0000-0000-00000000041b,40RF,17.3,inbound,00000000-0000-0000-0000-00000000012c,normal,reefer,True
SYN-CONT-004698,00000000-0000-0000-0000-00000000041b,40HC,22.1,inbound,00000000-0000-0000-0000-00000000012c,normal,standard,True
SYN-CONT-004699,00000000-0000-0000-0000-00000000041b,20GP,9.1,inbound,00000000-0000-0000-0000-000000000130,normal,standard,True
SYN-CONT-004700,00000000-0000-0000-0000-00000000041b,40RF,23.0,inbound,00000000-0000-0000-0000-00000000012c,normal,reefer,True
SYN-CONT-004701,00000000-0000-0000-0000-00000000041b,40HC,8.4,inbound,00000000-0000-0000-0000-000000000131,normal,standard,True
SYN-CONT-004702,00000000-0000-0000-0000-00000000041b,40HC,13.3,inbound,00000000-0000-0000-0000-000000000130,normal,hazardous,True
SYN-CONT-004703,00000000-0000-0000-0000-00000000041b,20GP,25.0,inbound,00000000-0000-0000-0000-000000000131,normal,hazardous,True
SYN-CONT-004704,00000000-0000-0000-0000-00000000041b,40HC,8.1,inbound,00000000-0000-0000-0000-00000000012d,normal,hazardous,True
SYN-CONT-004705,00000000-0000-0000-0000-00000000041b,20GP,25.7,inbound,00000000-0000-0000-0000-00000000012c,normal,standard,True
SYN-CONT-004706,00000000-0000-0000-0000-00000000041b,40HC,21.7,inbound,00000000-0000-0000-0000-00000000012c,normal,hazardous,True
SYN-CONT-004707,00000000-0000-0000-0000-00000000041b,40HC,26.5,inbound,00000000-0000-0000-0000-00000000012f,normal,hazardous,True
SYN-CONT-004708,00000000-0000-0000-0000-00000000041b,40RF,22.4,inbound,00000000-0000-0000-0000-000000000131,normal,reefer,True
SYN-CONT-004709,00000000-0000-0000-0000-00000000041b,20GP,18.4,inbound,00000000-0000-0000-0000-00000000012f,normal,standard,True
SYN-CONT-004710,00000000-0000-0000-0000-00000000041b,20GP,16.6,inbound,00000000-0000-0000-0000-000000000130,normal,reefer,True
SYN-CONT-004711,00000000-0000-0000-0000-00000000041b,40HC,17.2,inbound,00000000-0000-0000-0000-00000000012f,normal,standard,True
SYN-CONT-004712,00000000-0000-0000-0000-00000000041b,20GP,12.9,inbound,00000000-0000-0000-0000-00000000012e,normal,standard,True
SYN-CONT-004713,00000000-0000-0000-0000-00000000041b,20GP,18.8,inbound,00000000-0000-0000-0000-00000000012e,normal,reefer,True
SYN-CONT-004714,00000000-0000-0000-0000-00000000041b,40GP,26.7,inbound,00000000-0000-0000-0000-00000000012e,normal,standard,True
SYN-CONT-004715,00000000-0000-0000-0000-00000000041b,40RF,12.1,inbound,00000000-0000-0000-0000-000000000131,normal,reefer,True
SYN-CONT-004716,00000000-0000-0000-0000-00000000041b,40HC,20.8,inbound,00000000-0000-0000-0000-00000000012c,normal,hazardous,True
SYN-CONT-004717,00000000-0000-0000-0000-00000000041b,40RF,26.2,inbound,00000000-0000-0000-0000-00000000012c,normal,reefer,True
SYN-CONT-004718,00000000-0000-0000-0000-00000000041b,40HC,27.9,inbound,00000000-0000-0000-0000-000000000131,normal,standard,True
SYN-CONT-004719,00000000-0000-0000-0000-00000000041b,40GP,12.8,inbound,00000000-0000-0000-0000-00000000012c,normal,standard,True
SYN-CONT-004720,00000000-0000-0000-0000-00000000041b,40RF,26.4,inbound,00000000-0000-0000-0000-000000000130,normal,reefer,True
SYN-CONT-004721,00000000-0000-0000-0000-00000000041b,40GP,10.0,inbound,00000000-0000-0000-0000-00000000012c,normal,standard,True
SYN-CONT-004722,00000000-0000-0000-0000-00000000041b,40GP,22.2,inbound,00000000-0000-0000-0000-000000000131,normal,standard,True
SYN-CONT-004723,00000000-0000-0000-0000-00000000041b,40HC,27.1,inbound,00000000-0000-0000-0000-000000000130,normal,standard,True
SYN-CONT-004724,00000000-0000-0000-0000-00000000041b,20GP,16.3,inbound,00000000-0000-0000-0000-000000000131,normal,standard,True
SYN-CONT-004725,00000000-0000-0000-0000-00000000041b,40RF,28.3,inbound,00000000-0000-0000-0000-00000000012c,normal,reefer,True
SYN-CONT-004726,00000000-0000-0000-0000-00000000041b,20GP,29.7,inbound,00000000-0000-0000-0000-000000000131,normal,reefer,True
SYN-CONT-004727,00000000-0000-0000-0000-00000000041b,40HC,8.7,inbound,00000000-0000-0000-0000-00000000012c,normal,hazardous,True
SYN-CONT-004728,00000000-0000-0000-0000-00000000041b,40RF,28.1,inbound,00000000-0000-0000-0000-00000000012e,normal,reefer,True
SYN-CONT-004729,00000000-0000-0000-0000-00000000041b,40GP,25.1,inbound,00000000-0000-0000-0000-00000000012f,normal,standard,True
SYN-CONT-004730,00000000-0000-0000-0000-00000000041b,40HC,19.5,inbound,00000000-0000-0000-0000-00000000012d,normal,hazardous,True
SYN-CONT-004731,00000000-0000-0000-0000-00000000041b,40RF,29.9,inbound,00000000-0000-0000-0000-00000000012e,normal,reefer,True
SYN-CONT-004732,00000000-0000-0000-0000-00000000041b,40RF,29.0,inbound,00000000-0000-0000-0000-000000000130,normal,reefer,True
SYN-CONT-004733,00000000-0000-0000-0000-00000000041b,40GP,26.3,inbound,00000000-0000-0000-0000-00000000012e,normal,standard,True
SYN-CONT-004734,00000000-0000-0000-0000-00000000041b,20GP,18.7,inbound,00000000-0000-0000-0000-00000000012f,normal,reefer,True
SYN-CONT-004735,00000000-0000-0000-0000-00000000041b,20GP,26.9,inbound,00000000-0000-0000-0000-00000000012f,normal,standard,True
SYN-CONT-004736,00000000-0000-0000-0000-00000000041b,20GP,21.4,inbound,00000000-0000-0000-0000-00000000012c,normal,standard,True
SYN-CONT-004737,00000000-0000-0000-0000-00000000041b,20GP,19.5,inbound,00000000-0000-0000-0000-00000000012f,normal,standard,True
SYN-CONT-004738,00000000-0000-0000-0000-00000000041b,40HC,21.5,inbound,00000000-0000-0000-0000-00000000012f,normal,standard,True
SYN-CONT-004739,00000000-0000-0000-0000-00000000041b,40GP,24.3,inbound,00000000-0000-0000-0000-00000000012f,normal,reefer,True
SYN-CONT-004740,00000000-0000-0000-0000-00000000041b,40RF,23.0,inbound,00000000-0000-0000-0000-00000000012c,normal,reefer,True
SYN-CONT-004741,00000000-0000-0000-0000-00000000041b,40HC,21.2,inbound,00000000-0000-0000-0000-00000000012d,normal,standard,True
SYN-CONT-004742,00000000-0000-0000-0000-00000000041b,20GP,28.4,inbound,00000000-0000-0000-0000-00000000012c,normal,standard,True
SYN-CONT-004743,00000000-0000-0000-0000-00000000041b,40RF,10.5,inbound,00000000-0000-0000-0000-00000000012f,normal,reefer,True
SYN-CONT-004744,00000000-0000-0000-0000-00000000041b,20GP,28.2,inbound,00000000-0000-0000-0000-000000000131,normal,reefer,True
SYN-CONT-004745,00000000-0000-0000-0000-00000000041b,40GP,19.0,inbound,00000000-0000-0000-0000-000000000131,normal,standard,True
SYN-CONT-004746,00000000-0000-0000-0000-00000000041b,40GP,24.3,inbound,00000000-0000-0000-0000-00000000012e,normal,standard,True
SYN-CONT-004747,00000000-0000-0000-0000-00000000041b,20GP,21.1,inbound,00000000-0000-0000-0000-000000000131,normal,reefer,True
SYN-CONT-004748,00000000-0000-0000-0000-00000000041b,40RF,12.1,inbound,00000000-0000-0000-0000-000000000131,normal,reefer,True
SYN-CONT-004749,00000000-0000-0000-0000-00000000041b,20GP,28.8,inbound,00000000-0000-0000-0000-000000000131,normal,hazardous,True
SYN-CONT-004750,00000000-0000-0000-0000-00000000041b,40HC,16.5,inbound,00000000-0000-0000-0000-000000000130,normal,hazardous,True
SYN-CONT-004751,00000000-0000-0000-0000-00000000041b,40GP,29.1,inbound,00000000-0000-0000-0000-00000000012f,normal,standard,True
SYN-CONT-004752,00000000-0000-0000-0000-00000000041b,20GP,18.2,inbound,00000000-0000-0000-0000-00000000012e,normal,standard,True
SYN-CONT-004753,00000000-0000-0000-0000-00000000041b,40GP,18.0,inbound,00000000-0000-0000-0000-00000000012d,normal,standard,True
SYN-CONT-004754,00000000-0000-0000-0000-00000000041b,40HC,16.7,inbound,00000000-0000-0000-0000-00000000012d,normal,standard,True
SYN-CONT-004755,00000000-0000-0000-0000-00000000041b,40HC,25.1,inbound,00000000-0000-0000-0000-000000000131,normal,hazardous,True
SYN-CONT-004756,00000000-0000-0000-0000-00000000041b,40RF,14.2,inbound,00000000-0000-0000-0000-000000000130,normal,reefer,True
SYN-CONT-004757,00000000-0000-0000-0000-00000000041b,40GP,19.3,inbound,00000000-0000-0000-0000-000000000130,normal,standard,True
SYN-CONT-004758,00000000-0000-0000-0000-00000000041b,40GP,20.0,inbound,00000000-0000-0000-0000-000000000130,normal,standard,True
SYN-CONT-004759,00000000-0000-0000-0000-00000000041b,40GP,8.9,inbound,00000000-0000-0000-0000-00000000012f,normal,hazardous,True
SYN-CONT-004760,00000000-0000-0000-0000-00000000041b,40GP,16.9,inbound,00000000-0000-0000-0000-00000000012d,normal,standard,True
SYN-CONT-004761,00000000-0000-0000-0000-00000000041b,40RF,21.5,inbound,00000000-0000-0000-0000-00000000012c,normal,reefer,True
SYN-CONT-004762,00000000-0000-0000-0000-00000000041b,40RF,8.5,inbound,00000000-0000-0000-0000-00000000012c,normal,reefer,True
SYN-CONT-004763,00000000-0000-0000-0000-00000000041b,20GP,9.7,inbound,00000000-0000-0000-0000-00000000012c,normal,standard,True
SYN-CONT-004764,00000000-0000-0000-0000-00000000041b,40GP,22.9,inbound,00000000-0000-0000-0000-000000000130,normal,standard,True
SYN-CONT-004765,00000000-0000-0000-0000-00000000041b,40GP,24.1,inbound,00000000-0000-0000-0000-00000000012c,normal,standard,True
SYN-CONT-004766,00000000-0000-0000-0000-00000000041b,40GP,18.7,inbound,00000000-0000-0000-0000-00000000012f,normal,standard,True
SYN-CONT-004767,00000000-0000-0000-0000-00000000041b,20GP,12.2,inbound,00000000-0000-0000-0000-00000000012d,normal,standard,True
SYN-CONT-004768,00000000-0000-0000-0000-00000000041b,20GP,15.2,inbound,00000000-0000-0000-0000-000000000130,normal,standard,True
SYN-CONT-004769,00000000-0000-0000-0000-00000000041b,20GP,15.5,inbound,00000000-0000-0000-0000-000000000131,normal,reefer,True
SYN-CONT-004770,00000000-0000-0000-0000-00000000041b,20GP,16.1,inbound,00000000-0000-0000-0000-00000000012e,normal,standard,True
SYN-CONT-004771,00000000-0000-0000-0000-00000000041b,40HC,11.3,inbound,00000000-0000-0000-0000-00000000012c,normal,reefer,True
SYN-CONT-004772,00000000-0000-0000-0000-00000000041b,20GP,15.2,inbound,00000000-0000-0000-0000-00000000012c,normal,reefer,True
SYN-CONT-004773,00000000-0000-0000-0000-00000000041c,40GP,14.2,inbound,00000000-0000-0000-0000-000000000130,normal,standard,True
SYN-CONT-004774,00000000-0000-0000-0000-00000000041c,40RF,17.0,inbound,00000000-0000-0000-0000-00000000012c,normal,reefer,True
SYN-CONT-004775,00000000-0000-0000-0000-00000000041c,40RF,25.0,inbound,00000000-0000-0000-0000-00000000012f,normal,reefer,True
SYN-CONT-004776,00000000-0000-0000-0000-00000000041c,20GP,10.9,inbound,00000000-0000-0000-0000-00000000012e,normal,hazardous,True
SYN-CONT-004777,00000000-0000-0000-0000-00000000041c,20GP,20.2,inbound,00000000-0000-0000-0000-000000000131,normal,hazardous,True
SYN-CONT-004778,00000000-0000-0000-0000-00000000041c,20GP,18.4,inbound,00000000-0000-0000-0000-000000000130,normal,reefer,True
SYN-CONT-004779,00000000-0000-0000-0000-00000000041c,40GP,14.1,inbound,00000000-0000-0000-0000-00000000012f,normal,standard,True
SYN-CONT-004780,00000000-0000-0000-0000-00000000041c,40HC,19.6,inbound,00000000-0000-0000-0000-00000000012c,normal,reefer,True
SYN-CONT-004781,00000000-0000-0000-0000-00000000041c,40GP,22.0,inbound,00000000-0000-0000-0000-00000000012f,normal,standard,True
SYN-CONT-004782,00000000-0000-0000-0000-00000000041c,40RF,29.3,inbound,00000000-0000-0000-0000-000000000130,normal,reefer,True
SYN-CONT-004783,00000000-0000-0000-0000-00000000041c,40RF,21.9,inbound,00000000-0000-0000-0000-000000000130,normal,reefer,True
SYN-CONT-004784,00000000-0000-0000-0000-00000000041c,40GP,16.9,inbound,00000000-0000-0000-0000-000000000130,normal,hazardous,True
SYN-CONT-004785,00000000-0000-0000-0000-00000000041c,40RF,15.0,inbound,00000000-0000-0000-0000-000000000130,normal,reefer,True
SYN-CONT-004786,00000000-0000-0000-0000-00000000041c,40RF,20.8,inbound,00000000-0000-0000-0000-000000000131,normal,reefer,True
SYN-CONT-004787,00000000-0000-0000-0000-00000000041c,20GP,15.7,inbound,00000000-0000-0000-0000-00000000012e,normal,standard,True
SYN-CONT-004788,00000000-0000-0000-0000-00000000041c,40HC,10.5,inbound,00000000-0000-0000-0000-000000000130,normal,standard,True
SYN-CONT-004789,00000000-0000-0000-0000-00000000041c,40GP,23.3,inbound,00000000-0000-0000-0000-00000000012c,normal,hazardous,True
SYN-CONT-004790,00000000-0000-0000-0000-00000000041c,40RF,30.4,inbound,00000000-0000-0000-0000-00000000012d,normal,reefer,True
SYN-CONT-004791,00000000-0000-0000-0000-00000000041c,40RF,28.0,inbound,00000000-0000-0000-0000-00000000012c,normal,reefer,True
SYN-CONT-004792,00000000-0000-0000-0000-00000000041c,40HC,9.6,inbound,00000000-0000-0000-0000-00000000012c,normal,standard,True
SYN-CONT-004793,00000000-0000-0000-0000-00000000041c,40RF,23.4,inbound,00000000-0000-0000-0000-00000000012c,normal,reefer,True
SYN-CONT-004794,00000000-0000-0000-0000-00000000041c,40GP,20.1,inbound,00000000-0000-0000-0000-000000000130,normal,hazardous,True
SYN-CONT-004795,00000000-0000-0000-0000-00000000041c,40RF,12.7,inbound,00000000-0000-0000-0000-00000000012e,normal,reefer,True
SYN-CONT-004796,00000000-0000-0000-0000-00000000041c,40GP,30.0,inbound,00000000-0000-0000-0000-000000000131,normal,reefer,True
SYN-CONT-004797,00000000-0000-0000-0000-00000000041c,40GP,19.6,inbound,00000000-0000-0000-0000-00000000012e,normal,standard,True
SYN-CONT-004798,00000000-0000-0000-0000-00000000041c,40HC,21.5,inbound,00000000-0000-0000-0000-00000000012f,normal,standard,True
SYN-CONT-004799,00000000-0000-0000-0000-00000000041c,40RF,8.2,inbound,00000000-0000-0000-0000-00000000012c,normal,reefer,True
SYN-CONT-004800,00000000-0000-0000-0000-00000000041c,40HC,14.7,inbound,00000000-0000-0000-0000-000000000130,normal,standard,True
SYN-CONT-004801,00000000-0000-0000-0000-00000000041c,40HC,9.1,inbound,00000000-0000-0000-0000-00000000012f,normal,standard,True
SYN-CONT-004802,00000000-0000-0000-0000-00000000041c,40RF,23.4,inbound,00000000-0000-0000-0000-00000000012e,normal,reefer,True
SYN-CONT-004803,00000000-0000-0000-0000-00000000041c,40RF,17.7,inbound,00000000-0000-0000-0000-00000000012f,normal,reefer,True
SYN-CONT-004804,00000000-0000-0000-0000-00000000041c,20GP,25.8,inbound,00000000-0000-0000-0000-00000000012e,normal,standard,True
SYN-CONT-004805,00000000-0000-0000-0000-00000000041c,40GP,26.5,inbound,00000000-0000-0000-0000-00000000012e,normal,standard,True
SYN-CONT-004806,00000000-0000-0000-0000-00000000041c,40HC,27.5,inbound,00000000-0000-0000-0000-00000000012f,normal,reefer,True
SYN-CONT-004807,00000000-0000-0000-0000-00000000041c,40RF,15.6,inbound,00000000-0000-0000-0000-00000000012c,normal,reefer,True
SYN-CONT-004808,00000000-0000-0000-0000-00000000041c,40RF,25.6,inbound,00000000-0000-0000-0000-00000000012e,normal,reefer,True
SYN-CONT-004809,00000000-0000-0000-0000-00000000041c,40HC,12.3,inbound,00000000-0000-0000-0000-000000000130,normal,standard,True
SYN-CONT-004810,00000000-0000-0000-0000-00000000041c,20GP,10.9,inbound,00000000-0000-0000-0000-00000000012e,normal,reefer,True
SYN-CONT-004811,00000000-0000-0000-0000-00000000041c,40HC,27.7,inbound,00000000-0000-0000-0000-00000000012d,normal,reefer,True
SYN-CONT-004812,00000000-0000-0000-0000-00000000041c,40GP,15.6,inbound,00000000-0000-0000-0000-00000000012e,normal,reefer,True
SYN-CONT-004813,00000000-0000-0000-0000-00000000041c,20GP,16.9,inbound,00000000-0000-0000-0000-00000000012e,normal,standard,True
SYN-CONT-004814,00000000-0000-0000-0000-00000000041c,40HC,28.8,inbound,00000000-0000-0000-0000-00000000012c,normal,standard,True
SYN-CONT-004815,00000000-0000-0000-0000-00000000041c,40RF,11.6,inbound,00000000-0000-0000-0000-00000000012d,normal,reefer,True
SYN-CONT-004816,00000000-0000-0000-0000-00000000041c,20GP,11.4,inbound,00000000-0000-0000-0000-00000000012d,normal,standard,True
SYN-CONT-004817,00000000-0000-0000-0000-00000000041c,40RF,17.6,inbound,00000000-0000-0000-0000-00000000012f,normal,reefer,True
SYN-CONT-004818,00000000-0000-0000-0000-00000000041c,40RF,15.0,inbound,00000000-0000-0000-0000-00000000012d,normal,reefer,True
SYN-CONT-004819,00000000-0000-0000-0000-00000000041c,40HC,9.5,inbound,00000000-0000-0000-0000-00000000012c,normal,hazardous,True
SYN-CONT-004820,00000000-0000-0000-0000-00000000041c,20GP,12.0,inbound,00000000-0000-0000-0000-000000000131,normal,standard,True
SYN-CONT-004821,00000000-0000-0000-0000-00000000041c,20GP,16.4,inbound,00000000-0000-0000-0000-000000000130,normal,standard,True
SYN-CONT-004822,00000000-0000-0000-0000-00000000041c,40HC,25.9,inbound,00000000-0000-0000-0000-000000000131,normal,hazardous,True
SYN-CONT-004823,00000000-0000-0000-0000-00000000041c,40RF,30.4,inbound,00000000-0000-0000-0000-00000000012c,normal,reefer,True
SYN-CONT-004824,00000000-0000-0000-0000-00000000041c,20GP,18.7,inbound,00000000-0000-0000-0000-000000000130,normal,standard,True
SYN-CONT-004825,00000000-0000-0000-0000-00000000041c,40RF,18.8,inbound,00000000-0000-0000-0000-00000000012f,normal,reefer,True
SYN-CONT-004826,00000000-0000-0000-0000-00000000041c,40GP,27.7,inbound,00000000-0000-0000-0000-00000000012d,normal,standard,True
SYN-CONT-004827,00000000-0000-0000-0000-00000000041c,40HC,28.9,inbound,00000000-0000-0000-0000-00000000012c,normal,reefer,True
SYN-CONT-004828,00000000-0000-0000-0000-00000000041c,40HC,11.0,inbound,00000000-0000-0000-0000-000000000131,normal,reefer,True
SYN-CONT-004829,00000000-0000-0000-0000-00000000041c,40RF,25.8,inbound,00000000-0000-0000-0000-00000000012d,normal,reefer,True
SYN-CONT-004830,00000000-0000-0000-0000-00000000041c,40RF,9.7,inbound,00000000-0000-0000-0000-000000000131,normal,reefer,True
SYN-CONT-004831,00000000-0000-0000-0000-00000000041c,20GP,9.2,inbound,00000000-0000-0000-0000-000000000130,normal,standard,True
SYN-CONT-004832,00000000-0000-0000-0000-00000000041c,40HC,24.5,inbound,00000000-0000-0000-0000-00000000012f,normal,standard,True
SYN-CONT-004833,00000000-0000-0000-0000-00000000041c,40HC,17.7,inbound,00000000-0000-0000-0000-000000000131,normal,standard,True
SYN-CONT-004834,00000000-0000-0000-0000-00000000041c,40RF,27.5,inbound,00000000-0000-0000-0000-000000000130,normal,reefer,True
SYN-CONT-004835,00000000-0000-0000-0000-00000000041c,20GP,20.5,inbound,00000000-0000-0000-0000-000000000131,normal,reefer,True
SYN-CONT-004836,00000000-0000-0000-0000-00000000041c,40GP,30.1,inbound,00000000-0000-0000-0000-000000000130,normal,standard,True
SYN-CONT-004837,00000000-0000-0000-0000-00000000041c,40GP,10.9,inbound,00000000-0000-0000-0000-000000000131,normal,standard,True
SYN-CONT-004838,00000000-0000-0000-0000-00000000041c,40GP,15.3,inbound,00000000-0000-0000-0000-00000000012e,normal,hazardous,True
SYN-CONT-004839,00000000-0000-0000-0000-00000000041c,40HC,9.1,inbound,00000000-0000-0000-0000-000000000131,normal,standard,True
SYN-CONT-004840,00000000-0000-0000-0000-00000000041c,40RF,13.7,inbound,00000000-0000-0000-0000-000000000131,normal,reefer,True
SYN-CONT-004841,00000000-0000-0000-0000-00000000041c,40HC,22.7,inbound,00000000-0000-0000-0000-00000000012e,normal,standard,True
SYN-CONT-004842,00000000-0000-0000-0000-00000000041c,40GP,27.0,inbound,00000000-0000-0000-0000-00000000012c,normal,standard,True
SYN-CONT-004843,00000000-0000-0000-0000-00000000041c,20GP,29.3,inbound,00000000-0000-0000-0000-00000000012d,normal,standard,True
SYN-CONT-004844,00000000-0000-0000-0000-00000000041c,40RF,14.4,inbound,00000000-0000-0000-0000-000000000130,normal,reefer,True
SYN-CONT-004845,00000000-0000-0000-0000-00000000041c,40RF,23.3,inbound,00000000-0000-0000-0000-000000000130,normal,reefer,True
SYN-CONT-004846,00000000-0000-0000-0000-00000000041c,20GP,17.9,inbound,00000000-0000-0000-0000-00000000012f,normal,reefer,True
SYN-CONT-004847,00000000-0000-0000-0000-00000000041c,40GP,23.0,inbound,00000000-0000-0000-0000-000000000131,normal,standard,True
SYN-CONT-004848,00000000-0000-0000-0000-00000000041c,40GP,11.8,inbound,00000000-0000-0000-0000-00000000012d,normal,reefer,True
SYN-CONT-004849,00000000-0000-0000-0000-00000000041c,40RF,23.4,inbound,00000000-0000-0000-0000-00000000012c,normal,reefer,True
SYN-CONT-004850,00000000-0000-0000-0000-00000000041c,40RF,16.0,inbound,00000000-0000-0000-0000-00000000012c,normal,reefer,True
SYN-CONT-004851,00000000-0000-0000-0000-00000000041c,20GP,21.7,inbound,00000000-0000-0000-0000-00000000012f,normal,standard,True
SYN-CONT-004852,00000000-0000-0000-0000-00000000041c,40GP,13.7,inbound,00000000-0000-0000-0000-000000000131,normal,standard,True
SYN-CONT-004853,00000000-0000-0000-0000-00000000041c,40GP,16.7,inbound,00000000-0000-0000-0000-00000000012d,normal,standard,True
SYN-CONT-004854,00000000-0000-0000-0000-00000000041c,40HC,19.3,inbound,00000000-0000-0000-0000-00000000012d,normal,hazardous,True
SYN-CONT-004855,00000000-0000-0000-0000-00000000041c,40HC,28.1,inbound,00000000-0000-0000-0000-00000000012e,normal,hazardous,True
SYN-CONT-004856,00000000-0000-0000-0000-00000000041c,40GP,8.3,inbound,00000000-0000-0000-0000-000000000131,normal,standard,True
SYN-CONT-004857,00000000-0000-0000-0000-00000000041c,20GP,9.6,inbound,00000000-0000-0000-0000-00000000012f,normal,hazardous,True
SYN-CONT-004858,00000000-0000-0000-0000-00000000041c,40RF,18.7,inbound,00000000-0000-0000-0000-00000000012e,normal,reefer,True
SYN-CONT-004859,00000000-0000-0000-0000-00000000041c,20GP,15.8,inbound,00000000-0000-0000-0000-00000000012d,normal,reefer,True
SYN-CONT-004860,00000000-0000-0000-0000-00000000041c,40HC,13.7,inbound,00000000-0000-0000-0000-000000000131,normal,standard,True
SYN-CONT-004861,00000000-0000-0000-0000-00000000041c,40HC,13.9,inbound,00000000-0000-0000-0000-00000000012c,normal,standard,True
SYN-CONT-004862,00000000-0000-0000-0000-00000000041c,40GP,27.8,inbound,00000000-0000-0000-0000-000000000131,normal,hazardous,True
SYN-CONT-004863,00000000-0000-0000-0000-00000000041c,20GP,21.6,inbound,00000000-0000-0000-0000-00000000012d,normal,reefer,True
SYN-CONT-004864,00000000-0000-0000-0000-00000000041d,40RF,23.9,inbound,00000000-0000-0000-0000-000000000130,low,reefer,True
SYN-CONT-004865,00000000-0000-0000-0000-00000000041d,20GP,22.4,inbound,00000000-0000-0000-0000-000000000131,low,standard,True
SYN-CONT-004866,00000000-0000-0000-0000-00000000041d,40HC,22.5,inbound,00000000-0000-0000-0000-00000000012c,low,standard,True
SYN-CONT-004867,00000000-0000-0000-0000-00000000041d,40GP,18.3,inbound,00000000-0000-0000-0000-000000000130,low,hazardous,True
SYN-CONT-004868,00000000-0000-0000-0000-00000000041d,40HC,24.5,inbound,00000000-0000-0000-0000-000000000130,low,hazardous,True
SYN-CONT-004869,00000000-0000-0000-0000-00000000041d,40RF,30.2,inbound,00000000-0000-0000-0000-000000000130,low,reefer,True
SYN-CONT-004870,00000000-0000-0000-0000-00000000041d,40GP,9.4,inbound,00000000-0000-0000-0000-00000000012e,low,hazardous,True
SYN-CONT-004871,00000000-0000-0000-0000-00000000041d,40RF,21.0,inbound,00000000-0000-0000-0000-00000000012d,low,reefer,True
SYN-CONT-004872,00000000-0000-0000-0000-00000000041d,40RF,10.4,inbound,00000000-0000-0000-0000-00000000012f,low,reefer,True
SYN-CONT-004873,00000000-0000-0000-0000-00000000041d,40GP,16.5,inbound,00000000-0000-0000-0000-00000000012c,low,standard,True
SYN-CONT-004874,00000000-0000-0000-0000-00000000041d,20GP,20.2,inbound,00000000-0000-0000-0000-00000000012f,low,hazardous,True
SYN-CONT-004875,00000000-0000-0000-0000-00000000041d,40HC,14.0,inbound,00000000-0000-0000-0000-00000000012d,low,standard,True
SYN-CONT-004876,00000000-0000-0000-0000-00000000041d,40GP,18.1,inbound,00000000-0000-0000-0000-000000000130,low,hazardous,True
SYN-CONT-004877,00000000-0000-0000-0000-00000000041d,40GP,20.8,inbound,00000000-0000-0000-0000-00000000012c,low,standard,True
SYN-CONT-004878,00000000-0000-0000-0000-00000000041d,40GP,30.2,inbound,00000000-0000-0000-0000-000000000131,low,standard,True
SYN-CONT-004879,00000000-0000-0000-0000-00000000041d,40RF,8.7,inbound,00000000-0000-0000-0000-00000000012d,low,reefer,True
SYN-CONT-004880,00000000-0000-0000-0000-00000000041d,40GP,19.6,inbound,00000000-0000-0000-0000-000000000130,low,standard,True
SYN-CONT-004881,00000000-0000-0000-0000-00000000041d,20GP,20.5,inbound,00000000-0000-0000-0000-00000000012d,low,hazardous,True
SYN-CONT-004882,00000000-0000-0000-0000-00000000041d,40GP,10.7,inbound,00000000-0000-0000-0000-00000000012c,low,standard,True
SYN-CONT-004883,00000000-0000-0000-0000-00000000041d,20GP,13.2,inbound,00000000-0000-0000-0000-00000000012c,low,standard,True
SYN-CONT-004884,00000000-0000-0000-0000-00000000041d,20GP,23.6,inbound,00000000-0000-0000-0000-00000000012f,low,standard,True
SYN-CONT-004885,00000000-0000-0000-0000-00000000041d,40RF,17.8,inbound,00000000-0000-0000-0000-00000000012c,low,reefer,True
SYN-CONT-004886,00000000-0000-0000-0000-00000000041d,20GP,19.4,inbound,00000000-0000-0000-0000-000000000131,low,standard,True
SYN-CONT-004887,00000000-0000-0000-0000-00000000041d,40RF,24.1,inbound,00000000-0000-0000-0000-00000000012c,low,reefer,True
SYN-CONT-004888,00000000-0000-0000-0000-00000000041d,20GP,9.9,inbound,00000000-0000-0000-0000-00000000012e,low,hazardous,True
SYN-CONT-004889,00000000-0000-0000-0000-00000000041d,40GP,16.6,inbound,00000000-0000-0000-0000-00000000012c,low,standard,True
SYN-CONT-004890,00000000-0000-0000-0000-00000000041d,40HC,28.6,inbound,00000000-0000-0000-0000-00000000012d,low,standard,True
SYN-CONT-004891,00000000-0000-0000-0000-00000000041d,40HC,22.6,inbound,00000000-0000-0000-0000-000000000131,low,standard,True
SYN-CONT-004892,00000000-0000-0000-0000-00000000041d,20GP,19.5,inbound,00000000-0000-0000-0000-00000000012c,low,hazardous,True
SYN-CONT-004893,00000000-0000-0000-0000-00000000041d,40RF,14.2,inbound,00000000-0000-0000-0000-000000000130,low,reefer,True
SYN-CONT-004894,00000000-0000-0000-0000-00000000041d,40GP,15.1,inbound,00000000-0000-0000-0000-00000000012f,low,standard,True
SYN-CONT-004895,00000000-0000-0000-0000-00000000041d,40HC,8.8,inbound,00000000-0000-0000-0000-00000000012d,low,standard,True
SYN-CONT-004896,00000000-0000-0000-0000-00000000041d,20GP,26.8,inbound,00000000-0000-0000-0000-00000000012f,low,reefer,True
SYN-CONT-004897,00000000-0000-0000-0000-00000000041d,40GP,16.3,inbound,00000000-0000-0000-0000-00000000012e,low,standard,True
SYN-CONT-004898,00000000-0000-0000-0000-00000000041d,40HC,16.5,inbound,00000000-0000-0000-0000-00000000012c,low,hazardous,True
SYN-CONT-004899,00000000-0000-0000-0000-00000000041d,40HC,28.3,inbound,00000000-0000-0000-0000-00000000012c,low,standard,True
SYN-CONT-004900,00000000-0000-0000-0000-00000000041d,40RF,17.7,inbound,00000000-0000-0000-0000-000000000131,low,reefer,True
SYN-CONT-004901,00000000-0000-0000-0000-00000000041d,40RF,17.5,inbound,00000000-0000-0000-0000-00000000012c,low,reefer,True
SYN-CONT-004902,00000000-0000-0000-0000-00000000041d,20GP,28.4,inbound,00000000-0000-0000-0000-00000000012f,low,standard,True
SYN-CONT-004903,00000000-0000-0000-0000-00000000041d,40HC,27.5,inbound,00000000-0000-0000-0000-000000000131,low,standard,True
SYN-CONT-004904,00000000-0000-0000-0000-00000000041d,20GP,30.2,inbound,00000000-0000-0000-0000-00000000012c,low,standard,True
SYN-CONT-004905,00000000-0000-0000-0000-00000000041d,40RF,20.2,inbound,00000000-0000-0000-0000-00000000012c,low,reefer,True
SYN-CONT-004906,00000000-0000-0000-0000-00000000041d,40RF,21.8,inbound,00000000-0000-0000-0000-000000000130,low,reefer,True
SYN-CONT-004907,00000000-0000-0000-0000-00000000041d,40HC,18.6,inbound,00000000-0000-0000-0000-000000000130,low,hazardous,True
SYN-CONT-004908,00000000-0000-0000-0000-00000000041d,20GP,25.4,inbound,00000000-0000-0000-0000-00000000012d,low,standard,True
SYN-CONT-004909,00000000-0000-0000-0000-00000000041d,40RF,17.4,inbound,00000000-0000-0000-0000-00000000012d,low,reefer,True
SYN-CONT-004910,00000000-0000-0000-0000-00000000041d,40HC,11.2,inbound,00000000-0000-0000-0000-000000000130,low,hazardous,True
SYN-CONT-004911,00000000-0000-0000-0000-00000000041d,40RF,11.6,inbound,00000000-0000-0000-0000-000000000130,low,reefer,True
SYN-CONT-004912,00000000-0000-0000-0000-00000000041d,40RF,25.7,inbound,00000000-0000-0000-0000-000000000130,low,reefer,True
SYN-CONT-004913,00000000-0000-0000-0000-00000000041d,40GP,17.8,inbound,00000000-0000-0000-0000-000000000130,low,hazardous,True
SYN-CONT-004914,00000000-0000-0000-0000-00000000041d,20GP,19.9,inbound,00000000-0000-0000-0000-000000000131,low,reefer,True
SYN-CONT-004915,00000000-0000-0000-0000-00000000041d,40RF,25.6,inbound,00000000-0000-0000-0000-00000000012c,low,reefer,True
SYN-CONT-004916,00000000-0000-0000-0000-00000000041d,40HC,16.3,inbound,00000000-0000-0000-0000-000000000130,low,standard,True
SYN-CONT-004917,00000000-0000-0000-0000-00000000041d,40RF,12.1,inbound,00000000-0000-0000-0000-00000000012f,low,reefer,True
SYN-CONT-004918,00000000-0000-0000-0000-00000000041d,20GP,18.2,inbound,00000000-0000-0000-0000-00000000012f,low,hazardous,True
SYN-CONT-004919,00000000-0000-0000-0000-00000000041d,20GP,13.3,inbound,00000000-0000-0000-0000-00000000012c,low,hazardous,True
SYN-CONT-004920,00000000-0000-0000-0000-00000000041d,20GP,17.7,inbound,00000000-0000-0000-0000-000000000131,low,standard,True
SYN-CONT-004921,00000000-0000-0000-0000-00000000041d,40HC,27.1,inbound,00000000-0000-0000-0000-000000000131,low,reefer,True
SYN-CONT-004922,00000000-0000-0000-0000-00000000041d,40GP,8.3,inbound,00000000-0000-0000-0000-00000000012c,low,reefer,True
SYN-CONT-004923,00000000-0000-0000-0000-00000000041d,20GP,16.3,inbound,00000000-0000-0000-0000-00000000012d,low,hazardous,True
SYN-CONT-004924,00000000-0000-0000-0000-00000000041d,20GP,16.1,inbound,00000000-0000-0000-0000-000000000130,low,reefer,True
SYN-CONT-004925,00000000-0000-0000-0000-00000000041d,40HC,18.4,inbound,00000000-0000-0000-0000-00000000012f,low,standard,True
SYN-CONT-004926,00000000-0000-0000-0000-00000000041d,40HC,23.1,inbound,00000000-0000-0000-0000-00000000012d,low,standard,True
SYN-CONT-004927,00000000-0000-0000-0000-00000000041d,40RF,14.7,inbound,00000000-0000-0000-0000-000000000130,low,reefer,True
SYN-CONT-004928,00000000-0000-0000-0000-00000000041d,40GP,10.2,inbound,00000000-0000-0000-0000-000000000131,low,standard,True
SYN-CONT-004929,00000000-0000-0000-0000-00000000041d,40GP,10.1,inbound,00000000-0000-0000-0000-000000000131,low,standard,True
SYN-CONT-004930,00000000-0000-0000-0000-00000000041d,40RF,29.1,inbound,00000000-0000-0000-0000-00000000012f,low,reefer,True
SYN-CONT-004931,00000000-0000-0000-0000-00000000041d,40HC,11.7,inbound,00000000-0000-0000-0000-000000000130,low,standard,True
SYN-CONT-004932,00000000-0000-0000-0000-00000000041d,40RF,15.5,inbound,00000000-0000-0000-0000-000000000130,low,reefer,True
SYN-CONT-004933,00000000-0000-0000-0000-00000000041d,20GP,9.2,inbound,00000000-0000-0000-0000-000000000131,low,reefer,True
SYN-CONT-004934,00000000-0000-0000-0000-00000000041d,40HC,14.0,inbound,00000000-0000-0000-0000-00000000012d,low,standard,True
SYN-CONT-004935,00000000-0000-0000-0000-00000000041d,20GP,15.8,inbound,00000000-0000-0000-0000-00000000012e,low,hazardous,True
SYN-CONT-004936,00000000-0000-0000-0000-00000000041d,40HC,26.8,inbound,00000000-0000-0000-0000-00000000012c,low,reefer,True
SYN-CONT-004937,00000000-0000-0000-0000-00000000041d,40HC,25.5,inbound,00000000-0000-0000-0000-00000000012d,low,reefer,True
SYN-CONT-004938,00000000-0000-0000-0000-00000000041d,20GP,11.2,inbound,00000000-0000-0000-0000-00000000012e,low,hazardous,True
SYN-CONT-004939,00000000-0000-0000-0000-00000000041d,40RF,26.7,inbound,00000000-0000-0000-0000-000000000131,low,reefer,True
SYN-CONT-004940,00000000-0000-0000-0000-00000000041d,20GP,9.4,inbound,00000000-0000-0000-0000-00000000012f,low,standard,True
SYN-CONT-004941,00000000-0000-0000-0000-00000000041d,40GP,17.2,inbound,00000000-0000-0000-0000-00000000012c,low,standard,True
SYN-CONT-004942,00000000-0000-0000-0000-00000000041d,40RF,11.9,inbound,00000000-0000-0000-0000-00000000012d,low,reefer,True
SYN-CONT-004943,00000000-0000-0000-0000-00000000041d,40HC,30.3,inbound,00000000-0000-0000-0000-000000000130,low,reefer,True
SYN-CONT-004944,00000000-0000-0000-0000-00000000041d,40GP,21.7,inbound,00000000-0000-0000-0000-000000000131,low,hazardous,True
SYN-CONT-004945,00000000-0000-0000-0000-00000000041d,40HC,9.3,inbound,00000000-0000-0000-0000-00000000012f,low,standard,True
SYN-CONT-004946,00000000-0000-0000-0000-00000000041d,40GP,23.5,inbound,00000000-0000-0000-0000-000000000131,low,standard,True
SYN-CONT-004947,00000000-0000-0000-0000-00000000041d,40RF,13.4,inbound,00000000-0000-0000-0000-00000000012d,low,reefer,True
SYN-CONT-004948,00000000-0000-0000-0000-00000000041d,40RF,9.6,inbound,00000000-0000-0000-0000-000000000130,low,reefer,True
SYN-CONT-004949,00000000-0000-0000-0000-00000000041d,40HC,18.8,inbound,00000000-0000-0000-0000-00000000012c,low,standard,True
SYN-CONT-004950,00000000-0000-0000-0000-00000000041d,40HC,22.4,inbound,00000000-0000-0000-0000-00000000012c,low,hazardous,True
SYN-CONT-004951,00000000-0000-0000-0000-00000000041d,20GP,20.9,inbound,00000000-0000-0000-0000-00000000012c,low,standard,True
SYN-CONT-004952,00000000-0000-0000-0000-00000000041d,40GP,27.9,inbound,00000000-0000-0000-0000-00000000012c,low,reefer,True
SYN-CONT-004953,00000000-0000-0000-0000-00000000041d,20GP,12.2,inbound,00000000-0000-0000-0000-00000000012c,low,standard,True
SYN-CONT-004954,00000000-0000-0000-0000-00000000041d,20GP,13.1,inbound,00000000-0000-0000-0000-00000000012f,low,standard,True
SYN-CONT-004955,00000000-0000-0000-0000-00000000041e,20GP,11.1,inbound,00000000-0000-0000-0000-00000000012c,normal,hazardous,True
SYN-CONT-004956,00000000-0000-0000-0000-00000000041e,20GP,9.6,inbound,00000000-0000-0000-0000-00000000012f,normal,reefer,True
SYN-CONT-004957,00000000-0000-0000-0000-00000000041e,40HC,8.1,inbound,00000000-0000-0000-0000-00000000012f,normal,standard,True
SYN-CONT-004958,00000000-0000-0000-0000-00000000041e,40HC,27.7,inbound,00000000-0000-0000-0000-000000000130,normal,standard,True
SYN-CONT-004959,00000000-0000-0000-0000-00000000041e,40HC,24.0,inbound,00000000-0000-0000-0000-000000000131,normal,hazardous,True
SYN-CONT-004960,00000000-0000-0000-0000-00000000041e,40HC,26.2,inbound,00000000-0000-0000-0000-00000000012d,normal,standard,True
SYN-CONT-004961,00000000-0000-0000-0000-00000000041e,40RF,17.3,inbound,00000000-0000-0000-0000-000000000130,normal,reefer,True
SYN-CONT-004962,00000000-0000-0000-0000-00000000041e,40GP,15.8,inbound,00000000-0000-0000-0000-000000000130,normal,reefer,True
SYN-CONT-004963,00000000-0000-0000-0000-00000000041e,40HC,29.5,inbound,00000000-0000-0000-0000-00000000012c,normal,standard,True
SYN-CONT-004964,00000000-0000-0000-0000-00000000041e,40RF,26.8,inbound,00000000-0000-0000-0000-00000000012c,normal,reefer,True
SYN-CONT-004965,00000000-0000-0000-0000-00000000041e,40GP,12.5,inbound,00000000-0000-0000-0000-00000000012e,normal,reefer,True
SYN-CONT-004966,00000000-0000-0000-0000-00000000041e,20GP,28.3,inbound,00000000-0000-0000-0000-000000000131,normal,standard,True
SYN-CONT-004967,00000000-0000-0000-0000-00000000041e,20GP,13.8,inbound,00000000-0000-0000-0000-00000000012c,normal,standard,True
SYN-CONT-004968,00000000-0000-0000-0000-00000000041e,40GP,25.4,inbound,00000000-0000-0000-0000-000000000131,normal,standard,True
SYN-CONT-004969,00000000-0000-0000-0000-00000000041e,40RF,13.0,inbound,00000000-0000-0000-0000-00000000012d,normal,reefer,True
SYN-CONT-004970,00000000-0000-0000-0000-00000000041e,20GP,28.1,inbound,00000000-0000-0000-0000-00000000012d,normal,reefer,True
SYN-CONT-004971,00000000-0000-0000-0000-00000000041e,40HC,13.8,inbound,00000000-0000-0000-0000-00000000012d,normal,reefer,True
SYN-CONT-004972,00000000-0000-0000-0000-00000000041e,40HC,17.5,inbound,00000000-0000-0000-0000-00000000012c,normal,standard,True
SYN-CONT-004973,00000000-0000-0000-0000-00000000041e,40RF,27.4,inbound,00000000-0000-0000-0000-000000000130,normal,reefer,True
SYN-CONT-004974,00000000-0000-0000-0000-00000000041e,40RF,8.9,inbound,00000000-0000-0000-0000-00000000012f,normal,reefer,True
SYN-CONT-004975,00000000-0000-0000-0000-00000000041e,40RF,12.4,inbound,00000000-0000-0000-0000-000000000130,normal,reefer,True
SYN-CONT-004976,00000000-0000-0000-0000-00000000041e,40GP,28.0,inbound,00000000-0000-0000-0000-000000000130,normal,standard,True
SYN-CONT-004977,00000000-0000-0000-0000-00000000041e,40GP,14.8,inbound,00000000-0000-0000-0000-00000000012d,normal,hazardous,True
SYN-CONT-004978,00000000-0000-0000-0000-00000000041e,40HC,16.6,inbound,00000000-0000-0000-0000-000000000131,normal,standard,True
SYN-CONT-004979,00000000-0000-0000-0000-00000000041e,40HC,28.6,inbound,00000000-0000-0000-0000-000000000130,normal,reefer,True
SYN-CONT-004980,00000000-0000-0000-0000-00000000041e,20GP,15.5,inbound,00000000-0000-0000-0000-00000000012f,normal,standard,True
SYN-CONT-004981,00000000-0000-0000-0000-00000000041e,40RF,28.9,inbound,00000000-0000-0000-0000-000000000131,normal,reefer,True
SYN-CONT-004982,00000000-0000-0000-0000-00000000041e,20GP,16.1,inbound,00000000-0000-0000-0000-000000000130,normal,reefer,True
SYN-CONT-004983,00000000-0000-0000-0000-00000000041e,40HC,9.8,inbound,00000000-0000-0000-0000-00000000012f,normal,standard,True
SYN-CONT-004984,00000000-0000-0000-0000-00000000041e,40GP,20.7,inbound,00000000-0000-0000-0000-000000000131,normal,standard,True
SYN-CONT-004985,00000000-0000-0000-0000-00000000041e,20GP,8.8,inbound,00000000-0000-0000-0000-00000000012e,normal,hazardous,True
SYN-CONT-004986,00000000-0000-0000-0000-00000000041e,40HC,9.0,inbound,00000000-0000-0000-0000-000000000131,normal,standard,True
SYN-CONT-004987,00000000-0000-0000-0000-00000000041e,40HC,23.0,inbound,00000000-0000-0000-0000-000000000130,normal,standard,True
SYN-CONT-004988,00000000-0000-0000-0000-00000000041e,20GP,10.2,inbound,00000000-0000-0000-0000-00000000012c,normal,standard,True
SYN-CONT-004989,00000000-0000-0000-0000-00000000041e,20GP,25.5,inbound,00000000-0000-0000-0000-00000000012f,normal,reefer,True
SYN-CONT-004990,00000000-0000-0000-0000-00000000041e,20GP,30.2,inbound,00000000-0000-0000-0000-00000000012c,normal,hazardous,True
SYN-CONT-004991,00000000-0000-0000-0000-00000000041e,40GP,26.1,inbound,00000000-0000-0000-0000-000000000131,normal,standard,True
SYN-CONT-004992,00000000-0000-0000-0000-00000000041e,40RF,23.3,inbound,00000000-0000-0000-0000-00000000012c,normal,reefer,True
SYN-CONT-004993,00000000-0000-0000-0000-00000000041e,40GP,22.3,inbound,00000000-0000-0000-0000-00000000012f,normal,standard,True
SYN-CONT-004994,00000000-0000-0000-0000-00000000041e,40HC,15.1,inbound,00000000-0000-0000-0000-00000000012e,normal,standard,True
SYN-CONT-004995,00000000-0000-0000-0000-00000000041e,20GP,30.5,inbound,00000000-0000-0000-0000-00000000012c,normal,standard,True
SYN-CONT-004996,00000000-0000-0000-0000-00000000041e,40GP,17.8,inbound,00000000-0000-0000-0000-00000000012e,normal,standard,True
SYN-CONT-004997,00000000-0000-0000-0000-00000000041e,40HC,8.2,inbound,00000000-0000-0000-0000-00000000012f,normal,standard,True
SYN-CONT-004998,00000000-0000-0000-0000-00000000041e,20GP,15.2,inbound,00000000-0000-0000-0000-00000000012e,normal,standard,True
SYN-CONT-004999,00000000-0000-0000-0000-00000000041e,40GP,28.4,inbound,00000000-0000-0000-0000-00000000012e,normal,standard,True
SYN-CONT-005000,00000000-0000-0000-0000-00000000041e,40HC,22.3,inbound,00000000-0000-0000-0000-000000000130,normal,reefer,True
SYN-CONT-005001,00000000-0000-0000-0000-00000000041e,40HC,17.9,inbound,00000000-0000-0000-0000-00000000012c,normal,standard,True
SYN-CONT-005002,00000000-0000-0000-0000-00000000041e,40RF,10.2,inbound,00000000-0000-0000-0000-00000000012f,normal,reefer,True
SYN-CONT-005003,00000000-0000-0000-0000-00000000041e,40GP,18.4,inbound,00000000-0000-0000-0000-000000000130,normal,standard,True
SYN-CONT-005004,00000000-0000-0000-0000-00000000041e,20GP,23.9,inbound,00000000-0000-0000-0000-000000000130,normal,standard,True
SYN-CONT-005005,00000000-0000-0000-0000-00000000041e,40HC,28.6,inbound,00000000-0000-0000-0000-000000000131,normal,standard,True
SYN-CONT-005006,00000000-0000-0000-0000-00000000041e,20GP,8.2,inbound,00000000-0000-0000-0000-00000000012f,normal,standard,True
SYN-CONT-005007,00000000-0000-0000-0000-00000000041e,40HC,12.9,inbound,00000000-0000-0000-0000-00000000012e,normal,hazardous,True
SYN-CONT-005008,00000000-0000-0000-0000-00000000041e,20GP,23.5,inbound,00000000-0000-0000-0000-000000000130,normal,standard,True
SYN-CONT-005009,00000000-0000-0000-0000-00000000041e,20GP,14.2,inbound,00000000-0000-0000-0000-00000000012d,normal,standard,True
SYN-CONT-005010,00000000-0000-0000-0000-00000000041e,20GP,17.6,inbound,00000000-0000-0000-0000-000000000130,normal,standard,True
SYN-CONT-005011,00000000-0000-0000-0000-00000000041e,40HC,9.6,inbound,00000000-0000-0000-0000-00000000012e,normal,standard,True
SYN-CONT-005012,00000000-0000-0000-0000-00000000041e,20GP,30.3,inbound,00000000-0000-0000-0000-00000000012e,normal,standard,True
SYN-CONT-005013,00000000-0000-0000-0000-00000000041e,40GP,16.1,inbound,00000000-0000-0000-0000-00000000012d,normal,hazardous,True
SYN-CONT-005014,00000000-0000-0000-0000-00000000041e,40HC,15.7,inbound,00000000-0000-0000-0000-00000000012c,normal,hazardous,True
SYN-CONT-005015,00000000-0000-0000-0000-00000000041e,40HC,9.6,inbound,00000000-0000-0000-0000-00000000012c,normal,reefer,True
SYN-CONT-005016,00000000-0000-0000-0000-00000000041e,40RF,29.7,inbound,00000000-0000-0000-0000-000000000130,normal,reefer,True
SYN-CONT-005017,00000000-0000-0000-0000-00000000041e,20GP,17.0,inbound,00000000-0000-0000-0000-00000000012f,normal,standard,True
SYN-CONT-005018,00000000-0000-0000-0000-00000000041e,20GP,20.3,inbound,00000000-0000-0000-0000-000000000131,normal,standard,True
SYN-CONT-005019,00000000-0000-0000-0000-00000000041e,40RF,18.7,inbound,00000000-0000-0000-0000-00000000012c,normal,reefer,True
SYN-CONT-005020,00000000-0000-0000-0000-00000000041e,40GP,19.3,inbound,00000000-0000-0000-0000-000000000131,normal,reefer,True
SYN-CONT-005021,00000000-0000-0000-0000-00000000041e,40GP,22.9,inbound,00000000-0000-0000-0000-000000000130,normal,standard,True
SYN-CONT-005022,00000000-0000-0000-0000-00000000041e,40HC,21.1,inbound,00000000-0000-0000-0000-00000000012e,normal,standard,True
SYN-CONT-005023,00000000-0000-0000-0000-00000000041e,40GP,8.1,inbound,00000000-0000-0000-0000-00000000012f,normal,standard,True
SYN-CONT-005024,00000000-0000-0000-0000-00000000041e,40RF,16.5,inbound,00000000-0000-0000-0000-00000000012d,normal,reefer,True
SYN-CONT-005025,00000000-0000-0000-0000-00000000041e,40HC,8.2,inbound,00000000-0000-0000-0000-00000000012d,normal,standard,True
SYN-CONT-005026,00000000-0000-0000-0000-00000000041e,40HC,9.6,inbound,00000000-0000-0000-0000-00000000012d,normal,standard,True
SYN-CONT-005027,00000000-0000-0000-0000-00000000041e,40RF,15.0,inbound,00000000-0000-0000-0000-00000000012d,normal,reefer,True
SYN-CONT-005028,00000000-0000-0000-0000-00000000041e,40RF,12.1,inbound,00000000-0000-0000-0000-00000000012c,normal,reefer,True
SYN-CONT-005029,00000000-0000-0000-0000-00000000041e,40RF,20.1,inbound,00000000-0000-0000-0000-00000000012d,normal,reefer,True
SYN-CONT-005030,00000000-0000-0000-0000-00000000041e,20GP,22.9,inbound,00000000-0000-0000-0000-000000000130,normal,standard,True
SYN-CONT-005031,00000000-0000-0000-0000-00000000041e,40GP,25.8,inbound,00000000-0000-0000-0000-00000000012e,normal,standard,True
SYN-CONT-005032,00000000-0000-0000-0000-00000000041e,40HC,9.6,inbound,00000000-0000-0000-0000-000000000131,normal,standard,True
SYN-CONT-005033,00000000-0000-0000-0000-00000000041e,20GP,8.9,inbound,00000000-0000-0000-0000-00000000012f,normal,hazardous,True
SYN-CONT-005034,00000000-0000-0000-0000-00000000041e,20GP,13.5,inbound,00000000-0000-0000-0000-000000000131,normal,standard,True
SYN-CONT-005035,00000000-0000-0000-0000-00000000041e,40RF,19.5,inbound,00000000-0000-0000-0000-00000000012d,normal,reefer,True
SYN-CONT-005036,00000000-0000-0000-0000-00000000041e,20GP,27.9,inbound,00000000-0000-0000-0000-00000000012c,normal,standard,True
SYN-CONT-005037,00000000-0000-0000-0000-00000000041e,20GP,16.8,inbound,00000000-0000-0000-0000-00000000012d,normal,reefer,True
SYN-CONT-005038,00000000-0000-0000-0000-00000000041e,40GP,28.9,inbound,00000000-0000-0000-0000-00000000012e,normal,hazardous,True
SYN-CONT-005039,00000000-0000-0000-0000-00000000041e,40HC,15.5,inbound,00000000-0000-0000-0000-000000000130,normal,reefer,True
SYN-CONT-005040,00000000-0000-0000-0000-00000000041e,40RF,15.3,inbound,00000000-0000-0000-0000-000000000130,normal,reefer,True
SYN-CONT-005041,00000000-0000-0000-0000-00000000041e,40GP,11.8,inbound,00000000-0000-0000-0000-000000000131,normal,standard,True
SYN-CONT-005042,00000000-0000-0000-0000-00000000041e,40RF,15.0,inbound,00000000-0000-0000-0000-00000000012f,normal,reefer,True
SYN-CONT-005043,00000000-0000-0000-0000-00000000041e,20GP,29.4,inbound,00000000-0000-0000-0000-00000000012d,normal,standard,True
SYN-CONT-005044,00000000-0000-0000-0000-00000000041e,40RF,23.1,inbound,00000000-0000-0000-0000-00000000012d,normal,reefer,True
SYN-CONT-005045,00000000-0000-0000-0000-00000000041e,20GP,18.3,inbound,00000000-0000-0000-0000-00000000012e,normal,standard,True
SYN-CONT-005046,00000000-0000-0000-0000-00000000041f,40GP,13.8,inbound,00000000-0000-0000-0000-00000000012f,high,standard,True
SYN-CONT-005047,00000000-0000-0000-0000-00000000041f,20GP,10.8,inbound,00000000-0000-0000-0000-00000000012f,high,hazardous,True
SYN-CONT-005048,00000000-0000-0000-0000-00000000041f,20GP,26.0,inbound,00000000-0000-0000-0000-00000000012d,high,standard,True
SYN-CONT-005049,00000000-0000-0000-0000-00000000041f,40GP,8.1,inbound,00000000-0000-0000-0000-00000000012d,high,hazardous,True
SYN-CONT-005050,00000000-0000-0000-0000-00000000041f,40RF,23.8,inbound,00000000-0000-0000-0000-00000000012d,high,reefer,True
SYN-CONT-005051,00000000-0000-0000-0000-00000000041f,20GP,24.3,inbound,00000000-0000-0000-0000-00000000012d,high,hazardous,True
SYN-CONT-005052,00000000-0000-0000-0000-00000000041f,20GP,28.4,inbound,00000000-0000-0000-0000-000000000130,high,standard,True
SYN-CONT-005053,00000000-0000-0000-0000-00000000041f,20GP,20.9,inbound,00000000-0000-0000-0000-00000000012f,high,hazardous,True
SYN-CONT-005054,00000000-0000-0000-0000-00000000041f,20GP,20.7,inbound,00000000-0000-0000-0000-00000000012f,high,standard,True
SYN-CONT-005055,00000000-0000-0000-0000-00000000041f,20GP,19.3,inbound,00000000-0000-0000-0000-00000000012d,high,standard,True
SYN-CONT-005056,00000000-0000-0000-0000-00000000041f,40HC,20.4,inbound,00000000-0000-0000-0000-00000000012c,high,standard,True
SYN-CONT-005057,00000000-0000-0000-0000-00000000041f,40HC,24.9,inbound,00000000-0000-0000-0000-000000000131,high,hazardous,True
SYN-CONT-005058,00000000-0000-0000-0000-00000000041f,40RF,11.8,inbound,00000000-0000-0000-0000-000000000131,high,reefer,True
SYN-CONT-005059,00000000-0000-0000-0000-00000000041f,20GP,20.5,inbound,00000000-0000-0000-0000-00000000012c,high,reefer,True
SYN-CONT-005060,00000000-0000-0000-0000-00000000041f,20GP,28.6,inbound,00000000-0000-0000-0000-00000000012f,high,standard,True
SYN-CONT-005061,00000000-0000-0000-0000-00000000041f,40GP,20.3,inbound,00000000-0000-0000-0000-00000000012f,high,standard,True
SYN-CONT-005062,00000000-0000-0000-0000-00000000041f,40GP,28.4,inbound,00000000-0000-0000-0000-00000000012f,high,hazardous,True
SYN-CONT-005063,00000000-0000-0000-0000-00000000041f,40GP,14.2,inbound,00000000-0000-0000-0000-00000000012e,high,hazardous,True
SYN-CONT-005064,00000000-0000-0000-0000-00000000041f,20GP,30.4,inbound,00000000-0000-0000-0000-00000000012d,high,standard,True
SYN-CONT-005065,00000000-0000-0000-0000-00000000041f,40GP,11.7,inbound,00000000-0000-0000-0000-00000000012c,high,reefer,True
SYN-CONT-005066,00000000-0000-0000-0000-00000000041f,40GP,12.8,inbound,00000000-0000-0000-0000-00000000012e,high,hazardous,True
SYN-CONT-005067,00000000-0000-0000-0000-00000000041f,40GP,11.0,inbound,00000000-0000-0000-0000-00000000012d,high,standard,True
SYN-CONT-005068,00000000-0000-0000-0000-00000000041f,20GP,10.0,inbound,00000000-0000-0000-0000-00000000012e,high,standard,True
SYN-CONT-005069,00000000-0000-0000-0000-00000000041f,40RF,30.2,inbound,00000000-0000-0000-0000-000000000131,high,reefer,True
SYN-CONT-005070,00000000-0000-0000-0000-00000000041f,40GP,28.8,inbound,00000000-0000-0000-0000-000000000130,high,standard,True
SYN-CONT-005071,00000000-0000-0000-0000-00000000041f,20GP,17.5,inbound,00000000-0000-0000-0000-00000000012e,high,standard,True
SYN-CONT-005072,00000000-0000-0000-0000-00000000041f,40GP,23.1,inbound,00000000-0000-0000-0000-000000000131,high,standard,True
SYN-CONT-005073,00000000-0000-0000-0000-00000000041f,20GP,8.8,inbound,00000000-0000-0000-0000-00000000012d,high,standard,True
SYN-CONT-005074,00000000-0000-0000-0000-00000000041f,20GP,29.1,inbound,00000000-0000-0000-0000-000000000131,high,standard,True
SYN-CONT-005075,00000000-0000-0000-0000-00000000041f,40GP,27.2,inbound,00000000-0000-0000-0000-00000000012d,high,standard,True
SYN-CONT-005076,00000000-0000-0000-0000-00000000041f,40RF,19.2,inbound,00000000-0000-0000-0000-00000000012d,high,reefer,True
SYN-CONT-005077,00000000-0000-0000-0000-00000000041f,20GP,16.4,inbound,00000000-0000-0000-0000-00000000012d,high,standard,True
SYN-CONT-005078,00000000-0000-0000-0000-00000000041f,20GP,19.3,inbound,00000000-0000-0000-0000-00000000012f,high,standard,True
SYN-CONT-005079,00000000-0000-0000-0000-00000000041f,40HC,17.2,inbound,00000000-0000-0000-0000-00000000012f,high,standard,True
SYN-CONT-005080,00000000-0000-0000-0000-00000000041f,40GP,23.3,inbound,00000000-0000-0000-0000-00000000012c,high,standard,True
SYN-CONT-005081,00000000-0000-0000-0000-00000000041f,40HC,13.2,inbound,00000000-0000-0000-0000-00000000012f,high,hazardous,True
SYN-CONT-005082,00000000-0000-0000-0000-00000000041f,40RF,18.3,inbound,00000000-0000-0000-0000-00000000012f,high,reefer,True
SYN-CONT-005083,00000000-0000-0000-0000-00000000041f,20GP,20.1,inbound,00000000-0000-0000-0000-00000000012d,high,hazardous,True
SYN-CONT-005084,00000000-0000-0000-0000-00000000041f,20GP,22.7,inbound,00000000-0000-0000-0000-000000000130,high,standard,True
SYN-CONT-005085,00000000-0000-0000-0000-00000000041f,20GP,23.4,inbound,00000000-0000-0000-0000-000000000131,high,reefer,True
SYN-CONT-005086,00000000-0000-0000-0000-00000000041f,20GP,14.7,inbound,00000000-0000-0000-0000-000000000130,high,reefer,True
SYN-CONT-005087,00000000-0000-0000-0000-00000000041f,20GP,21.1,inbound,00000000-0000-0000-0000-000000000130,high,standard,True
SYN-CONT-005088,00000000-0000-0000-0000-00000000041f,40GP,29.2,inbound,00000000-0000-0000-0000-00000000012c,high,standard,True
SYN-CONT-005089,00000000-0000-0000-0000-00000000041f,40HC,26.9,inbound,00000000-0000-0000-0000-000000000131,high,standard,True
SYN-CONT-005090,00000000-0000-0000-0000-00000000041f,40HC,22.0,inbound,00000000-0000-0000-0000-00000000012f,high,standard,True
SYN-CONT-005091,00000000-0000-0000-0000-00000000041f,40GP,20.8,inbound,00000000-0000-0000-0000-00000000012d,high,standard,True
SYN-CONT-005092,00000000-0000-0000-0000-00000000041f,20GP,19.0,inbound,00000000-0000-0000-0000-000000000130,high,reefer,True
SYN-CONT-005093,00000000-0000-0000-0000-00000000041f,20GP,17.1,inbound,00000000-0000-0000-0000-00000000012e,high,standard,True
SYN-CONT-005094,00000000-0000-0000-0000-00000000041f,40RF,26.9,inbound,00000000-0000-0000-0000-00000000012f,high,reefer,True
SYN-CONT-005095,00000000-0000-0000-0000-00000000041f,40RF,29.5,inbound,00000000-0000-0000-0000-00000000012c,high,reefer,True
SYN-CONT-005096,00000000-0000-0000-0000-00000000041f,40RF,13.3,inbound,00000000-0000-0000-0000-00000000012f,high,reefer,True
SYN-CONT-005097,00000000-0000-0000-0000-00000000041f,40GP,20.8,inbound,00000000-0000-0000-0000-00000000012f,high,standard,True
SYN-CONT-005098,00000000-0000-0000-0000-00000000041f,40HC,9.4,inbound,00000000-0000-0000-0000-000000000130,high,standard,True
SYN-CONT-005099,00000000-0000-0000-0000-00000000041f,40HC,14.8,inbound,00000000-0000-0000-0000-00000000012c,high,standard,True
SYN-CONT-005100,00000000-0000-0000-0000-00000000041f,40RF,29.7,inbound,00000000-0000-0000-0000-00000000012f,high,reefer,True
SYN-CONT-005101,00000000-0000-0000-0000-00000000041f,40GP,21.6,inbound,00000000-0000-0000-0000-00000000012d,high,standard,True
SYN-CONT-005102,00000000-0000-0000-0000-00000000041f,40GP,17.4,inbound,00000000-0000-0000-0000-00000000012c,high,hazardous,True
SYN-CONT-005103,00000000-0000-0000-0000-00000000041f,40HC,16.5,inbound,00000000-0000-0000-0000-00000000012f,high,hazardous,True
SYN-CONT-005104,00000000-0000-0000-0000-00000000041f,40GP,27.0,inbound,00000000-0000-0000-0000-00000000012f,high,standard,True
SYN-CONT-005105,00000000-0000-0000-0000-00000000041f,40GP,27.8,inbound,00000000-0000-0000-0000-00000000012c,high,reefer,True
SYN-CONT-005106,00000000-0000-0000-0000-00000000041f,20GP,29.8,inbound,00000000-0000-0000-0000-00000000012e,high,standard,True
SYN-CONT-005107,00000000-0000-0000-0000-00000000041f,40GP,23.0,inbound,00000000-0000-0000-0000-000000000131,high,reefer,True
SYN-CONT-005108,00000000-0000-0000-0000-00000000041f,40HC,23.6,inbound,00000000-0000-0000-0000-00000000012e,high,hazardous,True
SYN-CONT-005109,00000000-0000-0000-0000-00000000041f,40GP,23.3,inbound,00000000-0000-0000-0000-000000000130,high,standard,True
SYN-CONT-005110,00000000-0000-0000-0000-00000000041f,20GP,24.5,inbound,00000000-0000-0000-0000-000000000130,high,hazardous,True
SYN-CONT-005111,00000000-0000-0000-0000-00000000041f,20GP,28.9,inbound,00000000-0000-0000-0000-00000000012d,high,hazardous,True
SYN-CONT-005112,00000000-0000-0000-0000-00000000041f,40GP,28.4,inbound,00000000-0000-0000-0000-000000000131,high,standard,True
SYN-CONT-005113,00000000-0000-0000-0000-00000000041f,20GP,20.8,inbound,00000000-0000-0000-0000-00000000012f,high,hazardous,True
SYN-CONT-005114,00000000-0000-0000-0000-00000000041f,40HC,12.5,inbound,00000000-0000-0000-0000-00000000012e,high,standard,True
SYN-CONT-005115,00000000-0000-0000-0000-00000000041f,40GP,24.2,inbound,00000000-0000-0000-0000-00000000012e,high,standard,True
SYN-CONT-005116,00000000-0000-0000-0000-00000000041f,40RF,29.9,inbound,00000000-0000-0000-0000-00000000012d,high,reefer,True
SYN-CONT-005117,00000000-0000-0000-0000-00000000041f,40HC,16.2,inbound,00000000-0000-0000-0000-00000000012d,high,standard,True
SYN-CONT-005118,00000000-0000-0000-0000-00000000041f,40GP,13.9,inbound,00000000-0000-0000-0000-00000000012d,high,standard,True
SYN-CONT-005119,00000000-0000-0000-0000-00000000041f,20GP,9.7,inbound,00000000-0000-0000-0000-000000000131,high,standard,True
SYN-CONT-005120,00000000-0000-0000-0000-00000000041f,40HC,19.2,inbound,00000000-0000-0000-0000-00000000012c,high,hazardous,True
SYN-CONT-005121,00000000-0000-0000-0000-00000000041f,40HC,16.3,inbound,00000000-0000-0000-0000-00000000012f,high,standard,True
SYN-CONT-005122,00000000-0000-0000-0000-00000000041f,40RF,28.6,inbound,00000000-0000-0000-0000-000000000130,high,reefer,True
SYN-CONT-005123,00000000-0000-0000-0000-00000000041f,40HC,15.4,inbound,00000000-0000-0000-0000-00000000012f,high,reefer,True
SYN-CONT-005124,00000000-0000-0000-0000-00000000041f,40RF,21.2,inbound,00000000-0000-0000-0000-000000000131,high,reefer,True
SYN-CONT-005125,00000000-0000-0000-0000-00000000041f,40HC,29.3,inbound,00000000-0000-0000-0000-00000000012e,high,standard,True
SYN-CONT-005126,00000000-0000-0000-0000-00000000041f,40GP,16.3,inbound,00000000-0000-0000-0000-00000000012f,high,reefer,True
SYN-CONT-005127,00000000-0000-0000-0000-00000000041f,40HC,16.7,inbound,00000000-0000-0000-0000-000000000131,high,reefer,True
SYN-CONT-005128,00000000-0000-0000-0000-00000000041f,40RF,29.7,inbound,00000000-0000-0000-0000-00000000012c,high,reefer,True
SYN-CONT-005129,00000000-0000-0000-0000-00000000041f,40RF,12.7,inbound,00000000-0000-0000-0000-00000000012e,high,reefer,True
SYN-CONT-005130,00000000-0000-0000-0000-00000000041f,40GP,12.0,inbound,00000000-0000-0000-0000-00000000012e,high,standard,True
SYN-CONT-005131,00000000-0000-0000-0000-00000000041f,40HC,20.0,inbound,00000000-0000-0000-0000-00000000012c,high,standard,True
SYN-CONT-005132,00000000-0000-0000-0000-00000000041f,40HC,28.6,inbound,00000000-0000-0000-0000-00000000012e,high,hazardous,True
SYN-CONT-005133,00000000-0000-0000-0000-00000000041f,20GP,12.2,inbound,00000000-0000-0000-0000-00000000012f,high,standard,True
SYN-CONT-005134,00000000-0000-0000-0000-00000000041f,40GP,25.7,inbound,00000000-0000-0000-0000-00000000012e,high,standard,True
SYN-CONT-005135,00000000-0000-0000-0000-00000000041f,40RF,16.9,inbound,00000000-0000-0000-0000-00000000012f,high,reefer,True
SYN-CONT-005136,00000000-0000-0000-0000-00000000041f,40GP,27.2,inbound,00000000-0000-0000-0000-00000000012d,high,standard,True
SYN-CONT-005137,00000000-0000-0000-0000-000000000420,20GP,27.6,inbound,00000000-0000-0000-0000-00000000012e,normal,reefer,True
SYN-CONT-005138,00000000-0000-0000-0000-000000000420,40GP,16.3,inbound,00000000-0000-0000-0000-000000000131,normal,standard,True
SYN-CONT-005139,00000000-0000-0000-0000-000000000420,20GP,12.1,inbound,00000000-0000-0000-0000-00000000012c,normal,standard,True
SYN-CONT-005140,00000000-0000-0000-0000-000000000420,40HC,30.4,inbound,00000000-0000-0000-0000-00000000012e,normal,standard,True
SYN-CONT-005141,00000000-0000-0000-0000-000000000420,40GP,25.8,inbound,00000000-0000-0000-0000-00000000012d,normal,standard,True
SYN-CONT-005142,00000000-0000-0000-0000-000000000420,40RF,26.4,inbound,00000000-0000-0000-0000-00000000012e,normal,reefer,True
SYN-CONT-005143,00000000-0000-0000-0000-000000000420,40HC,12.8,inbound,00000000-0000-0000-0000-00000000012c,normal,standard,True
SYN-CONT-005144,00000000-0000-0000-0000-000000000420,40RF,20.7,inbound,00000000-0000-0000-0000-00000000012d,normal,reefer,True
SYN-CONT-005145,00000000-0000-0000-0000-000000000420,40RF,13.1,inbound,00000000-0000-0000-0000-000000000131,normal,reefer,True
SYN-CONT-005146,00000000-0000-0000-0000-000000000420,20GP,20.0,inbound,00000000-0000-0000-0000-000000000131,normal,standard,True
SYN-CONT-005147,00000000-0000-0000-0000-000000000420,20GP,29.2,inbound,00000000-0000-0000-0000-00000000012e,normal,reefer,True
SYN-CONT-005148,00000000-0000-0000-0000-000000000420,40GP,29.0,inbound,00000000-0000-0000-0000-00000000012c,normal,standard,True
SYN-CONT-005149,00000000-0000-0000-0000-000000000420,40HC,18.0,inbound,00000000-0000-0000-0000-000000000130,normal,hazardous,True
SYN-CONT-005150,00000000-0000-0000-0000-000000000420,40HC,11.5,inbound,00000000-0000-0000-0000-00000000012e,normal,standard,True
SYN-CONT-005151,00000000-0000-0000-0000-000000000420,40HC,17.7,inbound,00000000-0000-0000-0000-000000000130,normal,standard,True
SYN-CONT-005152,00000000-0000-0000-0000-000000000420,40RF,13.8,inbound,00000000-0000-0000-0000-000000000131,normal,reefer,True
SYN-CONT-005153,00000000-0000-0000-0000-000000000420,40RF,9.1,inbound,00000000-0000-0000-0000-00000000012f,normal,reefer,True
SYN-CONT-005154,00000000-0000-0000-0000-000000000420,40GP,27.6,inbound,00000000-0000-0000-0000-000000000131,normal,standard,True
SYN-CONT-005155,00000000-0000-0000-0000-000000000420,20GP,17.2,inbound,00000000-0000-0000-0000-00000000012e,normal,hazardous,True
SYN-CONT-005156,00000000-0000-0000-0000-000000000420,40GP,28.4,inbound,00000000-0000-0000-0000-00000000012f,normal,standard,True
SYN-CONT-005157,00000000-0000-0000-0000-000000000420,40RF,11.0,inbound,00000000-0000-0000-0000-00000000012f,normal,reefer,True
SYN-CONT-005158,00000000-0000-0000-0000-000000000420,40RF,23.3,inbound,00000000-0000-0000-0000-00000000012f,normal,reefer,True
SYN-CONT-005159,00000000-0000-0000-0000-000000000420,40GP,18.5,inbound,00000000-0000-0000-0000-00000000012c,normal,standard,True
SYN-CONT-005160,00000000-0000-0000-0000-000000000420,40HC,22.5,inbound,00000000-0000-0000-0000-00000000012c,normal,standard,True
SYN-CONT-005161,00000000-0000-0000-0000-000000000420,40HC,26.3,inbound,00000000-0000-0000-0000-000000000130,normal,standard,True
SYN-CONT-005162,00000000-0000-0000-0000-000000000420,20GP,28.9,inbound,00000000-0000-0000-0000-00000000012e,normal,standard,True
SYN-CONT-005163,00000000-0000-0000-0000-000000000420,40HC,22.8,inbound,00000000-0000-0000-0000-00000000012c,normal,hazardous,True
SYN-CONT-005164,00000000-0000-0000-0000-000000000420,20GP,28.7,inbound,00000000-0000-0000-0000-00000000012f,normal,standard,True
SYN-CONT-005165,00000000-0000-0000-0000-000000000420,40GP,9.5,inbound,00000000-0000-0000-0000-00000000012d,normal,standard,True
SYN-CONT-005166,00000000-0000-0000-0000-000000000420,40HC,22.9,inbound,00000000-0000-0000-0000-00000000012d,normal,reefer,True
SYN-CONT-005167,00000000-0000-0000-0000-000000000420,20GP,8.6,inbound,00000000-0000-0000-0000-00000000012e,normal,reefer,True
SYN-CONT-005168,00000000-0000-0000-0000-000000000420,40GP,23.6,inbound,00000000-0000-0000-0000-00000000012c,normal,hazardous,True
SYN-CONT-005169,00000000-0000-0000-0000-000000000420,40GP,19.9,inbound,00000000-0000-0000-0000-000000000131,normal,reefer,True
SYN-CONT-005170,00000000-0000-0000-0000-000000000420,20GP,30.4,inbound,00000000-0000-0000-0000-00000000012c,normal,reefer,True
SYN-CONT-005171,00000000-0000-0000-0000-000000000420,40GP,12.5,inbound,00000000-0000-0000-0000-000000000130,normal,standard,True
SYN-CONT-005172,00000000-0000-0000-0000-000000000420,40HC,24.0,inbound,00000000-0000-0000-0000-000000000130,normal,standard,True
SYN-CONT-005173,00000000-0000-0000-0000-000000000420,40RF,12.0,inbound,00000000-0000-0000-0000-000000000131,normal,reefer,True
SYN-CONT-005174,00000000-0000-0000-0000-000000000420,20GP,22.5,inbound,00000000-0000-0000-0000-000000000130,normal,hazardous,True
SYN-CONT-005175,00000000-0000-0000-0000-000000000420,40RF,25.6,inbound,00000000-0000-0000-0000-00000000012e,normal,reefer,True
SYN-CONT-005176,00000000-0000-0000-0000-000000000420,40GP,29.7,inbound,00000000-0000-0000-0000-00000000012e,normal,standard,True
SYN-CONT-005177,00000000-0000-0000-0000-000000000420,40GP,11.3,inbound,00000000-0000-0000-0000-00000000012d,normal,standard,True
SYN-CONT-005178,00000000-0000-0000-0000-000000000420,40RF,13.1,inbound,00000000-0000-0000-0000-000000000130,normal,reefer,True
SYN-CONT-005179,00000000-0000-0000-0000-000000000420,40GP,21.6,inbound,00000000-0000-0000-0000-00000000012d,normal,hazardous,True
SYN-CONT-005180,00000000-0000-0000-0000-000000000420,20GP,16.2,inbound,00000000-0000-0000-0000-00000000012f,normal,standard,True
SYN-CONT-005181,00000000-0000-0000-0000-000000000420,40GP,13.1,inbound,00000000-0000-0000-0000-00000000012d,normal,standard,True
SYN-CONT-005182,00000000-0000-0000-0000-000000000420,40RF,17.6,inbound,00000000-0000-0000-0000-000000000130,normal,reefer,True
SYN-CONT-005183,00000000-0000-0000-0000-000000000420,40HC,18.6,inbound,00000000-0000-0000-0000-00000000012c,normal,standard,True
SYN-CONT-005184,00000000-0000-0000-0000-000000000420,20GP,30.0,inbound,00000000-0000-0000-0000-00000000012c,normal,hazardous,True
SYN-CONT-005185,00000000-0000-0000-0000-000000000420,40GP,21.7,inbound,00000000-0000-0000-0000-00000000012c,normal,reefer,True
SYN-CONT-005186,00000000-0000-0000-0000-000000000420,40GP,16.6,inbound,00000000-0000-0000-0000-00000000012c,normal,standard,True
SYN-CONT-005187,00000000-0000-0000-0000-000000000420,20GP,10.8,inbound,00000000-0000-0000-0000-00000000012f,normal,reefer,True
SYN-CONT-005188,00000000-0000-0000-0000-000000000420,20GP,22.5,inbound,00000000-0000-0000-0000-000000000130,normal,standard,True
SYN-CONT-005189,00000000-0000-0000-0000-000000000420,40GP,23.2,inbound,00000000-0000-0000-0000-000000000131,normal,hazardous,True
SYN-CONT-005190,00000000-0000-0000-0000-000000000420,40GP,29.7,inbound,00000000-0000-0000-0000-00000000012f,normal,standard,True
SYN-CONT-005191,00000000-0000-0000-0000-000000000420,40RF,28.8,inbound,00000000-0000-0000-0000-00000000012e,normal,reefer,True
SYN-CONT-005192,00000000-0000-0000-0000-000000000420,40HC,18.8,inbound,00000000-0000-0000-0000-00000000012e,normal,reefer,True
SYN-CONT-005193,00000000-0000-0000-0000-000000000420,40RF,25.0,inbound,00000000-0000-0000-0000-00000000012d,normal,reefer,True
SYN-CONT-005194,00000000-0000-0000-0000-000000000420,40GP,30.0,inbound,00000000-0000-0000-0000-00000000012d,normal,standard,True
SYN-CONT-005195,00000000-0000-0000-0000-000000000420,40GP,29.4,inbound,00000000-0000-0000-0000-000000000131,normal,standard,True
SYN-CONT-005196,00000000-0000-0000-0000-000000000420,20GP,25.0,inbound,00000000-0000-0000-0000-00000000012e,normal,standard,True
SYN-CONT-005197,00000000-0000-0000-0000-000000000420,40HC,15.8,inbound,00000000-0000-0000-0000-000000000131,normal,standard,True
SYN-CONT-005198,00000000-0000-0000-0000-000000000420,40GP,12.0,inbound,00000000-0000-0000-0000-00000000012e,normal,standard,True
SYN-CONT-005199,00000000-0000-0000-0000-000000000420,40RF,9.3,inbound,00000000-0000-0000-0000-00000000012d,normal,reefer,True
SYN-CONT-005200,00000000-0000-0000-0000-000000000420,40HC,16.4,inbound,00000000-0000-0000-0000-00000000012c,normal,standard,True
SYN-CONT-005201,00000000-0000-0000-0000-000000000420,40RF,13.5,inbound,00000000-0000-0000-0000-000000000131,normal,reefer,True
SYN-CONT-005202,00000000-0000-0000-0000-000000000420,40RF,27.5,inbound,00000000-0000-0000-0000-00000000012d,normal,reefer,True
SYN-CONT-005203,00000000-0000-0000-0000-000000000420,20GP,20.0,inbound,00000000-0000-0000-0000-00000000012e,normal,standard,True
SYN-CONT-005204,00000000-0000-0000-0000-000000000420,40RF,23.4,inbound,00000000-0000-0000-0000-00000000012f,normal,reefer,True
SYN-CONT-005205,00000000-0000-0000-0000-000000000420,40HC,26.6,inbound,00000000-0000-0000-0000-00000000012c,normal,standard,True
SYN-CONT-005206,00000000-0000-0000-0000-000000000420,40RF,23.1,inbound,00000000-0000-0000-0000-00000000012d,normal,reefer,True
SYN-CONT-005207,00000000-0000-0000-0000-000000000420,40HC,22.7,inbound,00000000-0000-0000-0000-00000000012e,normal,standard,True
SYN-CONT-005208,00000000-0000-0000-0000-000000000420,40GP,28.0,inbound,00000000-0000-0000-0000-00000000012c,normal,standard,True
SYN-CONT-005209,00000000-0000-0000-0000-000000000420,40GP,11.9,inbound,00000000-0000-0000-0000-000000000131,normal,reefer,True
SYN-CONT-005210,00000000-0000-0000-0000-000000000420,20GP,25.7,inbound,00000000-0000-0000-0000-000000000131,normal,hazardous,True
SYN-CONT-005211,00000000-0000-0000-0000-000000000420,40RF,13.2,inbound,00000000-0000-0000-0000-000000000131,normal,reefer,True
SYN-CONT-005212,00000000-0000-0000-0000-000000000420,40RF,22.8,inbound,00000000-0000-0000-0000-00000000012f,normal,reefer,True
SYN-CONT-005213,00000000-0000-0000-0000-000000000420,20GP,24.4,inbound,00000000-0000-0000-0000-00000000012f,normal,standard,True
SYN-CONT-005214,00000000-0000-0000-0000-000000000420,20GP,15.2,inbound,00000000-0000-0000-0000-000000000130,normal,standard,True
SYN-CONT-005215,00000000-0000-0000-0000-000000000420,20GP,29.1,inbound,00000000-0000-0000-0000-000000000131,normal,standard,True
SYN-CONT-005216,00000000-0000-0000-0000-000000000420,20GP,9.9,inbound,00000000-0000-0000-0000-000000000131,normal,standard,True
SYN-CONT-005217,00000000-0000-0000-0000-000000000420,40HC,9.7,inbound,00000000-0000-0000-0000-000000000131,normal,standard,True
SYN-CONT-005218,00000000-0000-0000-0000-000000000420,40HC,17.6,inbound,00000000-0000-0000-0000-00000000012c,normal,standard,True
SYN-CONT-005219,00000000-0000-0000-0000-000000000420,20GP,24.2,inbound,00000000-0000-0000-0000-000000000130,normal,hazardous,True
SYN-CONT-005220,00000000-0000-0000-0000-000000000420,40GP,15.2,inbound,00000000-0000-0000-0000-000000000130,normal,hazardous,True
SYN-CONT-005221,00000000-0000-0000-0000-000000000420,40RF,16.0,inbound,00000000-0000-0000-0000-00000000012d,normal,reefer,True
SYN-CONT-005222,00000000-0000-0000-0000-000000000420,20GP,26.1,inbound,00000000-0000-0000-0000-00000000012d,normal,reefer,True
SYN-CONT-005223,00000000-0000-0000-0000-000000000420,20GP,11.8,inbound,00000000-0000-0000-0000-00000000012d,normal,standard,True
SYN-CONT-005224,00000000-0000-0000-0000-000000000420,20GP,22.0,inbound,00000000-0000-0000-0000-000000000131,normal,standard,True
SYN-CONT-005225,00000000-0000-0000-0000-000000000420,40RF,10.2,inbound,00000000-0000-0000-0000-000000000131,normal,reefer,True
SYN-CONT-005226,00000000-0000-0000-0000-000000000420,20GP,14.9,inbound,00000000-0000-0000-0000-00000000012d,normal,standard,True
SYN-CONT-005227,00000000-0000-0000-0000-000000000420,40GP,28.4,inbound,00000000-0000-0000-0000-000000000130,normal,reefer,True
SYN-CONT-005228,00000000-0000-0000-0000-000000000421,40RF,18.4,inbound,00000000-0000-0000-0000-000000000130,normal,reefer,True
SYN-CONT-005229,00000000-0000-0000-0000-000000000421,40RF,17.1,inbound,00000000-0000-0000-0000-000000000130,normal,reefer,True
SYN-CONT-005230,00000000-0000-0000-0000-000000000421,40RF,12.9,inbound,00000000-0000-0000-0000-00000000012d,normal,reefer,True
SYN-CONT-005231,00000000-0000-0000-0000-000000000421,40RF,19.0,inbound,00000000-0000-0000-0000-00000000012f,normal,reefer,True
SYN-CONT-005232,00000000-0000-0000-0000-000000000421,40GP,26.0,inbound,00000000-0000-0000-0000-00000000012d,normal,standard,True
SYN-CONT-005233,00000000-0000-0000-0000-000000000421,40GP,22.7,inbound,00000000-0000-0000-0000-000000000131,normal,reefer,True
SYN-CONT-005234,00000000-0000-0000-0000-000000000421,20GP,29.6,inbound,00000000-0000-0000-0000-000000000131,normal,reefer,True
SYN-CONT-005235,00000000-0000-0000-0000-000000000421,40RF,22.6,inbound,00000000-0000-0000-0000-00000000012f,normal,reefer,True
SYN-CONT-005236,00000000-0000-0000-0000-000000000421,40HC,26.9,inbound,00000000-0000-0000-0000-00000000012d,normal,standard,True
SYN-CONT-005237,00000000-0000-0000-0000-000000000421,40HC,10.6,inbound,00000000-0000-0000-0000-00000000012c,normal,standard,True
SYN-CONT-005238,00000000-0000-0000-0000-000000000421,40RF,15.4,inbound,00000000-0000-0000-0000-00000000012d,normal,reefer,True
SYN-CONT-005239,00000000-0000-0000-0000-000000000421,20GP,23.1,inbound,00000000-0000-0000-0000-000000000130,normal,hazardous,True
SYN-CONT-005240,00000000-0000-0000-0000-000000000421,40HC,13.2,inbound,00000000-0000-0000-0000-00000000012d,normal,standard,True
SYN-CONT-005241,00000000-0000-0000-0000-000000000421,20GP,10.7,inbound,00000000-0000-0000-0000-00000000012c,normal,standard,True
SYN-CONT-005242,00000000-0000-0000-0000-000000000421,40HC,25.4,inbound,00000000-0000-0000-0000-00000000012f,normal,standard,True
SYN-CONT-005243,00000000-0000-0000-0000-000000000421,40RF,14.1,inbound,00000000-0000-0000-0000-00000000012e,normal,reefer,True
SYN-CONT-005244,00000000-0000-0000-0000-000000000421,40RF,26.0,inbound,00000000-0000-0000-0000-00000000012e,normal,reefer,True
SYN-CONT-005245,00000000-0000-0000-0000-000000000421,40RF,8.2,inbound,00000000-0000-0000-0000-00000000012c,normal,reefer,True
SYN-CONT-005246,00000000-0000-0000-0000-000000000421,20GP,17.5,inbound,00000000-0000-0000-0000-000000000130,normal,standard,True
SYN-CONT-005247,00000000-0000-0000-0000-000000000421,40RF,16.9,inbound,00000000-0000-0000-0000-00000000012e,normal,reefer,True
SYN-CONT-005248,00000000-0000-0000-0000-000000000421,40RF,19.2,inbound,00000000-0000-0000-0000-00000000012e,normal,reefer,True
SYN-CONT-005249,00000000-0000-0000-0000-000000000421,40RF,21.3,inbound,00000000-0000-0000-0000-00000000012e,normal,reefer,True
SYN-CONT-005250,00000000-0000-0000-0000-000000000421,20GP,26.4,inbound,00000000-0000-0000-0000-00000000012f,normal,reefer,True
SYN-CONT-005251,00000000-0000-0000-0000-000000000421,40HC,23.5,inbound,00000000-0000-0000-0000-00000000012c,normal,reefer,True
SYN-CONT-005252,00000000-0000-0000-0000-000000000421,40HC,8.7,inbound,00000000-0000-0000-0000-00000000012f,normal,standard,True
SYN-CONT-005253,00000000-0000-0000-0000-000000000421,40GP,15.1,inbound,00000000-0000-0000-0000-00000000012d,normal,standard,True
SYN-CONT-005254,00000000-0000-0000-0000-000000000421,40RF,12.5,inbound,00000000-0000-0000-0000-000000000130,normal,reefer,True
SYN-CONT-005255,00000000-0000-0000-0000-000000000421,40RF,29.9,inbound,00000000-0000-0000-0000-000000000130,normal,reefer,True
SYN-CONT-005256,00000000-0000-0000-0000-000000000421,40RF,21.9,inbound,00000000-0000-0000-0000-00000000012f,normal,reefer,True
SYN-CONT-005257,00000000-0000-0000-0000-000000000421,40RF,9.8,inbound,00000000-0000-0000-0000-000000000131,normal,reefer,True
SYN-CONT-005258,00000000-0000-0000-0000-000000000421,40HC,20.8,inbound,00000000-0000-0000-0000-00000000012f,normal,standard,True
SYN-CONT-005259,00000000-0000-0000-0000-000000000421,40GP,12.6,inbound,00000000-0000-0000-0000-000000000131,normal,standard,True
SYN-CONT-005260,00000000-0000-0000-0000-000000000421,40HC,18.5,inbound,00000000-0000-0000-0000-00000000012c,normal,hazardous,True
SYN-CONT-005261,00000000-0000-0000-0000-000000000421,40GP,15.9,inbound,00000000-0000-0000-0000-00000000012d,normal,standard,True
SYN-CONT-005262,00000000-0000-0000-0000-000000000421,40GP,17.3,inbound,00000000-0000-0000-0000-00000000012d,normal,reefer,True
SYN-CONT-005263,00000000-0000-0000-0000-000000000421,40RF,14.7,inbound,00000000-0000-0000-0000-00000000012c,normal,reefer,True
SYN-CONT-005264,00000000-0000-0000-0000-000000000421,40HC,14.5,inbound,00000000-0000-0000-0000-000000000130,normal,hazardous,True
SYN-CONT-005265,00000000-0000-0000-0000-000000000421,40HC,16.9,inbound,00000000-0000-0000-0000-00000000012e,normal,hazardous,True
SYN-CONT-005266,00000000-0000-0000-0000-000000000421,40RF,22.8,inbound,00000000-0000-0000-0000-00000000012d,normal,reefer,True
SYN-CONT-005267,00000000-0000-0000-0000-000000000421,40HC,25.0,inbound,00000000-0000-0000-0000-00000000012e,normal,standard,True
SYN-CONT-005268,00000000-0000-0000-0000-000000000421,40GP,24.0,inbound,00000000-0000-0000-0000-00000000012c,normal,standard,True
SYN-CONT-005269,00000000-0000-0000-0000-000000000421,40HC,10.7,inbound,00000000-0000-0000-0000-000000000130,normal,hazardous,True
SYN-CONT-005270,00000000-0000-0000-0000-000000000421,40GP,13.5,inbound,00000000-0000-0000-0000-000000000131,normal,hazardous,True
SYN-CONT-005271,00000000-0000-0000-0000-000000000421,40HC,21.0,inbound,00000000-0000-0000-0000-00000000012e,normal,standard,True
SYN-CONT-005272,00000000-0000-0000-0000-000000000421,40GP,27.8,inbound,00000000-0000-0000-0000-00000000012f,normal,hazardous,True
SYN-CONT-005273,00000000-0000-0000-0000-000000000421,40HC,19.8,inbound,00000000-0000-0000-0000-000000000131,normal,standard,True
SYN-CONT-005274,00000000-0000-0000-0000-000000000421,40GP,13.1,inbound,00000000-0000-0000-0000-000000000130,normal,standard,True
SYN-CONT-005275,00000000-0000-0000-0000-000000000421,40HC,17.5,inbound,00000000-0000-0000-0000-000000000130,normal,hazardous,True
SYN-CONT-005276,00000000-0000-0000-0000-000000000421,40RF,24.3,inbound,00000000-0000-0000-0000-00000000012d,normal,reefer,True
SYN-CONT-005277,00000000-0000-0000-0000-000000000421,40HC,13.6,inbound,00000000-0000-0000-0000-00000000012c,normal,standard,True
SYN-CONT-005278,00000000-0000-0000-0000-000000000421,20GP,18.0,inbound,00000000-0000-0000-0000-00000000012c,normal,hazardous,True
SYN-CONT-005279,00000000-0000-0000-0000-000000000421,40GP,27.4,inbound,00000000-0000-0000-0000-00000000012c,normal,standard,True
SYN-CONT-005280,00000000-0000-0000-0000-000000000421,40RF,15.4,inbound,00000000-0000-0000-0000-000000000130,normal,reefer,True
SYN-CONT-005281,00000000-0000-0000-0000-000000000421,40HC,14.5,inbound,00000000-0000-0000-0000-000000000131,normal,standard,True
SYN-CONT-005282,00000000-0000-0000-0000-000000000421,40RF,16.3,inbound,00000000-0000-0000-0000-00000000012f,normal,reefer,True
SYN-CONT-005283,00000000-0000-0000-0000-000000000421,40GP,8.8,inbound,00000000-0000-0000-0000-00000000012c,normal,standard,True
SYN-CONT-005284,00000000-0000-0000-0000-000000000421,20GP,14.3,inbound,00000000-0000-0000-0000-00000000012f,normal,standard,True
SYN-CONT-005285,00000000-0000-0000-0000-000000000421,40HC,28.9,inbound,00000000-0000-0000-0000-00000000012d,normal,reefer,True
SYN-CONT-005286,00000000-0000-0000-0000-000000000421,40GP,9.2,inbound,00000000-0000-0000-0000-00000000012c,normal,hazardous,True
SYN-CONT-005287,00000000-0000-0000-0000-000000000421,40GP,10.4,inbound,00000000-0000-0000-0000-00000000012c,normal,standard,True
SYN-CONT-005288,00000000-0000-0000-0000-000000000421,40GP,15.5,inbound,00000000-0000-0000-0000-00000000012f,normal,reefer,True
SYN-CONT-005289,00000000-0000-0000-0000-000000000421,40HC,23.9,inbound,00000000-0000-0000-0000-00000000012f,normal,hazardous,True
SYN-CONT-005290,00000000-0000-0000-0000-000000000421,40GP,21.1,inbound,00000000-0000-0000-0000-000000000131,normal,standard,True
SYN-CONT-005291,00000000-0000-0000-0000-000000000421,40RF,29.7,inbound,00000000-0000-0000-0000-000000000130,normal,reefer,True
SYN-CONT-005292,00000000-0000-0000-0000-000000000421,40RF,29.8,inbound,00000000-0000-0000-0000-00000000012c,normal,reefer,True
SYN-CONT-005293,00000000-0000-0000-0000-000000000421,40GP,13.9,inbound,00000000-0000-0000-0000-00000000012e,normal,standard,True
SYN-CONT-005294,00000000-0000-0000-0000-000000000421,40HC,13.8,inbound,00000000-0000-0000-0000-00000000012e,normal,standard,True
SYN-CONT-005295,00000000-0000-0000-0000-000000000421,40RF,16.7,inbound,00000000-0000-0000-0000-00000000012c,normal,reefer,True
SYN-CONT-005296,00000000-0000-0000-0000-000000000421,20GP,29.0,inbound,00000000-0000-0000-0000-000000000130,normal,standard,True
SYN-CONT-005297,00000000-0000-0000-0000-000000000421,40HC,27.9,inbound,00000000-0000-0000-0000-00000000012e,normal,standard,True
SYN-CONT-005298,00000000-0000-0000-0000-000000000421,40GP,26.6,inbound,00000000-0000-0000-0000-00000000012d,normal,standard,True
SYN-CONT-005299,00000000-0000-0000-0000-000000000421,40GP,27.3,inbound,00000000-0000-0000-0000-00000000012d,normal,standard,True
SYN-CONT-005300,00000000-0000-0000-0000-000000000421,40HC,14.6,inbound,00000000-0000-0000-0000-00000000012e,normal,reefer,True
SYN-CONT-005301,00000000-0000-0000-0000-000000000421,40RF,12.7,inbound,00000000-0000-0000-0000-00000000012c,normal,reefer,True
SYN-CONT-005302,00000000-0000-0000-0000-000000000421,20GP,13.2,inbound,00000000-0000-0000-0000-00000000012f,normal,standard,True
SYN-CONT-005303,00000000-0000-0000-0000-000000000421,40RF,19.3,inbound,00000000-0000-0000-0000-000000000131,normal,reefer,True
SYN-CONT-005304,00000000-0000-0000-0000-000000000421,40RF,25.6,inbound,00000000-0000-0000-0000-000000000130,normal,reefer,True
SYN-CONT-005305,00000000-0000-0000-0000-000000000421,20GP,20.4,inbound,00000000-0000-0000-0000-000000000131,normal,standard,True
SYN-CONT-005306,00000000-0000-0000-0000-000000000421,40HC,20.8,inbound,00000000-0000-0000-0000-00000000012e,normal,standard,True
SYN-CONT-005307,00000000-0000-0000-0000-000000000421,40RF,24.9,inbound,00000000-0000-0000-0000-00000000012c,normal,reefer,True
SYN-CONT-005308,00000000-0000-0000-0000-000000000421,40GP,22.5,inbound,00000000-0000-0000-0000-00000000012f,normal,standard,True
SYN-CONT-005309,00000000-0000-0000-0000-000000000421,40RF,28.0,inbound,00000000-0000-0000-0000-00000000012c,normal,reefer,True
SYN-CONT-005310,00000000-0000-0000-0000-000000000421,40RF,13.9,inbound,00000000-0000-0000-0000-00000000012c,normal,reefer,True
SYN-CONT-005311,00000000-0000-0000-0000-000000000421,40HC,26.9,inbound,00000000-0000-0000-0000-00000000012c,normal,standard,True
SYN-CONT-005312,00000000-0000-0000-0000-000000000421,40GP,20.1,inbound,00000000-0000-0000-0000-00000000012e,normal,standard,True
SYN-CONT-005313,00000000-0000-0000-0000-000000000421,20GP,11.6,inbound,00000000-0000-0000-0000-000000000130,normal,standard,True
SYN-CONT-005314,00000000-0000-0000-0000-000000000421,40HC,16.8,inbound,00000000-0000-0000-0000-00000000012d,normal,reefer,True
SYN-CONT-005315,00000000-0000-0000-0000-000000000421,40RF,24.9,inbound,00000000-0000-0000-0000-000000000131,normal,reefer,True
SYN-CONT-005316,00000000-0000-0000-0000-000000000421,40GP,12.5,inbound,00000000-0000-0000-0000-000000000130,normal,standard,True
SYN-CONT-005317,00000000-0000-0000-0000-000000000421,40GP,25.8,inbound,00000000-0000-0000-0000-00000000012c,normal,hazardous,True
SYN-CONT-005318,00000000-0000-0000-0000-000000000421,40GP,11.0,inbound,00000000-0000-0000-0000-00000000012f,normal,standard,True
SYN-CONT-005319,00000000-0000-0000-0000-000000000422,20GP,12.6,inbound,00000000-0000-0000-0000-00000000012c,normal,standard,True
SYN-CONT-005320,00000000-0000-0000-0000-000000000422,40GP,12.9,inbound,00000000-0000-0000-0000-00000000012e,normal,standard,True
SYN-CONT-005321,00000000-0000-0000-0000-000000000422,40RF,18.5,inbound,00000000-0000-0000-0000-00000000012c,normal,reefer,True
SYN-CONT-005322,00000000-0000-0000-0000-000000000422,20GP,25.6,inbound,00000000-0000-0000-0000-00000000012e,normal,reefer,True
SYN-CONT-005323,00000000-0000-0000-0000-000000000422,20GP,27.3,inbound,00000000-0000-0000-0000-00000000012d,normal,reefer,True
SYN-CONT-005324,00000000-0000-0000-0000-000000000422,40RF,21.7,inbound,00000000-0000-0000-0000-00000000012e,normal,reefer,True
SYN-CONT-005325,00000000-0000-0000-0000-000000000422,40HC,28.2,inbound,00000000-0000-0000-0000-00000000012c,normal,standard,True
SYN-CONT-005326,00000000-0000-0000-0000-000000000422,40GP,22.4,inbound,00000000-0000-0000-0000-00000000012d,normal,standard,True
SYN-CONT-005327,00000000-0000-0000-0000-000000000422,20GP,29.2,inbound,00000000-0000-0000-0000-00000000012d,normal,standard,True
SYN-CONT-005328,00000000-0000-0000-0000-000000000422,40GP,20.5,inbound,00000000-0000-0000-0000-00000000012e,normal,hazardous,True
SYN-CONT-005329,00000000-0000-0000-0000-000000000422,40RF,11.8,inbound,00000000-0000-0000-0000-00000000012c,normal,reefer,True
SYN-CONT-005330,00000000-0000-0000-0000-000000000422,40GP,24.1,inbound,00000000-0000-0000-0000-00000000012d,normal,standard,True
SYN-CONT-005331,00000000-0000-0000-0000-000000000422,20GP,20.2,inbound,00000000-0000-0000-0000-00000000012f,normal,standard,True
SYN-CONT-005332,00000000-0000-0000-0000-000000000422,20GP,26.2,inbound,00000000-0000-0000-0000-00000000012c,normal,hazardous,True
SYN-CONT-005333,00000000-0000-0000-0000-000000000422,20GP,24.1,inbound,00000000-0000-0000-0000-00000000012d,normal,reefer,True
SYN-CONT-005334,00000000-0000-0000-0000-000000000422,40GP,9.2,inbound,00000000-0000-0000-0000-00000000012e,normal,standard,True
SYN-CONT-005335,00000000-0000-0000-0000-000000000422,20GP,26.3,inbound,00000000-0000-0000-0000-000000000131,normal,reefer,True
SYN-CONT-005336,00000000-0000-0000-0000-000000000422,40RF,28.6,inbound,00000000-0000-0000-0000-00000000012e,normal,reefer,True
SYN-CONT-005337,00000000-0000-0000-0000-000000000422,40RF,24.4,inbound,00000000-0000-0000-0000-00000000012c,normal,reefer,True
SYN-CONT-005338,00000000-0000-0000-0000-000000000422,40RF,22.4,inbound,00000000-0000-0000-0000-000000000131,normal,reefer,True
SYN-CONT-005339,00000000-0000-0000-0000-000000000422,40RF,15.2,inbound,00000000-0000-0000-0000-00000000012e,normal,reefer,True
SYN-CONT-005340,00000000-0000-0000-0000-000000000422,40RF,10.4,inbound,00000000-0000-0000-0000-000000000130,normal,reefer,True
SYN-CONT-005341,00000000-0000-0000-0000-000000000422,40GP,9.1,inbound,00000000-0000-0000-0000-00000000012e,normal,standard,True
SYN-CONT-005342,00000000-0000-0000-0000-000000000422,40GP,27.6,inbound,00000000-0000-0000-0000-00000000012f,normal,hazardous,True
SYN-CONT-005343,00000000-0000-0000-0000-000000000422,40GP,22.2,inbound,00000000-0000-0000-0000-00000000012e,normal,reefer,True
SYN-CONT-005344,00000000-0000-0000-0000-000000000422,20GP,11.5,inbound,00000000-0000-0000-0000-000000000130,normal,standard,True
SYN-CONT-005345,00000000-0000-0000-0000-000000000422,20GP,25.6,inbound,00000000-0000-0000-0000-00000000012e,normal,hazardous,True
SYN-CONT-005346,00000000-0000-0000-0000-000000000422,40RF,16.9,inbound,00000000-0000-0000-0000-000000000130,normal,reefer,True
SYN-CONT-005347,00000000-0000-0000-0000-000000000422,40HC,28.6,inbound,00000000-0000-0000-0000-000000000131,normal,standard,True
SYN-CONT-005348,00000000-0000-0000-0000-000000000422,40GP,18.9,inbound,00000000-0000-0000-0000-000000000131,normal,standard,True
SYN-CONT-005349,00000000-0000-0000-0000-000000000422,40GP,20.9,inbound,00000000-0000-0000-0000-00000000012c,normal,reefer,True
SYN-CONT-005350,00000000-0000-0000-0000-000000000422,40GP,10.9,inbound,00000000-0000-0000-0000-00000000012c,normal,standard,True
SYN-CONT-005351,00000000-0000-0000-0000-000000000422,20GP,19.9,inbound,00000000-0000-0000-0000-000000000130,normal,standard,True
SYN-CONT-005352,00000000-0000-0000-0000-000000000422,20GP,23.7,inbound,00000000-0000-0000-0000-000000000131,normal,standard,True
SYN-CONT-005353,00000000-0000-0000-0000-000000000422,40RF,26.2,inbound,00000000-0000-0000-0000-000000000131,normal,reefer,True
SYN-CONT-005354,00000000-0000-0000-0000-000000000422,20GP,18.2,inbound,00000000-0000-0000-0000-00000000012c,normal,standard,True
SYN-CONT-005355,00000000-0000-0000-0000-000000000422,40RF,14.6,inbound,00000000-0000-0000-0000-00000000012c,normal,reefer,True
SYN-CONT-005356,00000000-0000-0000-0000-000000000422,40GP,11.4,inbound,00000000-0000-0000-0000-00000000012c,normal,hazardous,True
SYN-CONT-005357,00000000-0000-0000-0000-000000000422,40HC,12.0,inbound,00000000-0000-0000-0000-00000000012e,normal,standard,True
SYN-CONT-005358,00000000-0000-0000-0000-000000000422,20GP,10.3,inbound,00000000-0000-0000-0000-00000000012d,normal,reefer,True
SYN-CONT-005359,00000000-0000-0000-0000-000000000422,40GP,29.3,inbound,00000000-0000-0000-0000-000000000131,normal,reefer,True
SYN-CONT-005360,00000000-0000-0000-0000-000000000422,40HC,13.0,inbound,00000000-0000-0000-0000-00000000012f,normal,standard,True
SYN-CONT-005361,00000000-0000-0000-0000-000000000422,40GP,8.5,inbound,00000000-0000-0000-0000-00000000012e,normal,standard,True
SYN-CONT-005362,00000000-0000-0000-0000-000000000422,40GP,10.5,inbound,00000000-0000-0000-0000-00000000012d,normal,standard,True
SYN-CONT-005363,00000000-0000-0000-0000-000000000422,40RF,23.3,inbound,00000000-0000-0000-0000-000000000131,normal,reefer,True
SYN-CONT-005364,00000000-0000-0000-0000-000000000422,40HC,27.8,inbound,00000000-0000-0000-0000-00000000012f,normal,hazardous,True
SYN-CONT-005365,00000000-0000-0000-0000-000000000422,40GP,24.7,inbound,00000000-0000-0000-0000-00000000012c,normal,standard,True
SYN-CONT-005366,00000000-0000-0000-0000-000000000422,40GP,30.0,inbound,00000000-0000-0000-0000-00000000012e,normal,standard,True
SYN-CONT-005367,00000000-0000-0000-0000-000000000422,40HC,27.7,inbound,00000000-0000-0000-0000-00000000012c,normal,reefer,True
SYN-CONT-005368,00000000-0000-0000-0000-000000000422,40HC,26.9,inbound,00000000-0000-0000-0000-00000000012f,normal,hazardous,True
SYN-CONT-005369,00000000-0000-0000-0000-000000000422,40HC,14.1,inbound,00000000-0000-0000-0000-00000000012c,normal,standard,True
SYN-CONT-005370,00000000-0000-0000-0000-000000000422,40GP,27.4,inbound,00000000-0000-0000-0000-000000000130,normal,standard,True
SYN-CONT-005371,00000000-0000-0000-0000-000000000422,40RF,25.2,inbound,00000000-0000-0000-0000-000000000131,normal,reefer,True
SYN-CONT-005372,00000000-0000-0000-0000-000000000422,40HC,21.8,inbound,00000000-0000-0000-0000-00000000012e,normal,standard,True
SYN-CONT-005373,00000000-0000-0000-0000-000000000422,40GP,19.2,inbound,00000000-0000-0000-0000-000000000130,normal,reefer,True
SYN-CONT-005374,00000000-0000-0000-0000-000000000422,40GP,17.6,inbound,00000000-0000-0000-0000-000000000131,normal,reefer,True
SYN-CONT-005375,00000000-0000-0000-0000-000000000422,40GP,29.3,inbound,00000000-0000-0000-0000-000000000130,normal,standard,True
SYN-CONT-005376,00000000-0000-0000-0000-000000000422,40HC,13.2,inbound,00000000-0000-0000-0000-00000000012d,normal,reefer,True
SYN-CONT-005377,00000000-0000-0000-0000-000000000422,40RF,28.7,inbound,00000000-0000-0000-0000-00000000012f,normal,reefer,True
SYN-CONT-005378,00000000-0000-0000-0000-000000000422,40HC,11.6,inbound,00000000-0000-0000-0000-00000000012e,normal,standard,True
SYN-CONT-005379,00000000-0000-0000-0000-000000000422,40GP,17.4,inbound,00000000-0000-0000-0000-00000000012f,normal,standard,True
SYN-CONT-005380,00000000-0000-0000-0000-000000000422,40HC,9.9,inbound,00000000-0000-0000-0000-000000000130,normal,hazardous,True
SYN-CONT-005381,00000000-0000-0000-0000-000000000422,40GP,22.7,inbound,00000000-0000-0000-0000-000000000130,normal,standard,True
SYN-CONT-005382,00000000-0000-0000-0000-000000000422,40GP,21.3,inbound,00000000-0000-0000-0000-00000000012c,normal,standard,True
SYN-CONT-005383,00000000-0000-0000-0000-000000000422,20GP,28.8,inbound,00000000-0000-0000-0000-00000000012f,normal,standard,True
SYN-CONT-005384,00000000-0000-0000-0000-000000000422,40GP,11.4,inbound,00000000-0000-0000-0000-00000000012e,normal,standard,True
SYN-CONT-005385,00000000-0000-0000-0000-000000000422,40HC,17.1,inbound,00000000-0000-0000-0000-00000000012f,normal,hazardous,True
SYN-CONT-005386,00000000-0000-0000-0000-000000000422,40GP,23.0,inbound,00000000-0000-0000-0000-00000000012d,normal,reefer,True
SYN-CONT-005387,00000000-0000-0000-0000-000000000422,40RF,11.9,inbound,00000000-0000-0000-0000-000000000130,normal,reefer,True
SYN-CONT-005388,00000000-0000-0000-0000-000000000422,40HC,9.0,inbound,00000000-0000-0000-0000-00000000012f,normal,standard,True
SYN-CONT-005389,00000000-0000-0000-0000-000000000422,20GP,22.9,inbound,00000000-0000-0000-0000-000000000130,normal,standard,True
SYN-CONT-005390,00000000-0000-0000-0000-000000000422,20GP,15.6,inbound,00000000-0000-0000-0000-00000000012d,normal,hazardous,True
SYN-CONT-005391,00000000-0000-0000-0000-000000000422,40GP,13.0,inbound,00000000-0000-0000-0000-000000000130,normal,standard,True
SYN-CONT-005392,00000000-0000-0000-0000-000000000422,20GP,14.1,inbound,00000000-0000-0000-0000-000000000130,normal,standard,True
SYN-CONT-005393,00000000-0000-0000-0000-000000000422,40GP,9.4,inbound,00000000-0000-0000-0000-000000000131,normal,standard,True
SYN-CONT-005394,00000000-0000-0000-0000-000000000422,20GP,27.1,inbound,00000000-0000-0000-0000-00000000012c,normal,standard,True
SYN-CONT-005395,00000000-0000-0000-0000-000000000422,40GP,16.4,inbound,00000000-0000-0000-0000-00000000012e,normal,standard,True
SYN-CONT-005396,00000000-0000-0000-0000-000000000422,20GP,20.1,inbound,00000000-0000-0000-0000-00000000012f,normal,standard,True
SYN-CONT-005397,00000000-0000-0000-0000-000000000422,40RF,20.1,inbound,00000000-0000-0000-0000-00000000012f,normal,reefer,True
SYN-CONT-005398,00000000-0000-0000-0000-000000000422,40HC,10.3,inbound,00000000-0000-0000-0000-000000000130,normal,standard,True
SYN-CONT-005399,00000000-0000-0000-0000-000000000422,20GP,15.4,inbound,00000000-0000-0000-0000-000000000130,normal,hazardous,True
SYN-CONT-005400,00000000-0000-0000-0000-000000000422,20GP,15.0,inbound,00000000-0000-0000-0000-00000000012e,normal,reefer,True
SYN-CONT-005401,00000000-0000-0000-0000-000000000422,40GP,9.0,inbound,00000000-0000-0000-0000-00000000012f,normal,standard,True
SYN-CONT-005402,00000000-0000-0000-0000-000000000422,40GP,28.9,inbound,00000000-0000-0000-0000-00000000012f,normal,hazardous,True
SYN-CONT-005403,00000000-0000-0000-0000-000000000422,40RF,22.4,inbound,00000000-0000-0000-0000-00000000012f,normal,reefer,True
SYN-CONT-005404,00000000-0000-0000-0000-000000000422,40GP,19.7,inbound,00000000-0000-0000-0000-000000000131,normal,standard,True
SYN-CONT-005405,00000000-0000-0000-0000-000000000422,40RF,22.4,inbound,00000000-0000-0000-0000-00000000012e,normal,reefer,True
SYN-CONT-005406,00000000-0000-0000-0000-000000000422,40RF,24.9,inbound,00000000-0000-0000-0000-000000000131,normal,reefer,True
SYN-CONT-005407,00000000-0000-0000-0000-000000000422,20GP,17.8,inbound,00000000-0000-0000-0000-00000000012d,normal,hazardous,True
SYN-CONT-005408,00000000-0000-0000-0000-000000000422,40GP,22.8,inbound,00000000-0000-0000-0000-00000000012c,normal,standard,True
SYN-CONT-005409,00000000-0000-0000-0000-000000000422,40GP,26.2,inbound,00000000-0000-0000-0000-00000000012d,normal,reefer,True
SYN-CONT-005410,00000000-0000-0000-0000-000000000423,20GP,12.1,inbound,00000000-0000-0000-0000-00000000012e,normal,standard,True
SYN-CONT-005411,00000000-0000-0000-0000-000000000423,20GP,14.4,inbound,00000000-0000-0000-0000-000000000130,normal,standard,True
SYN-CONT-005412,00000000-0000-0000-0000-000000000423,40HC,12.9,inbound,00000000-0000-0000-0000-00000000012c,normal,hazardous,True
SYN-CONT-005413,00000000-0000-0000-0000-000000000423,40HC,29.1,inbound,00000000-0000-0000-0000-000000000130,normal,reefer,True
SYN-CONT-005414,00000000-0000-0000-0000-000000000423,20GP,18.6,inbound,00000000-0000-0000-0000-000000000130,normal,standard,True
SYN-CONT-005415,00000000-0000-0000-0000-000000000423,40RF,11.5,inbound,00000000-0000-0000-0000-00000000012f,normal,reefer,True
SYN-CONT-005416,00000000-0000-0000-0000-000000000423,40HC,23.5,inbound,00000000-0000-0000-0000-00000000012c,normal,hazardous,True
SYN-CONT-005417,00000000-0000-0000-0000-000000000423,40GP,23.7,inbound,00000000-0000-0000-0000-00000000012c,normal,hazardous,True
SYN-CONT-005418,00000000-0000-0000-0000-000000000423,20GP,12.9,inbound,00000000-0000-0000-0000-00000000012f,normal,standard,True
SYN-CONT-005419,00000000-0000-0000-0000-000000000423,40RF,17.2,inbound,00000000-0000-0000-0000-000000000131,normal,reefer,True
SYN-CONT-005420,00000000-0000-0000-0000-000000000423,40GP,9.4,inbound,00000000-0000-0000-0000-00000000012e,normal,standard,True
SYN-CONT-005421,00000000-0000-0000-0000-000000000423,40GP,20.1,inbound,00000000-0000-0000-0000-00000000012d,normal,standard,True
SYN-CONT-005422,00000000-0000-0000-0000-000000000423,40RF,12.2,inbound,00000000-0000-0000-0000-00000000012c,normal,reefer,True
SYN-CONT-005423,00000000-0000-0000-0000-000000000423,20GP,22.2,inbound,00000000-0000-0000-0000-00000000012e,normal,standard,True
SYN-CONT-005424,00000000-0000-0000-0000-000000000423,40GP,13.5,inbound,00000000-0000-0000-0000-000000000130,normal,standard,True
SYN-CONT-005425,00000000-0000-0000-0000-000000000423,40GP,24.0,inbound,00000000-0000-0000-0000-00000000012e,normal,hazardous,True
SYN-CONT-005426,00000000-0000-0000-0000-000000000423,40GP,27.0,inbound,00000000-0000-0000-0000-000000000130,normal,reefer,True
SYN-CONT-005427,00000000-0000-0000-0000-000000000423,40GP,25.3,inbound,00000000-0000-0000-0000-00000000012c,normal,hazardous,True
SYN-CONT-005428,00000000-0000-0000-0000-000000000423,20GP,17.0,inbound,00000000-0000-0000-0000-000000000131,normal,reefer,True
SYN-CONT-005429,00000000-0000-0000-0000-000000000423,40RF,11.7,inbound,00000000-0000-0000-0000-00000000012f,normal,reefer,True
SYN-CONT-005430,00000000-0000-0000-0000-000000000423,40RF,29.0,inbound,00000000-0000-0000-0000-00000000012d,normal,reefer,True
SYN-CONT-005431,00000000-0000-0000-0000-000000000423,40GP,30.3,inbound,00000000-0000-0000-0000-00000000012d,normal,hazardous,True
SYN-CONT-005432,00000000-0000-0000-0000-000000000423,40RF,23.1,inbound,00000000-0000-0000-0000-00000000012d,normal,reefer,True
SYN-CONT-005433,00000000-0000-0000-0000-000000000423,40GP,17.2,inbound,00000000-0000-0000-0000-000000000131,normal,reefer,True
SYN-CONT-005434,00000000-0000-0000-0000-000000000423,20GP,15.6,inbound,00000000-0000-0000-0000-00000000012c,normal,hazardous,True
SYN-CONT-005435,00000000-0000-0000-0000-000000000423,40RF,12.0,inbound,00000000-0000-0000-0000-00000000012f,normal,reefer,True
SYN-CONT-005436,00000000-0000-0000-0000-000000000423,20GP,17.8,inbound,00000000-0000-0000-0000-00000000012e,normal,standard,True
SYN-CONT-005437,00000000-0000-0000-0000-000000000423,20GP,29.9,inbound,00000000-0000-0000-0000-00000000012d,normal,standard,True
SYN-CONT-005438,00000000-0000-0000-0000-000000000423,40GP,25.8,inbound,00000000-0000-0000-0000-00000000012d,normal,hazardous,True
SYN-CONT-005439,00000000-0000-0000-0000-000000000423,40GP,11.4,inbound,00000000-0000-0000-0000-000000000131,normal,hazardous,True
SYN-CONT-005440,00000000-0000-0000-0000-000000000423,40GP,28.2,inbound,00000000-0000-0000-0000-00000000012f,normal,standard,True
SYN-CONT-005441,00000000-0000-0000-0000-000000000423,20GP,18.7,inbound,00000000-0000-0000-0000-000000000131,normal,hazardous,True
SYN-CONT-005442,00000000-0000-0000-0000-000000000423,20GP,29.4,inbound,00000000-0000-0000-0000-00000000012f,normal,reefer,True
SYN-CONT-005443,00000000-0000-0000-0000-000000000423,40RF,16.7,inbound,00000000-0000-0000-0000-000000000131,normal,reefer,True
SYN-CONT-005444,00000000-0000-0000-0000-000000000423,20GP,25.0,inbound,00000000-0000-0000-0000-000000000131,normal,reefer,True
SYN-CONT-005445,00000000-0000-0000-0000-000000000423,40HC,11.8,inbound,00000000-0000-0000-0000-000000000131,normal,hazardous,True
SYN-CONT-005446,00000000-0000-0000-0000-000000000423,20GP,13.6,inbound,00000000-0000-0000-0000-00000000012c,normal,standard,True
SYN-CONT-005447,00000000-0000-0000-0000-000000000423,40GP,21.7,inbound,00000000-0000-0000-0000-00000000012f,normal,reefer,True
SYN-CONT-005448,00000000-0000-0000-0000-000000000423,20GP,28.7,inbound,00000000-0000-0000-0000-000000000131,normal,reefer,True
SYN-CONT-005449,00000000-0000-0000-0000-000000000423,20GP,29.8,inbound,00000000-0000-0000-0000-00000000012f,normal,standard,True
SYN-CONT-005450,00000000-0000-0000-0000-000000000423,40GP,23.6,inbound,00000000-0000-0000-0000-00000000012e,normal,hazardous,True
SYN-CONT-005451,00000000-0000-0000-0000-000000000423,40RF,12.0,inbound,00000000-0000-0000-0000-000000000131,normal,reefer,True
SYN-CONT-005452,00000000-0000-0000-0000-000000000423,20GP,23.8,inbound,00000000-0000-0000-0000-00000000012f,normal,standard,True
SYN-CONT-005453,00000000-0000-0000-0000-000000000423,40HC,20.0,inbound,00000000-0000-0000-0000-00000000012d,normal,reefer,True
SYN-CONT-005454,00000000-0000-0000-0000-000000000423,40HC,26.7,inbound,00000000-0000-0000-0000-00000000012d,normal,hazardous,True
SYN-CONT-005455,00000000-0000-0000-0000-000000000423,40HC,12.6,inbound,00000000-0000-0000-0000-000000000130,normal,reefer,True
SYN-CONT-005456,00000000-0000-0000-0000-000000000423,40GP,15.3,inbound,00000000-0000-0000-0000-000000000130,normal,standard,True
SYN-CONT-005457,00000000-0000-0000-0000-000000000423,40HC,22.1,inbound,00000000-0000-0000-0000-00000000012c,normal,reefer,True
SYN-CONT-005458,00000000-0000-0000-0000-000000000423,40RF,24.6,inbound,00000000-0000-0000-0000-00000000012d,normal,reefer,True
SYN-CONT-005459,00000000-0000-0000-0000-000000000423,20GP,14.0,inbound,00000000-0000-0000-0000-00000000012f,normal,reefer,True
SYN-CONT-005460,00000000-0000-0000-0000-000000000423,40GP,17.3,inbound,00000000-0000-0000-0000-000000000130,normal,hazardous,True
SYN-CONT-005461,00000000-0000-0000-0000-000000000423,40HC,25.2,inbound,00000000-0000-0000-0000-000000000130,normal,standard,True
SYN-CONT-005462,00000000-0000-0000-0000-000000000423,40RF,18.9,inbound,00000000-0000-0000-0000-000000000130,normal,reefer,True
SYN-CONT-005463,00000000-0000-0000-0000-000000000423,20GP,25.6,inbound,00000000-0000-0000-0000-00000000012f,normal,hazardous,True
SYN-CONT-005464,00000000-0000-0000-0000-000000000423,40HC,13.7,inbound,00000000-0000-0000-0000-00000000012e,normal,reefer,True
SYN-CONT-005465,00000000-0000-0000-0000-000000000423,40HC,14.2,inbound,00000000-0000-0000-0000-000000000130,normal,reefer,True
SYN-CONT-005466,00000000-0000-0000-0000-000000000423,40GP,26.0,inbound,00000000-0000-0000-0000-00000000012e,normal,hazardous,True
SYN-CONT-005467,00000000-0000-0000-0000-000000000423,20GP,18.4,inbound,00000000-0000-0000-0000-00000000012e,normal,reefer,True
SYN-CONT-005468,00000000-0000-0000-0000-000000000423,40RF,19.7,inbound,00000000-0000-0000-0000-000000000131,normal,reefer,True
SYN-CONT-005469,00000000-0000-0000-0000-000000000423,40HC,17.0,inbound,00000000-0000-0000-0000-000000000130,normal,standard,True
SYN-CONT-005470,00000000-0000-0000-0000-000000000423,20GP,14.6,inbound,00000000-0000-0000-0000-000000000130,normal,reefer,True
SYN-CONT-005471,00000000-0000-0000-0000-000000000423,20GP,14.5,inbound,00000000-0000-0000-0000-00000000012c,normal,standard,True
SYN-CONT-005472,00000000-0000-0000-0000-000000000423,40GP,26.1,inbound,00000000-0000-0000-0000-00000000012c,normal,hazardous,True
SYN-CONT-005473,00000000-0000-0000-0000-000000000423,40HC,10.7,inbound,00000000-0000-0000-0000-00000000012c,normal,standard,True
SYN-CONT-005474,00000000-0000-0000-0000-000000000423,40GP,11.1,inbound,00000000-0000-0000-0000-00000000012f,normal,reefer,True
SYN-CONT-005475,00000000-0000-0000-0000-000000000423,20GP,17.0,inbound,00000000-0000-0000-0000-000000000130,normal,reefer,True
SYN-CONT-005476,00000000-0000-0000-0000-000000000423,20GP,26.9,inbound,00000000-0000-0000-0000-00000000012d,normal,standard,True
SYN-CONT-005477,00000000-0000-0000-0000-000000000423,40HC,26.8,inbound,00000000-0000-0000-0000-00000000012e,normal,hazardous,True
SYN-CONT-005478,00000000-0000-0000-0000-000000000423,20GP,8.0,inbound,00000000-0000-0000-0000-000000000130,normal,standard,True
SYN-CONT-005479,00000000-0000-0000-0000-000000000423,40GP,15.4,inbound,00000000-0000-0000-0000-00000000012e,normal,standard,True
SYN-CONT-005480,00000000-0000-0000-0000-000000000423,40GP,21.4,inbound,00000000-0000-0000-0000-00000000012f,normal,hazardous,True
SYN-CONT-005481,00000000-0000-0000-0000-000000000423,40HC,20.4,inbound,00000000-0000-0000-0000-00000000012f,normal,standard,True
SYN-CONT-005482,00000000-0000-0000-0000-000000000423,40GP,11.4,inbound,00000000-0000-0000-0000-00000000012f,normal,standard,True
SYN-CONT-005483,00000000-0000-0000-0000-000000000423,40HC,9.1,inbound,00000000-0000-0000-0000-00000000012d,normal,standard,True
SYN-CONT-005484,00000000-0000-0000-0000-000000000423,20GP,24.2,inbound,00000000-0000-0000-0000-000000000131,normal,standard,True
SYN-CONT-005485,00000000-0000-0000-0000-000000000423,40RF,10.3,inbound,00000000-0000-0000-0000-000000000130,normal,reefer,True
SYN-CONT-005486,00000000-0000-0000-0000-000000000423,40HC,8.4,inbound,00000000-0000-0000-0000-00000000012e,normal,standard,True
SYN-CONT-005487,00000000-0000-0000-0000-000000000423,40RF,14.6,inbound,00000000-0000-0000-0000-000000000130,normal,reefer,True
SYN-CONT-005488,00000000-0000-0000-0000-000000000423,40HC,12.3,inbound,00000000-0000-0000-0000-00000000012f,normal,hazardous,True
SYN-CONT-005489,00000000-0000-0000-0000-000000000423,40HC,18.1,inbound,00000000-0000-0000-0000-00000000012c,normal,reefer,True
SYN-CONT-005490,00000000-0000-0000-0000-000000000423,40RF,28.6,inbound,00000000-0000-0000-0000-00000000012c,normal,reefer,True
SYN-CONT-005491,00000000-0000-0000-0000-000000000423,20GP,18.6,inbound,00000000-0000-0000-0000-00000000012f,normal,hazardous,True
SYN-CONT-005492,00000000-0000-0000-0000-000000000423,20GP,10.5,inbound,00000000-0000-0000-0000-00000000012d,normal,standard,True
SYN-CONT-005493,00000000-0000-0000-0000-000000000423,40RF,16.4,inbound,00000000-0000-0000-0000-000000000131,normal,reefer,True
SYN-CONT-005494,00000000-0000-0000-0000-000000000423,20GP,13.2,inbound,00000000-0000-0000-0000-00000000012e,normal,standard,True
SYN-CONT-005495,00000000-0000-0000-0000-000000000423,40HC,11.0,inbound,00000000-0000-0000-0000-000000000130,normal,standard,True
SYN-CONT-005496,00000000-0000-0000-0000-000000000423,20GP,18.9,inbound,00000000-0000-0000-0000-000000000131,normal,reefer,True
SYN-CONT-005497,00000000-0000-0000-0000-000000000423,40HC,20.6,inbound,00000000-0000-0000-0000-00000000012f,normal,reefer,True
SYN-CONT-005498,00000000-0000-0000-0000-000000000423,40HC,14.8,inbound,00000000-0000-0000-0000-00000000012c,normal,standard,True
SYN-CONT-005499,00000000-0000-0000-0000-000000000423,40RF,11.2,inbound,00000000-0000-0000-0000-00000000012d,normal,reefer,True
SYN-CONT-005500,00000000-0000-0000-0000-000000000423,20GP,28.5,inbound,00000000-0000-0000-0000-000000000130,normal,standard,True
