timestamp,hour,day_of_week,day_of_month,month,is_weekend,active_vessel_count,waiting_vessel_count,queue_length,vessels_at_berth_count,occupied_berths,available_berths,berth_utilization,active_cranes,available_cranes,crane_utilization,yard_occupancy,yard_capacity,yard_utilization,average_waiting_time_h,average_handling_time_h,high_priority_vessel_count,scheduled_arrivals_next_6h,scheduled_arrivals_next_12h,scheduled_arrivals_next_24h,scheduled_incoming_containers_next_6h,scheduled_incoming_containers_next_24h,weather_temperature_c,weather_wind_speed_knots,weather_precipitation_mm,weather_operational_impact,tide_height_m,tide_operational_impact,current_throughput_teu,synthetic
2026-01-15T00:00:00+00:00,0,3,15,1,0,0,0,0,0,0,6,0.0,0,10,0.0,2200,11000,0.2,0.0,0.0,0,1,2,6,309,5349,25.7,14.1,0.0,0.0,1.93,0.0,0,True
2026-01-15T01:00:00+00:00,1,3,15,1,0,0,0,0,0,0,6,0.0,0,10,0.0,2200,11000,0.2,0.0,0.0,0,2,2,7,1502,5578,25.5,8.5,0.0,0.0,2.6,0.0,0,True
2026-01-15T02:00:00+00:00,2,3,15,1,0,1,0,0,1,1,5,0.1667,3,7,0.3,2509,11000,0.2281,0.0,5.6,0,2,2,7,1502,5578,23.6,8.2,0.0,0.0,3.03,0.0,0,True
2026-01-15T03:00:00+00:00,3,3,15,1,0,1,0,0,1,1,5,0.1667,3,7,0.3,2509,11000,0.2281,0.0,5.6,0,1,1,6,1193,5269,24.1,11.4,0.0,0.0,2.97,0.0,0,True
2026-01-15T04:00:00+00:00,4,3,15,1,0,1,0,0,1,1,5,0.1667,3,7,0.3,2509,11000,0.2281,0.0,5.6,0,1,1,7,1193,6409,25.4,7.5,0.0,0.0,2.7,0.0,0,True
2026-01-15T05:00:00+00:00,5,3,15,1,0,1,0,0,1,1,5,0.1667,3,7,0.3,2509,11000,0.2281,0.0,5.6,0,1,2,7,1193,6409,24.7,6.7,0.0,0.0,2.29,0.0,0,True
2026-01-15T06:00:00+00:00,6,3,15,1,0,2,0,0,2,2,4,0.3333,6,4,0.6,3702,11000,0.3365,0.0,13.65,0,1,2,7,1193,6409,26.2,10.7,0.0,0.0,1.96,0.0,0,True
2026-01-15T07:00:00+00:00,7,3,15,1,0,2,0,0,2,2,4,0.3333,6,4,0.6,3702,11000,0.3365,0.0,13.65,0,0,2,6,0,5216,26.2,5.7,0.0,0.0,1.66,0.0,0,True
2026-01-15T08:00:00+00:00,8,3,15,1,0,1,0,0,1,1,5,0.1667,4,6,0.4,3486,11000,0.3169,0.0,21.7,0,0,2,6,0,5216,26.8,6.1,0.0,0.0,1.19,0.2,309,True
2026-01-15T09:00:00+00:00,9,3,15,1,0,1,0,0,1,1,5,0.1667,4,6,0.4,3486,11000,0.3169,0.0,21.7,0,0,2,6,0,5216,28.2,5.9,0.0,0.0,0.83,0.4,309,True
2026-01-15T10:00:00+00:00,10,3,15,1,0,1,0,0,1,1,5,0.1667,4,6,0.4,3486,11000,0.3169,0.0,21.7,0,0,2,6,0,5216,28.3,7.1,0.0,0.0,0.7,0.4,309,True
2026-01-15T11:00:00+00:00,11,3,15,1,0,1,0,0,1,1,5,0.1667,4,6,0.4,3486,11000,0.3169,0.0,21.7,0,1,3,8,723,6508,30.3,8.9,0.0,0.0,0.97,0.4,309,True
2026-01-15T12:00:00+00:00,12,3,15,1,0,1,0,0,1,1,5,0.1667,4,6,0.4,3486,11000,0.3169,0.0,21.7,0,1,4,8,723,6508,31.4,11.5,0.0,0.0,1.59,0.0,309,True
2026-01-15T13:00:00+00:00,13,3,15,1,0,1,0,0,1,1,5,0.1667,4,6,0.4,3486,11000,0.3169,0.0,21.7,0,2,5,8,1560,6508,31.3,13.9,0.0,0.0,2.28,0.0,309,True
2026-01-15T14:00:00+00:00,14,3,15,1,0,1,0,0,1,1,5,0.1667,4,6,0.4,3486,11000,0.3169,0.0,21.7,0,2,5,9,1560,6694,31.8,11.7,0.0,0.0,2.91,0.0,309,True
2026-01-15T15:00:00+00:00,15,3,15,1,0,1,0,0,1,1,5,0.1667,4,6,0.4,3486,11000,0.3169,0.0,21.7,0,2,5,9,1560,6694,31.8,11.3,0.0,0.0,3.04,0.0,309,True
2026-01-15T16:00:00+00:00,16,3,15,1,0,2,0,0,2,2,4,0.3333,7,3,0.7,4209,11000,0.3826,0.0,17.4,0,2,6,9,1560,6694,32.1,11.3,0.0,0.0,2.9,0.0,309,True
2026-01-15T17:00:00+00:00,17,3,15,1,0,2,0,0,2,2,4,0.3333,7,3,0.7,4209,11000,0.3826,0.0,17.4,0,2,5,8,1927,5971,31.0,15.2,0.0,0.0,2.49,0.0,309,True
2026-01-15T18:00:00+00:00,18,3,15,1,0,3,0,0,3,3,3,0.5,10,0,1.0,5046,11000,0.4587,0.0,16.67,0,3,5,8,3124,5971,31.3,14.7,0.0,0.0,2.08,0.0,309,True
2026-01-15T19:00:00+00:00,19,3,15,1,0,3,0,0,3,3,3,0.5,10,0,1.0,5046,11000,0.4587,0.0,16.67,0,3,4,8,2516,5870,29.9,12.7,0.0,0.0,1.75,0.0,309,True
2026-01-15T20:00:00+00:00,20,3,15,1,0,3,0,0,3,3,3,0.5,10,0,1.0,5046,11000,0.4587,0.0,16.67,0,3,4,8,2516,5870,28.4,13.2,0.0,0.0,1.41,0.0,309,True
2026-01-15T21:00:00+00:00,21,3,15,1,0,3,0,0,3,3,3,0.5,10,0,1.0,5046,11000,0.4587,0.0,16.67,0,3,4,8,2516,5870,27.6,16.2,0.0,0.0,1.01,0.2,309,True
2026-01-15T22:00:00+00:00,22,3,15,1,0,4,1,1,3,3,3,0.5,10,0,1.0,5046,11000,0.4587,0.0,16.67,0,4,4,8,3656,5870,26.7,15.3,0.0,0.0,0.74,0.4,309,True
2026-01-15T23:00:00+00:00,23,3,15,1,0,5,2,2,3,3,3,0.5,10,0,1.0,5046,11000,0.4587,0.0,16.67,1,3,5,7,2566,4780,26.4,13.7,0.0,0.0,0.83,0.4,309,True
2026-01-16T00:00:00+00:00,0,4,16,1,0,6,3,3,3,3,3,0.5,10,0,1.0,5046,11000,0.4587,0.0,16.67,1,2,4,7,1369,4132,25.0,13.9,0.0,0.0,1.29,0.2,309,True
2026-01-16T01:00:00+00:00,1,4,16,1,0,6,3,3,3,3,3,0.5,10,0,1.0,5046,11000,0.4587,0.0,16.67,1,1,3,6,1140,3903,24.4,20.2,5.2,0.2,2.04,0.0,309,True
2026-01-16T02:00:00+00:00,2,4,16,1,0,6,3,3,3,3,3,0.5,10,0,1.0,5046,11000,0.4587,0.0,16.67,1,1,4,6,1140,3903,23.8,7.9,0.0,0.0,2.7,0.0,309,True
2026-01-16T03:00:00+00:00,3,4,16,1,0,7,4,4,3,3,3,0.5,10,0,1.0,5046,11000,0.4587,0.0,16.67,2,1,4,6,1140,3903,24.7,7.2,0.0,0.0,3.05,0.0,309,True
2026-01-16T04:00:00+00:00,4,4,16,1,0,6,3,3,3,3,3,0.5,10,0,1.0,5301,11000,0.4819,1.2,16.03,2,0,3,5,0,2763,24.6,11.6,0.0,0.0,2.97,0.0,1502,True
2026-01-16T05:00:00+00:00,5,4,16,1,0,6,3,3,3,3,3,0.5,10,0,1.0,5301,11000,0.4819,1.2,16.03,2,2,3,6,1292,3191,24.7,6.3,0.0,0.0,2.63,0.0,1502,True
2026-01-16T06:00:00+00:00,6,4,16,1,0,5,2,2,3,3,3,0.5,10,0,1.0,5992,11000,0.5447,2.17,18.93,1,2,3,7,1292,3710,25.1,8.9,0.0,0.0,2.23,0.0,2225,True
2026-01-16T07:00:00+00:00,7,4,16,1,0,5,2,2,3,3,3,0.5,10,0,1.0,5992,11000,0.5447,2.17,18.93,1,2,4,7,1292,3710,25.9,6.0,0.0,0.0,1.95,0.0,2225,True
2026-01-16T08:00:00+00:00,8,4,16,1,0,5,2,2,3,3,3,0.5,10,0,1.0,5992,11000,0.5447,2.17,18.93,1,3,4,7,1478,3710,27.8,6.9,0.0,0.0,1.57,0.0,2225,True
2026-01-16T09:00:00+00:00,9,4,16,1,0,5,2,2,3,3,3,0.5,10,0,1.0,5992,11000,0.5447,2.17,18.93,1,3,4,7,1478,3710,28.6,11.4,0.0,0.0,1.21,0.2,2225,True
2026-01-16T10:00:00+00:00,10,4,16,1,0,6,3,3,3,3,3,0.5,10,0,1.0,5636,11000,0.5124,3.29,15.27,1,3,4,7,1478,3710,29.6,9.0,0.0,0.0,0.83,0.4,3062,True
2026-01-16T11:00:00+00:00,11,4,16,1,0,6,3,3,3,3,3,0.5,10,0,1.0,5636,11000,0.5124,3.29,15.27,1,1,2,6,186,2675,29.3,9.9,0.0,0.0,0.76,0.4,3062,True
2026-01-16T12:00:00+00:00,12,4,16,1,0,6,3,3,3,3,3,0.5,10,0,1.0,5636,11000,0.5124,3.29,15.27,1,1,3,6,186,2675,31.0,14.5,0.0,0.0,1.07,0.2,3062,True
2026-01-16T13:00:00+00:00,13,4,16,1,0,7,4,4,3,3,3,0.5,10,0,1.0,5636,11000,0.5124,3.29,15.27,2,2,3,6,922,2675,31.9,15.7,0.0,0.0,1.66,0.0,3062,True
2026-01-16T14:00:00+00:00,14,4,16,1,0,7,4,4,3,3,3,0.5,10,0,1.0,5636,11000,0.5124,3.29,15.27,2,1,2,5,736,2489,30.7,13.7,0.0,0.0,2.46,0.0,3062,True
2026-01-16T15:00:00+00:00,15,4,16,1,0,6,3,3,3,3,3,0.5,10,0,1.0,6616,11000,0.6015,4.38,20.77,1,1,2,5,736,2489,32.1,12.0,0.0,0.0,2.91,0.0,3291,True
2026-01-16T16:00:00+00:00,16,4,16,1,0,6,3,3,3,3,3,0.5,10,0,1.0,6616,11000,0.6015,4.38,20.77,1,1,2,6,736,3667,31.6,21.4,2.3,0.2,3.04,0.0,3291,True
2026-01-16T17:00:00+00:00,17,4,16,1,0,6,3,3,3,3,3,0.5,10,0,1.0,6616,11000,0.6015,4.38,20.77,1,1,3,6,736,3667,30.5,11.0,0.0,0.0,2.79,0.0,3291,True
2026-01-16T18:00:00+00:00,18,4,16,1,0,7,4,4,3,3,3,0.5,10,0,1.0,6616,11000,0.6015,4.38,20.77,2,2,4,6,1285,3667,30.8,13.4,0.0,0.0,2.43,0.0,3291,True
2026-01-16T19:00:00+00:00,19,4,16,1,0,7,4,4,3,3,3,0.5,10,0,1.0,6616,11000,0.6015,4.38,20.77,2,1,3,5,549,2931,29.9,15.5,0.0,0.0,2.03,0.0,3291,True
2026-01-16T20:00:00+00:00,20,4,16,1,0,7,4,4,3,3,3,0.5,10,0,1.0,6616,11000,0.6015,4.38,20.77,2,1,3,5,549,2931,29.2,13.3,0.0,0.0,1.69,0.0,3291,True
2026-01-16T21:00:00+00:00,21,4,16,1,0,7,4,4,3,3,3,0.5,10,0,1.0,6616,11000,0.6015,4.38,20.77,2,1,3,6,549,3140,28.0,14.5,0.0,0.0,1.3,0.2,3291,True
2026-01-16T22:00:00+00:00,22,4,16,1,0,7,4,4,3,3,3,0.5,10,0,1.0,6616,11000,0.6015,4.38,20.77,2,1,3,6,549,3140,27.3,12.7,0.0,0.0,0.97,0.4,3291,True
2026-01-16T23:00:00+00:00,23,4,16,1,0,8,5,5,3,3,3,0.5,10,0,1.0,6616,11000,0.6015,4.38,20.77,2,2,4,6,977,3140,27.1,11.4,0.0,0.0,0.79,0.4,3291,True
2026-01-17T00:00:00+00:00,0,5,17,1,1,7,4,4,3,3,3,0.5,10,0,1.0,6689,11000,0.6081,5.44,19.23,2,2,3,5,947,2591,25.8,12.0,0.0,0.0,0.92,0.4,4381,True
2026-01-17T01:00:00+00:00,1,5,17,1,1,7,4,4,3,3,3,0.5,10,0,1.0,6689,11000,0.6081,5.44,19.23,2,2,3,5,947,2591,25.0,8.0,0.0,0.0,1.38,0.2,4381,True
2026-01-17T02:00:00+00:00,2,5,17,1,1,7,4,4,3,3,3,0.5,10,0,1.0,6689,11000,0.6081,5.44,19.23,2,2,3,5,947,2591,23.8,11.7,0.0,0.0,2.17,0.0,4381,True
2026-01-17T03:00:00+00:00,3,5,17,1,1,7,4,4,3,3,3,0.5,10,0,1.0,6689,11000,0.6081,5.44,19.23,2,2,3,5,947,2591,24.8,10.5,0.0,0.0,2.74,0.0,4381,True
2026-01-17T04:00:00+00:00,4,5,17,1,1,7,4,4,3,3,3,0.5,10,0,1.0,6308,11000,0.5735,6.7,14.73,3,2,4,6,947,2822,23.9,9.1,0.0,0.0,3.05,0.0,5578,True
2026-01-17T05:00:00+00:00,5,5,17,1,1,8,5,5,3,3,3,0.5,10,0,1.0,6308,11000,0.5735,6.7,14.73,3,2,3,5,776,2394,25.7,11.4,0.0,0.0,2.94,0.0,5578,True
2026-01-17T06:00:00+00:00,6,5,17,1,1,8,5,5,3,3,3,0.5,10,0,1.0,6308,11000,0.5735,6.7,14.73,3,1,2,4,257,1875,26.0,8.7,0.0,0.0,2.59,0.0,5578,True
2026-01-17T07:00:00+00:00,7,5,17,1,1,8,5,5,3,3,3,0.5,10,0,1.0,6308,11000,0.5735,6.7,14.73,3,1,2,5,257,2979,25.9,5.8,0.0,0.0,2.21,0.0,5578,True
2026-01-17T08:00:00+00:00,8,5,17,1,1,8,5,5,3,3,3,0.5,10,0,1.0,6308,11000,0.5735,6.7,14.73,3,1,2,5,257,2979,26.9,10.7,0.0,0.0,1.84,0.0,5578,True
2026-01-17T09:00:00+00:00,9,5,17,1,1,8,5,5,3,3,3,0.5,10,0,1.0,6308,11000,0.5735,6.7,14.73,3,1,3,6,257,3181,29.0,6.6,0.0,0.0,1.45,0.0,5578,True
2026-01-17T10:00:00+00:00,10,5,17,1,1,9,6,6,3,3,3,0.5,10,0,1.0,6308,11000,0.5735,6.7,14.73,4,2,3,7,1435,3663,28.0,10.2,0.0,0.0,1.13,0.2,5578,True
2026-01-17T11:00:00+00:00,11,5,17,1,1,9,6,6,3,3,3,0.5,10,0,1.0,6308,11000,0.5735,6.7,14.73,4,1,2,6,1178,3406,29.8,12.7,0.0,0.0,0.82,0.4,5578,True
2026-01-17T12:00:00+00:00,12,5,17,1,1,8,5,5,3,3,3,0.5,10,0,1.0,5696,11000,0.5178,8.18,8.97,3,1,2,6,1178,3406,31.4,13.8,0.0,0.0,0.77,0.4,6718,True
2026-01-17T13:00:00+00:00,13,5,17,1,1,7,4,4,3,3,3,0.5,10,0,1.0,6113,11000,0.5557,9.08,10.67,2,1,2,6,1178,3406,30.7,8.9,0.0,0.0,1.13,0.2,7174,True
2026-01-17T14:00:00+00:00,14,5,17,1,1,7,4,4,3,3,3,0.5,10,0,1.0,6113,11000,0.5557,9.08,10.67,2,1,2,6,1178,3406,31.6,15.9,0.0,0.0,1.87,0.0,7174,True
2026-01-17T15:00:00+00:00,15,5,17,1,1,8,5,5,3,3,3,0.5,10,0,1.0,6113,11000,0.5557,9.08,10.67,2,2,2,6,1387,3406,31.8,11.3,0.0,0.0,2.57,0.0,7174,True
2026-01-17T16:00:00+00:00,16,5,17,1,1,6,3,3,3,3,3,0.5,10,0,1.0,6375,11000,0.5795,9.86,10.4,1,1,2,5,209,2228,30.5,12.8,0.0,0.0,3.01,0.0,8196,True
2026-01-17T17:00:00+00:00,17,5,17,1,1,6,3,3,3,3,3,0.5,10,0,1.0,6375,11000,0.5795,9.86,10.4,1,1,2,5,209,2228,30.9,12.4,0.0,0.0,3.04,0.0,8196,True
2026-01-17T18:00:00+00:00,18,5,17,1,1,6,3,3,3,3,3,0.5,10,0,1.0,6375,11000,0.5795,9.86,10.4,1,1,2,5,209,2228,30.7,15.6,0.0,0.0,2.72,0.0,8196,True
2026-01-17T19:00:00+00:00,19,5,17,1,1,6,3,3,3,3,3,0.5,10,0,1.0,6375,11000,0.5795,9.86,10.4,1,1,3,6,209,3336,28.8,16.0,0.0,0.0,2.34,0.0,8196,True
2026-01-17T20:00:00+00:00,20,5,17,1,1,7,4,4,3,3,3,0.5,10,0,1.0,6375,11000,0.5795,9.86,10.4,1,1,3,7,209,3590,29.6,12.8,0.0,0.0,1.97,0.0,8196,True
2026-01-17T21:00:00+00:00,21,5,17,1,1,7,4,4,3,3,3,0.5,10,0,1.0,6375,11000,0.5795,9.86,10.4,1,0,3,6,0,3381,28.5,11.0,0.0,0.0,1.64,0.0,8196,True
2026-01-17T22:00:00+00:00,22,5,17,1,1,7,4,4,3,3,3,0.5,10,0,1.0,6375,11000,0.5795,9.86,10.4,1,1,4,6,231,3381,26.3,11.2,0.0,0.0,1.23,0.2,8196,True
2026-01-17T23:00:00+00:00,23,5,17,1,1,7,4,4,3,3,3,0.5,10,0,1.0,6375,11000,0.5795,9.86,10.4,1,1,4,6,231,3381,26.4,12.1,0.0,0.0,0.89,0.4,8196,True
2026-01-18T00:00:00+00:00,0,6,18,1,1,6,3,3,3,3,3,0.5,10,0,1.0,6595,11000,0.5995,10.47,10.93,1,1,4,6,231,3381,25.2,9.7,0.0,0.0,0.74,0.4,8624,True
2026-01-18T01:00:00+00:00,1,6,18,1,1,6,3,3,3,3,3,0.5,10,0,1.0,6595,11000,0.5995,10.47,10.93,1,2,4,6,1335,3381,25.3,9.5,0.0,0.0,0.93,0.4,8624,True
2026-01-18T02:00:00+00:00,2,6,18,1,1,5,2,2,3,3,3,0.5,10,0,1.0,6468,11000,0.588,10.81,9.17,0,2,4,6,1335,3381,24.6,7.4,0.0,0.0,1.48,0.0,9173,True
2026-01-18T03:00:00+00:00,3,6,18,1,1,5,2,2,3,3,3,0.5,10,0,1.0,7131,11000,0.6483,10.88,11.83,1,3,4,7,1537,4521,23.8,7.4,0.0,0.0,2.25,0.0,9909,True
2026-01-18T04:00:00+00:00,4,6,18,1,1,5,2,2,3,3,3,0.5,10,0,1.0,7131,11000,0.6483,10.88,11.83,1,3,3,7,1788,4802,25.4,11.9,0.0,0.0,2.85,0.0,9909,True
2026-01-18T05:00:00+00:00,5,6,18,1,1,5,2,2,3,3,3,0.5,10,0,1.0,7131,11000,0.6483,10.88,11.83,1,3,3,7,1788,4802,24.4,10.4,0.0,0.0,3.07,0.0,9909,True
2026-01-18T06:00:00+00:00,6,6,18,1,1,6,3,3,3,3,3,0.5,10,0,1.0,7131,11000,0.6483,10.88,11.83,1,3,3,7,1788,4802,25.0,7.4,0.0,0.0,2.9,0.0,9909,True
2026-01-18T07:00:00+00:00,7,6,18,1,1,5,2,2,3,3,3,0.5,10,0,1.0,7161,11000,0.651,10.89,11.53,1,2,3,6,684,3698,25.7,7.6,0.0,0.0,2.52,0.0,10166,True
2026-01-18T08:00:00+00:00,8,6,18,1,1,6,3,3,3,3,3,0.5,10,0,1.0,7161,11000,0.651,10.89,11.53,2,2,4,7,684,4512,26.1,7.7,0.0,0.0,2.21,0.0,10166,True
2026-01-18T09:00:00+00:00,9,6,18,1,1,7,4,4,3,3,3,0.5,10,0,1.0,7161,11000,0.651,10.89,11.53,2,1,3,7,482,4857,28.5,12.7,0.0,0.0,1.78,0.0,10166,True
2026-01-18T10:00:00+00:00,10,6,18,1,1,6,3,3,3,3,3,0.5,10,0,1.0,7029,11000,0.639,10.68,9.8,1,0,2,6,0,4375,28.5,11.2,0.0,0.0,1.44,0.0,10685,True
2026-01-18T11:00:00+00:00,11,6,18,1,1,5,2,2,3,3,3,0.5,10,0,1.0,7987,11000,0.7261,10.4,15.23,1,0,2,6,0,4375,29.5,9.9,0.0,0.0,1.09,0.2,10894,True
2026-01-18T12:00:00+00:00,12,6,18,1,1,5,2,2,3,3,3,0.5,10,0,1.0,7987,11000,0.7261,10.4,15.23,1,0,2,7,0,5440,30.2,13.5,0.0,0.0,0.72,0.4,10894,True
2026-01-18T13:00:00+00:00,13,6,18,1,1,5,2,2,3,3,3,0.5,10,0,1.0,7987,11000,0.7261,10.4,15.23,1,1,2,7,1108,5440,30.5,15.5,0.0,0.0,0.84,0.4,10894,True
2026-01-18T14:00:00+00:00,14,6,18,1,1,5,2,2,3,3,3,0.5,10,0,1.0,7987,11000,0.7261,10.4,15.23,1,2,2,7,1362,5440,32.1,15.9,0.0,0.0,1.22,0.2,10894,True
2026-01-18T15:00:00+00:00,15,6,18,1,1,4,1,1,3,3,3,0.5,10,0,1.0,8028,11000,0.7298,10.75,15.07,0,2,3,7,1362,5440,30.6,11.2,0.0,0.0,1.99,0.0,11125,True
2026-01-18T16:00:00+00:00,16,6,18,1,1,4,1,1,3,3,3,0.5,10,0,1.0,8028,11000,0.7298,10.75,15.07,0,2,4,7,1362,5440,31.7,13.5,0.0,0.0,2.68,0.0,11125,True
2026-01-18T17:00:00+00:00,17,6,18,1,1,4,1,1,3,3,3,0.5,10,0,1.0,8028,11000,0.7298,10.75,15.07,0,2,4,7,1362,5440,30.4,11.5,0.0,0.0,3.02,0.0,11125,True
2026-01-18T18:00:00+00:00,18,6,18,1,1,5,2,2,3,3,3,0.5,10,0,1.0,8028,11000,0.7298,10.75,15.07,0,2,4,7,1362,5440,31.1,15.8,0.0,0.0,3.03,0.0,11125,True
2026-01-18T19:00:00+00:00,19,6,18,1,1,5,2,2,3,3,3,0.5,10,0,1.0,8369,11000,0.7608,11.25,16.77,1,1,3,8,254,5105,30.0,15.8,0.0,0.0,2.72,0.0,11327,True
2026-01-18T20:00:00+00:00,20,6,18,1,1,5,2,2,3,3,3,0.5,10,0,1.0,8369,11000,0.7608,11.25,16.77,1,0,3,7,0,4851,29.7,12.9,0.0,0.0,2.28,0.0,11327,True
2026-01-18T21:00:00+00:00,21,6,18,1,1,5,2,2,3,3,3,0.5,10,0,1.0,8369,11000,0.7608,11.25,16.77,1,1,4,7,1140,4851,27.6,23.7,2.7,0.2,1.96,0.0,11327,True
2026-01-18T22:00:00+00:00,22,6,18,1,1,5,2,2,3,3,3,0.5,10,0,1.0,8369,11000,0.7608,11.25,16.77,1,2,4,8,1652,5391,26.1,12.9,0.0,0.0,1.55,0.0,11327,True
2026-01-18T23:00:00+00:00,23,6,18,1,1,5,2,2,3,3,3,0.5,10,0,1.0,8369,11000,0.7608,11.25,16.77,1,2,4,8,1652,5391,26.2,10.2,0.0,0.0,1.24,0.2,11327,True
2026-01-19T00:00:00+00:00,0,0,19,1,0,5,2,2,3,3,3,0.5,10,0,1.0,8369,11000,0.7608,11.25,16.77,1,2,5,8,1652,5391,26.3,9.8,0.0,0.0,0.89,0.4,11327,True
2026-01-19T01:00:00+00:00,1,0,19,1,0,4,1,1,3,3,3,0.5,10,0,1.0,8653,11000,0.7866,11.6,16.33,1,2,5,8,1652,5391,24.2,12.5,0.0,0.0,0.77,0.4,12505,True
2026-01-19T02:00:00+00:00,2,0,19,1,0,5,2,2,3,3,3,0.5,10,0,1.0,8653,11000,0.7866,11.6,16.33,1,3,5,9,2466,6171,24.0,6.7,0.0,0.0,0.97,0.4,12505,True
2026-01-19T03:00:00+00:00,3,0,19,1,0,6,3,3,3,3,3,0.5,10,0,1.0,8653,11000,0.7866,11.6,16.33,1,3,4,8,1873,5031,24.3,8.7,0.0,0.0,1.64,0.0,12505,True
2026-01-19T04:00:00+00:00,4,0,19,1,0,5,2,2,3,3,3,0.5,10,0,1.0,8570,11000,0.7791,12.05,14.93,0,2,3,8,1361,5589,24.9,9.6,0.0,0.0,2.41,0.0,12987,True
2026-01-19T05:00:00+00:00,5,0,19,1,0,5,2,2,3,3,3,0.5,10,0,1.0,8570,11000,0.7791,12.05,14.93,0,2,3,8,1361,5589,25.1,6.3,0.0,0.0,2.9,0.0,12987,True
2026-01-19T06:00:00+00:00,6,0,19,1,0,5,2,2,3,3,3,0.5,10,0,1.0,8570,11000,0.7791,12.05,14.93,0,3,3,8,2426,5589,26.4,8.6,0.0,0.0,3.08,0.0,12987,True
2026-01-19T07:00:00+00:00,7,0,19,1,0,6,3,3,3,3,3,0.5,10,0,1.0,8570,11000,0.7791,12.05,14.93,1,3,5,8,2426,5589,26.8,7.6,0.0,0.0,2.9,0.0,12987,True
2026-01-19T08:00:00+00:00,8,0,19,1,0,6,3,3,3,3,3,0.5,10,0,1.0,8938,11000,0.8125,12.05,15.13,1,2,4,9,1612,6264,27.8,7.7,0.0,0.0,2.51,0.0,14091,True
2026-01-19T09:00:00+00:00,9,0,19,1,0,5,2,2,3,3,3,0.5,10,0,1.0,9273,11000,0.843,12.0,16.7,1,1,3,8,1065,5717,28.7,6.7,0.0,0.0,2.12,0.0,14345,True
2026-01-19T10:00:00+00:00,10,0,19,1,0,5,2,2,3,3,3,0.5,10,0,1.0,9273,11000,0.843,12.0,16.7,1,1,4,8,1065,5717,29.2,9.5,0.0,0.0,1.73,0.0,14345,True
2026-01-19T11:00:00+00:00,11,0,19,1,0,6,3,3,3,3,3,0.5,10,0,1.0,9273,11000,0.843,12.0,16.7,1,1,4,9,1065,5967,29.0,8.0,0.0,0.0,1.41,0.0,14345,True
2026-01-19T12:00:00+00:00,12,0,19,1,0,6,3,3,3,3,3,0.5,10,0,1.0,9273,11000,0.843,12.0,16.7,1,0,3,8,0,4902,30.0,13.0,0.0,0.0,0.94,0.4,14345,True
2026-01-19T13:00:00+00:00,13,0,19,1,0,6,3,3,3,3,3,0.5,10,0,1.0,9273,11000,0.843,12.0,16.7,1,2,3,8,773,4902,31.9,12.9,0.0,0.0,0.77,0.4,14345,True
2026-01-19T14:00:00+00:00,14,0,19,1,0,6,3,3,3,3,3,0.5,10,0,1.0,9273,11000,0.843,12.0,16.7,1,2,4,8,773,4902,31.4,10.9,0.0,0.0,0.83,0.4,14345,True
2026-01-19T15:00:00+00:00,15,0,19,1,0,6,3,3,3,3,3,0.5,10,0,1.0,9273,11000,0.843,12.0,16.7,1,2,4,8,773,4902,31.2,13.7,0.0,0.0,1.33,0.2,14345,True
2026-01-19T16:00:00+00:00,16,0,19,1,0,6,3,3,3,3,3,0.5,10,0,1.0,9273,11000,0.843,12.0,16.7,1,3,5,8,1313,4902,30.9,19.0,3.4,0.2,2.05,0.0,14345,True
2026-01-19T17:00:00+00:00,17,0,19,1,0,6,3,3,3,3,3,0.5,10,0,1.0,9273,11000,0.843,12.0,16.7,1,3,5,8,1313,4902,31.9,17.5,0.0,0.0,2.73,0.0,14345,True
2026-01-19T18:00:00+00:00,18,0,19,1,0,8,5,5,3,3,3,0.5,10,0,1.0,9273,11000,0.843,12.0,16.7,2,3,5,8,1313,4902,30.7,22.8,4.4,0.2,3.06,0.0,14345,True
2026-01-19T19:00:00+00:00,19,0,19,1,0,7,4,4,3,3,3,0.5,10,0,1.0,9729,11000,0.8845,12.1,18.53,1,1,3,6,540,4129,30.7,17.4,0.0,0.0,3.01,0.0,14857,True
2026-01-19T20:00:00+00:00,20,0,19,1,0,7,4,4,3,3,3,0.5,10,0,1.0,9729,11000,0.8845,12.1,18.53,1,2,5,7,1320,4605,29.6,12.2,0.0,0.0,2.61,0.0,14857,True
2026-01-19T21:00:00+00:00,21,0,19,1,0,8,5,5,3,3,3,0.5,10,0,1.0,9729,11000,0.8845,12.1,18.53,2,2,5,7,1320,4605,28.3,13.3,0.0,0.0,2.23,0.0,14857,True
2026-01-19T22:00:00+00:00,22,0,19,1,0,7,4,4,3,3,3,0.5,10,0,1.0,9501,11000,0.8637,12.2,15.13,2,2,4,6,1850,4065,26.7,9.6,0.0,0.0,1.89,0.0,15965,True
2026-01-19T23:00:00+00:00,23,0,19,1,0,7,4,4,3,3,3,0.5,10,0,1.0,9501,11000,0.8637,12.2,15.13,2,2,5,6,1850,4065,26.4,13.7,0.0,0.0,1.54,0.0,15965,True
2026-01-20T00:00:00+00:00,0,1,20,1,0,7,4,4,3,3,3,0.5,10,0,1.0,9501,11000,0.8637,12.2,15.13,2,2,5,6,1850,4065,25.1,15.0,0.0,0.0,1.15,0.2,15965,True
2026-01-20T01:00:00+00:00,1,1,20,1,0,8,5,5,3,3,3,0.5,10,0,1.0,9501,11000,0.8637,12.2,15.13,3,2,5,6,1850,4065,24.1,11.6,0.0,0.0,0.77,0.4,15965,True
2026-01-20T02:00:00+00:00,2,1,20,1,0,8,5,5,3,3,3,0.5,10,0,1.0,9501,11000,0.8637,12.2,15.13,3,3,4,5,2559,3285,25.5,13.0,0.0,0.0,0.74,0.4,15965,True
2026-01-20T03:00:00+00:00,3,1,20,1,0,9,6,6,3,3,3,0.5,10,0,1.0,9501,11000,0.8637,12.2,15.13,3,3,4,5,2559,3285,25.4,6.1,0.0,0.0,1.07,0.2,15965,True
2026-01-20T04:00:00+00:00,4,1,20,1,0,9,6,6,3,3,3,0.5,10,0,1.0,9501,11000,0.8637,12.2,15.13,3,2,3,6,1489,3197,23.9,8.1,0.0,0.0,1.74,0.0,15965,True
2026-01-20T05:00:00+00:00,5,1,20,1,0,8,5,5,3,3,3,0.5,10,0,1.0,9768,11000,0.888,12.4,14.7,3,3,3,7,1739,4249,24.8,6.4,0.0,0.0,2.44,0.0,17105,True
2026-01-20T06:00:00+00:00,6,1,20,1,0,8,5,5,3,3,3,0.5,10,0,1.0,9768,11000,0.888,12.4,14.7,3,3,3,7,1739,4249,26.2,10.6,0.0,0.0,3.0,0.0,17105,True
2026-01-20T07:00:00+00:00,7,1,20,1,0,10,7,7,3,3,3,0.5,10,0,1.0,9768,11000,0.888,12.4,14.7,5,3,3,7,1739,4249,26.9,10.0,0.0,0.0,3.03,0.0,17105,True
2026-01-20T08:00:00+00:00,8,1,20,1,0,9,6,6,3,3,3,0.5,10,0,1.0,9885,11000,0.8986,12.2,14.43,4,1,2,5,250,2760,26.3,9.1,0.0,0.0,2.84,0.0,17652,True
2026-01-20T09:00:00+00:00,9,1,20,1,0,9,6,6,3,3,3,0.5,10,0,1.0,9885,11000,0.8986,12.2,14.43,4,1,2,5,250,2760,27.6,9.6,0.0,0.0,2.38,0.0,17652,True
2026-01-20T10:00:00+00:00,10,1,20,1,0,9,6,6,3,3,3,0.5,10,0,1.0,9590,11000,0.8718,11.85,11.17,4,1,2,5,250,2760,28.0,6.6,0.0,0.0,2.1,0.0,18466,True
2026-01-20T11:00:00+00:00,11,1,20,1,0,9,6,6,3,3,3,0.5,10,0,1.0,9590,11000,0.8718,11.85,11.17,4,0,1,4,0,2510,30.1,7.6,0.0,0.0,1.64,0.0,18466,True
2026-01-20T12:00:00+00:00,12,1,20,1,0,9,6,6,3,3,3,0.5,10,0,1.0,9590,11000,0.8718,11.85,11.17,4,0,1,5,0,3239,29.5,10.3,0.0,0.0,1.31,0.2,18466,True
2026-01-20T13:00:00+00:00,13,1,20,1,0,9,6,6,3,3,3,0.5,10,0,1.0,9590,11000,0.8718,11.85,11.17,4,0,1,6,0,3706,31.6,13.8,0.0,0.0,0.98,0.4,18466,True
2026-01-20T14:00:00+00:00,14,1,20,1,0,9,6,6,3,3,3,0.5,10,0,1.0,9590,11000,0.8718,11.85,11.17,4,1,1,6,476,3706,31.2,18.6,4.9,0.2,0.72,0.4,18466,True
2026-01-20T15:00:00+00:00,15,1,20,1,0,9,6,6,3,3,3,0.5,10,0,1.0,9590,11000,0.8718,11.85,11.17,4,1,1,6,476,3706,31.5,11.1,0.0,0.0,0.9,0.4,18466,True
2026-01-20T16:00:00+00:00,16,1,20,1,0,8,5,5,3,3,3,0.5,10,0,1.0,9939,11000,0.9035,11.85,12.77,3,1,3,6,476,3706,30.4,16.2,0.0,0.0,1.44,0.0,18740,True
2026-01-20T17:00:00+00:00,17,1,20,1,0,8,5,5,3,3,3,0.5,10,0,1.0,9939,11000,0.9035,11.85,12.77,3,1,4,6,476,3706,30.4,16.3,0.0,0.0,2.23,0.0,18740,True
2026-01-20T18:00:00+00:00,18,1,20,1,0,7,4,4,3,3,3,0.5,10,0,1.0,10370,11000,0.9427,11.85,14.47,2,1,4,6,476,3706,29.7,12.4,0.0,0.0,2.83,0.0,19239,True
2026-01-20T19:00:00+00:00,19,1,20,1,0,8,5,5,3,3,3,0.5,10,0,1.0,10370,11000,0.9427,11.85,14.47,2,1,4,6,476,3706,30.2,14.2,0.0,0.0,3.02,0.0,19239,True
2026-01-20T20:00:00+00:00,20,1,20,1,0,8,5,5,3,3,3,0.5,10,0,1.0,10370,11000,0.9427,11.85,14.47,2,0,3,6,0,4000,28.2,11.4,0.0,0.0,2.92,0.0,19239,True
2026-01-20T21:00:00+00:00,21,1,20,1,0,8,5,5,3,3,3,0.5,10,0,1.0,10370,11000,0.9427,11.85,14.47,2,0,3,7,0,4841,28.7,15.1,0.0,0.0,2.63,0.0,19239,True
2026-01-20T22:00:00+00:00,22,1,20,1,0,8,5,5,3,3,3,0.5,10,0,1.0,10370,11000,0.9427,11.85,14.47,2,2,3,7,982,4841,26.3,13.0,0.0,0.0,2.17,0.0,19239,True
2026-01-20T23:00:00+00:00,23,1,20,1,0,8,5,5,3,3,3,0.5,10,0,1.0,10370,11000,0.9427,11.85,14.47,2,3,3,7,2034,4841,27.2,9.3,0.0,0.0,1.8,0.0,19239,True
2026-01-21T00:00:00+00:00,0,2,21,1,0,8,5,5,3,3,3,0.5,10,0,1.0,10370,11000,0.9427,11.85,14.47,2,3,4,7,2034,4841,25.1,10.8,0.0,0.0,1.44,0.0,19239,True
2026-01-21T01:00:00+00:00,1,2,21,1,0,7,4,4,3,3,3,0.5,10,0,1.0,10695,11000,0.9723,12.35,14.5,2,3,5,7,2034,4841,24.4,9.3,0.0,0.0,1.07,0.2,20304,True
2026-01-21T02:00:00+00:00,2,2,21,1,0,6,3,3,3,3,3,0.5,10,0,1.0,11000,11000,1.0,12.35,18.33,1,3,5,7,2034,4841,23.9,9.0,0.0,0.0,0.79,0.4,20844,True
2026-01-21T03:00:00+00:00,3,2,21,1,0,8,5,5,3,3,3,0.5,10,0,1.0,11000,11000,1.0,12.35,18.33,2,3,5,7,2034,4841,23.8,7.1,0.0,0.0,0.81,0.4,20844,True
2026-01-21T04:00:00+00:00,4,2,21,1,0,9,6,6,3,3,3,0.5,10,0,1.0,11000,11000,1.0,12.35,18.33,2,1,3,5,1052,3859,23.8,12.1,0.0,0.0,1.13,0.2,20844,True
2026-01-21T05:00:00+00:00,5,2,21,1,0,9,6,6,3,3,3,0.5,10,0,1.0,11000,11000,1.0,12.35,18.33,2,0,2,6,0,3909,24.0,7.0,0.0,0.0,1.91,0.0,20844,True
2026-01-21T06:00:00+00:00,6,2,21,1,0,9,6,6,3,3,3,0.5,10,0,1.0,11000,11000,1.0,12.35,18.33,2,1,2,6,729,3909,26.2,11.2,0.0,0.0,2.55,0.0,20844,True
2026-01-21T07:00:00+00:00,7,2,21,1,0,9,6,6,3,3,3,0.5,10,0,1.0,11000,11000,1.0,12.35,18.33,2,2,2,6,1196,3909,26.6,8.0,0.0,0.0,3.0,0.0,20844,True
2026-01-21T08:00:00+00:00,8,2,21,1,0,9,6,6,3,3,3,0.5,10,0,1.0,11000,11000,1.0,12.35,18.33,2,2,3,7,1196,4169,26.5,6.3,0.0,0.0,3.04,0.0,20844,True
2026-01-21T09:00:00+00:00,9,2,21,1,0,8,5,5,3,3,3,0.5,10,0,1.0,10769,11000,0.979,12.85,15.5,1,2,4,7,1196,4169,28.2,8.0,0.0,0.0,2.7,0.0,21624,True
2026-01-21T10:00:00+00:00,10,2,21,1,0,8,5,5,3,3,3,0.5,10,0,1.0,10769,11000,0.979,12.85,15.5,1,2,4,7,1196,4169,29.3,8.4,0.0,0.0,2.38,0.0,21624,True
2026-01-21T11:00:00+00:00,11,2,21,1,0,9,6,6,3,3,3,0.5,10,0,1.0,10769,11000,0.979,12.85,15.5,1,2,4,7,1196,4169,29.9,9.7,0.0,0.0,2.0,0.0,21624,True
2026-01-21T12:00:00+00:00,12,2,21,1,0,10,7,7,3,3,3,0.5,10,0,1.0,10769,11000,0.979,12.85,15.5,1,1,3,6,467,3440,29.7,12.7,0.0,0.0,1.67,0.0,21624,True
2026-01-21T13:00:00+00:00,13,2,21,1,0,10,7,7,3,3,3,0.5,10,0,1.0,10769,11000,0.979,12.85,15.5,1,0,2,5,0,2973,31.2,14.7,0.0,0.0,1.25,0.2,21624,True
2026-01-21T14:00:00+00:00,14,2,21,1,0,10,7,7,3,3,3,0.5,10,0,1.0,10769,11000,0.979,12.85,15.5,1,1,2,5,770,2973,32.1,16.5,0.0,0.0,0.91,0.4,21624,True
2026-01-21T15:00:00+00:00,15,2,21,1,0,9,6,6,3,3,3,0.5,10,0,1.0,10799,11000,0.9817,13.7,15.1,1,2,2,6,1611,3478,32.1,16.3,0.0,0.0,0.69,0.4,21939,True
2026-01-21T16:00:00+00:00,16,2,21,1,0,9,6,6,3,3,3,0.5,10,0,1.0,10799,11000,0.9817,13.7,15.1,1,2,2,6,1611,3478,32.0,17.0,0.0,0.0,1.01,0.2,21939,True
2026-01-21T17:00:00+00:00,17,2,21,1,0,9,6,6,3,3,3,0.5,10,0,1.0,10799,11000,0.9817,13.7,15.1,1,2,4,6,1611,3478,30.5,13.6,0.0,0.0,1.56,0.0,21939,True
2026-01-21T18:00:00+00:00,18,2,21,1,0,9,6,6,3,3,3,0.5,10,0,1.0,10799,11000,0.9817,13.7,15.1,1,2,4,6,1611,3478,30.5,13.2,0.0,0.0,2.29,0.0,21939,True
2026-01-21T19:00:00+00:00,19,2,21,1,0,10,7,7,3,3,3,0.5,10,0,1.0,10799,11000,0.9817,13.7,15.1,2,2,4,6,1611,3478,29.2,16.6,0.0,0.0,2.83,0.0,21939,True
2026-01-21T20:00:00+00:00,20,2,21,1,0,10,7,7,3,3,3,0.5,10,0,1.0,11000,11000,1.0,14.4,16.5,2,1,4,5,841,2708,29.0,14.6,0.0,0.0,3.03,0.0,22189,True
2026-01-21T21:00:00+00:00,21,2,21,1,0,9,6,6,3,3,3,0.5,10,0,1.0,11000,11000,1.0,14.95,14.8,1,0,3,4,0,1867,28.1,10.7,0.0,0.0,2.86,0.0,23259,True
2026-01-21T22:00:00+00:00,22,2,21,1,0,9,6,6,3,3,3,0.5,10,0,1.0,11000,11000,1.0,14.95,14.8,1,0,3,6,0,3478,27.2,14.6,0.0,0.0,2.56,0.0,23259,True
2026-01-21T23:00:00+00:00,23,2,21,1,0,9,6,6,3,3,3,0.5,10,0,1.0,11000,11000,1.0,14.95,14.8,1,2,3,7,1102,4534,27.0,15.6,0.0,0.0,2.15,0.0,23259,True
2026-01-22T00:00:00+00:00,0,3,22,1,0,8,5,5,3,3,3,0.5,10,0,1.0,10367,11000,0.9425,15.75,8.83,1,2,3,7,1102,4534,25.8,13.8,0.0,0.0,1.8,0.0,24433,True
2026-01-22T01:00:00+00:00,1,3,22,1,0,8,5,5,3,3,3,0.5,10,0,1.0,10367,11000,0.9425,15.75,8.83,1,2,3,7,1102,4534,24.5,9.1,0.0,0.0,1.42,0.0,24433,True
2026-01-22T02:00:00+00:00,2,3,22,1,0,8,5,5,3,3,3,0.5,10,0,1.0,10367,11000,0.9425,15.75,8.83,1,3,3,7,1362,4534,25.5,10.0,0.0,0.0,1.06,0.2,24433,True
2026-01-22T03:00:00+00:00,3,3,22,1,0,8,5,5,3,3,3,0.5,10,0,1.0,10367,11000,0.9425,15.75,8.83,1,3,4,7,1362,4534,24.6,8.1,0.0,0.0,0.77,0.4,24433,True
2026-01-22T04:00:00+00:00,4,3,22,1,0,9,6,6,3,3,3,0.5,10,0,1.0,11000,11000,1.0,16.6,14.07,2,3,4,8,1362,5673,25.3,6.6,0.0,0.0,0.81,0.4,24621,True
2026-01-22T05:00:00+00:00,5,3,22,1,0,8,5,5,3,3,3,0.5,10,0,1.0,11000,11000,1.0,17.0,15.6,2,1,2,6,260,4571,25.4,9.9,0.0,0.0,1.28,0.2,25097,True
2026-01-22T06:00:00+00:00,6,3,22,1,0,8,5,5,3,3,3,0.5,10,0,1.0,11000,11000,1.0,17.0,15.6,2,1,2,6,260,4571,25.2,7.3,0.0,0.0,2.03,0.0,25097,True
2026-01-22T07:00:00+00:00,7,3,22,1,0,9,6,6,3,3,3,0.5,10,0,1.0,11000,11000,1.0,17.0,15.6,2,1,2,8,260,6461,25.3,5.2,0.0,0.0,2.69,0.0,25097,True
2026-01-22T08:00:00+00:00,8,3,22,1,0,9,6,6,3,3,3,0.5,10,0,1.0,11000,11000,1.0,17.0,15.6,2,0,1,7,0,6201,27.7,10.6,0.0,0.0,3.08,0.0,25097,True
2026-01-22T09:00:00+00:00,9,3,22,1,0,9,6,6,3,3,3,0.5,10,0,1.0,11000,11000,1.0,17.0,15.6,2,1,1,8,505,6949,28.2,15.6,6.6,0.2,3.04,0.0,25097,True
2026-01-22T10:00:00+00:00,10,3,22,1,0,9,6,6,3,3,3,0.5,10,0,1.0,11000,11000,1.0,17.0,15.6,2,1,3,8,505,6949,28.4,17.1,7.1,0.2,2.72,0.0,25097,True
2026-01-22T11:00:00+00:00,11,3,22,1,0,9,6,6,3,3,3,0.5,10,0,1.0,11000,11000,1.0,17.0,15.6,2,1,4,8,505,6949,30.2,8.3,0.0,0.0,2.27,0.0,25097,True
2026-01-22T12:00:00+00:00,12,3,22,1,0,8,5,5,3,3,3,0.5,10,0,1.0,10912,11000,0.992,17.85,13.63,2,1,4,8,505,6949,29.9,11.2,0.0,0.0,1.93,0.0,25891,True
2026-01-22T13:00:00+00:00,13,3,22,1,0,8,5,5,3,3,3,0.5,10,0,1.0,10912,11000,0.992,17.85,13.63,2,1,4,8,505,6949,31.9,12.8,0.0,0.0,1.57,0.0,25891,True
2026-01-22T14:00:00+00:00,14,3,22,1,0,9,6,6,3,3,3,0.5,10,0,1.0,10912,11000,0.992,17.85,13.63,2,1,4,8,505,6949,30.5,9.6,0.0,0.0,1.19,0.2,25891,True
2026-01-22T15:00:00+00:00,15,3,22,1,0,9,6,6,3,3,3,0.5,10,0,1.0,10912,11000,0.992,17.85,13.63,2,0,3,7,0,6444,31.6,16.0,0.0,0.0,0.85,0.4,25891,True
2026-01-22T16:00:00+00:00,16,3,22,1,0,9,6,6,3,3,3,0.5,10,0,1.0,10912,11000,0.992,17.85,13.63,2,2,4,8,1611,7587,32.2,13.6,0.0,0.0,0.73,0.4,25891,True
2026-01-22T17:00:00+00:00,17,3,22,1,0,9,6,6,3,3,3,0.5,10,0,1.0,10912,11000,0.992,17.85,13.63,2,3,4,8,2667,7587,30.1,11.1,0.0,0.0,1.07,0.2,25891,True
2026-01-22T18:00:00+00:00,18,3,22,1,0,9,6,6,3,3,3,0.5,10,0,1.0,10912,11000,0.992,17.85,13.63,2,3,4,9,2667,8416,30.7,12.9,0.0,0.0,1.68,0.0,25891,True
2026-01-22T19:00:00+00:00,19,3,22,1,0,8,5,5,3,3,3,0.5,10,0,1.0,11000,11000,1.0,18.6,13.87,1,3,6,9,2667,8416,30.5,16.0,0.0,0.0,2.43,0.0,26620,True
2026-01-22T20:00:00+00:00,20,3,22,1,0,8,5,5,3,3,3,0.5,10,0,1.0,11000,11000,1.0,18.6,13.87,1,3,6,10,2667,9573,29.8,14.3,0.0,0.0,2.98,0.0,26620,True
2026-01-22T21:00:00+00:00,21,3,22,1,0,9,6,6,3,3,3,0.5,10,0,1.0,11000,11000,1.0,19.55,16.13,2,3,7,10,2667,9573,28.2,14.6,0.0,0.0,3.06,0.0,27087,True
2026-01-22T22:00:00+00:00,22,3,22,1,0,10,7,7,3,3,3,0.5,10,0,1.0,11000,11000,1.0,19.55,16.13,2,2,5,8,2195,7962,26.4,13.5,0.0,0.0,2.85,0.0,27087,True
2026-01-22T23:00:00+00:00,23,3,22,1,0,10,7,7,3,3,3,0.5,10,0,1.0,11000,11000,1.0,19.55,16.13,2,1,4,8,1139,8059,25.3,13.2,0.0,0.0,2.45,0.0,27087,True
2026-01-23T00:00:00+00:00,0,4,23,1,0,9,6,6,3,3,3,0.5,10,0,1.0,11000,11000,1.0,20.25,14.57,2,1,4,8,1139,8059,24.7,9.4,0.0,0.0,2.1,0.0,28139,True
2026-01-23T01:00:00+00:00,1,4,23,1,0,9,6,6,3,3,3,0.5,10,0,1.0,11000,11000,1.0,20.25,14.57,2,3,4,8,3029,8059,24.8,10.3,0.0,0.0,1.73,0.0,28139,True
2026-01-23T02:00:00+00:00,2,4,23,1,0,9,6,6,3,3,3,0.5,10,0,1.0,11000,11000,1.0,20.25,14.57,2,3,4,8,3029,8059,24.8,8.5,0.0,0.0,1.37,0.2,28139,True
2026-01-23T03:00:00+00:00,3,4,23,1,0,10,7,7,3,3,3,0.5,10,0,1.0,11000,11000,1.0,20.25,14.57,2,4,4,8,3777,8059,24.3,9.0,0.0,0.0,1.0,0.2,28139,True
2026-01-23T04:00:00+00:00,4,4,23,1,0,10,7,7,3,3,3,0.5,10,0,1.0,11000,11000,1.0,20.25,14.57,2,3,4,7,2638,6920,24.7,7.3,0.0,0.0,0.79,0.4,28139,True
2026-01-23T05:00:00+00:00,5,4,23,1,0,10,7,7,3,3,3,0.5,10,0,1.0,11000,11000,1.0,20.25,14.57,2,3,4,7,2638,6920,24.2,10.5,0.0,0.0,0.86,0.4,28139,True
2026-01-23T06:00:00+00:00,6,4,23,1,0,12,9,9,3,3,3,0.5,10,0,1.0,11000,11000,1.0,20.25,14.57,2,3,5,7,2638,6920,24.8,6.0,0.0,0.0,1.39,0.2,28139,True
2026-01-23T07:00:00+00:00,7,4,23,1,0,12,9,9,3,3,3,0.5,10,0,1.0,11000,11000,1.0,20.25,14.57,2,1,3,5,748,5030,27.1,28.6,29.8,0.85,2.07,0.0,28139,True
2026-01-23T08:00:00+00:00,8,4,23,1,0,13,10,10,3,3,3,0.5,10,0,1.0,11000,11000,1.0,20.25,14.57,3,1,4,5,748,5030,27.9,8.9,0.0,0.0,2.8,0.0,28139,True
2026-01-23T09:00:00+00:00,9,4,23,1,0,13,10,10,3,3,3,0.5,10,0,1.0,11000,11000,1.0,20.25,14.57,3,0,3,4,0,4282,27.9,11.4,0.0,0.0,3.06,0.0,28139,True
2026-01-23T10:00:00+00:00,10,4,23,1,0,12,9,9,3,3,3,0.5,10,0,1.0,10770,11000,0.9791,21.15,11.77,2,1,3,4,1143,4282,28.7,7.6,0.0,0.0,2.97,0.0,28909,True
2026-01-23T11:00:00+00:00,11,4,23,1,0,12,9,9,3,3,3,0.5,10,0,1.0,10770,11000,0.9791,21.15,11.77,2,1,4,4,1143,4282,29.7,7.3,0.0,0.0,2.62,0.0,28909,True
2026-01-23T12:00:00+00:00,12,4,23,1,0,12,9,9,3,3,3,0.5,10,0,1.0,10770,11000,0.9791,21.15,11.77,2,2,4,4,1972,4282,31.5,11.9,0.0,0.0,2.24,0.0,28909,True
2026-01-23T13:00:00+00:00,13,4,23,1,0,11,8,8,3,3,3,0.5,10,0,1.0,10442,11000,0.9493,21.95,8.23,2,2,4,4,1972,4282,30.2,9.6,0.0,0.0,1.85,0.0,29750,True
2026-01-23T14:00:00+00:00,14,4,23,1,0,11,8,8,3,3,3,0.5,10,0,1.0,10442,11000,0.9493,21.95,8.23,2,3,4,4,3129,4282,30.7,13.9,0.0,0.0,1.52,0.0,29750,True
2026-01-23T15:00:00+00:00,15,4,23,1,0,11,8,8,3,3,3,0.5,10,0,1.0,10392,11000,0.9447,22.3,6.5,2,3,4,4,3129,4282,31.1,16.2,0.0,0.0,1.13,0.2,30543,True
2026-01-23T16:00:00+00:00,16,4,23,1,0,10,7,7,3,3,3,0.5,10,0,1.0,11000,11000,1.0,22.55,11.23,2,2,3,3,1986,3139,30.5,14.8,0.0,0.0,0.84,0.4,30852,True
2026-01-23T17:00:00+00:00,17,4,23,1,0,11,8,8,3,3,3,0.5,10,0,1.0,11000,11000,1.0,22.55,11.23,2,3,3,3,3139,3139,30.8,11.3,0.0,0.0,0.79,0.4,30852,True
2026-01-23T18:00:00+00:00,18,4,23,1,0,10,7,7,3,3,3,0.5,10,0,1.0,11000,11000,1.0,22.8,12.83,1,2,2,2,2310,2310,29.8,11.6,0.0,0.0,1.15,0.2,31112,True
2026-01-23T19:00:00+00:00,19,4,23,1,0,11,8,8,3,3,3,0.5,10,0,1.0,11000,11000,1.0,22.8,12.83,1,2,2,2,2310,2310,30.6,12.3,0.0,0.0,1.82,0.0,31112,True
2026-01-23T20:00:00+00:00,20,4,23,1,0,11,8,8,3,3,3,0.5,10,0,1.0,11000,11000,1.0,22.8,12.83,1,1,1,1,1153,1153,29.9,15.0,0.0,0.0,2.5,0.0,31112,True
2026-01-23T21:00:00+00:00,21,4,23,1,0,11,8,8,3,3,3,0.5,10,0,1.0,11000,11000,1.0,22.8,12.83,1,1,1,1,1153,1153,27.1,16.5,0.0,0.0,3.0,0.0,31112,True
2026-01-23T22:00:00+00:00,22,4,23,1,0,12,9,9,3,3,3,0.5,10,0,1.0,11000,11000,1.0,22.8,12.83,1,1,1,1,1153,1153,26.1,14.6,0.0,0.0,3.05,0.0,31112,True
2026-01-23T23:00:00+00:00,23,4,23,1,0,12,9,9,3,3,3,0.5,10,0,1.0,11000,11000,1.0,22.8,12.83,1,0,0,0,0,0,27.2,14.2,0.0,0.0,2.76,0.0,31112,True
2026-01-24T00:00:00+00:00,0,5,24,1,1,12,9,9,3,3,3,0.5,10,0,1.0,11000,11000,1.0,22.8,12.83,1,0,0,0,0,0,25.0,38.5,36.4,0.85,2.43,0.0,31112,True
2026-01-24T01:00:00+00:00,1,5,24,1,1,11,8,8,3,3,3,0.5,10,0,1.0,11000,11000,1.0,23.2,16.17,1,0,0,0,0,0,24.8,8.8,0.0,0.0,2.0,0.0,31617,True
2026-01-24T02:00:00+00:00,2,5,24,1,1,11,8,8,3,3,3,0.5,10,0,1.0,11000,11000,1.0,23.2,16.17,1,0,0,0,0,0,25.6,7.2,0.0,0.0,1.7,0.0,31617,True
2026-01-24T03:00:00+00:00,3,5,24,1,1,11,8,8,3,3,3,0.5,10,0,1.0,11000,11000,1.0,23.2,16.17,1,0,0,0,0,0,24.2,10.9,0.0,0.0,1.24,0.2,31617,True
2026-01-24T04:00:00+00:00,4,5,24,1,1,10,7,7,3,3,3,0.5,10,0,1.0,11000,11000,1.0,23.6,19.9,1,0,0,0,0,0,25.5,7.6,0.0,0.0,0.91,0.4,32137,True
2026-01-24T05:00:00+00:00,5,5,24,1,1,10,7,7,3,3,3,0.5,10,0,1.0,11000,11000,1.0,23.6,19.9,1,0,0,0,0,0,24.7,11.8,0.0,0.0,0.78,0.4,32137,True
2026-01-24T06:00:00+00:00,6,5,24,1,1,10,7,7,3,3,3,0.5,10,0,1.0,11000,11000,1.0,23.6,19.9,1,0,0,0,0,0,25.6,6.1,0.0,0.0,0.89,0.4,32137,True
2026-01-24T07:00:00+00:00,7,5,24,1,1,10,7,7,3,3,3,0.5,10,0,1.0,11000,11000,1.0,23.6,19.9,1,0,0,0,0,0,26.6,10.9,0.0,0.0,1.48,0.0,32137,True
2026-01-24T08:00:00+00:00,8,5,24,1,1,10,7,7,3,3,3,0.5,10,0,1.0,11000,11000,1.0,23.6,19.9,1,0,0,0,0,0,27.0,5.4,0.0,0.0,2.22,0.0,32137,True
2026-01-24T09:00:00+00:00,9,5,24,1,1,10,7,7,3,3,3,0.5,10,0,1.0,11000,11000,1.0,23.6,19.9,1,0,0,0,0,0,28.6,12.4,0.0,0.0,2.86,0.0,32137,True
2026-01-24T10:00:00+00:00,10,5,24,1,1,10,7,7,3,3,3,0.5,10,0,1.0,11000,11000,1.0,23.6,19.9,1,0,0,0,0,0,29.8,12.5,0.0,0.0,3.05,0.0,32137,True
2026-01-24T11:00:00+00:00,11,5,24,1,1,10,7,7,3,3,3,0.5,10,0,1.0,11000,11000,1.0,23.6,19.9,1,0,0,0,0,0,30.6,13.4,0.0,0.0,2.93,0.0,32137,True
2026-01-24T12:00:00+00:00,12,5,24,1,1,10,7,7,3,3,3,0.5,10,0,1.0,11000,11000,1.0,23.6,19.9,1,0,0,0,0,0,30.6,11.6,0.0,0.0,2.54,0.0,32137,True
2026-01-24T13:00:00+00:00,13,5,24,1,1,9,6,6,3,3,3,0.5,10,0,1.0,11000,11000,1.0,24.05,19.83,1,0,0,0,0,0,30.6,12.0,0.0,0.0,2.17,0.0,33228,True
2026-01-24T14:00:00+00:00,14,5,24,1,1,9,6,6,3,3,3,0.5,10,0,1.0,11000,11000,1.0,24.05,19.83,1,0,0,0,0,0,30.5,17.5,7.6,0.2,1.8,0.0,33228,True
2026-01-24T15:00:00+00:00,15,5,24,1,1,9,6,6,3,3,3,0.5,10,0,1.0,11000,11000,1.0,24.05,19.83,1,0,0,0,0,0,31.6,17.1,0.0,0.0,1.46,0.0,33228,True
2026-01-24T16:00:00+00:00,16,5,24,1,1,9,6,6,3,3,3,0.5,10,0,1.0,11000,11000,1.0,24.05,19.83,1,0,0,0,0,0,31.0,12.5,0.0,0.0,1.08,0.2,33228,True
2026-01-24T17:00:00+00:00,17,5,24,1,1,9,6,6,3,3,3,0.5,10,0,1.0,11000,11000,1.0,24.05,19.83,1,0,0,0,0,0,31.5,17.0,0.0,0.0,0.73,0.4,33228,True
2026-01-24T18:00:00+00:00,18,5,24,1,1,9,6,6,3,3,3,0.5,10,0,1.0,11000,11000,1.0,24.05,19.83,1,0,0,0,0,0,31.4,12.1,0.0,0.0,0.82,0.4,33228,True
2026-01-24T19:00:00+00:00,19,5,24,1,1,9,6,6,3,3,3,0.5,10,0,1.0,11000,11000,1.0,24.05,19.83,1,0,0,0,0,0,30.4,15.1,0.0,0.0,1.19,0.2,33228,True
2026-01-24T20:00:00+00:00,20,5,24,1,1,9,6,6,3,3,3,0.5,10,0,1.0,11000,11000,1.0,24.05,19.83,1,0,0,0,0,0,28.4,24.3,6.1,0.2,1.9,0.0,33228,True
2026-01-24T21:00:00+00:00,21,5,24,1,1,8,5,5,3,3,3,0.5,10,0,1.0,11000,11000,1.0,25.05,18.33,1,0,0,0,0,0,27.2,11.0,0.0,0.0,2.63,0.0,34284,True
2026-01-24T22:00:00+00:00,22,5,24,1,1,8,5,5,3,3,3,0.5,10,0,1.0,11000,11000,1.0,25.05,18.33,1,0,0,0,0,0,27.6,13.3,0.0,0.0,3.02,0.0,34284,True
2026-01-24T23:00:00+00:00,23,5,24,1,1,8,5,5,3,3,3,0.5,10,0,1.0,11000,11000,1.0,25.05,18.33,1,0,0,0,0,0,25.7,14.8,0.0,0.0,3.06,0.0,34284,True
2026-01-25T00:00:00+00:00,0,6,25,1,1,8,5,5,3,3,3,0.5,10,0,1.0,11000,11000,1.0,25.05,18.33,1,0,0,0,0,0,25.2,12.1,0.0,0.0,2.73,0.0,34284,True
2026-01-25T01:00:00+00:00,1,6,25,1,1,7,4,4,3,3,3,0.5,10,0,1.0,10951,11000,0.9955,25.8,15.97,0,0,0,0,0,0,25.0,8.5,0.0,0.0,2.38,0.0,35423,True
2026-01-25T02:00:00+00:00,2,6,25,1,1,7,4,4,3,3,3,0.5,10,0,1.0,10951,11000,0.9955,25.8,15.97,0,0,0,0,0,0,24.8,16.1,3.6,0.2,1.98,0.0,35423,True
2026-01-25T03:00:00+00:00,3,6,25,1,1,7,4,4,3,3,3,0.5,10,0,1.0,10951,11000,0.9955,25.8,15.97,0,0,0,0,0,0,23.7,12.6,6.9,0.2,1.64,0.0,35423,True
2026-01-25T04:00:00+00:00,4,6,25,1,1,7,4,4,3,3,3,0.5,10,0,1.0,10951,11000,0.9955,25.8,15.97,0,0,0,0,0,0,25.1,6.0,0.0,0.0,1.25,0.2,35423,True
2026-01-25T05:00:00+00:00,5,6,25,1,1,7,4,4,3,3,3,0.5,10,0,1.0,10951,11000,0.9955,25.8,15.97,0,0,0,0,0,0,24.0,10.1,0.0,0.0,0.87,0.4,35423,True
2026-01-25T06:00:00+00:00,6,6,25,1,1,7,4,4,3,3,3,0.5,10,0,1.0,10951,11000,0.9955,25.8,15.97,0,0,0,0,0,0,26.4,8.0,0.0,0.0,0.75,0.4,35423,True
2026-01-25T07:00:00+00:00,7,6,25,1,1,7,4,4,3,3,3,0.5,10,0,1.0,10951,11000,0.9955,25.8,15.97,0,0,0,0,0,0,25.5,10.1,0.0,0.0,1.02,0.2,35423,True
2026-01-25T08:00:00+00:00,8,6,25,1,1,7,4,4,3,3,3,0.5,10,0,1.0,10951,11000,0.9955,25.8,15.97,0,0,0,0,0,0,26.2,5.8,0.0,0.0,1.65,0.0,35423,True
2026-01-25T09:00:00+00:00,9,6,25,1,1,6,3,3,3,3,3,0.5,10,0,1.0,11000,11000,1.0,26.45,16.37,0,0,0,0,0,0,27.4,10.0,0.0,0.0,2.33,0.0,36502,True
2026-01-25T10:00:00+00:00,10,6,25,1,1,6,3,3,3,3,3,0.5,10,0,1.0,11000,11000,1.0,26.45,16.37,0,0,0,0,0,0,29.1,13.2,0.0,0.0,2.93,0.0,36502,True
2026-01-25T11:00:00+00:00,11,6,25,1,1,6,3,3,3,3,3,0.5,10,0,1.0,11000,11000,1.0,26.45,16.37,0,0,0,0,0,0,28.8,7.3,0.0,0.0,3.06,0.0,36502,True
2026-01-25T12:00:00+00:00,12,6,25,1,1,5,2,2,3,3,3,0.5,10,0,1.0,11000,11000,1.0,27.35,16.5,0,0,0,0,0,0,31.1,9.7,0.0,0.0,2.9,0.0,37313,True
2026-01-25T13:00:00+00:00,13,6,25,1,1,5,2,2,3,3,3,0.5,10,0,1.0,11000,11000,1.0,27.35,16.5,0,0,0,0,0,0,30.2,14.5,0.0,0.0,2.54,0.0,37313,True
2026-01-25T14:00:00+00:00,14,6,25,1,1,5,2,2,3,3,3,0.5,10,0,1.0,11000,11000,1.0,27.35,16.5,0,0,0,0,0,0,30.5,14.7,0.0,0.0,2.12,0.0,37313,True
2026-01-25T15:00:00+00:00,15,6,25,1,1,4,1,1,3,3,3,0.5,10,0,1.0,11000,11000,1.0,28.65,18.97,0,0,0,0,0,0,32.3,11.2,0.0,0.0,1.75,0.0,38061,True
2026-01-25T16:00:00+00:00,16,6,25,1,1,4,1,1,3,3,3,0.5,10,0,1.0,11000,11000,1.0,28.65,18.97,0,0,0,0,0,0,31.8,17.4,0.0,0.0,1.43,0.0,38061,True
2026-01-25T17:00:00+00:00,17,6,25,1,1,4,1,1,3,3,3,0.5,10,0,1.0,11000,11000,1.0,28.65,18.97,0,0,0,0,0,0,30.5,15.0,0.0,0.0,1.01,0.2,38061,True
2026-01-25T18:00:00+00:00,18,6,25,1,1,4,1,1,3,3,3,0.5,10,0,1.0,11000,11000,1.0,28.65,18.97,0,0,0,0,0,0,30.4,14.7,0.0,0.0,0.74,0.4,38061,True
2026-01-25T19:00:00+00:00,19,6,25,1,1,4,1,1,3,3,3,0.5,10,0,1.0,11000,11000,1.0,28.65,18.97,0,0,0,0,0,0,30.0,11.4,0.0,0.0,0.83,0.4,38061,True
2026-01-25T20:00:00+00:00,20,6,25,1,1,4,1,1,3,3,3,0.5,10,0,1.0,11000,11000,1.0,28.65,18.97,0,0,0,0,0,0,28.6,11.8,0.0,0.0,1.36,0.2,38061,True
2026-01-25T21:00:00+00:00,21,6,25,1,1,4,1,1,3,3,3,0.5,10,0,1.0,11000,11000,1.0,28.65,18.97,0,0,0,0,0,0,27.3,13.8,0.0,0.0,2.01,0.0,38061,True
2026-01-25T22:00:00+00:00,22,6,25,1,1,4,1,1,3,3,3,0.5,10,0,1.0,11000,11000,1.0,28.65,18.97,0,0,0,0,0,0,27.6,12.8,0.0,0.0,2.68,0.0,38061,True
2026-01-25T23:00:00+00:00,23,6,25,1,1,4,1,1,3,3,3,0.5,10,0,1.0,11000,11000,1.0,28.65,18.97,0,0,0,0,0,0,25.4,10.4,0.0,0.0,3.0,0.0,38061,True
2026-01-26T00:00:00+00:00,0,0,26,1,0,4,1,1,3,3,3,0.5,10,0,1.0,11000,11000,1.0,28.65,18.97,0,0,0,0,0,0,25.4,11.9,0.0,0.0,3.02,0.0,38061,True
2026-01-26T01:00:00+00:00,1,0,26,1,0,4,1,1,3,3,3,0.5,10,0,1.0,11000,11000,1.0,28.65,18.97,0,0,0,0,0,0,24.9,13.1,0.0,0.0,2.68,0.0,38061,True
2026-01-26T02:00:00+00:00,2,0,26,1,0,4,1,1,3,3,3,0.5,10,0,1.0,11000,11000,1.0,28.65,18.97,0,0,0,0,0,0,24.8,11.8,0.0,0.0,2.23,0.0,38061,True
2026-01-26T03:00:00+00:00,3,0,26,1,0,4,1,1,3,3,3,0.5,10,0,1.0,11000,11000,1.0,28.65,18.97,0,0,0,0,0,0,24.5,11.3,0.0,0.0,1.9,0.0,38061,True
2026-01-26T04:00:00+00:00,4,0,26,1,0,3,0,0,3,3,3,0.5,10,0,1.0,11000,11000,1.0,30.3,20.93,0,0,0,0,0,0,25.3,5.7,0.0,0.0,1.56,0.0,38890,True
2026-01-26T05:00:00+00:00,5,0,26,1,0,3,0,0,3,3,3,0.5,10,0,1.0,11000,11000,1.0,30.3,20.93,0,0,0,0,0,0,24.2,11.4,0.0,0.0,1.19,0.2,38890,True
2026-01-26T06:00:00+00:00,6,0,26,1,0,2,0,0,2,2,4,0.3333,8,2,0.8,10200,11000,0.9273,30.3,21.0,0,0,0,0,0,0,24.6,10.1,0.0,0.0,0.86,0.4,40033,True
2026-01-26T07:00:00+00:00,7,0,26,1,0,2,0,0,2,2,4,0.3333,8,2,0.8,10200,11000,0.9273,30.3,21.0,0,0,0,0,0,0,26.2,17.9,3.5,0.2,0.75,0.4,40033,True
2026-01-26T08:00:00+00:00,8,0,26,1,0,2,0,0,2,2,4,0.3333,8,2,0.8,10200,11000,0.9273,30.3,21.0,0,0,0,0,0,0,27.6,6.9,0.0,0.0,1.05,0.2,40033,True
2026-01-26T09:00:00+00:00,9,0,26,1,0,2,0,0,2,2,4,0.3333,8,2,0.8,10200,11000,0.9273,30.3,21.0,0,0,0,0,0,0,28.9,6.7,0.0,0.0,1.76,0.0,40033,True
2026-01-26T10:00:00+00:00,10,0,26,1,0,2,0,0,2,2,4,0.3333,8,2,0.8,10200,11000,0.9273,30.3,21.0,0,0,0,0,0,0,28.7,11.2,0.0,0.0,2.47,0.0,40033,True
2026-01-26T11:00:00+00:00,11,0,26,1,0,2,0,0,2,2,4,0.3333,8,2,0.8,10200,11000,0.9273,30.3,21.0,0,0,0,0,0,0,29.7,10.0,0.0,0.0,2.99,0.0,40033,True
2026-01-26T12:00:00+00:00,12,0,26,1,0,2,0,0,2,2,4,0.3333,8,2,0.8,10200,11000,0.9273,30.3,21.0,0,0,0,0,0,0,30.4,12.8,0.0,0.0,3.03,0.0,40033,True
2026-01-26T13:00:00+00:00,13,0,26,1,0,1,0,0,1,1,5,0.1667,6,4,0.6,9391,11000,0.8537,30.3,21.0,0,0,0,0,0,0,30.3,12.8,0.0,0.0,2.77,0.0,41190,True
2026-01-26T14:00:00+00:00,14,0,26,1,0,1,0,0,1,1,5,0.1667,6,4,0.6,9391,11000,0.8537,30.3,21.0,0,0,0,0,0,0,31.8,16.1,0.0,0.0,2.45,0.0,41190,True
2026-01-26T15:00:00+00:00,15,0,26,1,0,1,0,0,1,1,5,0.1667,6,4,0.6,9391,11000,0.8537,30.3,21.0,0,0,0,0,0,0,30.6,10.9,0.0,0.0,2.06,0.0,41190,True
2026-01-26T16:00:00+00:00,16,0,26,1,0,1,0,0,1,1,5,0.1667,6,4,0.6,9391,11000,0.8537,30.3,21.0,0,0,0,0,0,0,30.7,11.1,0.0,0.0,1.71,0.0,41190,True
2026-01-26T17:00:00+00:00,17,0,26,1,0,1,0,0,1,1,5,0.1667,6,4,0.6,9391,11000,0.8537,30.3,21.0,0,0,0,0,0,0,30.4,11.2,0.0,0.0,1.31,0.2,41190,True
2026-01-26T18:00:00+00:00,18,0,26,1,0,1,0,0,1,1,5,0.1667,6,4,0.6,9391,11000,0.8537,30.3,21.0,0,0,0,0,0,0,30.5,12.8,0.0,0.0,0.92,0.4,41190,True
2026-01-26T19:00:00+00:00,19,0,26,1,0,1,0,0,1,1,5,0.1667,6,4,0.6,9391,11000,0.8537,30.3,21.0,0,0,0,0,0,0,29.2,16.1,0.0,0.0,0.71,0.4,41190,True
2026-01-26T20:00:00+00:00,20,0,26,1,0,1,0,0,1,1,5,0.1667,6,4,0.6,9391,11000,0.8537,30.3,21.0,0,0,0,0,0,0,28.4,11.6,0.0,0.0,0.9,0.4,41190,True
2026-01-26T21:00:00+00:00,21,0,26,1,0,1,0,0,1,1,5,0.1667,6,4,0.6,9391,11000,0.8537,30.3,21.0,0,0,0,0,0,0,27.1,10.3,0.0,0.0,1.42,0.0,41190,True
2026-01-26T22:00:00+00:00,22,0,26,1,0,1,0,0,1,1,5,0.1667,6,4,0.6,9391,11000,0.8537,30.3,21.0,0,0,0,0,0,0,26.9,15.2,0.0,0.0,2.13,0.0,41190,True
2026-01-26T23:00:00+00:00,23,0,26,1,0,1,0,0,1,1,5,0.1667,6,4,0.6,9391,11000,0.8537,30.3,21.0,0,0,0,0,0,0,27.0,9.1,0.0,0.0,2.76,0.0,41190,True
2026-01-27T00:00:00+00:00,0,1,27,1,0,1,0,0,1,1,5,0.1667,6,4,0.6,9391,11000,0.8537,30.3,21.0,0,0,0,0,0,0,25.3,13.0,0.0,0.0,3.03,0.0,41190,True
2026-01-27T01:00:00+00:00,1,1,27,1,0,1,0,0,1,1,5,0.1667,6,4,0.6,9391,11000,0.8537,30.3,21.0,0,0,0,0,0,0,25.9,12.1,0.0,0.0,2.95,0.0,41190,True
2026-01-27T02:00:00+00:00,2,1,27,1,0,0,0,0,0,0,6,0.0,4,6,0.4,8584,11000,0.7804,30.3,0.0,0,0,0,0,0,0,24.1,12.6,0.0,0.0,2.61,0.0,42343,True
2026-01-27T03:00:00+00:00,3,1,27,1,0,0,0,0,0,0,6,0.0,4,6,0.4,8584,11000,0.7804,30.3,0.0,0,0,0,0,0,0,24.1,16.1,2.7,0.2,2.18,0.0,42343,True
2026-01-27T04:00:00+00:00,4,1,27,1,0,0,0,0,0,0,6,0.0,4,6,0.4,8584,11000,0.7804,30.3,0.0,0,0,0,0,0,0,24.5,10.8,0.0,0.0,1.86,0.0,42343,True
2026-01-27T05:00:00+00:00,5,1,27,1,0,0,0,0,0,0,6,0.0,4,6,0.4,8584,11000,0.7804,30.3,0.0,0,0,0,0,0,0,25.6,10.6,0.0,0.0,1.51,0.0,42343,True
2026-01-27T06:00:00+00:00,6,1,27,1,0,0,0,0,0,0,6,0.0,4,6,0.4,8584,11000,0.7804,30.3,0.0,0,0,0,0,0,0,25.5,8.9,0.0,0.0,1.05,0.2,42343,True
2026-01-27T07:00:00+00:00,7,1,27,1,0,0,0,0,0,0,6,0.0,4,6,0.4,8584,11000,0.7804,30.3,0.0,0,0,0,0,0,0,27.0,6.1,0.0,0.0,0.76,0.4,42343,True
2026-01-27T08:00:00+00:00,8,1,27,1,0,0,0,0,0,0,6,0.0,4,6,0.4,8584,11000,0.7804,30.3,0.0,0,0,0,0,0,0,27.9,7.7,0.0,0.0,0.73,0.4,42343,True
2026-01-27T09:00:00+00:00,9,1,27,1,0,0,0,0,0,0,6,0.0,4,6,0.4,8584,11000,0.7804,30.3,0.0,0,0,0,0,0,0,27.7,9.8,0.0,0.0,1.2,0.2,42343,True
2026-01-27T10:00:00+00:00,10,1,27,1,0,0,0,0,0,0,6,0.0,4,6,0.4,8584,11000,0.7804,30.3,0.0,0,0,0,0,0,0,28.4,9.1,0.0,0.0,1.8,0.0,42343,True
2026-01-27T11:00:00+00:00,11,1,27,1,0,0,0,0,0,0,6,0.0,4,6,0.4,8584,11000,0.7804,30.3,0.0,0,0,0,0,0,0,30.1,11.4,0.0,0.0,2.59,0.0,42343,True
2026-01-27T12:00:00+00:00,12,1,27,1,0,0,0,0,0,0,6,0.0,4,6,0.4,8584,11000,0.7804,30.3,0.0,0,0,0,0,0,0,29.5,10.1,0.0,0.0,3.02,0.0,42343,True
2026-01-27T13:00:00+00:00,13,1,27,1,0,0,0,0,0,0,6,0.0,4,6,0.4,8584,11000,0.7804,30.3,0.0,0,0,0,0,0,0,31.7,11.4,0.0,0.0,3.01,0.0,42343,True
2026-01-27T14:00:00+00:00,14,1,27,1,0,0,0,0,0,0,6,0.0,4,6,0.4,8584,11000,0.7804,30.3,0.0,0,0,0,0,0,0,31.3,9.8,0.0,0.0,2.73,0.0,42343,True
2026-01-27T15:00:00+00:00,15,1,27,1,0,0,0,0,0,0,6,0.0,4,6,0.4,8584,11000,0.7804,30.3,0.0,0,0,0,0,0,0,31.4,10.5,0.0,0.0,2.35,0.0,42343,True
2026-01-27T16:00:00+00:00,16,1,27,1,0,0,0,0,0,0,6,0.0,4,6,0.4,8584,11000,0.7804,30.3,0.0,0,0,0,0,0,0,31.1,12.4,0.0,0.0,2.02,0.0,42343,True
2026-01-27T17:00:00+00:00,17,1,27,1,0,0,0,0,0,0,6,0.0,4,6,0.4,8584,11000,0.7804,30.3,0.0,0,0,0,0,0,0,31.3,12.5,0.0,0.0,1.67,0.0,42343,True
2026-01-27T18:00:00+00:00,18,1,27,1,0,0,0,0,0,0,6,0.0,4,6,0.4,8584,11000,0.7804,30.3,0.0,0,0,0,0,0,0,29.7,13.2,0.0,0.0,1.29,0.2,42343,True
2026-01-27T19:00:00+00:00,19,1,27,1,0,0,0,0,0,0,6,0.0,4,6,0.4,8584,11000,0.7804,30.3,0.0,0,0,0,0,0,0,30.3,17.1,0.0,0.0,0.88,0.4,42343,True
2026-01-27T20:00:00+00:00,20,1,27,1,0,0,0,0,0,0,6,0.0,4,6,0.4,8584,11000,0.7804,30.3,0.0,0,0,0,0,0,0,28.5,16.5,0.0,0.0,0.73,0.4,42343,True
2026-01-27T21:00:00+00:00,21,1,27,1,0,0,0,0,0,0,6,0.0,4,6,0.4,8584,11000,0.7804,30.3,0.0,0,0,0,0,0,0,27.8,11.3,0.0,0.0,0.92,0.4,42343,True
2026-01-27T22:00:00+00:00,22,1,27,1,0,0,0,0,0,0,6,0.0,4,6,0.4,8584,11000,0.7804,30.3,0.0,0,0,0,0,0,0,27.6,14.3,0.0,0.0,1.55,0.0,42343,True
2026-01-27T23:00:00+00:00,23,1,27,1,0,0,0,0,0,0,6,0.0,4,6,0.4,8584,11000,0.7804,30.3,0.0,0,0,0,0,0,0,26.2,12.7,0.0,0.0,2.24,0.0,42343,True
2026-01-28T00:00:00+00:00,0,2,28,1,0,0,0,0,0,0,6,0.0,4,6,0.4,8584,11000,0.7804,30.3,0.0,0,0,0,0,0,0,25.4,11.0,0.0,0.0,2.9,0.0,42343,True
2026-01-28T01:00:00+00:00,1,2,28,1,0,0,0,0,0,0,6,0.0,4,6,0.4,8584,11000,0.7804,30.3,0.0,0,0,0,0,0,0,25.8,12.0,0.0,0.0,3.04,0.0,42343,True
2026-01-28T02:00:00+00:00,2,2,28,1,0,0,0,0,0,0,6,0.0,4,6,0.4,8584,11000,0.7804,30.3,0.0,0,0,0,0,0,0,25.3,11.4,0.0,0.0,2.9,0.0,42343,True
2026-01-28T03:00:00+00:00,3,2,28,1,0,0,0,0,0,0,6,0.0,4,6,0.4,8584,11000,0.7804,30.3,0.0,0,0,0,0,0,0,24.6,12.3,0.0,0.0,2.5,0.0,42343,True
2026-01-28T04:00:00+00:00,4,2,28,1,0,0,0,0,0,0,6,0.0,4,6,0.4,8584,11000,0.7804,30.3,0.0,0,0,0,0,0,0,24.3,6.3,0.0,0.0,2.15,0.0,42343,True
2026-01-28T05:00:00+00:00,5,2,28,1,0,0,0,0,0,0,6,0.0,4,6,0.4,8584,11000,0.7804,30.3,0.0,0,0,0,0,0,0,25.0,8.4,0.0,0.0,1.81,0.0,42343,True
2026-01-28T06:00:00+00:00,6,2,28,1,0,0,0,0,0,0,6,0.0,4,6,0.4,8584,11000,0.7804,30.3,0.0,0,0,0,0,0,0,25.9,10.6,0.0,0.0,1.46,0.0,42343,True
2026-01-28T07:00:00+00:00,7,2,28,1,0,0,0,0,0,0,6,0.0,4,6,0.4,8584,11000,0.7804,30.3,0.0,0,0,0,0,0,0,27.2,9.2,0.0,0.0,1.05,0.2,42343,True
2026-01-28T08:00:00+00:00,8,2,28,1,0,0,0,0,0,0,6,0.0,4,6,0.4,8584,11000,0.7804,30.3,0.0,0,0,0,0,0,0,26.8,8.0,0.0,0.0,0.79,0.4,42343,True
2026-01-28T09:00:00+00:00,9,2,28,1,0,0,0,0,0,0,6,0.0,4,6,0.4,8584,11000,0.7804,30.3,0.0,0,0,0,0,0,0,28.6,10.7,0.0,0.0,0.79,0.4,42343,True
2026-01-28T10:00:00+00:00,10,2,28,1,0,0,0,0,0,0,6,0.0,4,6,0.4,8584,11000,0.7804,30.3,0.0,0,0,0,0,0,0,28.2,7.9,0.0,0.0,1.23,0.2,42343,True
2026-01-28T11:00:00+00:00,11,2,28,1,0,0,0,0,0,0,6,0.0,4,6,0.4,8584,11000,0.7804,30.3,0.0,0,0,0,0,0,0,30.6,11.4,0.0,0.0,1.96,0.0,42343,True
2026-01-28T12:00:00+00:00,12,2,28,1,0,0,0,0,0,0,6,0.0,4,6,0.4,8584,11000,0.7804,30.3,0.0,0,0,0,0,0,0,31.0,10.2,0.0,0.0,2.7,0.0,42343,True
2026-01-28T13:00:00+00:00,13,2,28,1,0,0,0,0,0,0,6,0.0,4,6,0.4,8584,11000,0.7804,30.3,0.0,0,0,0,0,0,0,30.9,9.2,0.0,0.0,3.07,0.0,42343,True
2026-01-28T14:00:00+00:00,14,2,28,1,0,0,0,0,0,0,6,0.0,4,6,0.4,8584,11000,0.7804,30.3,0.0,0,0,0,0,0,0,31.3,14.5,0.0,0.0,2.97,0.0,42343,True
2026-01-28T15:00:00+00:00,15,2,28,1,0,0,0,0,0,0,6,0.0,4,6,0.4,8584,11000,0.7804,30.3,0.0,0,0,0,0,0,0,32.2,14.2,0.0,0.0,2.66,0.0,42343,True
2026-01-28T16:00:00+00:00,16,2,28,1,0,0,0,0,0,0,6,0.0,4,6,0.4,8584,11000,0.7804,30.3,0.0,0,0,0,0,0,0,31.9,12.4,0.0,0.0,2.27,0.0,42343,True
2026-01-28T17:00:00+00:00,17,2,28,1,0,0,0,0,0,0,6,0.0,4,6,0.4,8584,11000,0.7804,30.3,0.0,0,0,0,0,0,0,31.8,16.1,0.0,0.0,1.92,0.0,42343,True
2026-01-28T18:00:00+00:00,18,2,28,1,0,0,0,0,0,0,6,0.0,4,6,0.4,8584,11000,0.7804,30.3,0.0,0,0,0,0,0,0,29.8,15.9,0.0,0.0,1.55,0.0,42343,True
2026-01-28T19:00:00+00:00,19,2,28,1,0,0,0,0,0,0,6,0.0,4,6,0.4,8584,11000,0.7804,30.3,0.0,0,0,0,0,0,0,29.7,11.6,0.0,0.0,1.25,0.2,42343,True
2026-01-28T20:00:00+00:00,20,2,28,1,0,0,0,0,0,0,6,0.0,4,6,0.4,8584,11000,0.7804,30.3,0.0,0,0,0,0,0,0,28.6,16.8,0.0,0.0,0.83,0.4,42343,True
2026-01-28T21:00:00+00:00,21,2,28,1,0,0,0,0,0,0,6,0.0,4,6,0.4,8584,11000,0.7804,30.3,0.0,0,0,0,0,0,0,28.0,13.1,0.0,0.0,0.78,0.4,42343,True
2026-01-28T22:00:00+00:00,22,2,28,1,0,0,0,0,0,0,6,0.0,4,6,0.4,8584,11000,0.7804,30.3,0.0,0,0,0,0,0,0,27.3,13.3,0.0,0.0,1.0,0.2,42343,True
2026-01-28T23:00:00+00:00,23,2,28,1,0,0,0,0,0,0,6,0.0,4,6,0.4,8584,11000,0.7804,30.3,0.0,0,0,0,0,0,0,26.4,12.8,0.0,0.0,1.62,0.0,42343,True
2026-01-29T00:00:00+00:00,0,3,29,1,0,0,0,0,0,0,6,0.0,4,6,0.4,8584,11000,0.7804,30.3,0.0,0,0,0,0,0,0,26.4,13.8,0.0,0.0,2.38,0.0,42343,True
2026-01-29T01:00:00+00:00,1,3,29,1,0,0,0,0,0,0,6,0.0,4,6,0.4,8584,11000,0.7804,30.3,0.0,0,0,0,0,0,0,25.1,12.9,0.0,0.0,2.91,0.0,42343,True
2026-01-29T02:00:00+00:00,2,3,29,1,0,0,0,0,0,0,6,0.0,4,6,0.4,8584,11000,0.7804,30.3,0.0,0,0,0,0,0,0,25.1,13.5,0.0,0.0,3.09,0.0,42343,True
2026-01-29T03:00:00+00:00,3,3,29,1,0,0,0,0,0,0,6,0.0,4,6,0.4,8584,11000,0.7804,30.3,0.0,0,0,0,0,0,0,23.5,12.9,0.0,0.0,2.81,0.0,42343,True
2026-01-29T04:00:00+00:00,4,3,29,1,0,0,0,0,0,0,6,0.0,4,6,0.4,8584,11000,0.7804,30.3,0.0,0,0,0,0,0,0,24.4,8.9,0.0,0.0,2.48,0.0,42343,True
2026-01-29T05:00:00+00:00,5,3,29,1,0,0,0,0,0,0,6,0.0,4,6,0.4,8584,11000,0.7804,30.3,0.0,0,0,0,0,0,0,24.0,5.6,0.0,0.0,2.14,0.0,42343,True
2026-01-29T06:00:00+00:00,6,3,29,1,0,0,0,0,0,0,6,0.0,4,6,0.4,8584,11000,0.7804,30.3,0.0,0,0,0,0,0,0,24.6,6.5,0.0,0.0,1.75,0.0,42343,True
2026-01-29T07:00:00+00:00,7,3,29,1,0,0,0,0,0,0,6,0.0,4,6,0.4,8584,11000,0.7804,30.3,0.0,0,0,0,0,0,0,25.6,19.2,2.1,0.2,1.41,0.0,42343,True
2026-01-29T08:00:00+00:00,8,3,29,1,0,0,0,0,0,0,6,0.0,4,6,0.4,8584,11000,0.7804,30.3,0.0,0,0,0,0,0,0,26.5,8.3,0.0,0.0,0.95,0.4,42343,True
2026-01-29T09:00:00+00:00,9,3,29,1,0,0,0,0,0,0,6,0.0,4,6,0.4,8584,11000,0.7804,30.3,0.0,0,0,0,0,0,0,27.6,9.9,0.0,0.0,0.77,0.4,42343,True
2026-01-29T10:00:00+00:00,10,3,29,1,0,0,0,0,0,0,6,0.0,4,6,0.4,8584,11000,0.7804,30.3,0.0,0,0,0,0,0,0,28.8,10.4,0.0,0.0,0.87,0.4,42343,True
2026-01-29T11:00:00+00:00,11,3,29,1,0,0,0,0,0,0,6,0.0,4,6,0.4,8584,11000,0.7804,30.3,0.0,0,0,0,0,0,0,29.2,11.1,0.0,0.0,1.3,0.2,42343,True
2026-01-29T12:00:00+00:00,12,3,29,1,0,0,0,0,0,0,6,0.0,4,6,0.4,8584,11000,0.7804,30.3,0.0,0,0,0,0,0,0,29.5,10.8,0.0,0.0,2.07,0.0,42343,True
2026-01-29T13:00:00+00:00,13,3,29,1,0,0,0,0,0,0,6,0.0,4,6,0.4,8584,11000,0.7804,30.3,0.0,0,0,0,0,0,0,30.3,11.2,0.0,0.0,2.69,0.0,42343,True
2026-01-29T14:00:00+00:00,14,3,29,1,0,0,0,0,0,0,6,0.0,4,6,0.4,8584,11000,0.7804,30.3,0.0,0,0,0,0,0,0,31.5,10.3,0.0,0.0,3.07,0.0,42343,True
2026-01-29T15:00:00+00:00,15,3,29,1,0,0,0,0,0,0,6,0.0,4,6,0.4,8584,11000,0.7804,30.3,0.0,0,0,0,0,0,0,30.9,13.4,0.0,0.0,2.93,0.0,42343,True
2026-01-29T16:00:00+00:00,16,3,29,1,0,0,0,0,0,0,6,0.0,4,6,0.4,8584,11000,0.7804,30.3,0.0,0,0,0,0,0,0,30.7,16.6,0.0,0.0,2.61,0.0,42343,True
2026-01-29T17:00:00+00:00,17,3,29,1,0,0,0,0,0,0,6,0.0,4,6,0.4,8584,11000,0.7804,30.3,0.0,0,0,0,0,0,0,31.7,12.5,0.0,0.0,2.29,0.0,42343,True
2026-01-29T18:00:00+00:00,18,3,29,1,0,0,0,0,0,0,6,0.0,4,6,0.4,8584,11000,0.7804,30.3,0.0,0,0,0,0,0,0,31.0,16.7,0.0,0.0,1.93,0.0,42343,True
2026-01-29T19:00:00+00:00,19,3,29,1,0,0,0,0,0,0,6,0.0,4,6,0.4,8584,11000,0.7804,30.3,0.0,0,0,0,0,0,0,30.2,14.1,0.0,0.0,1.53,0.0,42343,True
2026-01-29T20:00:00+00:00,20,3,29,1,0,0,0,0,0,0,6,0.0,4,6,0.4,8584,11000,0.7804,30.3,0.0,0,0,0,0,0,0,28.8,11.8,0.0,0.0,1.11,0.2,42343,True
2026-01-29T21:00:00+00:00,21,3,29,1,0,0,0,0,0,0,6,0.0,4,6,0.4,8584,11000,0.7804,30.3,0.0,0,0,0,0,0,0,27.4,13.5,0.0,0.0,0.84,0.4,42343,True
2026-01-29T22:00:00+00:00,22,3,29,1,0,0,0,0,0,0,6,0.0,4,6,0.4,8584,11000,0.7804,30.3,0.0,0,0,0,0,0,0,26.8,34.9,30.9,0.85,0.71,0.4,42343,True
2026-01-29T23:00:00+00:00,23,3,29,1,0,0,0,0,0,0,6,0.0,4,6,0.4,8584,11000,0.7804,30.3,0.0,0,0,0,0,0,0,26.2,11.3,0.0,0.0,1.08,0.2,42343,True
2026-01-30T00:00:00+00:00,0,4,30,1,0,0,0,0,0,0,6,0.0,4,6,0.4,8584,11000,0.7804,30.3,0.0,0,0,0,0,0,0,24.9,11.8,0.0,0.0,1.74,0.0,42343,True
2026-01-30T01:00:00+00:00,1,4,30,1,0,0,0,0,0,0,6,0.0,4,6,0.4,8584,11000,0.7804,30.3,0.0,0,0,0,0,0,0,25.1,13.1,0.0,0.0,2.5,0.0,42343,True
2026-01-30T02:00:00+00:00,2,4,30,1,0,0,0,0,0,0,6,0.0,4,6,0.4,8584,11000,0.7804,30.3,0.0,0,0,0,0,0,0,24.0,7.0,0.0,0.0,2.95,0.0,42343,True
2026-01-30T03:00:00+00:00,3,4,30,1,0,0,0,0,0,0,6,0.0,4,6,0.4,8584,11000,0.7804,30.3,0.0,0,0,0,0,0,0,24.1,11.6,0.0,0.0,3.06,0.0,42343,True
2026-01-30T04:00:00+00:00,4,4,30,1,0,0,0,0,0,0,6,0.0,4,6,0.4,8584,11000,0.7804,30.3,0.0,0,0,0,0,0,0,24.7,11.8,0.0,0.0,2.84,0.0,42343,True
2026-01-30T05:00:00+00:00,5,4,30,1,0,0,0,0,0,0,6,0.0,4,6,0.4,8584,11000,0.7804,30.3,0.0,0,0,0,0,0,0,24.3,11.8,0.0,0.0,2.4,0.0,42343,True
2026-01-30T06:00:00+00:00,6,4,30,1,0,0,0,0,0,0,6,0.0,4,6,0.4,8584,11000,0.7804,30.3,0.0,0,0,0,0,0,0,26.4,6.7,0.0,0.0,2.02,0.0,42343,True
2026-01-30T07:00:00+00:00,7,4,30,1,0,0,0,0,0,0,6,0.0,4,6,0.4,8584,11000,0.7804,30.3,0.0,0,0,0,0,0,0,26.0,9.7,0.0,0.0,1.73,0.0,42343,True
2026-01-30T08:00:00+00:00,8,4,30,1,0,0,0,0,0,0,6,0.0,4,6,0.4,8584,11000,0.7804,30.3,0.0,0,0,0,0,0,0,26.2,9.7,0.0,0.0,1.31,0.2,42343,True
2026-01-30T09:00:00+00:00,9,4,30,1,0,0,0,0,0,0,6,0.0,4,6,0.4,8584,11000,0.7804,30.3,0.0,0,0,0,0,0,0,27.6,11.5,0.0,0.0,0.89,0.4,42343,True
2026-01-30T10:00:00+00:00,10,4,30,1,0,0,0,0,0,0,6,0.0,4,6,0.4,8584,11000,0.7804,30.3,0.0,0,0,0,0,0,0,29.6,10.6,0.0,0.0,0.78,0.4,42343,True
2026-01-30T11:00:00+00:00,11,4,30,1,0,0,0,0,0,0,6,0.0,4,6,0.4,8584,11000,0.7804,30.3,0.0,0,0,0,0,0,0,29.3,12.7,0.0,0.0,0.88,0.4,42343,True
2026-01-30T12:00:00+00:00,12,4,30,1,0,0,0,0,0,0,6,0.0,4,6,0.4,8584,11000,0.7804,30.3,0.0,0,0,0,0,0,0,30.0,14.1,0.0,0.0,1.44,0.0,42343,True
2026-01-30T13:00:00+00:00,13,4,30,1,0,0,0,0,0,0,6,0.0,4,6,0.4,8584,11000,0.7804,30.3,0.0,0,0,0,0,0,0,31.9,12.9,0.0,0.0,2.15,0.0,42343,True
2026-01-30T14:00:00+00:00,14,4,30,1,0,0,0,0,0,0,6,0.0,4,6,0.4,8584,11000,0.7804,30.3,0.0,0,0,0,0,0,0,30.4,13.5,0.0,0.0,2.81,0.0,42343,True
2026-01-30T15:00:00+00:00,15,4,30,1,0,0,0,0,0,0,6,0.0,4,6,0.4,8584,11000,0.7804,30.3,0.0,0,0,0,0,0,0,31.0,11.0,0.0,0.0,3.09,0.0,42343,True
2026-01-30T16:00:00+00:00,16,4,30,1,0,0,0,0,0,0,6,0.0,4,6,0.4,8584,11000,0.7804,30.3,0.0,0,0,0,0,0,0,30.9,11.7,0.0,0.0,2.94,0.0,42343,True
2026-01-30T17:00:00+00:00,17,4,30,1,0,0,0,0,0,0,6,0.0,4,6,0.4,8584,11000,0.7804,30.3,0.0,0,0,0,0,0,0,30.7,15.1,0.0,0.0,2.6,0.0,42343,True
2026-01-30T18:00:00+00:00,18,4,30,1,0,0,0,0,0,0,6,0.0,4,6,0.4,8584,11000,0.7804,30.3,0.0,0,0,0,0,0,0,30.7,11.9,0.0,0.0,2.23,0.0,42343,True
2026-01-30T19:00:00+00:00,19,4,30,1,0,0,0,0,0,0,6,0.0,4,6,0.4,8584,11000,0.7804,30.3,0.0,0,0,0,0,0,0,30.7,13.7,0.0,0.0,1.8,0.0,42343,True
2026-01-30T20:00:00+00:00,20,4,30,1,0,0,0,0,0,0,6,0.0,4,6,0.4,8584,11000,0.7804,30.3,0.0,0,0,0,0,0,0,29.1,12.5,0.0,0.0,1.48,0.0,42343,True
2026-01-30T21:00:00+00:00,21,4,30,1,0,0,0,0,0,0,6,0.0,4,6,0.4,8584,11000,0.7804,30.3,0.0,0,0,0,0,0,0,27.4,15.5,0.0,0.0,1.07,0.2,42343,True
2026-01-30T22:00:00+00:00,22,4,30,1,0,0,0,0,0,0,6,0.0,4,6,0.4,8584,11000,0.7804,30.3,0.0,0,0,0,0,0,0,26.5,12.6,0.0,0.0,0.82,0.4,42343,True
2026-01-30T23:00:00+00:00,23,4,30,1,0,0,0,0,0,0,6,0.0,4,6,0.4,8584,11000,0.7804,30.3,0.0,0,0,0,0,0,0,26.4,10.0,0.0,0.0,0.75,0.4,42343,True
2026-01-31T00:00:00+00:00,0,5,31,1,1,0,0,0,0,0,6,0.0,4,6,0.4,8584,11000,0.7804,30.3,0.0,0,0,0,0,0,0,24.7,10.6,0.0,0.0,1.21,0.2,42343,True
2026-01-31T01:00:00+00:00,1,5,31,1,1,0,0,0,0,0,6,0.0,4,6,0.4,8584,11000,0.7804,30.3,0.0,0,0,0,0,0,0,24.8,13.9,0.0,0.0,1.84,0.0,42343,True
2026-01-31T02:00:00+00:00,2,5,31,1,1,0,0,0,0,0,6,0.0,4,6,0.4,8584,11000,0.7804,30.3,0.0,0,0,0,0,0,0,25.3,10.9,0.0,0.0,2.61,0.0,42343,True
2026-01-31T03:00:00+00:00,3,5,31,1,1,0,0,0,0,0,6,0.0,4,6,0.4,8584,11000,0.7804,30.3,0.0,0,0,0,0,0,0,25.3,20.3,11.4,0.5,3.0,0.0,42343,True
2026-01-31T04:00:00+00:00,4,5,31,1,1,0,0,0,0,0,6,0.0,4,6,0.4,8584,11000,0.7804,30.3,0.0,0,0,0,0,0,0,23.6,9.6,0.0,0.0,2.98,0.0,42343,True
2026-01-31T05:00:00+00:00,5,5,31,1,1,0,0,0,0,0,6,0.0,4,6,0.4,8584,11000,0.7804,30.3,0.0,0,0,0,0,0,0,25.8,7.3,0.0,0.0,2.71,0.0,42343,True
2026-01-31T06:00:00+00:00,6,5,31,1,1,0,0,0,0,0,6,0.0,4,6,0.4,8584,11000,0.7804,30.3,0.0,0,0,0,0,0,0,24.9,5.7,0.0,0.0,2.38,0.0,42343,True
2026-01-31T07:00:00+00:00,7,5,31,1,1,0,0,0,0,0,6,0.0,4,6,0.4,8584,11000,0.7804,30.3,0.0,0,0,0,0,0,0,25.9,5.2,0.0,0.0,1.96,0.0,42343,True
2026-01-31T08:00:00+00:00,8,5,31,1,1,0,0,0,0,0,6,0.0,4,6,0.4,8584,11000,0.7804,30.3,0.0,0,0,0,0,0,0,27.6,6.1,0.0,0.0,1.63,0.0,42343,True
2026-01-31T09:00:00+00:00,9,5,31,1,1,0,0,0,0,0,6,0.0,4,6,0.4,8584,11000,0.7804,30.3,0.0,0,0,0,0,0,0,28.3,6.2,0.0,0.0,1.26,0.2,42343,True
2026-01-31T10:00:00+00:00,10,5,31,1,1,0,0,0,0,0,6,0.0,4,6,0.4,8584,11000,0.7804,30.3,0.0,0,0,0,0,0,0,29.1,11.0,0.0,0.0,0.93,0.4,42343,True
2026-01-31T11:00:00+00:00,11,5,31,1,1,0,0,0,0,0,6,0.0,4,6,0.4,8584,11000,0.7804,30.3,0.0,0,0,0,0,0,0,29.0,12.1,0.0,0.0,0.77,0.4,42343,True
2026-01-31T12:00:00+00:00,12,5,31,1,1,0,0,0,0,0,6,0.0,4,6,0.4,8584,11000,0.7804,30.3,0.0,0,0,0,0,0,0,31.4,11.5,0.0,0.0,1.01,0.2,42343,True
2026-01-31T13:00:00+00:00,13,5,31,1,1,0,0,0,0,0,6,0.0,4,6,0.4,8584,11000,0.7804,30.3,0.0,0,0,0,0,0,0,31.3,13.5,0.0,0.0,1.56,0.0,42343,True
2026-01-31T14:00:00+00:00,14,5,31,1,1,0,0,0,0,0,6,0.0,4,6,0.4,8584,11000,0.7804,30.3,0.0,0,0,0,0,0,0,30.6,10.8,0.0,0.0,2.36,0.0,42343,True
2026-01-31T15:00:00+00:00,15,5,31,1,1,0,0,0,0,0,6,0.0,4,6,0.4,8584,11000,0.7804,30.3,0.0,0,0,0,0,0,0,32.0,23.3,4.3,0.2,2.83,0.0,42343,True
2026-01-31T16:00:00+00:00,16,5,31,1,1,0,0,0,0,0,6,0.0,4,6,0.4,8584,11000,0.7804,30.3,0.0,0,0,0,0,0,0,32.1,15.9,0.0,0.0,3.11,0.0,42343,True
2026-01-31T17:00:00+00:00,17,5,31,1,1,0,0,0,0,0,6,0.0,4,6,0.4,8584,11000,0.7804,30.3,0.0,0,0,0,0,0,0,30.9,11.6,0.0,0.0,2.85,0.0,42343,True
2026-01-31T18:00:00+00:00,18,5,31,1,1,0,0,0,0,0,6,0.0,4,6,0.4,8584,11000,0.7804,30.3,0.0,0,0,0,0,0,0,29.8,14.3,0.0,0.0,2.47,0.0,42343,True
2026-01-31T19:00:00+00:00,19,5,31,1,1,0,0,0,0,0,6,0.0,4,6,0.4,8584,11000,0.7804,30.3,0.0,0,0,0,0,0,0,29.6,11.3,0.0,0.0,2.13,0.0,42343,True
2026-01-31T20:00:00+00:00,20,5,31,1,1,0,0,0,0,0,6,0.0,4,6,0.4,8584,11000,0.7804,30.3,0.0,0,0,0,0,0,0,29.5,13.1,0.0,0.0,1.82,0.0,42343,True
2026-01-31T21:00:00+00:00,21,5,31,1,1,0,0,0,0,0,6,0.0,4,6,0.4,8584,11000,0.7804,30.3,0.0,0,0,0,0,0,0,28.5,11.3,0.0,0.0,1.42,0.0,42343,True
2026-01-31T22:00:00+00:00,22,5,31,1,1,0,0,0,0,0,6,0.0,4,6,0.4,8584,11000,0.7804,30.3,0.0,0,0,0,0,0,0,27.5,12.8,0.0,0.0,1.01,0.2,42343,True
2026-01-31T23:00:00+00:00,23,5,31,1,1,0,0,0,0,0,6,0.0,4,6,0.4,8584,11000,0.7804,30.3,0.0,0,0,0,0,0,0,26.7,10.6,0.0,0.0,0.76,0.4,42343,True
2026-02-01T00:00:00+00:00,0,6,1,2,1,0,0,0,0,0,6,0.0,4,6,0.4,8584,11000,0.7804,30.3,0.0,0,0,0,0,0,0,26.1,10.5,0.0,0.0,0.83,0.4,42343,True
2026-02-01T01:00:00+00:00,1,6,1,2,1,0,0,0,0,0,6,0.0,4,6,0.4,8584,11000,0.7804,30.3,0.0,0,0,0,0,0,0,25.2,9.5,0.0,0.0,1.28,0.2,42343,True
2026-02-01T02:00:00+00:00,2,6,1,2,1,0,0,0,0,0,6,0.0,4,6,0.4,8584,11000,0.7804,30.3,0.0,0,0,0,0,0,0,24.4,10.4,0.0,0.0,2.05,0.0,42343,True
2026-02-01T03:00:00+00:00,3,6,1,2,1,0,0,0,0,0,6,0.0,4,6,0.4,8584,11000,0.7804,30.3,0.0,0,0,0,0,0,0,23.5,6.6,0.0,0.0,2.68,0.0,42343,True
2026-02-01T04:00:00+00:00,4,6,1,2,1,0,0,0,0,0,6,0.0,4,6,0.4,8584,11000,0.7804,30.3,0.0,0,0,0,0,0,0,24.9,9.9,0.0,0.0,3.08,0.0,42343,True
2026-02-01T05:00:00+00:00,5,6,1,2,1,0,0,0,0,0,6,0.0,4,6,0.4,8584,11000,0.7804,30.3,0.0,0,0,0,0,0,0,24.6,6.3,0.0,0.0,2.95,0.0,42343,True
2026-02-01T06:00:00+00:00,6,6,1,2,1,0,0,0,0,0,6,0.0,4,6,0.4,8584,11000,0.7804,30.3,0.0,0,0,0,0,0,0,25.0,33.5,24.2,0.85,2.66,0.0,42343,True
2026-02-01T07:00:00+00:00,7,6,1,2,1,0,0,0,0,0,6,0.0,4,6,0.4,8584,11000,0.7804,30.3,0.0,0,0,0,0,0,0,25.4,9.1,0.0,0.0,2.25,0.0,42343,True
2026-02-01T08:00:00+00:00,8,6,1,2,1,0,0,0,0,0,6,0.0,4,6,0.4,8584,11000,0.7804,30.3,0.0,0,0,0,0,0,0,26.1,10.3,0.0,0.0,1.88,0.0,42343,True
2026-02-01T09:00:00+00:00,9,6,1,2,1,0,0,0,0,0,6,0.0,4,6,0.4,8584,11000,0.7804,30.3,0.0,0,0,0,0,0,0,28.4,6.2,0.0,0.0,1.53,0.0,42343,True
2026-02-01T10:00:00+00:00,10,6,1,2,1,0,0,0,0,0,6,0.0,4,6,0.4,8584,11000,0.7804,30.3,0.0,0,0,0,0,0,0,29.7,12.7,0.0,0.0,1.21,0.2,42343,True
2026-02-01T11:00:00+00:00,11,6,1,2,1,0,0,0,0,0,6,0.0,4,6,0.4,8584,11000,0.7804,30.3,0.0,0,0,0,0,0,0,29.9,10.2,0.0,0.0,0.81,0.4,42343,True
2026-02-01T12:00:00+00:00,12,6,1,2,1,0,0,0,0,0,6,0.0,4,6,0.4,8584,11000,0.7804,30.3,0.0,0,0,0,0,0,0,30.0,8.3,0.0,0.0,0.76,0.4,42343,True
2026-02-01T13:00:00+00:00,13,6,1,2,1,0,0,0,0,0,6,0.0,4,6,0.4,8584,11000,0.7804,30.3,0.0,0,0,0,0,0,0,30.1,14.1,0.0,0.0,1.04,0.2,42343,True
2026-02-01T14:00:00+00:00,14,6,1,2,1,0,0,0,0,0,6,0.0,4,6,0.4,8584,11000,0.7804,30.3,0.0,0,0,0,0,0,0,31.9,13.3,0.0,0.0,1.7,0.0,42343,True
2026-02-01T15:00:00+00:00,15,6,1,2,1,0,0,0,0,0,6,0.0,4,6,0.4,8584,11000,0.7804,30.3,0.0,0,0,0,0,0,0,32.2,10.8,0.0,0.0,2.46,0.0,42343,True
2026-02-01T16:00:00+00:00,16,6,1,2,1,0,0,0,0,0,6,0.0,4,6,0.4,8584,11000,0.7804,30.3,0.0,0,0,0,0,0,0,32.1,15.5,0.0,0.0,2.98,0.0,42343,True
2026-02-01T17:00:00+00:00,17,6,1,2,1,0,0,0,0,0,6,0.0,4,6,0.4,8584,11000,0.7804,30.3,0.0,0,0,0,0,0,0,31.1,14.1,0.0,0.0,3.04,0.0,42343,True
2026-02-01T18:00:00+00:00,18,6,1,2,1,0,0,0,0,0,6,0.0,4,6,0.4,8584,11000,0.7804,30.3,0.0,0,0,0,0,0,0,30.0,11.8,0.0,0.0,2.85,0.0,42343,True
2026-02-01T19:00:00+00:00,19,6,1,2,1,0,0,0,0,0,6,0.0,4,6,0.4,8584,11000,0.7804,30.3,0.0,0,0,0,0,0,0,30.4,14.2,0.0,0.0,2.46,0.0,42343,True
2026-02-01T20:00:00+00:00,20,6,1,2,1,0,0,0,0,0,6,0.0,4,6,0.4,8584,11000,0.7804,30.3,0.0,0,0,0,0,0,0,28.5,15.6,0.0,0.0,2.04,0.0,42343,True
2026-02-01T21:00:00+00:00,21,6,1,2,1,0,0,0,0,0,6,0.0,4,6,0.4,8584,11000,0.7804,30.3,0.0,0,0,0,0,0,0,27.0,12.4,0.0,0.0,1.69,0.0,42343,True
2026-02-01T22:00:00+00:00,22,6,1,2,1,0,0,0,0,0,6,0.0,4,6,0.4,8584,11000,0.7804,30.3,0.0,0,0,0,0,0,0,26.9,12.6,0.0,0.0,1.36,0.2,42343,True
2026-02-01T23:00:00+00:00,23,6,1,2,1,0,0,0,0,0,6,0.0,4,6,0.4,8584,11000,0.7804,30.3,0.0,0,0,0,0,0,0,25.7,9.6,0.0,0.0,0.94,0.4,42343,True
2026-02-02T00:00:00+00:00,0,0,2,2,0,0,0,0,0,0,6,0.0,4,6,0.4,8584,11000,0.7804,30.3,0.0,0,0,0,0,0,0,26.1,8.8,0.0,0.0,0.77,0.4,42343,True
2026-02-02T01:00:00+00:00,1,0,2,2,0,0,0,0,0,0,6,0.0,4,6,0.4,8584,11000,0.7804,30.3,0.0,0,0,0,0,0,0,24.5,12.2,0.0,0.0,0.9,0.4,42343,True
2026-02-02T02:00:00+00:00,2,0,2,2,0,0,0,0,0,0,6,0.0,4,6,0.4,8584,11000,0.7804,30.3,0.0,0,0,0,0,0,0,25.5,11.5,0.0,0.0,1.35,0.2,42343,True
2026-02-02T03:00:00+00:00,3,0,2,2,0,0,0,0,0,0,6,0.0,4,6,0.4,8584,11000,0.7804,30.3,0.0,0,0,0,0,0,0,25.1,6.7,0.0,0.0,2.14,0.0,42343,True
2026-02-02T04:00:00+00:00,4,0,2,2,0,0,0,0,0,0,6,0.0,4,6,0.4,8584,11000,0.7804,30.3,0.0,0,0,0,0,0,0,24.5,10.0,0.0,0.0,2.77,0.0,42343,True
2026-02-02T05:00:00+00:00,5,0,2,2,0,0,0,0,0,0,6,0.0,4,6,0.4,8584,11000,0.7804,30.3,0.0,0,0,0,0,0,0,25.9,11.4,0.0,0.0,3.04,0.0,42343,True
2026-02-02T06:00:00+00:00,6,0,2,2,0,0,0,0,0,0,6,0.0,4,6,0.4,8584,11000,0.7804,30.3,0.0,0,0,0,0,0,0,25.9,10.5,0.0,0.0,2.97,0.0,42343,True
2026-02-02T07:00:00+00:00,7,0,2,2,0,0,0,0,0,0,6,0.0,4,6,0.4,8584,11000,0.7804,30.3,0.0,0,0,0,0,0,0,27.2,10.8,0.0,0.0,2.58,0.0,42343,True
2026-02-02T08:00:00+00:00,8,0,2,2,0,0,0,0,0,0,6,0.0,4,6,0.4,8584,11000,0.7804,30.3,0.0,0,0,0,0,0,0,27.0,11.4,0.0,0.0,2.18,0.0,42343,True
2026-02-02T09:00:00+00:00,9,0,2,2,0,0,0,0,0,0,6,0.0,4,6,0.4,8584,11000,0.7804,30.3,0.0,0,0,0,0,0,0,27.0,6.5,0.0,0.0,1.85,0.0,42343,True
2026-02-02T10:00:00+00:00,10,0,2,2,0,0,0,0,0,0,6,0.0,4,6,0.4,8584,11000,0.7804,30.3,0.0,0,0,0,0,0,0,29.0,7.7,0.0,0.0,1.45,0.0,42343,True
2026-02-02T11:00:00+00:00,11,0,2,2,0,0,0,0,0,0,6,0.0,4,6,0.4,8584,11000,0.7804,30.3,0.0,0,0,0,0,0,0,29.1,11.1,0.0,0.0,1.07,0.2,42343,True
2026-02-02T12:00:00+00:00,12,0,2,2,0,0,0,0,0,0,6,0.0,4,6,0.4,8584,11000,0.7804,30.3,0.0,0,0,0,0,0,0,30.0,13.4,0.0,0.0,0.77,0.4,42343,True
2026-02-02T13:00:00+00:00,13,0,2,2,0,0,0,0,0,0,6,0.0,4,6,0.4,8584,11000,0.7804,30.3,0.0,0,0,0,0,0,0,30.9,11.1,0.0,0.0,0.76,0.4,42343,True
2026-02-02T14:00:00+00:00,14,0,2,2,0,0,0,0,0,0,6,0.0,4,6,0.4,8584,11000,0.7804,30.3,0.0,0,0,0,0,0,0,31.5,12.6,0.0,0.0,1.16,0.2,42343,True
2026-02-02T15:00:00+00:00,15,0,2,2,0,0,0,0,0,0,6,0.0,4,6,0.4,8584,11000,0.7804,30.3,0.0,0,0,0,0,0,0,31.2,12.2,0.0,0.0,1.85,0.0,42343,True
2026-02-02T16:00:00+00:00,16,0,2,2,0,0,0,0,0,0,6,0.0,4,6,0.4,8584,11000,0.7804,30.3,0.0,0,0,0,0,0,0,31.1,15.9,0.0,0.0,2.49,0.0,42343,True
2026-02-02T17:00:00+00:00,17,0,2,2,0,0,0,0,0,0,6,0.0,4,6,0.4,8584,11000,0.7804,30.3,0.0,0,0,0,0,0,0,30.6,14.2,0.0,0.0,2.95,0.0,42343,True
2026-02-02T18:00:00+00:00,18,0,2,2,0,0,0,0,0,0,6,0.0,4,6,0.4,8584,11000,0.7804,30.3,0.0,0,0,0,0,0,0,30.9,38.1,34.9,0.85,3.01,0.0,42343,True
2026-02-02T19:00:00+00:00,19,0,2,2,0,0,0,0,0,0,6,0.0,4,6,0.4,8584,11000,0.7804,30.3,0.0,0,0,0,0,0,0,30.0,13.1,0.0,0.0,2.77,0.0,42343,True
2026-02-02T20:00:00+00:00,20,0,2,2,0,0,0,0,0,0,6,0.0,4,6,0.4,8584,11000,0.7804,30.3,0.0,0,0,0,0,0,0,28.1,15.7,0.0,0.0,2.42,0.0,42343,True
2026-02-02T21:00:00+00:00,21,0,2,2,0,0,0,0,0,0,6,0.0,4,6,0.4,8584,11000,0.7804,30.3,0.0,0,0,0,0,0,0,28.2,32.0,15.7,0.5,1.99,0.0,42343,True
2026-02-02T22:00:00+00:00,22,0,2,2,0,0,0,0,0,0,6,0.0,4,6,0.4,8584,11000,0.7804,30.3,0.0,0,0,0,0,0,0,26.2,12.9,0.0,0.0,1.69,0.0,42343,True
2026-02-02T23:00:00+00:00,23,0,2,2,0,0,0,0,0,0,6,0.0,4,6,0.4,8584,11000,0.7804,30.3,0.0,0,0,0,0,0,0,25.4,10.3,0.0,0.0,1.26,0.2,42343,True
2026-02-03T00:00:00+00:00,0,1,3,2,0,0,0,0,0,0,6,0.0,4,6,0.4,8584,11000,0.7804,30.3,0.0,0,0,0,0,0,0,25.0,9.5,0.0,0.0,0.92,0.4,42343,True
2026-02-03T01:00:00+00:00,1,1,3,2,0,0,0,0,0,0,6,0.0,4,6,0.4,8584,11000,0.7804,30.3,0.0,0,0,0,0,0,0,24.1,12.5,0.0,0.0,0.72,0.4,42343,True
2026-02-03T02:00:00+00:00,2,1,3,2,0,0,0,0,0,0,6,0.0,4,6,0.4,8584,11000,0.7804,30.3,0.0,0,0,0,0,0,0,24.3,9.4,0.0,0.0,0.95,0.4,42343,True
2026-02-03T03:00:00+00:00,3,1,3,2,0,0,0,0,0,0,6,0.0,4,6,0.4,8584,11000,0.7804,30.3,0.0,0,0,0,0,0,0,23.8,12.0,0.0,0.0,1.5,0.0,42343,True
2026-02-03T04:00:00+00:00,4,1,3,2,0,0,0,0,0,0,6,0.0,4,6,0.4,8584,11000,0.7804,30.3,0.0,0,0,0,0,0,0,25.5,11.7,0.0,0.0,2.24,0.0,42343,True
2026-02-03T05:00:00+00:00,5,1,3,2,0,0,0,0,0,0,6,0.0,4,6,0.4,8584,11000,0.7804,30.3,0.0,0,0,0,0,0,0,24.6,10.0,0.0,0.0,2.81,0.0,42343,True
2026-02-03T06:00:00+00:00,6,1,3,2,0,0,0,0,0,0,6,0.0,4,6,0.4,8584,11000,0.7804,30.3,0.0,0,0,0,0,0,0,26.0,9.0,0.0,0.0,3.07,0.0,42343,True
2026-02-03T07:00:00+00:00,7,1,3,2,0,0,0,0,0,0,6,0.0,4,6,0.4,8584,11000,0.7804,30.3,0.0,0,0,0,0,0,0,26.2,10.0,0.0,0.0,2.88,0.0,42343,True
2026-02-03T08:00:00+00:00,8,1,3,2,0,0,0,0,0,0,6,0.0,4,6,0.4,8584,11000,0.7804,30.3,0.0,0,0,0,0,0,0,27.6,12.7,7.0,0.2,2.55,0.0,42343,True
2026-02-03T09:00:00+00:00,9,1,3,2,0,0,0,0,0,0,6,0.0,4,6,0.4,8584,11000,0.7804,30.3,0.0,0,0,0,0,0,0,29.0,8.4,0.0,0.0,2.13,0.0,42343,True
2026-02-03T10:00:00+00:00,10,1,3,2,0,0,0,0,0,0,6,0.0,4,6,0.4,8584,11000,0.7804,30.3,0.0,0,0,0,0,0,0,28.6,6.8,0.0,0.0,1.83,0.0,42343,True
2026-02-03T11:00:00+00:00,11,1,3,2,0,0,0,0,0,0,6,0.0,4,6,0.4,8584,11000,0.7804,30.3,0.0,0,0,0,0,0,0,30.6,11.4,0.0,0.0,1.44,0.0,42343,True
2026-02-03T12:00:00+00:00,12,1,3,2,0,0,0,0,0,0,6,0.0,4,6,0.4,8584,11000,0.7804,30.3,0.0,0,0,0,0,0,0,30.4,11.1,0.0,0.0,1.07,0.2,42343,True
2026-02-03T13:00:00+00:00,13,1,3,2,0,0,0,0,0,0,6,0.0,4,6,0.4,8584,11000,0.7804,30.3,0.0,0,0,0,0,0,0,31.0,14.3,0.0,0.0,0.8,0.4,42343,True
2026-02-03T14:00:00+00:00,14,1,3,2,0,0,0,0,0,0,6,0.0,4,6,0.4,8584,11000,0.7804,30.3,0.0,0,0,0,0,0,0,30.7,14.6,0.0,0.0,0.84,0.4,42343,True
2026-02-03T15:00:00+00:00,15,1,3,2,0,0,0,0,0,0,6,0.0,4,6,0.4,8584,11000,0.7804,30.3,0.0,0,0,0,0,0,0,31.5,14.1,0.0,0.0,1.27,0.2,42343,True
2026-02-03T16:00:00+00:00,16,1,3,2,0,0,0,0,0,0,6,0.0,4,6,0.4,8584,11000,0.7804,30.3,0.0,0,0,0,0,0,0,30.4,14.2,0.0,0.0,1.9,0.0,42343,True
2026-02-03T17:00:00+00:00,17,1,3,2,0,0,0,0,0,0,6,0.0,4,6,0.4,8584,11000,0.7804,30.3,0.0,0,0,0,0,0,0,30.7,14.4,0.0,0.0,2.67,0.0,42343,True
2026-02-03T18:00:00+00:00,18,1,3,2,0,0,0,0,0,0,6,0.0,4,6,0.4,8584,11000,0.7804,30.3,0.0,0,0,0,0,0,0,31.1,13.7,0.0,0.0,3.03,0.0,42343,True
2026-02-03T19:00:00+00:00,19,1,3,2,0,0,0,0,0,0,6,0.0,4,6,0.4,8584,11000,0.7804,30.3,0.0,0,0,0,0,0,0,29.2,15.7,0.0,0.0,3.05,0.0,42343,True
2026-02-03T20:00:00+00:00,20,1,3,2,0,0,0,0,0,0,6,0.0,4,6,0.4,8584,11000,0.7804,30.3,0.0,0,0,0,0,0,0,29.1,16.5,0.0,0.0,2.69,0.0,42343,True
2026-02-03T21:00:00+00:00,21,1,3,2,0,0,0,0,0,0,6,0.0,4,6,0.4,8584,11000,0.7804,30.3,0.0,0,0,0,0,0,0,27.0,16.0,0.0,0.0,2.35,0.0,42343,True
2026-02-03T22:00:00+00:00,22,1,3,2,0,0,0,0,0,0,6,0.0,4,6,0.4,8584,11000,0.7804,30.3,0.0,0,0,0,0,0,0,27.8,15.4,0.0,0.0,1.95,0.0,42343,True
2026-02-03T23:00:00+00:00,23,1,3,2,0,0,0,0,0,0,6,0.0,4,6,0.4,8584,11000,0.7804,30.3,0.0,0,0,0,0,0,0,25.5,9.6,0.0,0.0,1.61,0.0,42343,True
2026-02-04T00:00:00+00:00,0,2,4,2,0,0,0,0,0,0,6,0.0,4,6,0.4,8584,11000,0.7804,30.3,0.0,0,0,0,0,0,0,26.2,11.0,0.0,0.0,1.18,0.2,42343,True
2026-02-04T01:00:00+00:00,1,2,4,2,0,0,0,0,0,0,6,0.0,4,6,0.4,8584,11000,0.7804,30.3,0.0,0,0,0,0,0,0,25.7,12.0,0.0,0.0,0.9,0.4,42343,True
2026-02-04T02:00:00+00:00,2,2,4,2,0,0,0,0,0,0,6,0.0,4,6,0.4,8584,11000,0.7804,30.3,0.0,0,0,0,0,0,0,24.0,12.4,0.0,0.0,0.74,0.4,42343,True
2026-02-04T03:00:00+00:00,3,2,4,2,0,0,0,0,0,0,6,0.0,4,6,0.4,8584,11000,0.7804,30.3,0.0,0,0,0,0,0,0,23.8,12.4,0.0,0.0,0.95,0.4,42343,True
2026-02-04T04:00:00+00:00,4,2,4,2,0,0,0,0,0,0,6,0.0,4,6,0.4,8584,11000,0.7804,30.3,0.0,0,0,0,0,0,0,24.6,12.0,0.0,0.0,1.62,0.0,42343,True
2026-02-04T05:00:00+00:00,5,2,4,2,0,0,0,0,0,0,6,0.0,4,6,0.4,8584,11000,0.7804,30.3,0.0,0,0,0,0,0,0,25.6,11.0,0.0,0.0,2.39,0.0,42343,True
2026-02-04T06:00:00+00:00,6,2,4,2,0,0,0,0,0,0,6,0.0,4,6,0.4,8584,11000,0.7804,30.3,0.0,0,0,0,0,0,0,26.2,11.5,0.0,0.0,2.94,0.0,42343,True
2026-02-04T07:00:00+00:00,7,2,4,2,0,0,0,0,0,0,6,0.0,4,6,0.4,8584,11000,0.7804,30.3,0.0,0,0,0,0,0,0,26.1,7.4,0.0,0.0,3.08,0.0,42343,True
2026-02-04T08:00:00+00:00,8,2,4,2,0,0,0,0,0,0,6,0.0,4,6,0.4,8584,11000,0.7804,30.3,0.0,0,0,0,0,0,0,27.7,8.6,0.0,0.0,2.9,0.0,42343,True
2026-02-04T09:00:00+00:00,9,2,4,2,0,0,0,0,0,0,6,0.0,4,6,0.4,8584,11000,0.7804,30.3,0.0,0,0,0,0,0,0,27.0,8.8,0.0,0.0,2.54,0.0,42343,True
2026-02-04T10:00:00+00:00,10,2,4,2,0,0,0,0,0,0,6,0.0,4,6,0.4,8584,11000,0.7804,30.3,0.0,0,0,0,0,0,0,28.2,10.6,0.0,0.0,2.11,0.0,42343,True
2026-02-04T11:00:00+00:00,11,2,4,2,0,0,0,0,0,0,6,0.0,4,6,0.4,8584,11000,0.7804,30.3,0.0,0,0,0,0,0,0,30.1,11.0,0.0,0.0,1.77,0.0,42343,True
2026-02-04T12:00:00+00:00,12,2,4,2,0,0,0,0,0,0,6,0.0,4,6,0.4,8584,11000,0.7804,30.3,0.0,0,0,0,0,0,0,31.2,12.7,0.0,0.0,1.35,0.2,42343,True
2026-02-04T13:00:00+00:00,13,2,4,2,0,0,0,0,0,0,6,0.0,4,6,0.4,8584,11000,0.7804,30.3,0.0,0,0,0,0,0,0,31.4,13.3,0.0,0.0,1.03,0.2,42343,True
2026-02-04T14:00:00+00:00,14,2,4,2,0,0,0,0,0,0,6,0.0,4,6,0.4,8584,11000,0.7804,30.3,0.0,0,0,0,0,0,0,31.1,13.5,0.0,0.0,0.74,0.4,42343,True
2026-02-04T15:00:00+00:00,15,2,4,2,0,0,0,0,0,0,6,0.0,4,6,0.4,8584,11000,0.7804,30.3,0.0,0,0,0,0,0,0,32.5,14.3,0.0,0.0,0.82,0.4,42343,True
2026-02-04T16:00:00+00:00,16,2,4,2,0,0,0,0,0,0,6,0.0,4,6,0.4,8584,11000,0.7804,30.3,0.0,0,0,0,0,0,0,31.5,11.9,0.0,0.0,1.29,0.2,42343,True
2026-02-04T17:00:00+00:00,17,2,4,2,0,0,0,0,0,0,6,0.0,4,6,0.4,8584,11000,0.7804,30.3,0.0,0,0,0,0,0,0,31.1,17.6,0.0,0.0,2.06,0.0,42343,True
2026-02-04T18:00:00+00:00,18,2,4,2,0,0,0,0,0,0,6,0.0,4,6,0.4,8584,11000,0.7804,30.3,0.0,0,0,0,0,0,0,30.5,16.4,0.0,0.0,2.73,0.0,42343,True
2026-02-04T19:00:00+00:00,19,2,4,2,0,0,0,0,0,0,6,0.0,4,6,0.4,8584,11000,0.7804,30.3,0.0,0,0,0,0,0,0,28.9,11.9,0.0,0.0,3.04,0.0,42343,True
2026-02-04T20:00:00+00:00,20,2,4,2,0,0,0,0,0,0,6,0.0,4,6,0.4,8584,11000,0.7804,30.3,0.0,0,0,0,0,0,0,29.4,13.9,0.0,0.0,2.98,0.0,42343,True
2026-02-04T21:00:00+00:00,21,2,4,2,0,0,0,0,0,0,6,0.0,4,6,0.4,8584,11000,0.7804,30.3,0.0,0,0,0,0,0,0,28.0,16.6,0.0,0.0,2.66,0.0,42343,True
2026-02-04T22:00:00+00:00,22,2,4,2,0,0,0,0,0,0,6,0.0,4,6,0.4,8584,11000,0.7804,30.3,0.0,0,0,0,0,0,0,27.4,14.1,0.0,0.0,2.22,0.0,42343,True
2026-02-04T23:00:00+00:00,23,2,4,2,0,0,0,0,0,0,6,0.0,4,6,0.4,8584,11000,0.7804,30.3,0.0,0,0,0,0,0,0,26.5,12.8,0.0,0.0,1.85,0.0,42343,True
2026-02-05T00:00:00+00:00,0,3,5,2,0,0,0,0,0,0,6,0.0,4,6,0.4,8584,11000,0.7804,30.3,0.0,0,0,0,0,0,0,24.6,10.7,0.0,0.0,1.56,0.0,42343,True
2026-02-05T01:00:00+00:00,1,3,5,2,0,0,0,0,0,0,6,0.0,4,6,0.4,8584,11000,0.7804,30.3,0.0,0,0,0,0,0,0,25.1,12.3,0.0,0.0,1.16,0.2,42343,True
2026-02-05T02:00:00+00:00,2,3,5,2,0,0,0,0,0,0,6,0.0,4,6,0.4,8584,11000,0.7804,30.3,0.0,0,0,0,0,0,0,24.6,8.8,0.0,0.0,0.82,0.4,42343,True
2026-02-05T03:00:00+00:00,3,3,5,2,0,0,0,0,0,0,6,0.0,4,6,0.4,8584,11000,0.7804,30.3,0.0,0,0,0,0,0,0,23.6,9.2,0.0,0.0,0.75,0.4,42343,True
2026-02-05T04:00:00+00:00,4,3,5,2,0,0,0,0,0,0,6,0.0,4,6,0.4,8584,11000,0.7804,30.3,0.0,0,0,0,0,0,0,24.4,7.5,0.0,0.0,1.07,0.2,42343,True
2026-02-05T05:00:00+00:00,5,3,5,2,0,0,0,0,0,0,6,0.0,4,6,0.4,8584,11000,0.7804,30.3,0.0,0,0,0,0,0,0,24.0,24.2,20.4,0.5,1.77,0.0,42343,True
2026-02-05T06:00:00+00:00,6,3,5,2,0,0,0,0,0,0,6,0.0,4,6,0.4,8584,11000,0.7804,30.3,0.0,0,0,0,0,0,0,25.3,8.7,0.0,0.0,2.51,0.0,42343,True
2026-02-05T07:00:00+00:00,7,3,5,2,0,0,0,0,0,0,6,0.0,4,6,0.4,8584,11000,0.7804,30.3,0.0,0,0,0,0,0,0,25.6,11.2,0.0,0.0,2.92,0.0,42343,True
2026-02-05T08:00:00+00:00,8,3,5,2,0,0,0,0,0,0,6,0.0,4,6,0.4,8584,11000,0.7804,30.3,0.0,0,0,0,0,0,0,27.1,35.3,31.4,0.85,3.09,0.0,42343,True
2026-02-05T09:00:00+00:00,9,3,5,2,0,0,0,0,0,0,6,0.0,4,6,0.4,8584,11000,0.7804,30.3,0.0,0,0,0,0,0,0,28.9,12.5,0.0,0.0,2.81,0.0,42343,True
2026-02-05T10:00:00+00:00,10,3,5,2,0,0,0,0,0,0,6,0.0,4,6,0.4,8584,11000,0.7804,30.3,0.0,0,0,0,0,0,0,29.2,7.1,0.0,0.0,2.44,0.0,42343,True
2026-02-05T11:00:00+00:00,11,3,5,2,0,0,0,0,0,0,6,0.0,4,6,0.4,8584,11000,0.7804,30.3,0.0,0,0,0,0,0,0,30.6,12.0,0.0,0.0,2.1,0.0,42343,True
2026-02-05T12:00:00+00:00,12,3,5,2,0,0,0,0,0,0,6,0.0,4,6,0.4,8584,11000,0.7804,30.3,0.0,0,0,0,0,0,0,30.2,8.8,0.0,0.0,1.66,0.0,42343,True
2026-02-05T13:00:00+00:00,13,3,5,2,0,0,0,0,0,0,6,0.0,4,6,0.4,8584,11000,0.7804,30.3,0.0,0,0,0,0,0,0,30.3,12.7,0.0,0.0,1.3,0.2,42343,True
2026-02-05T14:00:00+00:00,14,3,5,2,0,0,0,0,0,0,6,0.0,4,6,0.4,8584,11000,0.7804,30.3,0.0,0,0,0,0,0,0,30.9,10.3,0.0,0.0,0.93,0.4,42343,True
2026-02-05T15:00:00+00:00,15,3,5,2,0,0,0,0,0,0,6,0.0,4,6,0.4,8584,11000,0.7804,30.3,0.0,0,0,0,0,0,0,30.9,16.6,0.0,0.0,0.7,0.4,42343,True
2026-02-05T16:00:00+00:00,16,3,5,2,0,0,0,0,0,0,6,0.0,4,6,0.4,8584,11000,0.7804,30.3,0.0,0,0,0,0,0,0,30.9,12.5,0.0,0.0,0.9,0.4,42343,True
2026-02-05T17:00:00+00:00,17,3,5,2,0,0,0,0,0,0,6,0.0,4,6,0.4,8584,11000,0.7804,30.3,0.0,0,0,0,0,0,0,31.3,12.2,0.0,0.0,1.43,0.0,42343,True
2026-02-05T18:00:00+00:00,18,3,5,2,0,0,0,0,0,0,6,0.0,4,6,0.4,8584,11000,0.7804,30.3,0.0,0,0,0,0,0,0,30.8,17.1,0.0,0.0,2.22,0.0,42343,True
2026-02-05T19:00:00+00:00,19,3,5,2,0,0,0,0,0,0,6,0.0,4,6,0.4,8584,11000,0.7804,30.3,0.0,0,0,0,0,0,0,28.8,16.1,0.0,0.0,2.83,0.0,42343,True
2026-02-05T20:00:00+00:00,20,3,5,2,0,0,0,0,0,0,6,0.0,4,6,0.4,8584,11000,0.7804,30.3,0.0,0,0,0,0,0,0,28.2,11.7,0.0,0.0,3.08,0.0,42343,True
2026-02-05T21:00:00+00:00,21,3,5,2,0,0,0,0,0,0,6,0.0,4,6,0.4,8584,11000,0.7804,30.3,0.0,0,0,0,0,0,0,28.2,14.2,0.0,0.0,2.9,0.0,42343,True
2026-02-05T22:00:00+00:00,22,3,5,2,0,0,0,0,0,0,6,0.0,4,6,0.4,8584,11000,0.7804,30.3,0.0,0,0,0,0,0,0,26.5,21.1,3.6,0.2,2.61,0.0,42343,True
2026-02-05T23:00:00+00:00,23,3,5,2,0,0,0,0,0,0,6,0.0,4,6,0.4,8584,11000,0.7804,30.3,0.0,0,0,0,0,0,0,27.1,9.2,0.0,0.0,2.19,0.0,42343,True
2026-02-06T00:00:00+00:00,0,4,6,2,0,0,0,0,0,0,6,0.0,4,6,0.4,8584,11000,0.7804,30.3,0.0,0,0,0,0,0,0,25.4,8.9,0.0,0.0,1.81,0.0,42343,True
2026-02-06T01:00:00+00:00,1,4,6,2,0,0,0,0,0,0,6,0.0,4,6,0.4,8584,11000,0.7804,30.3,0.0,0,0,0,0,0,0,24.6,13.1,0.0,0.0,1.43,0.0,42343,True
2026-02-06T02:00:00+00:00,2,4,6,2,0,0,0,0,0,0,6,0.0,4,6,0.4,8584,11000,0.7804,30.3,0.0,0,0,0,0,0,0,24.3,8.1,0.0,0.0,1.07,0.2,42343,True
2026-02-06T03:00:00+00:00,3,4,6,2,0,0,0,0,0,0,6,0.0,4,6,0.4,8584,11000,0.7804,30.3,0.0,0,0,0,0,0,0,25.0,10.8,0.0,0.0,0.83,0.4,42343,True
2026-02-06T04:00:00+00:00,4,4,6,2,0,0,0,0,0,0,6,0.0,4,6,0.4,8584,11000,0.7804,30.3,0.0,0,0,0,0,0,0,25.2,16.6,4.4,0.2,0.73,0.4,42343,True
2026-02-06T05:00:00+00:00,5,4,6,2,0,0,0,0,0,0,6,0.0,4,6,0.4,8584,11000,0.7804,30.3,0.0,0,0,0,0,0,0,25.8,8.9,0.0,0.0,1.16,0.2,42343,True
2026-02-06T06:00:00+00:00,6,4,6,2,0,0,0,0,0,0,6,0.0,4,6,0.4,8584,11000,0.7804,30.3,0.0,0,0,0,0,0,0,25.7,12.0,0.0,0.0,1.85,0.0,42343,True
2026-02-06T07:00:00+00:00,7,4,6,2,0,0,0,0,0,0,6,0.0,4,6,0.4,8584,11000,0.7804,30.3,0.0,0,0,0,0,0,0,27.1,7.9,0.0,0.0,2.55,0.0,42343,True
2026-02-06T08:00:00+00:00,8,4,6,2,0,0,0,0,0,0,6,0.0,4,6,0.4,8584,11000,0.7804,30.3,0.0,0,0,0,0,0,0,26.3,8.4,0.0,0.0,3.02,0.0,42343,True
2026-02-06T09:00:00+00:00,9,4,6,2,0,0,0,0,0,0,6,0.0,4,6,0.4,8584,11000,0.7804,30.3,0.0,0,0,0,0,0,0,28.2,10.3,0.0,0.0,3.02,0.0,42343,True
2026-02-06T10:00:00+00:00,10,4,6,2,0,0,0,0,0,0,6,0.0,4,6,0.4,8584,11000,0.7804,30.3,0.0,0,0,0,0,0,0,28.1,9.1,0.0,0.0,2.76,0.0,42343,True
2026-02-06T11:00:00+00:00,11,4,6,2,0,0,0,0,0,0,6,0.0,4,6,0.4,8584,11000,0.7804,30.3,0.0,0,0,0,0,0,0,30.7,13.2,0.0,0.0,2.4,0.0,42343,True
2026-02-06T12:00:00+00:00,12,4,6,2,0,0,0,0,0,0,6,0.0,4,6,0.4,8584,11000,0.7804,30.3,0.0,0,0,0,0,0,0,31.0,14.7,0.0,0.0,1.95,0.0,42343,True
2026-02-06T13:00:00+00:00,13,4,6,2,0,0,0,0,0,0,6,0.0,4,6,0.4,8584,11000,0.7804,30.3,0.0,0,0,0,0,0,0,30.4,15.5,0.0,0.0,1.67,0.0,42343,True
2026-02-06T14:00:00+00:00,14,4,6,2,0,0,0,0,0,0,6,0.0,4,6,0.4,8584,11000,0.7804,30.3,0.0,0,0,0,0,0,0,31.1,12.3,0.0,0.0,1.27,0.2,42343,True
2026-02-06T15:00:00+00:00,15,4,6,2,0,0,0,0,0,0,6,0.0,4,6,0.4,8584,11000,0.7804,30.3,0.0,0,0,0,0,0,0,31.6,13.0,0.0,0.0,0.88,0.4,42343,True
2026-02-06T16:00:00+00:00,16,4,6,2,0,0,0,0,0,0,6,0.0,4,6,0.4,8584,11000,0.7804,30.3,0.0,0,0,0,0,0,0,31.6,14.7,0.0,0.0,0.79,0.4,42343,True
2026-02-06T17:00:00+00:00,17,4,6,2,0,0,0,0,0,0,6,0.0,4,6,0.4,8584,11000,0.7804,30.3,0.0,0,0,0,0,0,0,31.7,15.0,0.0,0.0,1.0,0.2,42343,True
2026-02-06T18:00:00+00:00,18,4,6,2,0,0,0,0,0,0,6,0.0,4,6,0.4,8584,11000,0.7804,30.3,0.0,0,0,0,0,0,0,30.9,12.7,0.0,0.0,1.55,0.0,42343,True
2026-02-06T19:00:00+00:00,19,4,6,2,0,0,0,0,0,0,6,0.0,4,6,0.4,8584,11000,0.7804,30.3,0.0,0,0,0,0,0,0,29.7,17.7,0.0,0.0,2.27,0.0,42343,True
2026-02-06T20:00:00+00:00,20,4,6,2,0,0,0,0,0,0,6,0.0,4,6,0.4,8584,11000,0.7804,30.3,0.0,0,0,0,0,0,0,28.9,14.9,0.0,0.0,2.82,0.0,42343,True
2026-02-06T21:00:00+00:00,21,4,6,2,0,0,0,0,0,0,6,0.0,4,6,0.4,8584,11000,0.7804,30.3,0.0,0,0,0,0,0,0,27.0,11.0,0.0,0.0,3.06,0.0,42343,True
2026-02-06T22:00:00+00:00,22,4,6,2,0,0,0,0,0,0,6,0.0,4,6,0.4,8584,11000,0.7804,30.3,0.0,0,0,0,0,0,0,27.1,15.6,0.0,0.0,2.9,0.0,42343,True
2026-02-06T23:00:00+00:00,23,4,6,2,0,0,0,0,0,0,6,0.0,4,6,0.4,8584,11000,0.7804,30.3,0.0,0,0,0,0,0,0,25.7,11.1,0.0,0.0,2.57,0.0,42343,True
2026-02-07T00:00:00+00:00,0,5,7,2,1,0,0,0,0,0,6,0.0,4,6,0.4,8584,11000,0.7804,30.3,0.0,0,0,0,0,0,0,26.5,12.2,0.0,0.0,2.19,0.0,42343,True
2026-02-07T01:00:00+00:00,1,5,7,2,1,0,0,0,0,0,6,0.0,4,6,0.4,8584,11000,0.7804,30.3,0.0,0,0,0,0,0,0,24.0,7.3,0.0,0.0,1.82,0.0,42343,True
2026-02-07T02:00:00+00:00,2,5,7,2,1,0,0,0,0,0,6,0.0,4,6,0.4,8584,11000,0.7804,30.3,0.0,0,0,0,0,0,0,24.9,11.1,0.0,0.0,1.47,0.0,42343,True
2026-02-07T03:00:00+00:00,3,5,7,2,1,0,0,0,0,0,6,0.0,4,6,0.4,8584,11000,0.7804,30.3,0.0,0,0,0,0,0,0,25.2,10.9,0.0,0.0,1.0,0.2,42343,True
2026-02-07T04:00:00+00:00,4,5,7,2,1,0,0,0,0,0,6,0.0,4,6,0.4,8584,11000,0.7804,30.3,0.0,0,0,0,0,0,0,24.2,10.0,0.0,0.0,0.78,0.4,42343,True
2026-02-07T05:00:00+00:00,5,5,7,2,1,0,0,0,0,0,6,0.0,4,6,0.4,8584,11000,0.7804,30.3,0.0,0,0,0,0,0,0,24.5,11.7,0.0,0.0,0.78,0.4,42343,True
2026-02-07T06:00:00+00:00,6,5,7,2,1,0,0,0,0,0,6,0.0,4,6,0.4,8584,11000,0.7804,30.3,0.0,0,0,0,0,0,0,24.6,8.6,0.0,0.0,1.25,0.2,42343,True
2026-02-07T07:00:00+00:00,7,5,7,2,1,0,0,0,0,0,6,0.0,4,6,0.4,8584,11000,0.7804,30.3,0.0,0,0,0,0,0,0,27.1,11.0,0.0,0.0,1.99,0.0,42343,True
2026-02-07T08:00:00+00:00,8,5,7,2,1,0,0,0,0,0,6,0.0,4,6,0.4,8584,11000,0.7804,30.3,0.0,0,0,0,0,0,0,27.3,8.4,0.0,0.0,2.62,0.0,42343,True
2026-02-07T09:00:00+00:00,9,5,7,2,1,0,0,0,0,0,6,0.0,4,6,0.4,8584,11000,0.7804,30.3,0.0,0,0,0,0,0,0,27.6,11.1,0.0,0.0,3.02,0.0,42343,True
2026-02-07T10:00:00+00:00,10,5,7,2,1,0,0,0,0,0,6,0.0,4,6,0.4,8584,11000,0.7804,30.3,0.0,0,0,0,0,0,0,28.5,6.6,0.0,0.0,2.95,0.0,42343,True
2026-02-07T11:00:00+00:00,11,5,7,2,1,0,0,0,0,0,6,0.0,4,6,0.4,8584,11000,0.7804,30.3,0.0,0,0,0,0,0,0,29.1,10.9,0.0,0.0,2.7,0.0,42343,True
2026-02-07T12:00:00+00:00,12,5,7,2,1,0,0,0,0,0,6,0.0,4,6,0.4,8584,11000,0.7804,30.3,0.0,0,0,0,0,0,0,29.5,14.5,0.0,0.0,2.26,0.0,42343,True
2026-02-07T13:00:00+00:00,13,5,7,2,1,0,0,0,0,0,6,0.0,4,6,0.4,8584,11000,0.7804,30.3,0.0,0,0,0,0,0,0,31.9,9.5,0.0,0.0,1.95,0.0,42343,True
2026-02-07T14:00:00+00:00,14,5,7,2,1,0,0,0,0,0,6,0.0,4,6,0.4,8584,11000,0.7804,30.3,0.0,0,0,0,0,0,0,31.6,10.4,0.0,0.0,1.6,0.0,42343,True
2026-02-07T15:00:00+00:00,15,5,7,2,1,0,0,0,0,0,6,0.0,4,6,0.4,8584,11000,0.7804,30.3,0.0,0,0,0,0,0,0,32.2,13.9,0.0,0.0,1.2,0.2,42343,True
2026-02-07T16:00:00+00:00,16,5,7,2,1,0,0,0,0,0,6,0.0,4,6,0.4,8584,11000,0.7804,30.3,0.0,0,0,0,0,0,0,31.7,16.6,0.0,0.0,0.85,0.4,42343,True
2026-02-07T17:00:00+00:00,17,5,7,2,1,0,0,0,0,0,6,0.0,4,6,0.4,8584,11000,0.7804,30.3,0.0,0,0,0,0,0,0,30.0,14.2,0.0,0.0,0.69,0.4,42343,True
2026-02-07T18:00:00+00:00,18,5,7,2,1,0,0,0,0,0,6,0.0,4,6,0.4,8584,11000,0.7804,30.3,0.0,0,0,0,0,0,0,29.5,15.3,0.0,0.0,1.04,0.2,42343,True
2026-02-07T19:00:00+00:00,19,5,7,2,1,0,0,0,0,0,6,0.0,4,6,0.4,8584,11000,0.7804,30.3,0.0,0,0,0,0,0,0,29.6,13.2,0.0,0.0,1.66,0.0,42343,True
2026-02-07T20:00:00+00:00,20,5,7,2,1,0,0,0,0,0,6,0.0,4,6,0.4,8584,11000,0.7804,30.3,0.0,0,0,0,0,0,0,29.2,15.7,0.0,0.0,2.42,0.0,42343,True
2026-02-07T21:00:00+00:00,21,5,7,2,1,0,0,0,0,0,6,0.0,4,6,0.4,8584,11000,0.7804,30.3,0.0,0,0,0,0,0,0,28.7,12.3,0.0,0.0,2.95,0.0,42343,True
2026-02-07T22:00:00+00:00,22,5,7,2,1,0,0,0,0,0,6,0.0,4,6,0.4,8584,11000,0.7804,30.3,0.0,0,0,0,0,0,0,26.6,14.5,0.0,0.0,3.08,0.0,42343,True
2026-02-07T23:00:00+00:00,23,5,7,2,1,0,0,0,0,0,6,0.0,4,6,0.4,8584,11000,0.7804,30.3,0.0,0,0,0,0,0,0,26.6,12.2,0.0,0.0,2.84,0.0,42343,True
2026-02-08T00:00:00+00:00,0,6,8,2,1,0,0,0,0,0,6,0.0,4,6,0.4,8584,11000,0.7804,30.3,0.0,0,0,0,0,0,0,24.7,8.4,0.0,0.0,2.51,0.0,42343,True
2026-02-08T01:00:00+00:00,1,6,8,2,1,0,0,0,0,0,6,0.0,4,6,0.4,8584,11000,0.7804,30.3,0.0,0,0,0,0,0,0,24.3,10.7,0.0,0.0,2.08,0.0,42343,True
2026-02-08T02:00:00+00:00,2,6,8,2,1,0,0,0,0,0,6,0.0,4,6,0.4,8584,11000,0.7804,30.3,0.0,0,0,0,0,0,0,24.5,11.8,0.0,0.0,1.69,0.0,42343,True
2026-02-08T03:00:00+00:00,3,6,8,2,1,0,0,0,0,0,6,0.0,4,6,0.4,8584,11000,0.7804,30.3,0.0,0,0,0,0,0,0,23.6,10.7,0.0,0.0,1.35,0.2,42343,True
2026-02-08T04:00:00+00:00,4,6,8,2,1,0,0,0,0,0,6,0.0,4,6,0.4,8584,11000,0.7804,30.3,0.0,0,0,0,0,0,0,24.8,10.5,0.0,0.0,0.94,0.4,42343,True
2026-02-08T05:00:00+00:00,5,6,8,2,1,0,0,0,0,0,6,0.0,4,6,0.4,8584,11000,0.7804,30.3,0.0,0,0,0,0,0,0,24.4,8.3,0.0,0.0,0.79,0.4,42343,True
2026-02-08T06:00:00+00:00,6,6,8,2,1,0,0,0,0,0,6,0.0,4,6,0.4,8584,11000,0.7804,30.3,0.0,0,0,0,0,0,0,26.1,11.0,0.0,0.0,0.85,0.4,42343,True
2026-02-08T07:00:00+00:00,7,6,8,2,1,0,0,0,0,0,6,0.0,4,6,0.4,8584,11000,0.7804,30.3,0.0,0,0,0,0,0,0,25.8,9.4,0.0,0.0,1.34,0.2,42343,True
2026-02-08T08:00:00+00:00,8,6,8,2,1,0,0,0,0,0,6,0.0,4,6,0.4,8584,11000,0.7804,30.3,0.0,0,0,0,0,0,0,26.1,10.7,0.0,0.0,2.07,0.0,42343,True
2026-02-08T09:00:00+00:00,9,6,8,2,1,0,0,0,0,0,6,0.0,4,6,0.4,8584,11000,0.7804,30.3,0.0,0,0,0,0,0,0,28.5,8.1,0.0,0.0,2.72,0.0,42343,True
2026-02-08T10:00:00+00:00,10,6,8,2,1,0,0,0,0,0,6,0.0,4,6,0.4,8584,11000,0.7804,30.3,0.0,0,0,0,0,0,0,27.9,12.4,0.0,0.0,3.1,0.0,42343,True
2026-02-08T11:00:00+00:00,11,6,8,2,1,0,0,0,0,0,6,0.0,4,6,0.4,8584,11000,0.7804,30.3,0.0,0,0,0,0,0,0,30.3,7.7,0.0,0.0,2.97,0.0,42343,True
2026-02-08T12:00:00+00:00,12,6,8,2,1,0,0,0,0,0,6,0.0,4,6,0.4,8584,11000,0.7804,30.3,0.0,0,0,0,0,0,0,31.3,11.9,0.0,0.0,2.66,0.0,42343,True
2026-02-08T13:00:00+00:00,13,6,8,2,1,0,0,0,0,0,6,0.0,4,6,0.4,8584,11000,0.7804,30.3,0.0,0,0,0,0,0,0,31.0,10.4,0.0,0.0,2.25,0.0,42343,True
2026-02-08T14:00:00+00:00,14,6,8,2,1,0,0,0,0,0,6,0.0,4,6,0.4,8584,11000,0.7804,30.3,0.0,0,0,0,0,0,0,31.6,10.0,0.0,0.0,1.88,0.0,42343,True
2026-02-08T15:00:00+00:00,15,6,8,2,1,0,0,0,0,0,6,0.0,4,6,0.4,8584,11000,0.7804,30.3,0.0,0,0,0,0,0,0,31.0,14.4,0.0,0.0,1.48,0.0,42343,True
2026-02-08T16:00:00+00:00,16,6,8,2,1,0,0,0,0,0,6,0.0,4,6,0.4,8584,11000,0.7804,30.3,0.0,0,0,0,0,0,0,31.4,13.0,0.0,0.0,1.17,0.2,42343,True
2026-02-08T17:00:00+00:00,17,6,8,2,1,0,0,0,0,0,6,0.0,4,6,0.4,8584,11000,0.7804,30.3,0.0,0,0,0,0,0,0,31.5,11.6,0.0,0.0,0.8,0.4,42343,True
2026-02-08T18:00:00+00:00,18,6,8,2,1,0,0,0,0,0,6,0.0,4,6,0.4,8584,11000,0.7804,30.3,0.0,0,0,0,0,0,0,30.0,16.6,0.0,0.0,0.78,0.4,42343,True
2026-02-08T19:00:00+00:00,19,6,8,2,1,0,0,0,0,0,6,0.0,4,6,0.4,8584,11000,0.7804,30.3,0.0,0,0,0,0,0,0,30.0,11.7,0.0,0.0,1.09,0.2,42343,True
2026-02-08T20:00:00+00:00,20,6,8,2,1,0,0,0,0,0,6,0.0,4,6,0.4,8584,11000,0.7804,30.3,0.0,0,0,0,0,0,0,29.5,10.6,0.0,0.0,1.74,0.0,42343,True
2026-02-08T21:00:00+00:00,21,6,8,2,1,0,0,0,0,0,6,0.0,4,6,0.4,8584,11000,0.7804,30.3,0.0,0,0,0,0,0,0,28.8,15.7,0.0,0.0,2.46,0.0,42343,True
2026-02-08T22:00:00+00:00,22,6,8,2,1,0,0,0,0,0,6,0.0,4,6,0.4,8584,11000,0.7804,30.3,0.0,0,0,0,0,0,0,26.7,13.3,0.0,0.0,3.01,0.0,42343,True
2026-02-08T23:00:00+00:00,23,6,8,2,1,0,0,0,0,0,6,0.0,4,6,0.4,8584,11000,0.7804,30.3,0.0,0,0,0,0,0,0,25.7,15.2,0.0,0.0,3.09,0.0,42343,True
2026-02-09T00:00:00+00:00,0,0,9,2,0,0,0,0,0,0,6,0.0,4,6,0.4,8584,11000,0.7804,30.3,0.0,0,0,0,0,0,0,24.7,11.8,0.0,0.0,2.74,0.0,42343,True
2026-02-09T01:00:00+00:00,1,0,9,2,0,0,0,0,0,0,6,0.0,4,6,0.4,8584,11000,0.7804,30.3,0.0,0,0,0,0,0,0,24.8,8.3,0.0,0.0,2.4,0.0,42343,True
2026-02-09T02:00:00+00:00,2,0,9,2,0,0,0,0,0,0,6,0.0,4,6,0.4,8584,11000,0.7804,30.3,0.0,0,0,0,0,0,0,24.1,9.1,0.0,0.0,2.06,0.0,42343,True
2026-02-09T03:00:00+00:00,3,0,9,2,0,0,0,0,0,0,6,0.0,4,6,0.4,8584,11000,0.7804,30.3,0.0,0,0,0,0,0,0,24.9,7.8,0.0,0.0,1.67,0.0,42343,True
2026-02-09T04:00:00+00:00,4,0,9,2,0,0,0,0,0,0,6,0.0,4,6,0.4,8584,11000,0.7804,30.3,0.0,0,0,0,0,0,0,24.9,14.6,2.9,0.2,1.32,0.2,42343,True
2026-02-09T05:00:00+00:00,5,0,9,2,0,0,0,0,0,0,6,0.0,4,6,0.4,8584,11000,0.7804,30.3,0.0,0,0,0,0,0,0,25.8,7.1,0.0,0.0,0.88,0.4,42343,True
2026-02-09T06:00:00+00:00,6,0,9,2,0,0,0,0,0,0,6,0.0,4,6,0.4,8584,11000,0.7804,30.3,0.0,0,0,0,0,0,0,26.3,10.1,0.0,0.0,0.7,0.4,42343,True
2026-02-09T07:00:00+00:00,7,0,9,2,0,0,0,0,0,0,6,0.0,4,6,0.4,8584,11000,0.7804,30.3,0.0,0,0,0,0,0,0,25.7,11.6,0.0,0.0,0.9,0.4,42343,True
2026-02-09T08:00:00+00:00,8,0,9,2,0,0,0,0,0,0,6,0.0,4,6,0.4,8584,11000,0.7804,30.3,0.0,0,0,0,0,0,0,26.6,5.5,0.0,0.0,1.44,0.0,42343,True
2026-02-09T09:00:00+00:00,9,0,9,2,0,0,0,0,0,0,6,0.0,4,6,0.4,8584,11000,0.7804,30.3,0.0,0,0,0,0,0,0,28.5,11.8,0.0,0.0,2.23,0.0,42343,True
2026-02-09T10:00:00+00:00,10,0,9,2,0,0,0,0,0,0,6,0.0,4,6,0.4,8584,11000,0.7804,30.3,0.0,0,0,0,0,0,0,29.8,10.4,0.0,0.0,2.83,0.0,42343,True
2026-02-09T11:00:00+00:00,11,0,9,2,0,0,0,0,0,0,6,0.0,4,6,0.4,8584,11000,0.7804,30.3,0.0,0,0,0,0,0,0,29.1,14.1,0.0,0.0,3.03,0.0,42343,True
2026-02-09T12:00:00+00:00,12,0,9,2,0,0,0,0,0,0,6,0.0,4,6,0.4,8584,11000,0.7804,30.3,0.0,0,0,0,0,0,0,30.7,11.8,0.0,0.0,2.95,0.0,42343,True
2026-02-09T13:00:00+00:00,13,0,9,2,0,0,0,0,0,0,6,0.0,4,6,0.4,8584,11000,0.7804,30.3,0.0,0,0,0,0,0,0,31.8,10.8,0.0,0.0,2.58,0.0,42343,True
2026-02-09T14:00:00+00:00,14,0,9,2,0,0,0,0,0,0,6,0.0,4,6,0.4,8584,11000,0.7804,30.3,0.0,0,0,0,0,0,0,31.7,15.9,0.0,0.0,2.2,0.0,42343,True
2026-02-09T15:00:00+00:00,15,0,9,2,0,0,0,0,0,0,6,0.0,4,6,0.4,8584,11000,0.7804,30.3,0.0,0,0,0,0,0,0,30.7,13.9,0.0,0.0,1.84,0.0,42343,True
2026-02-09T16:00:00+00:00,16,0,9,2,0,0,0,0,0,0,6,0.0,4,6,0.4,8584,11000,0.7804,30.3,0.0,0,0,0,0,0,0,31.1,16.2,0.0,0.0,1.41,0.0,42343,True
2026-02-09T17:00:00+00:00,17,0,9,2,0,0,0,0,0,0,6,0.0,4,6,0.4,8584,11000,0.7804,30.3,0.0,0,0,0,0,0,0,30.3,35.1,40.0,0.85,1.02,0.2,42343,True
2026-02-09T18:00:00+00:00,18,0,9,2,0,0,0,0,0,0,6,0.0,4,6,0.4,8584,11000,0.7804,30.3,0.0,0,0,0,0,0,0,29.5,12.6,0.0,0.0,0.8,0.4,42343,True
2026-02-09T19:00:00+00:00,19,0,9,2,0,0,0,0,0,0,6,0.0,4,6,0.4,8584,11000,0.7804,30.3,0.0,0,0,0,0,0,0,29.7,17.6,0.0,0.0,0.8,0.4,42343,True
2026-02-09T20:00:00+00:00,20,0,9,2,0,0,0,0,0,0,6,0.0,4,6,0.4,8584,11000,0.7804,30.3,0.0,0,0,0,0,0,0,28.9,15.5,0.0,0.0,1.24,0.2,42343,True
2026-02-09T21:00:00+00:00,21,0,9,2,0,0,0,0,0,0,6,0.0,4,6,0.4,8584,11000,0.7804,30.3,0.0,0,0,0,0,0,0,28.4,14.9,0.0,0.0,1.89,0.0,42343,True
2026-02-09T22:00:00+00:00,22,0,9,2,0,0,0,0,0,0,6,0.0,4,6,0.4,8584,11000,0.7804,30.3,0.0,0,0,0,0,0,0,26.5,12.6,0.0,0.0,2.62,0.0,42343,True
2026-02-09T23:00:00+00:00,23,0,9,2,0,0,0,0,0,0,6,0.0,4,6,0.4,8584,11000,0.7804,30.3,0.0,0,0,0,0,0,0,25.4,13.1,0.0,0.0,3.02,0.0,42343,True
2026-02-10T00:00:00+00:00,0,1,10,2,0,0,0,0,0,0,6,0.0,4,6,0.4,8584,11000,0.7804,30.3,0.0,0,0,0,0,0,0,25.1,14.1,0.0,0.0,3.0,0.0,42343,True
2026-02-10T01:00:00+00:00,1,1,10,2,0,0,0,0,0,0,6,0.0,4,6,0.4,8584,11000,0.7804,30.3,0.0,0,0,0,0,0,0,24.8,13.3,0.0,0.0,2.73,0.0,42343,True
2026-02-10T02:00:00+00:00,2,1,10,2,0,0,0,0,0,0,6,0.0,4,6,0.4,8584,11000,0.7804,30.3,0.0,0,0,0,0,0,0,25.1,14.5,2.1,0.2,2.36,0.0,42343,True
2026-02-10T03:00:00+00:00,3,1,10,2,0,0,0,0,0,0,6,0.0,4,6,0.4,8584,11000,0.7804,30.3,0.0,0,0,0,0,0,0,24.6,6.0,0.0,0.0,1.99,0.0,42343,True
2026-02-10T04:00:00+00:00,4,1,10,2,0,0,0,0,0,0,6,0.0,4,6,0.4,8584,11000,0.7804,30.3,0.0,0,0,0,0,0,0,25.4,5.4,0.0,0.0,1.66,0.0,42343,True
2026-02-10T05:00:00+00:00,5,1,10,2,0,0,0,0,0,0,6,0.0,4,6,0.4,8584,11000,0.7804,30.3,0.0,0,0,0,0,0,0,24.1,11.6,0.0,0.0,1.24,0.2,42343,True
2026-02-10T06:00:00+00:00,6,1,10,2,0,0,0,0,0,0,6,0.0,4,6,0.4,8584,11000,0.7804,30.3,0.0,0,0,0,0,0,0,25.3,6.7,0.0,0.0,0.91,0.4,42343,True
2026-02-10T07:00:00+00:00,7,1,10,2,0,0,0,0,0,0,6,0.0,4,6,0.4,8584,11000,0.7804,30.3,0.0,0,0,0,0,0,0,25.5,8.8,0.0,0.0,0.73,0.4,42343,True
2026-02-10T08:00:00+00:00,8,1,10,2,0,0,0,0,0,0,6,0.0,4,6,0.4,8584,11000,0.7804,30.3,0.0,0,0,0,0,0,0,27.0,11.3,0.0,0.0,0.99,0.4,42343,True
2026-02-10T09:00:00+00:00,9,1,10,2,0,0,0,0,0,0,6,0.0,4,6,0.4,8584,11000,0.7804,30.3,0.0,0,0,0,0,0,0,27.0,13.6,3.0,0.2,1.61,0.0,42343,True
2026-02-10T10:00:00+00:00,10,1,10,2,0,0,0,0,0,0,6,0.0,4,6,0.4,8584,11000,0.7804,30.3,0.0,0,0,0,0,0,0,28.0,18.8,2.9,0.2,2.32,0.0,42343,True
2026-02-10T11:00:00+00:00,11,1,10,2,0,0,0,0,0,0,6,0.0,4,6,0.4,8584,11000,0.7804,30.3,0.0,0,0,0,0,0,0,30.3,11.2,0.0,0.0,2.87,0.0,42343,True
2026-02-10T12:00:00+00:00,12,1,10,2,0,0,0,0,0,0,6,0.0,4,6,0.4,8584,11000,0.7804,30.3,0.0,0,0,0,0,0,0,31.2,12.0,0.0,0.0,3.1,0.0,42343,True
2026-02-10T13:00:00+00:00,13,1,10,2,0,0,0,0,0,0,6,0.0,4,6,0.4,8584,11000,0.7804,30.3,0.0,0,0,0,0,0,0,30.1,13.1,0.0,0.0,2.84,0.0,42343,True
2026-02-10T14:00:00+00:00,14,1,10,2,0,0,0,0,0,0,6,0.0,4,6,0.4,8584,11000,0.7804,30.3,0.0,0,0,0,0,0,0,32.1,12.7,0.0,0.0,2.47,0.0,42343,True
2026-02-10T15:00:00+00:00,15,1,10,2,0,0,0,0,0,0,6,0.0,4,6,0.4,8584,11000,0.7804,30.3,0.0,0,0,0,0,0,0,32.4,14.8,0.0,0.0,2.14,0.0,42343,True
2026-02-10T16:00:00+00:00,16,1,10,2,0,0,0,0,0,0,6,0.0,4,6,0.4,8584,11000,0.7804,30.3,0.0,0,0,0,0,0,0,31.6,25.8,5.3,0.2,1.79,0.0,42343,True
2026-02-10T17:00:00+00:00,17,1,10,2,0,0,0,0,0,0,6,0.0,4,6,0.4,8584,11000,0.7804,30.3,0.0,0,0,0,0,0,0,31.9,12.5,0.0,0.0,1.42,0.0,42343,True
2026-02-10T18:00:00+00:00,18,1,10,2,0,0,0,0,0,0,6,0.0,4,6,0.4,8584,11000,0.7804,30.3,0.0,0,0,0,0,0,0,30.7,11.8,0.0,0.0,0.99,0.4,42343,True
2026-02-10T19:00:00+00:00,19,1,10,2,0,0,0,0,0,0,6,0.0,4,6,0.4,8584,11000,0.7804,30.3,0.0,0,0,0,0,0,0,30.0,14.6,0.0,0.0,0.77,0.4,42343,True
2026-02-10T20:00:00+00:00,20,1,10,2,0,0,0,0,0,0,6,0.0,4,6,0.4,8584,11000,0.7804,30.3,0.0,0,0,0,0,0,0,28.5,12.9,0.0,0.0,0.78,0.4,42343,True
2026-02-10T21:00:00+00:00,21,1,10,2,0,0,0,0,0,0,6,0.0,4,6,0.4,8584,11000,0.7804,30.3,0.0,0,0,0,0,0,0,27.3,15.7,0.0,0.0,1.25,0.2,42343,True
2026-02-10T22:00:00+00:00,22,1,10,2,0,0,0,0,0,0,6,0.0,4,6,0.4,8584,11000,0.7804,30.3,0.0,0,0,0,0,0,0,27.3,9.9,0.0,0.0,2.0,0.0,42343,True
2026-02-10T23:00:00+00:00,23,1,10,2,0,0,0,0,0,0,6,0.0,4,6,0.4,8584,11000,0.7804,30.3,0.0,0,0,0,0,0,0,25.7,14.5,0.0,0.0,2.68,0.0,42343,True
2026-02-11T00:00:00+00:00,0,2,11,2,0,0,0,0,0,0,6,0.0,4,6,0.4,8584,11000,0.7804,30.3,0.0,0,0,0,0,0,0,24.8,20.6,4.7,0.2,3.06,0.0,42343,True
2026-02-11T01:00:00+00:00,1,2,11,2,0,0,0,0,0,0,6,0.0,4,6,0.4,8584,11000,0.7804,30.3,0.0,0,0,0,0,0,0,25.8,10.1,0.0,0.0,2.98,0.0,42343,True
2026-02-11T02:00:00+00:00,2,2,11,2,0,0,0,0,0,0,6,0.0,4,6,0.4,8584,11000,0.7804,30.3,0.0,0,0,0,0,0,0,25.6,9.1,0.0,0.0,2.63,0.0,42343,True
2026-02-11T03:00:00+00:00,3,2,11,2,0,0,0,0,0,0,6,0.0,4,6,0.4,8584,11000,0.7804,30.3,0.0,0,0,0,0,0,0,25.4,10.6,0.0,0.0,2.31,0.0,42343,True
2026-02-11T04:00:00+00:00,4,2,11,2,0,0,0,0,0,0,6,0.0,4,6,0.4,8584,11000,0.7804,30.3,0.0,0,0,0,0,0,0,25.1,12.1,0.0,0.0,1.94,0.0,42343,True
2026-02-11T05:00:00+00:00,5,2,11,2,0,0,0,0,0,0,6,0.0,4,6,0.4,8584,11000,0.7804,30.3,0.0,0,0,0,0,0,0,24.6,5.5,0.0,0.0,1.54,0.0,42343,True
2026-02-11T06:00:00+00:00,6,2,11,2,0,0,0,0,0,0,6,0.0,4,6,0.4,8584,11000,0.7804,30.3,0.0,0,0,0,0,0,0,25.3,6.3,0.0,0.0,1.21,0.2,42343,True
2026-02-11T07:00:00+00:00,7,2,11,2,0,0,0,0,0,0,6,0.0,4,6,0.4,8584,11000,0.7804,30.3,0.0,0,0,0,0,0,0,26.4,7.3,0.0,0.0,0.88,0.4,42343,True
2026-02-11T08:00:00+00:00,8,2,11,2,0,0,0,0,0,0,6,0.0,4,6,0.4,8584,11000,0.7804,30.3,0.0,0,0,0,0,0,0,26.8,7.3,0.0,0.0,0.72,0.4,42343,True
2026-02-11T09:00:00+00:00,9,2,11,2,0,0,0,0,0,0,6,0.0,4,6,0.4,8584,11000,0.7804,30.3,0.0,0,0,0,0,0,0,28.4,8.1,0.0,0.0,1.1,0.2,42343,True
2026-02-11T10:00:00+00:00,10,2,11,2,0,0,0,0,0,0,6,0.0,4,6,0.4,8584,11000,0.7804,30.3,0.0,0,0,0,0,0,0,29.1,8.7,0.0,0.0,1.75,0.0,42343,True
2026-02-11T11:00:00+00:00,11,2,11,2,0,0,0,0,0,0,6,0.0,4,6,0.4,8584,11000,0.7804,30.3,0.0,0,0,0,0,0,0,30.2,12.5,0.0,0.0,2.47,0.0,42343,True
2026-02-11T12:00:00+00:00,12,2,11,2,0,0,0,0,0,0,6,0.0,4,6,0.4,8584,11000,0.7804,30.3,0.0,0,0,0,0,0,0,30.5,11.0,0.0,0.0,2.98,0.0,42343,True
2026-02-11T13:00:00+00:00,13,2,11,2,0,0,0,0,0,0,6,0.0,4,6,0.4,8584,11000,0.7804,30.3,0.0,0,0,0,0,0,0,31.5,12.8,0.0,0.0,3.08,0.0,42343,True
2026-02-11T14:00:00+00:00,14,2,11,2,0,0,0,0,0,0,6,0.0,4,6,0.4,8584,11000,0.7804,30.3,0.0,0,0,0,0,0,0,30.6,11.1,0.0,0.0,2.85,0.0,42343,True
2026-02-11T15:00:00+00:00,15,2,11,2,0,0,0,0,0,0,6,0.0,4,6,0.4,8584,11000,0.7804,30.3,0.0,0,0,0,0,0,0,31.5,14.5,0.0,0.0,2.43,0.0,42343,True
2026-02-11T16:00:00+00:00,16,2,11,2,0,0,0,0,0,0,6,0.0,4,6,0.4,8584,11000,0.7804,30.3,0.0,0,0,0,0,0,0,32.3,13.2,0.0,0.0,2.07,0.0,42343,True
2026-02-11T17:00:00+00:00,17,2,11,2,0,0,0,0,0,0,6,0.0,4,6,0.4,8584,11000,0.7804,30.3,0.0,0,0,0,0,0,0,32.0,17.9,0.0,0.0,1.74,0.0,42343,True
2026-02-11T18:00:00+00:00,18,2,11,2,0,0,0,0,0,0,6,0.0,4,6,0.4,8584,11000,0.7804,30.3,0.0,0,0,0,0,0,0,31.1,11.6,0.0,0.0,1.34,0.2,42343,True
2026-02-11T19:00:00+00:00,19,2,11,2,0,0,0,0,0,0,6,0.0,4,6,0.4,8584,11000,0.7804,30.3,0.0,0,0,0,0,0,0,30.4,11.6,0.0,0.0,0.94,0.4,42343,True
2026-02-11T20:00:00+00:00,20,2,11,2,0,0,0,0,0,0,6,0.0,4,6,0.4,8584,11000,0.7804,30.3,0.0,0,0,0,0,0,0,28.6,14.0,0.0,0.0,0.7,0.4,42343,True
2026-02-11T21:00:00+00:00,21,2,11,2,0,0,0,0,0,0,6,0.0,4,6,0.4,8584,11000,0.7804,30.3,0.0,0,0,0,0,0,0,27.3,15.1,0.0,0.0,0.89,0.4,42343,True
2026-02-11T22:00:00+00:00,22,2,11,2,0,0,0,0,0,0,6,0.0,4,6,0.4,8584,11000,0.7804,30.3,0.0,0,0,0,0,0,0,27.5,11.0,0.0,0.0,1.39,0.2,42343,True
2026-02-11T23:00:00+00:00,23,2,11,2,0,0,0,0,0,0,6,0.0,4,6,0.4,8584,11000,0.7804,30.3,0.0,0,0,0,0,0,0,25.8,10.1,0.0,0.0,2.18,0.0,42343,True
2026-02-12T00:00:00+00:00,0,3,12,2,0,0,0,0,0,0,6,0.0,4,6,0.4,8584,11000,0.7804,30.3,0.0,0,0,0,0,0,0,25.0,9.1,0.0,0.0,2.81,0.0,42343,True
2026-02-12T01:00:00+00:00,1,3,12,2,0,0,0,0,0,0,6,0.0,4,6,0.4,8584,11000,0.7804,30.3,0.0,0,0,0,0,0,0,25.9,9.9,0.0,0.0,3.04,0.0,42343,True
2026-02-12T02:00:00+00:00,2,3,12,2,0,0,0,0,0,0,6,0.0,4,6,0.4,8584,11000,0.7804,30.3,0.0,0,0,0,0,0,0,24.1,9.6,0.0,0.0,2.95,0.0,42343,True
2026-02-12T03:00:00+00:00,3,3,12,2,0,0,0,0,0,0,6,0.0,4,6,0.4,8584,11000,0.7804,30.3,0.0,0,0,0,0,0,0,24.9,7.4,0.0,0.0,2.57,0.0,42343,True
2026-02-12T04:00:00+00:00,4,3,12,2,0,0,0,0,0,0,6,0.0,4,6,0.4,8584,11000,0.7804,30.3,0.0,0,0,0,0,0,0,23.9,6.4,0.0,0.0,2.25,0.0,42343,True
2026-02-12T05:00:00+00:00,5,3,12,2,0,0,0,0,0,0,6,0.0,4,6,0.4,8584,11000,0.7804,30.3,0.0,0,0,0,0,0,0,24.2,15.8,3.1,0.2,1.84,0.0,42343,True
2026-02-12T06:00:00+00:00,6,3,12,2,0,0,0,0,0,0,6,0.0,4,6,0.4,8584,11000,0.7804,30.3,0.0,0,0,0,0,0,0,25.1,6.0,0.0,0.0,1.51,0.0,42343,True
2026-02-12T07:00:00+00:00,7,3,12,2,0,0,0,0,0,0,6,0.0,4,6,0.4,8584,11000,0.7804,30.3,0.0,0,0,0,0,0,0,25.4,9.2,0.0,0.0,1.14,0.2,42343,True
2026-02-12T08:00:00+00:00,8,3,12,2,0,0,0,0,0,0,6,0.0,4,6,0.4,8584,11000,0.7804,30.3,0.0,0,0,0,0,0,0,27.7,8.8,0.0,0.0,0.8,0.4,42343,True
2026-02-12T09:00:00+00:00,9,3,12,2,0,0,0,0,0,0,6,0.0,4,6,0.4,8584,11000,0.7804,30.3,0.0,0,0,0,0,0,0,27.7,7.8,0.0,0.0,0.78,0.4,42343,True
2026-02-12T10:00:00+00:00,10,3,12,2,0,0,0,0,0,0,6,0.0,4,6,0.4,8584,11000,0.7804,30.3,0.0,0,0,0,0,0,0,28.0,13.0,0.0,0.0,1.13,0.2,42343,True
2026-02-12T11:00:00+00:00,11,3,12,2,0,0,0,0,0,0,6,0.0,4,6,0.4,8584,11000,0.7804,30.3,0.0,0,0,0,0,0,0,30.0,7.7,0.0,0.0,1.83,0.0,42343,True
2026-02-12T12:00:00+00:00,12,3,12,2,0,0,0,0,0,0,6,0.0,4,6,0.4,8584,11000,0.7804,30.3,0.0,0,0,0,0,0,0,29.5,13.0,0.0,0.0,2.52,0.0,42343,True
2026-02-12T13:00:00+00:00,13,3,12,2,0,0,0,0,0,0,6,0.0,4,6,0.4,8584,11000,0.7804,30.3,0.0,0,0,0,0,0,0,30.5,13.5,0.0,0.0,3.0,0.0,42343,True
2026-02-12T14:00:00+00:00,14,3,12,2,0,0,0,0,0,0,6,0.0,4,6,0.4,8584,11000,0.7804,30.3,0.0,0,0,0,0,0,0,32.4,14.6,0.0,0.0,2.99,0.0,42343,True
2026-02-12T15:00:00+00:00,15,3,12,2,0,0,0,0,0,0,6,0.0,4,6,0.4,8584,11000,0.7804,30.3,0.0,0,0,0,0,0,0,31.4,13.4,0.0,0.0,2.72,0.0,42343,True
2026-02-12T16:00:00+00:00,16,3,12,2,0,0,0,0,0,0,6,0.0,4,6,0.4,8584,11000,0.7804,30.3,0.0,0,0,0,0,0,0,32.2,14.1,0.0,0.0,2.43,0.0,42343,True
2026-02-12T17:00:00+00:00,17,3,12,2,0,0,0,0,0,0,6,0.0,4,6,0.4,8584,11000,0.7804,30.3,0.0,0,0,0,0,0,0,30.8,13.0,0.0,0.0,2.04,0.0,42343,True
2026-02-12T18:00:00+00:00,18,3,12,2,0,0,0,0,0,0,6,0.0,4,6,0.4,8584,11000,0.7804,30.3,0.0,0,0,0,0,0,0,30.4,12.5,0.0,0.0,1.65,0.0,42343,True
2026-02-12T19:00:00+00:00,19,3,12,2,0,0,0,0,0,0,6,0.0,4,6,0.4,8584,11000,0.7804,30.3,0.0,0,0,0,0,0,0,30.3,13.2,0.0,0.0,1.24,0.2,42343,True
2026-02-12T20:00:00+00:00,20,3,12,2,0,0,0,0,0,0,6,0.0,4,6,0.4,8584,11000,0.7804,30.3,0.0,0,0,0,0,0,0,29.5,11.5,0.0,0.0,0.93,0.4,42343,True
2026-02-12T21:00:00+00:00,21,3,12,2,0,0,0,0,0,0,6,0.0,4,6,0.4,8584,11000,0.7804,30.3,0.0,0,0,0,0,0,0,27.1,13.4,0.0,0.0,0.75,0.4,42343,True
2026-02-12T22:00:00+00:00,22,3,12,2,0,0,0,0,0,0,6,0.0,4,6,0.4,8584,11000,0.7804,30.3,0.0,0,0,0,0,0,0,26.4,27.2,15.2,0.5,0.93,0.4,42343,True
2026-02-12T23:00:00+00:00,23,3,12,2,0,0,0,0,0,0,6,0.0,4,6,0.4,8584,11000,0.7804,30.3,0.0,0,0,0,0,0,0,25.6,12.0,0.0,0.0,1.49,0.0,42343,True
2026-02-13T00:00:00+00:00,0,4,13,2,0,0,0,0,0,0,6,0.0,4,6,0.4,8584,11000,0.7804,30.3,0.0,0,0,0,0,0,0,24.5,14.5,0.0,0.0,2.21,0.0,42343,True
2026-02-13T01:00:00+00:00,1,4,13,2,0,0,0,0,0,0,6,0.0,4,6,0.4,8584,11000,0.7804,30.3,0.0,0,0,0,0,0,0,24.0,12.2,0.0,0.0,2.86,0.0,42343,True
2026-02-13T02:00:00+00:00,2,4,13,2,0,0,0,0,0,0,6,0.0,4,6,0.4,8584,11000,0.7804,30.3,0.0,0,0,0,0,0,0,25.6,10.9,0.0,0.0,3.07,0.0,42343,True
2026-02-13T03:00:00+00:00,3,4,13,2,0,0,0,0,0,0,6,0.0,4,6,0.4,8584,11000,0.7804,30.3,0.0,0,0,0,0,0,0,25.3,11.4,0.0,0.0,2.88,0.0,42343,True
2026-02-13T04:00:00+00:00,4,4,13,2,0,0,0,0,0,0,6,0.0,4,6,0.4,8584,11000,0.7804,30.3,0.0,0,0,0,0,0,0,24.2,8.5,0.0,0.0,2.52,0.0,42343,True
2026-02-13T05:00:00+00:00,5,4,13,2,0,0,0,0,0,0,6,0.0,4,6,0.4,8584,11000,0.7804,30.3,0.0,0,0,0,0,0,0,25.1,5.8,0.0,0.0,2.19,0.0,42343,True
2026-02-13T06:00:00+00:00,6,4,13,2,0,0,0,0,0,0,6,0.0,4,6,0.4,8584,11000,0.7804,30.3,0.0,0,0,0,0,0,0,25.9,9.0,0.0,0.0,1.79,0.0,42343,True
2026-02-13T07:00:00+00:00,7,4,13,2,0,0,0,0,0,0,6,0.0,4,6,0.4,8584,11000,0.7804,30.3,0.0,0,0,0,0,0,0,26.3,7.0,0.0,0.0,1.48,0.0,42343,True
2026-02-13T08:00:00+00:00,8,4,13,2,0,0,0,0,0,0,6,0.0,4,6,0.4,8584,11000,0.7804,30.3,0.0,0,0,0,0,0,0,26.6,11.8,0.0,0.0,1.07,0.2,42343,True
2026-02-13T09:00:00+00:00,9,4,13,2,0,0,0,0,0,0,6,0.0,4,6,0.4,8584,11000,0.7804,30.3,0.0,0,0,0,0,0,0,28.5,12.1,0.0,0.0,0.73,0.4,42343,True
2026-02-13T10:00:00+00:00,10,4,13,2,0,0,0,0,0,0,6,0.0,4,6,0.4,8584,11000,0.7804,30.3,0.0,0,0,0,0,0,0,28.5,11.4,0.0,0.0,0.84,0.4,42343,True
2026-02-13T11:00:00+00:00,11,4,13,2,0,0,0,0,0,0,6,0.0,4,6,0.4,8584,11000,0.7804,30.3,0.0,0,0,0,0,0,0,29.6,13.3,0.0,0.0,1.19,0.2,42343,True
2026-02-13T12:00:00+00:00,12,4,13,2,0,0,0,0,0,0,6,0.0,4,6,0.4,8584,11000,0.7804,30.3,0.0,0,0,0,0,0,0,31.0,14.8,0.0,0.0,1.99,0.0,42343,True
2026-02-13T13:00:00+00:00,13,4,13,2,0,0,0,0,0,0,6,0.0,4,6,0.4,8584,11000,0.7804,30.3,0.0,0,0,0,0,0,0,30.3,9.9,0.0,0.0,2.68,0.0,42343,True
2026-02-13T14:00:00+00:00,14,4,13,2,0,0,0,0,0,0,6,0.0,4,6,0.4,8584,11000,0.7804,30.3,0.0,0,0,0,0,0,0,32.1,15.1,0.0,0.0,3.03,0.0,42343,True
2026-02-13T15:00:00+00:00,15,4,13,2,0,0,0,0,0,0,6,0.0,4,6,0.4,8584,11000,0.7804,30.3,0.0,0,0,0,0,0,0,30.7,14.4,0.0,0.0,3.04,0.0,42343,True
2026-02-13T16:00:00+00:00,16,4,13,2,0,0,0,0,0,0,6,0.0,4,6,0.4,8584,11000,0.7804,30.3,0.0,0,0,0,0,0,0,30.9,10.6,0.0,0.0,2.75,0.0,42343,True
2026-02-13T17:00:00+00:00,17,4,13,2,0,0,0,0,0,0,6,0.0,4,6,0.4,8584,11000,0.7804,30.3,0.0,0,0,0,0,0,0,30.9,15.8,0.0,0.0,2.37,0.0,42343,True
2026-02-13T18:00:00+00:00,18,4,13,2,0,0,0,0,0,0,6,0.0,4,6,0.4,8584,11000,0.7804,30.3,0.0,0,0,0,0,0,0,31.3,16.7,0.0,0.0,1.93,0.0,42343,True
2026-02-13T19:00:00+00:00,19,4,13,2,0,0,0,0,0,0,6,0.0,4,6,0.4,8584,11000,0.7804,30.3,0.0,0,0,0,0,0,0,29.4,14.4,0.0,0.0,1.61,0.0,42343,True
2026-02-13T20:00:00+00:00,20,4,13,2,0,0,0,0,0,0,6,0.0,4,6,0.4,8584,11000,0.7804,30.3,0.0,0,0,0,0,0,0,29.2,13.0,0.0,0.0,1.25,0.2,42343,True
2026-02-13T21:00:00+00:00,21,4,13,2,0,0,0,0,0,0,6,0.0,4,6,0.4,8584,11000,0.7804,30.3,0.0,0,0,0,0,0,0,28.4,10.6,0.0,0.0,0.87,0.4,42343,True
2026-02-13T22:00:00+00:00,22,4,13,2,0,0,0,0,0,0,6,0.0,4,6,0.4,8584,11000,0.7804,30.3,0.0,0,0,0,0,0,0,26.4,16.3,0.0,0.0,0.76,0.4,42343,True
2026-02-13T23:00:00+00:00,23,4,13,2,0,0,0,0,0,0,6,0.0,4,6,0.4,8584,11000,0.7804,30.3,0.0,0,0,0,0,0,0,26.3,12.2,0.0,0.0,1.03,0.2,42343,True
2026-02-14T00:00:00+00:00,0,5,14,2,1,0,0,0,0,0,6,0.0,4,6,0.4,8584,11000,0.7804,30.3,0.0,0,0,0,0,0,0,26.2,8.5,0.0,0.0,1.64,0.0,42343,True
2026-02-14T01:00:00+00:00,1,5,14,2,1,0,0,0,0,0,6,0.0,4,6,0.4,8584,11000,0.7804,30.3,0.0,0,0,0,0,0,0,24.1,12.3,0.0,0.0,2.4,0.0,42343,True
2026-02-14T02:00:00+00:00,2,5,14,2,1,0,0,0,0,0,6,0.0,4,6,0.4,8584,11000,0.7804,30.3,0.0,0,0,0,0,0,0,24.9,9.3,0.0,0.0,2.87,0.0,42343,True
2026-02-14T03:00:00+00:00,3,5,14,2,1,0,0,0,0,0,6,0.0,4,6,0.4,8584,11000,0.7804,30.3,0.0,0,0,0,0,0,0,24.7,12.7,0.0,0.0,3.05,0.0,42343,True
2026-02-14T04:00:00+00:00,4,5,14,2,1,0,0,0,0,0,6,0.0,4,6,0.4,8584,11000,0.7804,30.3,0.0,0,0,0,0,0,0,25.1,7.7,0.0,0.0,2.86,0.0,42343,True
2026-02-14T05:00:00+00:00,5,5,14,2,1,0,0,0,0,0,6,0.0,4,6,0.4,8584,11000,0.7804,30.3,0.0,0,0,0,0,0,0,24.5,10.5,0.0,0.0,2.45,0.0,42343,True
2026-02-14T06:00:00+00:00,6,5,14,2,1,0,0,0,0,0,6,0.0,4,6,0.4,8584,11000,0.7804,30.3,0.0,0,0,0,0,0,0,25.6,11.8,0.0,0.0,2.12,0.0,42343,True
2026-02-14T07:00:00+00:00,7,5,14,2,1,0,0,0,0,0,6,0.0,4,6,0.4,8584,11000,0.7804,30.3,0.0,0,0,0,0,0,0,26.1,6.5,0.0,0.0,1.7,0.0,42343,True
2026-02-14T08:00:00+00:00,8,5,14,2,1,0,0,0,0,0,6,0.0,4,6,0.4,8584,11000,0.7804,30.3,0.0,0,0,0,0,0,0,27.2,9.4,0.0,0.0,1.39,0.2,42343,True
2026-02-14T09:00:00+00:00,9,5,14,2,1,0,0,0,0,0,6,0.0,4,6,0.4,8584,11000,0.7804,30.3,0.0,0,0,0,0,0,0,27.8,5.9,0.0,0.0,1.01,0.2,42343,True
2026-02-14T10:00:00+00:00,10,5,14,2,1,0,0,0,0,0,6,0.0,4,6,0.4,8584,11000,0.7804,30.3,0.0,0,0,0,0,0,0,28.5,9.6,0.0,0.0,0.72,0.4,42343,True
2026-02-14T11:00:00+00:00,11,5,14,2,1,0,0,0,0,0,6,0.0,4,6,0.4,8584,11000,0.7804,30.3,0.0,0,0,0,0,0,0,29.4,11.9,0.0,0.0,0.82,0.4,42343,True
2026-02-14T12:00:00+00:00,12,5,14,2,1,0,0,0,0,0,6,0.0,4,6,0.4,8584,11000,0.7804,30.3,0.0,0,0,0,0,0,0,30.1,13.3,0.0,0.0,1.38,0.2,42343,True
2026-02-14T13:00:00+00:00,13,5,14,2,1,0,0,0,0,0,6,0.0,4,6,0.4,8584,11000,0.7804,30.3,0.0,0,0,0,0,0,0,32.0,10.0,0.0,0.0,2.07,0.0,42343,True
2026-02-14T14:00:00+00:00,14,5,14,2,1,0,0,0,0,0,6,0.0,4,6,0.4,8584,11000,0.7804,30.3,0.0,0,0,0,0,0,0,30.4,12.2,0.0,0.0,2.76,0.0,42343,True
2026-02-14T15:00:00+00:00,15,5,14,2,1,0,0,0,0,0,6,0.0,4,6,0.4,8584,11000,0.7804,30.3,0.0,0,0,0,0,0,0,32.1,15.8,0.0,0.0,3.0,0.0,42343,True
2026-02-14T16:00:00+00:00,16,5,14,2,1,0,0,0,0,0,6,0.0,4,6,0.4,8584,11000,0.7804,30.3,0.0,0,0,0,0,0,0,30.5,11.1,0.0,0.0,2.94,0.0,42343,True
2026-02-14T17:00:00+00:00,17,5,14,2,1,0,0,0,0,0,6,0.0,4,6,0.4,8584,11000,0.7804,30.3,0.0,0,0,0,0,0,0,30.2,12.1,0.0,0.0,2.66,0.0,42343,True
2026-02-14T18:00:00+00:00,18,5,14,2,1,0,0,0,0,0,6,0.0,4,6,0.4,8584,11000,0.7804,30.3,0.0,0,0,0,0,0,0,29.6,14.6,0.0,0.0,2.25,0.0,42343,True
2026-02-14T19:00:00+00:00,19,5,14,2,1,0,0,0,0,0,6,0.0,4,6,0.4,8584,11000,0.7804,30.3,0.0,0,0,0,0,0,0,28.8,16.5,0.0,0.0,1.86,0.0,42343,True
2026-02-14T20:00:00+00:00,20,5,14,2,1,0,0,0,0,0,6,0.0,4,6,0.4,8584,11000,0.7804,30.3,0.0,0,0,0,0,0,0,28.7,14.3,0.0,0.0,1.54,0.0,42343,True
2026-02-14T21:00:00+00:00,21,5,14,2,1,0,0,0,0,0,6,0.0,4,6,0.4,8584,11000,0.7804,30.3,0.0,0,0,0,0,0,0,27.5,12.3,0.0,0.0,1.19,0.2,42343,True
2026-02-14T22:00:00+00:00,22,5,14,2,1,0,0,0,0,0,6,0.0,4,6,0.4,8584,11000,0.7804,30.3,0.0,0,0,0,0,0,0,26.2,9.6,0.0,0.0,0.84,0.4,42343,True
2026-02-14T23:00:00+00:00,23,5,14,2,1,0,0,0,0,0,6,0.0,4,6,0.4,8584,11000,0.7804,30.3,0.0,0,0,0,0,0,0,27.0,10.9,0.0,0.0,0.72,0.4,42343,True
2026-02-15T00:00:00+00:00,0,6,15,2,1,0,0,0,0,0,6,0.0,4,6,0.4,8584,11000,0.7804,30.3,0.0,0,0,0,0,0,0,24.9,12.5,0.0,0.0,1.07,0.2,42343,True
2026-02-15T01:00:00+00:00,1,6,15,2,1,0,0,0,0,0,6,0.0,4,6,0.4,8584,11000,0.7804,30.3,0.0,0,0,0,0,0,0,25.4,12.3,0.0,0.0,1.73,0.0,42343,True
2026-02-15T02:00:00+00:00,2,6,15,2,1,0,0,0,0,0,6,0.0,4,6,0.4,8584,11000,0.7804,30.3,0.0,0,0,0,0,0,0,24.1,13.4,0.0,0.0,2.48,0.0,42343,True
2026-02-15T03:00:00+00:00,3,6,15,2,1,0,0,0,0,0,6,0.0,4,6,0.4,8584,11000,0.7804,30.3,0.0,0,0,0,0,0,0,23.6,7.8,0.0,0.0,2.93,0.0,42343,True
2026-02-15T04:00:00+00:00,4,6,15,2,1,0,0,0,0,0,6,0.0,4,6,0.4,8584,11000,0.7804,30.3,0.0,0,0,0,0,0,0,24.5,5.9,0.0,0.0,3.06,0.0,42343,True
2026-02-15T05:00:00+00:00,5,6,15,2,1,0,0,0,0,0,6,0.0,4,6,0.4,8584,11000,0.7804,30.3,0.0,0,0,0,0,0,0,25.7,11.5,0.0,0.0,2.84,0.0,42343,True
2026-02-15T06:00:00+00:00,6,6,15,2,1,0,0,0,0,0,6,0.0,4,6,0.4,8584,11000,0.7804,30.3,0.0,0,0,0,0,0,0,24.8,6.9,0.0,0.0,2.46,0.0,42343,True
2026-02-15T07:00:00+00:00,7,6,15,2,1,0,0,0,0,0,6,0.0,4,6,0.4,8584,11000,0.7804,30.3,0.0,0,0,0,0,0,0,25.5,7.6,0.0,0.0,2.09,0.0,42343,True
2026-02-15T08:00:00+00:00,8,6,15,2,1,0,0,0,0,0,6,0.0,4,6,0.4,8584,11000,0.7804,30.3,0.0,0,0,0,0,0,0,26.7,11.8,0.0,0.0,1.69,0.0,42343,True
2026-02-15T09:00:00+00:00,9,6,15,2,1,0,0,0,0,0,6,0.0,4,6,0.4,8584,11000,0.7804,30.3,0.0,0,0,0,0,0,0,28.5,11.1,0.0,0.0,1.27,0.2,42343,True
2026-02-15T10:00:00+00:00,10,6,15,2,1,0,0,0,0,0,6,0.0,4,6,0.4,8584,11000,0.7804,30.3,0.0,0,0,0,0,0,0,29.9,6.6,0.0,0.0,0.95,0.4,42343,True
2026-02-15T11:00:00+00:00,11,6,15,2,1,0,0,0,0,0,6,0.0,4,6,0.4,8584,11000,0.7804,30.3,0.0,0,0,0,0,0,0,30.7,11.2,0.0,0.0,0.79,0.4,42343,True
2026-02-15T12:00:00+00:00,12,6,15,2,1,0,0,0,0,0,6,0.0,4,6,0.4,8584,11000,0.7804,30.3,0.0,0,0,0,0,0,0,30.6,12.4,0.0,0.0,0.93,0.4,42343,True
2026-02-15T13:00:00+00:00,13,6,15,2,1,0,0,0,0,0,6,0.0,4,6,0.4,8584,11000,0.7804,30.3,0.0,0,0,0,0,0,0,32.0,8.8,0.0,0.0,1.47,0.0,42343,True
2026-02-15T14:00:00+00:00,14,6,15,2,1,0,0,0,0,0,6,0.0,4,6,0.4,8584,11000,0.7804,30.3,0.0,0,0,0,0,0,0,30.7,15.6,0.0,0.0,2.18,0.0,42343,True
2026-02-15T15:00:00+00:00,15,6,15,2,1,0,0,0,0,0,6,0.0,4,6,0.4,8584,11000,0.7804,30.3,0.0,0,0,0,0,0,0,32.4,12.6,0.0,0.0,2.82,0.0,42343,True
2026-02-15T16:00:00+00:00,16,6,15,2,1,0,0,0,0,0,6,0.0,4,6,0.4,8584,11000,0.7804,30.3,0.0,0,0,0,0,0,0,30.7,14.2,0.0,0.0,3.07,0.0,42343,True
2026-02-15T17:00:00+00:00,17,6,15,2,1,0,0,0,0,0,6,0.0,4,6,0.4,8584,11000,0.7804,30.3,0.0,0,0,0,0,0,0,31.0,16.8,0.0,0.0,2.94,0.0,42343,True
2026-02-15T18:00:00+00:00,18,6,15,2,1,0,0,0,0,0,6,0.0,4,6,0.4,8584,11000,0.7804,30.3,0.0,0,0,0,0,0,0,30.6,14.1,0.0,0.0,2.58,0.0,42343,True
2026-02-15T19:00:00+00:00,19,6,15,2,1,0,0,0,0,0,6,0.0,4,6,0.4,8584,11000,0.7804,30.3,0.0,0,0,0,0,0,0,29.6,13.4,0.0,0.0,2.19,0.0,42343,True
2026-02-15T20:00:00+00:00,20,6,15,2,1,0,0,0,0,0,6,0.0,4,6,0.4,8584,11000,0.7804,30.3,0.0,0,0,0,0,0,0,29.2,11.1,0.0,0.0,1.82,0.0,42343,True
2026-02-15T21:00:00+00:00,21,6,15,2,1,0,0,0,0,0,6,0.0,4,6,0.4,8584,11000,0.7804,30.3,0.0,0,0,0,0,0,0,29.0,14.9,0.0,0.0,1.48,0.0,42343,True
2026-02-15T22:00:00+00:00,22,6,15,2,1,0,0,0,0,0,6,0.0,4,6,0.4,8584,11000,0.7804,30.3,0.0,0,0,0,0,0,0,27.1,14.8,0.0,0.0,1.13,0.2,42343,True
2026-02-15T23:00:00+00:00,23,6,15,2,1,0,0,0,0,0,6,0.0,4,6,0.4,8584,11000,0.7804,30.3,0.0,0,0,0,0,0,0,26.8,12.4,0.0,0.0,0.83,0.4,42343,True
2026-02-16T00:00:00+00:00,0,0,16,2,0,0,0,0,0,0,6,0.0,4,6,0.4,8584,11000,0.7804,30.3,0.0,0,0,0,0,0,0,26.4,8.7,0.0,0.0,0.78,0.4,42343,True
2026-02-16T01:00:00+00:00,1,0,16,2,0,0,0,0,0,0,6,0.0,4,6,0.4,8584,11000,0.7804,30.3,0.0,0,0,0,0,0,0,25.5,8.4,0.0,0.0,1.18,0.2,42343,True
2026-02-16T02:00:00+00:00,2,0,16,2,0,0,0,0,0,0,6,0.0,4,6,0.4,8584,11000,0.7804,30.3,0.0,0,0,0,0,0,0,24.9,11.6,0.0,0.0,1.84,0.0,42343,True
2026-02-16T03:00:00+00:00,3,0,16,2,0,0,0,0,0,0,6,0.0,4,6,0.4,8584,11000,0.7804,30.3,0.0,0,0,0,0,0,0,24.1,9.1,0.0,0.0,2.58,0.0,42343,True
2026-02-16T04:00:00+00:00,4,0,16,2,0,0,0,0,0,0,6,0.0,4,6,0.4,8584,11000,0.7804,30.3,0.0,0,0,0,0,0,0,24.7,6.1,0.0,0.0,3.03,0.0,42343,True
2026-02-16T05:00:00+00:00,5,0,16,2,0,0,0,0,0,0,6,0.0,4,6,0.4,8584,11000,0.7804,30.3,0.0,0,0,0,0,0,0,24.0,7.9,0.0,0.0,2.99,0.0,42343,True
2026-02-16T06:00:00+00:00,6,0,16,2,0,0,0,0,0,0,6,0.0,4,6,0.4,8584,11000,0.7804,30.3,0.0,0,0,0,0,0,0,26.5,11.4,0.0,0.0,2.72,0.0,42343,True
2026-02-16T07:00:00+00:00,7,0,16,2,0,0,0,0,0,0,6,0.0,4,6,0.4,8584,11000,0.7804,30.3,0.0,0,0,0,0,0,0,26.9,11.6,0.0,0.0,2.32,0.0,42343,True
2026-02-16T08:00:00+00:00,8,0,16,2,0,0,0,0,0,0,6,0.0,4,6,0.4,8584,11000,0.7804,30.3,0.0,0,0,0,0,0,0,27.2,6.4,0.0,0.0,1.96,0.0,42343,True
2026-02-16T09:00:00+00:00,9,0,16,2,0,0,0,0,0,0,6,0.0,4,6,0.4,8584,11000,0.7804,30.3,0.0,0,0,0,0,0,0,28.6,11.6,0.0,0.0,1.61,0.0,42343,True
2026-02-16T10:00:00+00:00,10,0,16,2,0,0,0,0,0,0,6,0.0,4,6,0.4,8584,11000,0.7804,30.3,0.0,0,0,0,0,0,0,29.0,12.4,0.0,0.0,1.2,0.2,42343,True
2026-02-16T11:00:00+00:00,11,0,16,2,0,0,0,0,0,0,6,0.0,4,6,0.4,8584,11000,0.7804,30.3,0.0,0,0,0,0,0,0,29.2,10.4,0.0,0.0,0.87,0.4,42343,True
2026-02-16T12:00:00+00:00,12,0,16,2,0,0,0,0,0,0,6,0.0,4,6,0.4,8584,11000,0.7804,30.3,0.0,0,0,0,0,0,0,29.7,12.4,0.0,0.0,0.77,0.4,42343,True
2026-02-16T13:00:00+00:00,13,0,16,2,0,0,0,0,0,0,6,0.0,4,6,0.4,8584,11000,0.7804,30.3,0.0,0,0,0,0,0,0,30.3,10.0,0.0,0.0,0.97,0.4,42343,True
2026-02-16T14:00:00+00:00,14,0,16,2,0,0,0,0,0,0,6,0.0,4,6,0.4,8584,11000,0.7804,30.3,0.0,0,0,0,0,0,0,30.5,14.5,0.0,0.0,1.6,0.0,42343,True
2026-02-16T15:00:00+00:00,15,0,16,2,0,0,0,0,0,0,6,0.0,4,6,0.4,8584,11000,0.7804,30.3,0.0,0,0,0,0,0,0,31.1,12.0,0.0,0.0,2.29,0.0,42343,True
2026-02-16T16:00:00+00:00,16,0,16,2,0,0,0,0,0,0,6,0.0,4,6,0.4,8584,11000,0.7804,30.3,0.0,0,0,0,0,0,0,31.7,11.0,0.0,0.0,2.91,0.0,42343,True
2026-02-16T17:00:00+00:00,17,0,16,2,0,0,0,0,0,0,6,0.0,4,6,0.4,8584,11000,0.7804,30.3,0.0,0,0,0,0,0,0,31.0,14.0,0.0,0.0,3.1,0.0,42343,True
2026-02-16T18:00:00+00:00,18,0,16,2,0,0,0,0,0,0,6,0.0,4,6,0.4,8584,11000,0.7804,30.3,0.0,0,0,0,0,0,0,30.7,14.1,0.0,0.0,2.9,0.0,42343,True
2026-02-16T19:00:00+00:00,19,0,16,2,0,0,0,0,0,0,6,0.0,4,6,0.4,8584,11000,0.7804,30.3,0.0,0,0,0,0,0,0,29.9,11.4,0.0,0.0,2.52,0.0,42343,True
2026-02-16T20:00:00+00:00,20,0,16,2,0,0,0,0,0,0,6,0.0,4,6,0.4,8584,11000,0.7804,30.3,0.0,0,0,0,0,0,0,29.0,15.4,0.0,0.0,2.16,0.0,42343,True
2026-02-16T21:00:00+00:00,21,0,16,2,0,0,0,0,0,0,6,0.0,4,6,0.4,8584,11000,0.7804,30.3,0.0,0,0,0,0,0,0,27.9,10.6,0.0,0.0,1.78,0.0,42343,True
2026-02-16T22:00:00+00:00,22,0,16,2,0,0,0,0,0,0,6,0.0,4,6,0.4,8584,11000,0.7804,30.3,0.0,0,0,0,0,0,0,27.3,13.4,0.0,0.0,1.46,0.0,42343,True
2026-02-16T23:00:00+00:00,23,0,16,2,0,0,0,0,0,0,6,0.0,4,6,0.4,8584,11000,0.7804,30.3,0.0,0,0,0,0,0,0,26.5,13.8,0.0,0.0,1.03,0.2,42343,True
2026-02-17T00:00:00+00:00,0,1,17,2,0,0,0,0,0,0,6,0.0,4,6,0.4,8584,11000,0.7804,30.3,0.0,0,0,0,0,0,0,25.6,11.5,0.0,0.0,0.81,0.4,42343,True
2026-02-17T01:00:00+00:00,1,1,17,2,0,0,0,0,0,0,6,0.0,4,6,0.4,8584,11000,0.7804,30.3,0.0,0,0,0,0,0,0,24.4,7.4,0.0,0.0,0.8,0.4,42343,True
2026-02-17T02:00:00+00:00,2,1,17,2,0,0,0,0,0,0,6,0.0,4,6,0.4,8584,11000,0.7804,30.3,0.0,0,0,0,0,0,0,24.6,7.1,0.0,0.0,1.25,0.2,42343,True
2026-02-17T03:00:00+00:00,3,1,17,2,0,0,0,0,0,0,6,0.0,4,6,0.4,8584,11000,0.7804,30.3,0.0,0,0,0,0,0,0,23.7,6.7,0.0,0.0,1.99,0.0,42343,True
2026-02-17T04:00:00+00:00,4,1,17,2,0,0,0,0,0,0,6,0.0,4,6,0.4,8584,11000,0.7804,30.3,0.0,0,0,0,0,0,0,23.7,11.3,0.0,0.0,2.71,0.0,42343,True
2026-02-17T05:00:00+00:00,5,1,17,2,0,0,0,0,0,0,6,0.0,4,6,0.4,8584,11000,0.7804,30.3,0.0,0,0,0,0,0,0,25.6,5.8,0.0,0.0,3.06,0.0,42343,True
2026-02-17T06:00:00+00:00,6,1,17,2,0,0,0,0,0,0,6,0.0,4,6,0.4,8584,11000,0.7804,30.3,0.0,0,0,0,0,0,0,25.6,9.5,0.0,0.0,3.04,0.0,42343,True
2026-02-17T07:00:00+00:00,7,1,17,2,0,0,0,0,0,0,6,0.0,4,6,0.4,8584,11000,0.7804,30.3,0.0,0,0,0,0,0,0,25.4,10.5,0.0,0.0,2.66,0.0,42343,True
2026-02-17T08:00:00+00:00,8,1,17,2,0,0,0,0,0,0,6,0.0,4,6,0.4,8584,11000,0.7804,30.3,0.0,0,0,0,0,0,0,27.7,5.5,0.0,0.0,2.25,0.0,42343,True
2026-02-17T09:00:00+00:00,9,1,17,2,0,0,0,0,0,0,6,0.0,4,6,0.4,8584,11000,0.7804,30.3,0.0,0,0,0,0,0,0,28.7,10.1,0.0,0.0,1.97,0.0,42343,True
2026-02-17T10:00:00+00:00,10,1,17,2,0,0,0,0,0,0,6,0.0,4,6,0.4,8584,11000,0.7804,30.3,0.0,0,0,0,0,0,0,29.1,8.0,0.0,0.0,1.61,0.0,42343,True
2026-02-17T11:00:00+00:00,11,1,17,2,0,0,0,0,0,0,6,0.0,4,6,0.4,8584,11000,0.7804,30.3,0.0,0,0,0,0,0,0,29.0,11.1,0.0,0.0,1.15,0.2,42343,True
2026-02-17T12:00:00+00:00,12,1,17,2,0,0,0,0,0,0,6,0.0,4,6,0.4,8584,11000,0.7804,30.3,0.0,0,0,0,0,0,0,31.3,11.6,0.0,0.0,0.89,0.4,42343,True
2026-02-17T13:00:00+00:00,13,1,17,2,0,0,0,0,0,0,6,0.0,4,6,0.4,8584,11000,0.7804,30.3,0.0,0,0,0,0,0,0,30.6,15.1,0.0,0.0,0.79,0.4,42343,True
2026-02-17T14:00:00+00:00,14,1,17,2,0,0,0,0,0,0,6,0.0,4,6,0.4,8584,11000,0.7804,30.3,0.0,0,0,0,0,0,0,31.0,12.4,0.0,0.0,1.08,0.2,42343,True
2026-02-17T15:00:00+00:00,15,1,17,2,0,0,0,0,0,0,6,0.0,4,6,0.4,8584,11000,0.7804,30.3,0.0,0,0,0,0,0,0,31.3,13.8,0.0,0.0,1.67,0.0,42343,True
2026-02-17T16:00:00+00:00,16,1,17,2,0,0,0,0,0,0,6,0.0,4,6,0.4,8584,11000,0.7804,30.3,0.0,0,0,0,0,0,0,32.3,13.0,0.0,0.0,2.45,0.0,42343,True
2026-02-17T17:00:00+00:00,17,1,17,2,0,0,0,0,0,0,6,0.0,4,6,0.4,8584,11000,0.7804,30.3,0.0,0,0,0,0,0,0,31.0,12.6,0.0,0.0,2.88,0.0,42343,True
2026-02-17T18:00:00+00:00,18,1,17,2,0,0,0,0,0,0,6,0.0,4,6,0.4,8584,11000,0.7804,30.3,0.0,0,0,0,0,0,0,31.1,17.3,0.0,0.0,3.04,0.0,42343,True
2026-02-17T19:00:00+00:00,19,1,17,2,0,0,0,0,0,0,6,0.0,4,6,0.4,8584,11000,0.7804,30.3,0.0,0,0,0,0,0,0,29.4,11.2,0.0,0.0,2.85,0.0,42343,True
2026-02-17T20:00:00+00:00,20,1,17,2,0,0,0,0,0,0,6,0.0,4,6,0.4,8584,11000,0.7804,30.3,0.0,0,0,0,0,0,0,29.3,10.8,0.0,0.0,2.43,0.0,42343,True
2026-02-17T21:00:00+00:00,21,1,17,2,0,0,0,0,0,0,6,0.0,4,6,0.4,8584,11000,0.7804,30.3,0.0,0,0,0,0,0,0,28.0,14.3,0.0,0.0,2.08,0.0,42343,True
2026-02-17T22:00:00+00:00,22,1,17,2,0,0,0,0,0,0,6,0.0,4,6,0.4,8584,11000,0.7804,30.3,0.0,0,0,0,0,0,0,26.6,15.3,0.0,0.0,1.74,0.0,42343,True
2026-02-17T23:00:00+00:00,23,1,17,2,0,0,0,0,0,0,6,0.0,4,6,0.4,8584,11000,0.7804,30.3,0.0,0,0,0,0,0,0,27.2,12.5,0.0,0.0,1.3,0.2,42343,True
2026-02-18T00:00:00+00:00,0,2,18,2,0,0,0,0,0,0,6,0.0,4,6,0.4,8584,11000,0.7804,30.3,0.0,0,0,0,0,0,0,24.7,14.2,0.0,0.0,0.99,0.4,42343,True
2026-02-18T01:00:00+00:00,1,2,18,2,0,0,0,0,0,0,6,0.0,4,6,0.4,8584,11000,0.7804,30.3,0.0,0,0,0,0,0,0,25.4,12.5,0.0,0.0,0.72,0.4,42343,True
2026-02-18T02:00:00+00:00,2,2,18,2,0,0,0,0,0,0,6,0.0,4,6,0.4,8584,11000,0.7804,30.3,0.0,0,0,0,0,0,0,25.2,12.5,0.0,0.0,0.85,0.4,42343,True
2026-02-18T03:00:00+00:00,3,2,18,2,0,0,0,0,0,0,6,0.0,4,6,0.4,8584,11000,0.7804,30.3,0.0,0,0,0,0,0,0,24.4,8.1,0.0,0.0,1.35,0.2,42343,True
2026-02-18T04:00:00+00:00,4,2,18,2,0,0,0,0,0,0,6,0.0,4,6,0.4,8584,11000,0.7804,30.3,0.0,0,0,0,0,0,0,25.2,9.6,0.0,0.0,2.12,0.0,42343,True
2026-02-18T05:00:00+00:00,5,2,18,2,0,0,0,0,0,0,6,0.0,4,6,0.4,8584,11000,0.7804,30.3,0.0,0,0,0,0,0,0,24.8,11.2,0.0,0.0,2.72,0.0,42343,True
2026-02-18T06:00:00+00:00,6,2,18,2,0,0,0,0,0,0,6,0.0,4,6,0.4,8584,11000,0.7804,30.3,0.0,0,0,0,0,0,0,26.3,6.0,0.0,0.0,3.09,0.0,42343,True
2026-02-18T07:00:00+00:00,7,2,18,2,0,0,0,0,0,0,6,0.0,4,6,0.4,8584,11000,0.7804,30.3,0.0,0,0,0,0,0,0,26.8,7.0,0.0,0.0,2.99,0.0,42343,True
2026-02-18T08:00:00+00:00,8,2,18,2,0,0,0,0,0,0,6,0.0,4,6,0.4,8584,11000,0.7804,30.3,0.0,0,0,0,0,0,0,26.9,8.7,0.0,0.0,2.63,0.0,42343,True
2026-02-18T09:00:00+00:00,9,2,18,2,0,0,0,0,0,0,6,0.0,4,6,0.4,8584,11000,0.7804,30.3,0.0,0,0,0,0,0,0,28.5,7.5,0.0,0.0,2.27,0.0,42343,True
2026-02-18T10:00:00+00:00,10,2,18,2,0,0,0,0,0,0,6,0.0,4,6,0.4,8584,11000,0.7804,30.3,0.0,0,0,0,0,0,0,28.8,16.0,7.6,0.2,1.87,0.0,42343,True
2026-02-18T11:00:00+00:00,11,2,18,2,0,0,0,0,0,0,6,0.0,4,6,0.4,8584,11000,0.7804,30.3,0.0,0,0,0,0,0,0,30.3,10.8,0.0,0.0,1.48,0.0,42343,True
2026-02-18T12:00:00+00:00,12,2,18,2,0,0,0,0,0,0,6,0.0,4,6,0.4,8584,11000,0.7804,30.3,0.0,0,0,0,0,0,0,30.6,11.5,0.0,0.0,1.14,0.2,42343,True
2026-02-18T13:00:00+00:00,13,2,18,2,0,0,0,0,0,0,6,0.0,4,6,0.4,8584,11000,0.7804,30.3,0.0,0,0,0,0,0,0,31.2,13.7,0.0,0.0,0.82,0.4,42343,True
2026-02-18T14:00:00+00:00,14,2,18,2,0,0,0,0,0,0,6,0.0,4,6,0.4,8584,11000,0.7804,30.3,0.0,0,0,0,0,0,0,30.6,12.3,0.0,0.0,0.75,0.4,42343,True
2026-02-18T15:00:00+00:00,15,2,18,2,0,0,0,0,0,0,6,0.0,4,6,0.4,8584,11000,0.7804,30.3,0.0,0,0,0,0,0,0,31.9,11.1,0.0,0.0,1.16,0.2,42343,True
2026-02-18T16:00:00+00:00,16,2,18,2,0,0,0,0,0,0,6,0.0,4,6,0.4,8584,11000,0.7804,30.3,0.0,0,0,0,0,0,0,31.1,15.5,0.0,0.0,1.75,0.0,42343,True
2026-02-18T17:00:00+00:00,17,2,18,2,0,0,0,0,0,0,6,0.0,4,6,0.4,8584,11000,0.7804,30.3,0.0,0,0,0,0,0,0,31.7,12.5,0.0,0.0,2.5,0.0,42343,True
2026-02-18T18:00:00+00:00,18,2,18,2,0,0,0,0,0,0,6,0.0,4,6,0.4,8584,11000,0.7804,30.3,0.0,0,0,0,0,0,0,31.5,13.6,0.0,0.0,2.98,0.0,42343,True
2026-02-18T19:00:00+00:00,19,2,18,2,0,0,0,0,0,0,6,0.0,4,6,0.4,8584,11000,0.7804,30.3,0.0,0,0,0,0,0,0,29.3,12.6,0.0,0.0,3.03,0.0,42343,True
2026-02-18T20:00:00+00:00,20,2,18,2,0,0,0,0,0,0,6,0.0,4,6,0.4,8584,11000,0.7804,30.3,0.0,0,0,0,0,0,0,29.8,17.0,0.0,0.0,2.8,0.0,42343,True
2026-02-18T21:00:00+00:00,21,2,18,2,0,0,0,0,0,0,6,0.0,4,6,0.4,8584,11000,0.7804,30.3,0.0,0,0,0,0,0,0,28.7,15.1,0.0,0.0,2.42,0.0,42343,True
2026-02-18T22:00:00+00:00,22,2,18,2,0,0,0,0,0,0,6,0.0,4,6,0.4,8584,11000,0.7804,30.3,0.0,0,0,0,0,0,0,26.8,13.9,0.0,0.0,2.0,0.0,42343,True
2026-02-18T23:00:00+00:00,23,2,18,2,0,0,0,0,0,0,6,0.0,4,6,0.4,8584,11000,0.7804,30.3,0.0,0,0,0,0,0,0,25.4,13.2,0.0,0.0,1.71,0.0,42343,True
2026-02-19T00:00:00+00:00,0,3,19,2,0,0,0,0,0,0,6,0.0,4,6,0.4,8584,11000,0.7804,30.3,0.0,0,0,0,0,0,0,26.4,8.8,0.0,0.0,1.33,0.2,42343,True
2026-02-19T01:00:00+00:00,1,3,19,2,0,0,0,0,0,0,6,0.0,4,6,0.4,8584,11000,0.7804,30.3,0.0,0,0,0,0,0,0,24.0,8.4,0.0,0.0,0.95,0.4,42343,True
2026-02-19T02:00:00+00:00,2,3,19,2,0,0,0,0,0,0,6,0.0,4,6,0.4,8584,11000,0.7804,30.3,0.0,0,0,0,0,0,0,23.8,10.5,0.0,0.0,0.69,0.4,42343,True
2026-02-19T03:00:00+00:00,3,3,19,2,0,0,0,0,0,0,6,0.0,4,6,0.4,8584,11000,0.7804,30.3,0.0,0,0,0,0,0,0,24.1,12.9,0.0,0.0,0.91,0.4,42343,True
2026-02-19T04:00:00+00:00,4,3,19,2,0,0,0,0,0,0,6,0.0,4,6,0.4,8584,11000,0.7804,30.3,0.0,0,0,0,0,0,0,25.3,10.1,0.0,0.0,1.5,0.0,42343,True
2026-02-19T05:00:00+00:00,5,3,19,2,0,0,0,0,0,0,6,0.0,4,6,0.4,8584,11000,0.7804,30.3,0.0,0,0,0,0,0,0,25.4,6.9,0.0,0.0,2.23,0.0,42343,True
2026-02-19T06:00:00+00:00,6,3,19,2,0,0,0,0,0,0,6,0.0,4,6,0.4,8584,11000,0.7804,30.3,0.0,0,0,0,0,0,0,26.1,7.0,0.0,0.0,2.87,0.0,42343,True
2026-02-19T07:00:00+00:00,7,3,19,2,0,0,0,0,0,0,6,0.0,4,6,0.4,8584,11000,0.7804,30.3,0.0,0,0,0,0,0,0,26.9,11.1,0.0,0.0,3.11,0.0,42343,True
2026-02-19T08:00:00+00:00,8,3,19,2,0,0,0,0,0,0,6,0.0,4,6,0.4,8584,11000,0.7804,30.3,0.0,0,0,0,0,0,0,27.4,7.1,0.0,0.0,2.88,0.0,42343,True
2026-02-19T09:00:00+00:00,9,3,19,2,0,0,0,0,0,0,6,0.0,4,6,0.4,8584,11000,0.7804,30.3,0.0,0,0,0,0,0,0,28.6,8.9,0.0,0.0,2.52,0.0,42343,True
2026-02-19T10:00:00+00:00,10,3,19,2,0,0,0,0,0,0,6,0.0,4,6,0.4,8584,11000,0.7804,30.3,0.0,0,0,0,0,0,0,29.8,6.7,0.0,0.0,2.2,0.0,42343,True
2026-02-19T11:00:00+00:00,11,3,19,2,0,0,0,0,0,0,6,0.0,4,6,0.4,8584,11000,0.7804,30.3,0.0,0,0,0,0,0,0,30.2,8.5,0.0,0.0,1.81,0.0,42343,True
2026-02-19T12:00:00+00:00,12,3,19,2,0,0,0,0,0,0,6,0.0,4,6,0.4,8584,11000,0.7804,30.3,0.0,0,0,0,0,0,0,30.2,11.2,0.0,0.0,1.49,0.0,42343,True
2026-02-19T13:00:00+00:00,13,3,19,2,0,0,0,0,0,0,6,0.0,4,6,0.4,8584,11000,0.7804,30.3,0.0,0,0,0,0,0,0,30.9,11.8,0.0,0.0,1.03,0.2,42343,True
2026-02-19T14:00:00+00:00,14,3,19,2,0,0,0,0,0,0,6,0.0,4,6,0.4,8584,11000,0.7804,30.3,0.0,0,0,0,0,0,0,31.0,12.3,0.0,0.0,0.73,0.4,42343,True
2026-02-19T15:00:00+00:00,15,3,19,2,0,0,0,0,0,0,6,0.0,4,6,0.4,8584,11000,0.7804,30.3,0.0,0,0,0,0,0,0,32.4,10.3,0.0,0.0,0.83,0.4,42343,True
2026-02-19T16:00:00+00:00,16,3,19,2,0,0,0,0,0,0,6,0.0,4,6,0.4,8584,11000,0.7804,30.3,0.0,0,0,0,0,0,0,30.6,15.5,0.0,0.0,1.26,0.2,42343,True
2026-02-19T17:00:00+00:00,17,3,19,2,0,0,0,0,0,0,6,0.0,4,6,0.4,8584,11000,0.7804,30.3,0.0,0,0,0,0,0,0,31.1,11.4,0.0,0.0,1.88,0.0,42343,True
2026-02-19T18:00:00+00:00,18,3,19,2,0,0,0,0,0,0,6,0.0,4,6,0.4,8584,11000,0.7804,30.3,0.0,0,0,0,0,0,0,31.4,14.9,0.0,0.0,2.65,0.0,42343,True
2026-02-19T19:00:00+00:00,19,3,19,2,0,0,0,0,0,0,6,0.0,4,6,0.4,8584,11000,0.7804,30.3,0.0,0,0,0,0,0,0,30.0,11.0,0.0,0.0,3.03,0.0,42343,True
2026-02-19T20:00:00+00:00,20,3,19,2,0,0,0,0,0,0,6,0.0,4,6,0.4,8584,11000,0.7804,30.3,0.0,0,0,0,0,0,0,28.1,11.6,0.0,0.0,3.04,0.0,42343,True
2026-02-19T21:00:00+00:00,21,3,19,2,0,0,0,0,0,0,6,0.0,4,6,0.4,8584,11000,0.7804,30.3,0.0,0,0,0,0,0,0,27.2,12.2,0.0,0.0,2.72,0.0,42343,True
2026-02-19T22:00:00+00:00,22,3,19,2,0,0,0,0,0,0,6,0.0,4,6,0.4,8584,11000,0.7804,30.3,0.0,0,0,0,0,0,0,27.6,12.0,0.0,0.0,2.34,0.0,42343,True
2026-02-19T23:00:00+00:00,23,3,19,2,0,0,0,0,0,0,6,0.0,4,6,0.4,8584,11000,0.7804,30.3,0.0,0,0,0,0,0,0,27.1,11.8,0.0,0.0,1.98,0.0,42343,True
2026-02-20T00:00:00+00:00,0,4,20,2,0,0,0,0,0,0,6,0.0,4,6,0.4,8584,11000,0.7804,30.3,0.0,0,0,0,0,0,0,25.3,8.4,0.0,0.0,1.57,0.0,42343,True
2026-02-20T01:00:00+00:00,1,4,20,2,0,0,0,0,0,0,6,0.0,4,6,0.4,8584,11000,0.7804,30.3,0.0,0,0,0,0,0,0,25.5,9.9,0.0,0.0,1.2,0.2,42343,True
2026-02-20T02:00:00+00:00,2,4,20,2,0,0,0,0,0,0,6,0.0,4,6,0.4,8584,11000,0.7804,30.3,0.0,0,0,0,0,0,0,25.1,11.6,0.0,0.0,0.91,0.4,42343,True
2026-02-20T03:00:00+00:00,3,4,20,2,0,0,0,0,0,0,6,0.0,4,6,0.4,8584,11000,0.7804,30.3,0.0,0,0,0,0,0,0,24.8,8.4,0.0,0.0,0.72,0.4,42343,True
2026-02-20T04:00:00+00:00,4,4,20,2,0,0,0,0,0,0,6,0.0,4,6,0.4,8584,11000,0.7804,30.3,0.0,0,0,0,0,0,0,24.6,8.5,0.0,0.0,0.96,0.4,42343,True
2026-02-20T05:00:00+00:00,5,4,20,2,0,0,0,0,0,0,6,0.0,4,6,0.4,8584,11000,0.7804,30.3,0.0,0,0,0,0,0,0,24.2,32.9,44.2,0.85,1.56,0.0,42343,True
2026-02-20T06:00:00+00:00,6,4,20,2,0,0,0,0,0,0,6,0.0,4,6,0.4,8584,11000,0.7804,30.3,0.0,0,0,0,0,0,0,24.5,6.3,0.0,0.0,2.37,0.0,42343,True
2026-02-20T07:00:00+00:00,7,4,20,2,0,0,0,0,0,0,6,0.0,4,6,0.4,8584,11000,0.7804,30.3,0.0,0,0,0,0,0,0,26.7,12.0,0.0,0.0,2.86,0.0,42343,True
2026-02-20T08:00:00+00:00,8,4,20,2,0,0,0,0,0,0,6,0.0,4,6,0.4,8584,11000,0.7804,30.3,0.0,0,0,0,0,0,0,26.6,7.4,0.0,0.0,3.02,0.0,42343,True
2026-02-20T09:00:00+00:00,9,4,20,2,0,0,0,0,0,0,6,0.0,4,6,0.4,8584,11000,0.7804,30.3,0.0,0,0,0,0,0,0,27.8,6.9,0.0,0.0,2.87,0.0,42343,True
2026-02-20T10:00:00+00:00,10,4,20,2,0,0,0,0,0,0,6,0.0,4,6,0.4,8584,11000,0.7804,30.3,0.0,0,0,0,0,0,0,29.1,8.6,0.0,0.0,2.45,0.0,42343,True
2026-02-20T11:00:00+00:00,11,4,20,2,0,0,0,0,0,0,6,0.0,4,6,0.4,8584,11000,0.7804,30.3,0.0,0,0,0,0,0,0,28.9,13.7,0.0,0.0,2.12,0.0,42343,True
2026-02-20T12:00:00+00:00,12,4,20,2,0,0,0,0,0,0,6,0.0,4,6,0.4,8584,11000,0.7804,30.3,0.0,0,0,0,0,0,0,30.9,10.6,0.0,0.0,1.73,0.0,42343,True
2026-02-20T13:00:00+00:00,13,4,20,2,0,0,0,0,0,0,6,0.0,4,6,0.4,8584,11000,0.7804,30.3,0.0,0,0,0,0,0,0,30.4,11.3,0.0,0.0,1.43,0.0,42343,True
2026-02-20T14:00:00+00:00,14,4,20,2,0,0,0,0,0,0,6,0.0,4,6,0.4,8584,11000,0.7804,30.3,0.0,0,0,0,0,0,0,31.6,13.2,0.0,0.0,1.01,0.2,42343,True
2026-02-20T15:00:00+00:00,15,4,20,2,0,0,0,0,0,0,6,0.0,4,6,0.4,8584,11000,0.7804,30.3,0.0,0,0,0,0,0,0,30.9,11.1,0.0,0.0,0.78,0.4,42343,True
2026-02-20T16:00:00+00:00,16,4,20,2,0,0,0,0,0,0,6,0.0,4,6,0.4,8584,11000,0.7804,30.3,0.0,0,0,0,0,0,0,31.5,12.6,0.0,0.0,0.87,0.4,42343,True
2026-02-20T17:00:00+00:00,17,4,20,2,0,0,0,0,0,0,6,0.0,4,6,0.4,8584,11000,0.7804,30.3,0.0,0,0,0,0,0,0,30.9,14.5,0.0,0.0,1.3,0.2,42343,True
2026-02-20T18:00:00+00:00,18,4,20,2,0,0,0,0,0,0,6,0.0,4,6,0.4,8584,11000,0.7804,30.3,0.0,0,0,0,0,0,0,30.2,11.4,0.0,0.0,2.02,0.0,42343,True
2026-02-20T19:00:00+00:00,19,4,20,2,0,0,0,0,0,0,6,0.0,4,6,0.4,8584,11000,0.7804,30.3,0.0,0,0,0,0,0,0,29.7,12.6,0.0,0.0,2.74,0.0,42343,True
2026-02-20T20:00:00+00:00,20,4,20,2,0,0,0,0,0,0,6,0.0,4,6,0.4,8584,11000,0.7804,30.3,0.0,0,0,0,0,0,0,28.6,17.2,0.0,0.0,3.03,0.0,42343,True
2026-02-20T21:00:00+00:00,21,4,20,2,0,0,0,0,0,0,6,0.0,4,6,0.4,8584,11000,0.7804,30.3,0.0,0,0,0,0,0,0,28.1,11.3,0.0,0.0,3.02,0.0,42343,True
2026-02-20T22:00:00+00:00,22,4,20,2,0,0,0,0,0,0,6,0.0,4,6,0.4,8584,11000,0.7804,30.3,0.0,0,0,0,0,0,0,27.1,13.3,0.0,0.0,2.65,0.0,42343,True
2026-02-20T23:00:00+00:00,23,4,20,2,0,0,0,0,0,0,6,0.0,4,6,0.4,8584,11000,0.7804,30.3,0.0,0,0,0,0,0,0,26.5,11.6,0.0,0.0,2.27,0.0,42343,True
2026-02-21T00:00:00+00:00,0,5,21,2,1,0,0,0,0,0,6,0.0,4,6,0.4,8584,11000,0.7804,30.3,0.0,0,0,0,0,0,0,24.8,13.3,0.0,0.0,1.88,0.0,42343,True
2026-02-21T01:00:00+00:00,1,5,21,2,1,0,0,0,0,0,6,0.0,4,6,0.4,8584,11000,0.7804,30.3,0.0,0,0,0,0,0,0,25.1,13.1,0.0,0.0,1.54,0.0,42343,True
2026-02-21T02:00:00+00:00,2,5,21,2,1,0,0,0,0,0,6,0.0,4,6,0.4,8584,11000,0.7804,30.3,0.0,0,0,0,0,0,0,24.8,7.9,0.0,0.0,1.18,0.2,42343,True
2026-02-21T03:00:00+00:00,3,5,21,2,1,0,0,0,0,0,6,0.0,4,6,0.4,8584,11000,0.7804,30.3,0.0,0,0,0,0,0,0,24.2,7.7,0.0,0.0,0.81,0.4,42343,True
2026-02-21T04:00:00+00:00,4,5,21,2,1,0,0,0,0,0,6,0.0,4,6,0.4,8584,11000,0.7804,30.3,0.0,0,0,0,0,0,0,24.4,5.8,0.0,0.0,0.75,0.4,42343,True
2026-02-21T05:00:00+00:00,5,5,21,2,1,0,0,0,0,0,6,0.0,4,6,0.4,8584,11000,0.7804,30.3,0.0,0,0,0,0,0,0,25.0,11.2,0.0,0.0,1.02,0.2,42343,True
2026-02-21T06:00:00+00:00,6,5,21,2,1,0,0,0,0,0,6,0.0,4,6,0.4,8584,11000,0.7804,30.3,0.0,0,0,0,0,0,0,25.2,9.9,0.0,0.0,1.73,0.0,42343,True
2026-02-21T07:00:00+00:00,7,5,21,2,1,0,0,0,0,0,6,0.0,4,6,0.4,8584,11000,0.7804,30.3,0.0,0,0,0,0,0,0,25.5,7.1,0.0,0.0,2.46,0.0,42343,True
2026-02-21T08:00:00+00:00,8,5,21,2,1,0,0,0,0,0,6,0.0,4,6,0.4,8584,11000,0.7804,30.3,0.0,0,0,0,0,0,0,26.4,8.2,0.0,0.0,2.95,0.0,42343,True
2026-02-21T09:00:00+00:00,9,5,21,2,1,0,0,0,0,0,6,0.0,4,6,0.4,8584,11000,0.7804,30.3,0.0,0,0,0,0,0,0,27.2,8.1,0.0,0.0,3.04,0.0,42343,True
2026-02-21T10:00:00+00:00,10,5,21,2,1,0,0,0,0,0,6,0.0,4,6,0.4,8584,11000,0.7804,30.3,0.0,0,0,0,0,0,0,28.1,12.5,0.0,0.0,2.77,0.0,42343,True
2026-02-21T11:00:00+00:00,11,5,21,2,1,0,0,0,0,0,6,0.0,4,6,0.4,8584,11000,0.7804,30.3,0.0,0,0,0,0,0,0,30.4,10.9,0.0,0.0,2.4,0.0,42343,True
2026-02-21T12:00:00+00:00,12,5,21,2,1,0,0,0,0,0,6,0.0,4,6,0.4,8584,11000,0.7804,30.3,0.0,0,0,0,0,0,0,30.0,8.2,0.0,0.0,2.08,0.0,42343,True
2026-02-21T13:00:00+00:00,13,5,21,2,1,0,0,0,0,0,6,0.0,4,6,0.4,8584,11000,0.7804,30.3,0.0,0,0,0,0,0,0,31.2,10.1,0.0,0.0,1.72,0.0,42343,True
2026-02-21T14:00:00+00:00,14,5,21,2,1,0,0,0,0,0,6,0.0,4,6,0.4,8584,11000,0.7804,30.3,0.0,0,0,0,0,0,0,30.7,9.7,0.0,0.0,1.31,0.2,42343,True
2026-02-21T15:00:00+00:00,15,5,21,2,1,0,0,0,0,0,6,0.0,4,6,0.4,8584,11000,0.7804,30.3,0.0,0,0,0,0,0,0,32.0,16.1,0.0,0.0,0.96,0.4,42343,True
2026-02-21T16:00:00+00:00,16,5,21,2,1,0,0,0,0,0,6,0.0,4,6,0.4,8584,11000,0.7804,30.3,0.0,0,0,0,0,0,0,31.4,12.1,0.0,0.0,0.78,0.4,42343,True
2026-02-21T17:00:00+00:00,17,5,21,2,1,0,0,0,0,0,6,0.0,4,6,0.4,8584,11000,0.7804,30.3,0.0,0,0,0,0,0,0,31.3,13.4,0.0,0.0,0.86,0.4,42343,True
2026-02-21T18:00:00+00:00,18,5,21,2,1,0,0,0,0,0,6,0.0,4,6,0.4,8584,11000,0.7804,30.3,0.0,0,0,0,0,0,0,29.7,12.5,0.0,0.0,1.46,0.0,42343,True
2026-02-21T19:00:00+00:00,19,5,21,2,1,0,0,0,0,0,6,0.0,4,6,0.4,8584,11000,0.7804,30.3,0.0,0,0,0,0,0,0,29.4,16.9,0.0,0.0,2.13,0.0,42343,True
2026-02-21T20:00:00+00:00,20,5,21,2,1,0,0,0,0,0,6,0.0,4,6,0.4,8584,11000,0.7804,30.3,0.0,0,0,0,0,0,0,28.3,11.9,0.0,0.0,2.79,0.0,42343,True
2026-02-21T21:00:00+00:00,21,5,21,2,1,0,0,0,0,0,6,0.0,4,6,0.4,8584,11000,0.7804,30.3,0.0,0,0,0,0,0,0,27.6,13.2,0.0,0.0,3.08,0.0,42343,True
2026-02-21T22:00:00+00:00,22,5,21,2,1,0,0,0,0,0,6,0.0,4,6,0.4,8584,11000,0.7804,30.3,0.0,0,0,0,0,0,0,27.3,12.5,0.0,0.0,2.95,0.0,42343,True
2026-02-21T23:00:00+00:00,23,5,21,2,1,0,0,0,0,0,6,0.0,4,6,0.4,8584,11000,0.7804,30.3,0.0,0,0,0,0,0,0,25.4,14.4,0.0,0.0,2.58,0.0,42343,True
2026-02-22T00:00:00+00:00,0,6,22,2,1,0,0,0,0,0,6,0.0,4,6,0.4,8584,11000,0.7804,30.3,0.0,0,0,0,0,0,0,26.0,12.5,0.0,0.0,2.22,0.0,42343,True
2026-02-22T01:00:00+00:00,1,6,22,2,1,0,0,0,0,0,6,0.0,4,6,0.4,8584,11000,0.7804,30.3,0.0,0,0,0,0,0,0,25.6,9.2,0.0,0.0,1.89,0.0,42343,True
2026-02-22T02:00:00+00:00,2,6,22,2,1,0,0,0,0,0,6,0.0,4,6,0.4,8584,11000,0.7804,30.3,0.0,0,0,0,0,0,0,24.3,10.9,0.0,0.0,1.54,0.0,42343,True
2026-02-22T03:00:00+00:00,3,6,22,2,1,0,0,0,0,0,6,0.0,4,6,0.4,8584,11000,0.7804,30.3,0.0,0,0,0,0,0,0,25.2,6.5,0.0,0.0,1.13,0.2,42343,True
2026-02-22T04:00:00+00:00,4,6,22,2,1,0,0,0,0,0,6,0.0,4,6,0.4,8584,11000,0.7804,30.3,0.0,0,0,0,0,0,0,25.6,8.2,0.0,0.0,0.84,0.4,42343,True
2026-02-22T05:00:00+00:00,5,6,22,2,1,0,0,0,0,0,6,0.0,4,6,0.4,8584,11000,0.7804,30.3,0.0,0,0,0,0,0,0,24.1,8.5,0.0,0.0,0.77,0.4,42343,True
2026-02-22T06:00:00+00:00,6,6,22,2,1,0,0,0,0,0,6,0.0,4,6,0.4,8584,11000,0.7804,30.3,0.0,0,0,0,0,0,0,25.3,6.7,0.0,0.0,1.1,0.2,42343,True
2026-02-22T07:00:00+00:00,7,6,22,2,1,0,0,0,0,0,6,0.0,4,6,0.4,8584,11000,0.7804,30.3,0.0,0,0,0,0,0,0,27.1,8.0,0.0,0.0,1.8,0.0,42343,True
2026-02-22T08:00:00+00:00,8,6,22,2,1,0,0,0,0,0,6,0.0,4,6,0.4,8584,11000,0.7804,30.3,0.0,0,0,0,0,0,0,28.1,6.9,0.0,0.0,2.53,0.0,42343,True
2026-02-22T09:00:00+00:00,9,6,22,2,1,0,0,0,0,0,6,0.0,4,6,0.4,8584,11000,0.7804,30.3,0.0,0,0,0,0,0,0,27.7,7.9,0.0,0.0,3.01,0.0,42343,True
2026-02-22T10:00:00+00:00,10,6,22,2,1,0,0,0,0,0,6,0.0,4,6,0.4,8584,11000,0.7804,30.3,0.0,0,0,0,0,0,0,28.4,11.9,0.0,0.0,3.07,0.0,42343,True
2026-02-22T11:00:00+00:00,11,6,22,2,1,0,0,0,0,0,6,0.0,4,6,0.4,8584,11000,0.7804,30.3,0.0,0,0,0,0,0,0,29.2,8.7,0.0,0.0,2.73,0.0,42343,True
2026-02-22T12:00:00+00:00,12,6,22,2,1,0,0,0,0,0,6,0.0,4,6,0.4,8584,11000,0.7804,30.3,0.0,0,0,0,0,0,0,31.3,8.9,0.0,0.0,2.39,0.0,42343,True
2026-02-22T13:00:00+00:00,13,6,22,2,1,0,0,0,0,0,6,0.0,4,6,0.4,8584,11000,0.7804,30.3,0.0,0,0,0,0,0,0,31.1,11.2,0.0,0.0,2.01,0.0,42343,True
2026-02-22T14:00:00+00:00,14,6,22,2,1,0,0,0,0,0,6,0.0,4,6,0.4,8584,11000,0.7804,30.3,0.0,0,0,0,0,0,0,32.1,14.4,0.0,0.0,1.69,0.0,42343,True
2026-02-22T15:00:00+00:00,15,6,22,2,1,0,0,0,0,0,6,0.0,4,6,0.4,8584,11000,0.7804,30.3,0.0,0,0,0,0,0,0,31.7,12.2,0.0,0.0,1.22,0.2,42343,True
2026-02-22T16:00:00+00:00,16,6,22,2,1,0,0,0,0,0,6,0.0,4,6,0.4,8584,11000,0.7804,30.3,0.0,0,0,0,0,0,0,31.7,16.6,0.0,0.0,0.92,0.4,42343,True
2026-02-22T17:00:00+00:00,17,6,22,2,1,0,0,0,0,0,6,0.0,4,6,0.4,8584,11000,0.7804,30.3,0.0,0,0,0,0,0,0,30.4,15.3,0.0,0.0,0.77,0.4,42343,True
2026-02-22T18:00:00+00:00,18,6,22,2,1,0,0,0,0,0,6,0.0,4,6,0.4,8584,11000,0.7804,30.3,0.0,0,0,0,0,0,0,29.9,15.6,0.0,0.0,0.91,0.4,42343,True
2026-02-22T19:00:00+00:00,19,6,22,2,1,0,0,0,0,0,6,0.0,4,6,0.4,8584,11000,0.7804,30.3,0.0,0,0,0,0,0,0,30.2,12.6,0.0,0.0,1.49,0.0,42343,True
2026-02-22T20:00:00+00:00,20,6,22,2,1,0,0,0,0,0,6,0.0,4,6,0.4,8584,11000,0.7804,30.3,0.0,0,0,0,0,0,0,28.1,15.7,0.0,0.0,2.22,0.0,42343,True
2026-02-22T21:00:00+00:00,21,6,22,2,1,0,0,0,0,0,6,0.0,4,6,0.4,8584,11000,0.7804,30.3,0.0,0,0,0,0,0,0,28.2,11.8,0.0,0.0,2.89,0.0,42343,True
2026-02-22T22:00:00+00:00,22,6,22,2,1,0,0,0,0,0,6,0.0,4,6,0.4,8584,11000,0.7804,30.3,0.0,0,0,0,0,0,0,27.2,14.1,0.0,0.0,3.11,0.0,42343,True
2026-02-22T23:00:00+00:00,23,6,22,2,1,0,0,0,0,0,6,0.0,4,6,0.4,8584,11000,0.7804,30.3,0.0,0,0,0,0,0,0,25.7,15.4,0.0,0.0,2.9,0.0,42343,True
2026-02-23T00:00:00+00:00,0,0,23,2,0,0,0,0,0,0,6,0.0,4,6,0.4,8584,11000,0.7804,30.3,0.0,0,0,0,0,0,0,26.1,12.6,0.0,0.0,2.59,0.0,42343,True
2026-02-23T01:00:00+00:00,1,0,23,2,0,0,0,0,0,0,6,0.0,4,6,0.4,8584,11000,0.7804,30.3,0.0,0,0,0,0,0,0,24.5,10.7,0.0,0.0,2.12,0.0,42343,True
2026-02-23T02:00:00+00:00,2,0,23,2,0,0,0,0,0,0,6,0.0,4,6,0.4,8584,11000,0.7804,30.3,0.0,0,0,0,0,0,0,23.7,11.3,0.0,0.0,1.79,0.0,42343,True
2026-02-23T03:00:00+00:00,3,0,23,2,0,0,0,0,0,0,6,0.0,4,6,0.4,8584,11000,0.7804,30.3,0.0,0,0,0,0,0,0,25.4,7.8,0.0,0.0,1.46,0.0,42343,True
2026-02-23T04:00:00+00:00,4,0,23,2,0,0,0,0,0,0,6,0.0,4,6,0.4,8584,11000,0.7804,30.3,0.0,0,0,0,0,0,0,25.5,31.8,29.7,0.85,1.04,0.2,42343,True
2026-02-23T05:00:00+00:00,5,0,23,2,0,0,0,0,0,0,6,0.0,4,6,0.4,8584,11000,0.7804,30.3,0.0,0,0,0,0,0,0,24.2,6.0,0.0,0.0,0.76,0.4,42343,True
2026-02-23T06:00:00+00:00,6,0,23,2,0,0,0,0,0,0,6,0.0,4,6,0.4,8584,11000,0.7804,30.3,0.0,0,0,0,0,0,0,25.7,7.1,0.0,0.0,0.8,0.4,42343,True
2026-02-23T07:00:00+00:00,7,0,23,2,0,0,0,0,0,0,6,0.0,4,6,0.4,8584,11000,0.7804,30.3,0.0,0,0,0,0,0,0,25.9,7.0,0.0,0.0,1.25,0.2,42343,True
2026-02-23T08:00:00+00:00,8,0,23,2,0,0,0,0,0,0,6,0.0,4,6,0.4,8584,11000,0.7804,30.3,0.0,0,0,0,0,0,0,27.8,6.6,0.0,0.0,1.98,0.0,42343,True
2026-02-23T09:00:00+00:00,9,0,23,2,0,0,0,0,0,0,6,0.0,4,6,0.4,8584,11000,0.7804,30.3,0.0,0,0,0,0,0,0,28.5,7.3,0.0,0.0,2.63,0.0,42343,True
2026-02-23T10:00:00+00:00,10,0,23,2,0,0,0,0,0,0,6,0.0,4,6,0.4,8584,11000,0.7804,30.3,0.0,0,0,0,0,0,0,28.8,11.7,0.0,0.0,3.02,0.0,42343,True
2026-02-23T11:00:00+00:00,11,0,23,2,0,0,0,0,0,0,6,0.0,4,6,0.4,8584,11000,0.7804,30.3,0.0,0,0,0,0,0,0,30.0,9.3,0.0,0.0,3.01,0.0,42343,True
2026-02-23T12:00:00+00:00,12,0,23,2,0,0,0,0,0,0,6,0.0,4,6,0.4,8584,11000,0.7804,30.3,0.0,0,0,0,0,0,0,30.0,13.9,0.0,0.0,2.73,0.0,42343,True
2026-02-23T13:00:00+00:00,13,0,23,2,0,0,0,0,0,0,6,0.0,4,6,0.4,8584,11000,0.7804,30.3,0.0,0,0,0,0,0,0,30.4,11.7,0.0,0.0,2.36,0.0,42343,True
2026-02-23T14:00:00+00:00,14,0,23,2,0,0,0,0,0,0,6,0.0,4,6,0.4,8584,11000,0.7804,30.3,0.0,0,0,0,0,0,0,31.5,10.1,0.0,0.0,1.97,0.0,42343,True
2026-02-23T15:00:00+00:00,15,0,23,2,0,0,0,0,0,0,6,0.0,4,6,0.4,8584,11000,0.7804,30.3,0.0,0,0,0,0,0,0,30.6,14.9,0.0,0.0,1.55,0.0,42343,True
2026-02-23T16:00:00+00:00,16,0,23,2,0,0,0,0,0,0,6,0.0,4,6,0.4,8584,11000,0.7804,30.3,0.0,0,0,0,0,0,0,30.8,11.4,0.0,0.0,1.2,0.2,42343,True
2026-02-23T17:00:00+00:00,17,0,23,2,0,0,0,0,0,0,6,0.0,4,6,0.4,8584,11000,0.7804,30.3,0.0,0,0,0,0,0,0,30.4,16.4,0.0,0.0,0.9,0.4,42343,True
2026-02-23T18:00:00+00:00,18,0,23,2,0,0,0,0,0,0,6,0.0,4,6,0.4,8584,11000,0.7804,30.3,0.0,0,0,0,0,0,0,31.0,12.7,0.0,0.0,0.74,0.4,42343,True
2026-02-23T19:00:00+00:00,19,0,23,2,0,0,0,0,0,0,6,0.0,4,6,0.4,8584,11000,0.7804,30.3,0.0,0,0,0,0,0,0,28.8,16.2,0.0,0.0,0.99,0.4,42343,True
2026-02-23T20:00:00+00:00,20,0,23,2,0,0,0,0,0,0,6,0.0,4,6,0.4,8584,11000,0.7804,30.3,0.0,0,0,0,0,0,0,29.8,12.1,0.0,0.0,1.62,0.0,42343,True
2026-02-23T21:00:00+00:00,21,0,23,2,0,0,0,0,0,0,6,0.0,4,6,0.4,8584,11000,0.7804,30.3,0.0,0,0,0,0,0,0,28.0,15.7,0.0,0.0,2.43,0.0,42343,True
2026-02-23T22:00:00+00:00,22,0,23,2,0,0,0,0,0,0,6,0.0,4,6,0.4,8584,11000,0.7804,30.3,0.0,0,0,0,0,0,0,27.7,11.5,0.0,0.0,2.96,0.0,42343,True
2026-02-23T23:00:00+00:00,23,0,23,2,0,0,0,0,0,0,6,0.0,4,6,0.4,8584,11000,0.7804,30.3,0.0,0,0,0,0,0,0,26.6,9.4,0.0,0.0,3.01,0.0,42343,True
2026-02-24T00:00:00+00:00,0,1,24,2,0,0,0,0,0,0,6,0.0,4,6,0.4,8584,11000,0.7804,30.3,0.0,0,0,0,0,0,0,25.4,34.2,42.7,0.85,2.82,0.0,42343,True
2026-02-24T01:00:00+00:00,1,1,24,2,0,0,0,0,0,0,6,0.0,4,6,0.4,8584,11000,0.7804,30.3,0.0,0,0,0,0,0,0,25.9,11.3,0.0,0.0,2.48,0.0,42343,True
2026-02-24T02:00:00+00:00,2,1,24,2,0,0,0,0,0,0,6,0.0,4,6,0.4,8584,11000,0.7804,30.3,0.0,0,0,0,0,0,0,23.8,6.7,0.0,0.0,2.13,0.0,42343,True
2026-02-24T03:00:00+00:00,3,1,24,2,0,0,0,0,0,0,6,0.0,4,6,0.4,8584,11000,0.7804,30.3,0.0,0,0,0,0,0,0,25.3,19.2,7.0,0.2,1.72,0.0,42343,True
2026-02-24T04:00:00+00:00,4,1,24,2,0,0,0,0,0,0,6,0.0,4,6,0.4,8584,11000,0.7804,30.3,0.0,0,0,0,0,0,0,23.9,11.8,0.0,0.0,1.38,0.2,42343,True
2026-02-24T05:00:00+00:00,5,1,24,2,0,0,0,0,0,0,6,0.0,4,6,0.4,8584,11000,0.7804,30.3,0.0,0,0,0,0,0,0,24.1,15.4,2.7,0.2,1.01,0.2,42343,True
2026-02-24T06:00:00+00:00,6,1,24,2,0,0,0,0,0,0,6,0.0,4,6,0.4,8584,11000,0.7804,30.3,0.0,0,0,0,0,0,0,25.5,10.2,0.0,0.0,0.77,0.4,42343,True
2026-02-24T07:00:00+00:00,7,1,24,2,0,0,0,0,0,0,6,0.0,4,6,0.4,8584,11000,0.7804,30.3,0.0,0,0,0,0,0,0,27.0,12.1,0.0,0.0,0.9,0.4,42343,True
2026-02-24T08:00:00+00:00,8,1,24,2,0,0,0,0,0,0,6,0.0,4,6,0.4,8584,11000,0.7804,30.3,0.0,0,0,0,0,0,0,26.9,10.3,0.0,0.0,1.36,0.2,42343,True
2026-02-24T09:00:00+00:00,9,1,24,2,0,0,0,0,0,0,6,0.0,4,6,0.4,8584,11000,0.7804,30.3,0.0,0,0,0,0,0,0,28.0,12.5,0.0,0.0,2.07,0.0,42343,True
2026-02-24T10:00:00+00:00,10,1,24,2,0,0,0,0,0,0,6,0.0,4,6,0.4,8584,11000,0.7804,30.3,0.0,0,0,0,0,0,0,29.0,6.9,0.0,0.0,2.71,0.0,42343,True
2026-02-24T11:00:00+00:00,11,1,24,2,0,0,0,0,0,0,6,0.0,4,6,0.4,8584,11000,0.7804,30.3,0.0,0,0,0,0,0,0,30.5,13.4,0.0,0.0,3.09,0.0,42343,True
2026-02-24T12:00:00+00:00,12,1,24,2,0,0,0,0,0,0,6,0.0,4,6,0.4,8584,11000,0.7804,30.3,0.0,0,0,0,0,0,0,31.2,13.5,0.0,0.0,2.94,0.0,42343,True
2026-02-24T13:00:00+00:00,13,1,24,2,0,0,0,0,0,0,6,0.0,4,6,0.4,8584,11000,0.7804,30.3,0.0,0,0,0,0,0,0,31.9,14.5,0.0,0.0,2.69,0.0,42343,True
2026-02-24T14:00:00+00:00,14,1,24,2,0,0,0,0,0,0,6,0.0,4,6,0.4,8584,11000,0.7804,30.3,0.0,0,0,0,0,0,0,31.3,15.6,0.0,0.0,2.22,0.0,42343,True
2026-02-24T15:00:00+00:00,15,1,24,2,0,0,0,0,0,0,6,0.0,4,6,0.4,8584,11000,0.7804,30.3,0.0,0,0,0,0,0,0,31.6,14.7,0.0,0.0,1.92,0.0,42343,True
2026-02-24T16:00:00+00:00,16,1,24,2,0,0,0,0,0,0,6,0.0,4,6,0.4,8584,11000,0.7804,30.3,0.0,0,0,0,0,0,0,32.1,13.8,0.0,0.0,1.56,0.0,42343,True
2026-02-24T17:00:00+00:00,17,1,24,2,0,0,0,0,0,0,6,0.0,4,6,0.4,8584,11000,0.7804,30.3,0.0,0,0,0,0,0,0,31.8,17.4,0.0,0.0,1.14,0.2,42343,True
2026-02-24T18:00:00+00:00,18,1,24,2,0,0,0,0,0,0,6,0.0,4,6,0.4,8584,11000,0.7804,30.3,0.0,0,0,0,0,0,0,29.9,14.1,0.0,0.0,0.84,0.4,42343,True
2026-02-24T19:00:00+00:00,19,1,24,2,0,0,0,0,0,0,6,0.0,4,6,0.4,8584,11000,0.7804,30.3,0.0,0,0,0,0,0,0,29.5,16.9,0.0,0.0,0.71,0.4,42343,True
2026-02-24T20:00:00+00:00,20,1,24,2,0,0,0,0,0,0,6,0.0,4,6,0.4,8584,11000,0.7804,30.3,0.0,0,0,0,0,0,0,29.0,33.2,13.6,0.5,1.07,0.2,42343,True
2026-02-24T21:00:00+00:00,21,1,24,2,0,0,0,0,0,0,6,0.0,4,6,0.4,8584,11000,0.7804,30.3,0.0,0,0,0,0,0,0,27.8,15.6,0.0,0.0,1.74,0.0,42343,True
2026-02-24T22:00:00+00:00,22,1,24,2,0,0,0,0,0,0,6,0.0,4,6,0.4,8584,11000,0.7804,30.3,0.0,0,0,0,0,0,0,27.4,10.3,0.0,0.0,2.49,0.0,42343,True
2026-02-24T23:00:00+00:00,23,1,24,2,0,0,0,0,0,0,6,0.0,4,6,0.4,8584,11000,0.7804,30.3,0.0,0,0,0,0,0,0,26.7,9.4,0.0,0.0,2.99,0.0,42343,True
2026-02-25T00:00:00+00:00,0,2,25,2,0,0,0,0,0,0,6,0.0,4,6,0.4,8584,11000,0.7804,30.3,0.0,0,0,0,0,0,0,25.3,12.6,0.0,0.0,3.04,0.0,42343,True
2026-02-25T01:00:00+00:00,1,2,25,2,0,0,0,0,0,0,6,0.0,4,6,0.4,8584,11000,0.7804,30.3,0.0,0,0,0,0,0,0,24.1,11.1,0.0,0.0,2.75,0.0,42343,True
2026-02-25T02:00:00+00:00,2,2,25,2,0,0,0,0,0,0,6,0.0,4,6,0.4,8584,11000,0.7804,30.3,0.0,0,0,0,0,0,0,25.6,7.7,0.0,0.0,2.38,0.0,42343,True
2026-02-25T03:00:00+00:00,3,2,25,2,0,0,0,0,0,0,6,0.0,4,6,0.4,8584,11000,0.7804,30.3,0.0,0,0,0,0,0,0,25.3,5.9,0.0,0.0,2.03,0.0,42343,True
2026-02-25T04:00:00+00:00,4,2,25,2,0,0,0,0,0,0,6,0.0,4,6,0.4,8584,11000,0.7804,30.3,0.0,0,0,0,0,0,0,25.1,5.9,0.0,0.0,1.71,0.0,42343,True
2026-02-25T05:00:00+00:00,5,2,25,2,0,0,0,0,0,0,6,0.0,4,6,0.4,8584,11000,0.7804,30.3,0.0,0,0,0,0,0,0,25.2,9.4,0.0,0.0,1.32,0.2,42343,True
2026-02-25T06:00:00+00:00,6,2,25,2,0,0,0,0,0,0,6,0.0,4,6,0.4,8584,11000,0.7804,30.3,0.0,0,0,0,0,0,0,25.2,7.7,0.0,0.0,0.89,0.4,42343,True
2026-02-25T07:00:00+00:00,7,2,25,2,0,0,0,0,0,0,6,0.0,4,6,0.4,8584,11000,0.7804,30.3,0.0,0,0,0,0,0,0,27.1,6.6,0.0,0.0,0.74,0.4,42343,True
2026-02-25T08:00:00+00:00,8,2,25,2,0,0,0,0,0,0,6,0.0,4,6,0.4,8584,11000,0.7804,30.3,0.0,0,0,0,0,0,0,27.3,9.8,0.0,0.0,0.94,0.4,42343,True
2026-02-25T09:00:00+00:00,9,2,25,2,0,0,0,0,0,0,6,0.0,4,6,0.4,8584,11000,0.7804,30.3,0.0,0,0,0,0,0,0,27.7,10.5,0.0,0.0,1.49,0.0,42343,True
2026-02-25T10:00:00+00:00,10,2,25,2,0,0,0,0,0,0,6,0.0,4,6,0.4,8584,11000,0.7804,30.3,0.0,0,0,0,0,0,0,29.5,8.6,0.0,0.0,2.24,0.0,42343,True
2026-02-25T11:00:00+00:00,11,2,25,2,0,0,0,0,0,0,6,0.0,4,6,0.4,8584,11000,0.7804,30.3,0.0,0,0,0,0,0,0,29.6,12.3,0.0,0.0,2.77,0.0,42343,True
2026-02-25T12:00:00+00:00,12,2,25,2,0,0,0,0,0,0,6,0.0,4,6,0.4,8584,11000,0.7804,30.3,0.0,0,0,0,0,0,0,29.7,12.6,0.0,0.0,3.08,0.0,42343,True
2026-02-25T13:00:00+00:00,13,2,25,2,0,0,0,0,0,0,6,0.0,4,6,0.4,8584,11000,0.7804,30.3,0.0,0,0,0,0,0,0,30.8,18.4,3.8,0.2,2.96,0.0,42343,True
2026-02-25T14:00:00+00:00,14,2,25,2,0,0,0,0,0,0,6,0.0,4,6,0.4,8584,11000,0.7804,30.3,0.0,0,0,0,0,0,0,30.6,11.1,0.0,0.0,2.53,0.0,42343,True
2026-02-25T15:00:00+00:00,15,2,25,2,0,0,0,0,0,0,6,0.0,4,6,0.4,8584,11000,0.7804,30.3,0.0,0,0,0,0,0,0,31.8,16.8,0.0,0.0,2.21,0.0,42343,True
2026-02-25T16:00:00+00:00,16,2,25,2,0,0,0,0,0,0,6,0.0,4,6,0.4,8584,11000,0.7804,30.3,0.0,0,0,0,0,0,0,32.0,14.2,0.0,0.0,1.8,0.0,42343,True
2026-02-25T17:00:00+00:00,17,2,25,2,0,0,0,0,0,0,6,0.0,4,6,0.4,8584,11000,0.7804,30.3,0.0,0,0,0,0,0,0,30.0,17.7,0.0,0.0,1.45,0.0,42343,True
2026-02-25T18:00:00+00:00,18,2,25,2,0,0,0,0,0,0,6,0.0,4,6,0.4,8584,11000,0.7804,30.3,0.0,0,0,0,0,0,0,30.6,11.4,0.0,0.0,1.05,0.2,42343,True
2026-02-25T19:00:00+00:00,19,2,25,2,0,0,0,0,0,0,6,0.0,4,6,0.4,8584,11000,0.7804,30.3,0.0,0,0,0,0,0,0,30.3,14.3,0.0,0.0,0.77,0.4,42343,True
2026-02-25T20:00:00+00:00,20,2,25,2,0,0,0,0,0,0,6,0.0,4,6,0.4,8584,11000,0.7804,30.3,0.0,0,0,0,0,0,0,28.7,11.9,0.0,0.0,0.79,0.4,42343,True
2026-02-25T21:00:00+00:00,21,2,25,2,0,0,0,0,0,0,6,0.0,4,6,0.4,8584,11000,0.7804,30.3,0.0,0,0,0,0,0,0,28.7,14.7,0.0,0.0,1.21,0.2,42343,True
2026-02-25T22:00:00+00:00,22,2,25,2,0,0,0,0,0,0,6,0.0,4,6,0.4,8584,11000,0.7804,30.3,0.0,0,0,0,0,0,0,26.4,10.7,0.0,0.0,1.9,0.0,42343,True
2026-02-25T23:00:00+00:00,23,2,25,2,0,0,0,0,0,0,6,0.0,4,6,0.4,8584,11000,0.7804,30.3,0.0,0,0,0,0,0,0,25.8,11.1,0.0,0.0,2.64,0.0,42343,True
2026-02-26T00:00:00+00:00,0,3,26,2,0,0,0,0,0,0,6,0.0,4,6,0.4,8584,11000,0.7804,30.3,0.0,0,0,0,0,0,0,26.5,12.1,0.0,0.0,3.04,0.0,42343,True
2026-02-26T01:00:00+00:00,1,3,26,2,0,0,0,0,0,0,6,0.0,4,6,0.4,8584,11000,0.7804,30.3,0.0,0,0,0,0,0,0,24.2,12.3,0.0,0.0,3.06,0.0,42343,True
2026-02-26T02:00:00+00:00,2,3,26,2,0,0,0,0,0,0,6,0.0,4,6,0.4,8584,11000,0.7804,30.3,0.0,0,0,0,0,0,0,25.2,8.1,0.0,0.0,2.79,0.0,42343,True
2026-02-26T03:00:00+00:00,3,3,26,2,0,0,0,0,0,0,6,0.0,4,6,0.4,8584,11000,0.7804,30.3,0.0,0,0,0,0,0,0,23.7,7.6,0.0,0.0,2.37,0.0,42343,True
2026-02-26T04:00:00+00:00,4,3,26,2,0,0,0,0,0,0,6,0.0,4,6,0.4,8584,11000,0.7804,30.3,0.0,0,0,0,0,0,0,25.5,7.6,0.0,0.0,1.96,0.0,42343,True
2026-02-26T05:00:00+00:00,5,3,26,2,0,0,0,0,0,0,6,0.0,4,6,0.4,8584,11000,0.7804,30.3,0.0,0,0,0,0,0,0,24.9,6.1,0.0,0.0,1.58,0.0,42343,True
2026-02-26T06:00:00+00:00,6,3,26,2,0,0,0,0,0,0,6,0.0,4,6,0.4,8584,11000,0.7804,30.3,0.0,0,0,0,0,0,0,24.8,10.8,0.0,0.0,1.23,0.2,42343,True
2026-02-26T07:00:00+00:00,7,3,26,2,0,0,0,0,0,0,6,0.0,4,6,0.4,8584,11000,0.7804,30.3,0.0,0,0,0,0,0,0,25.5,10.0,0.0,0.0,0.89,0.4,42343,True
2026-02-26T08:00:00+00:00,8,3,26,2,0,0,0,0,0,0,6,0.0,4,6,0.4,8584,11000,0.7804,30.3,0.0,0,0,0,0,0,0,27.2,5.7,0.0,0.0,0.77,0.4,42343,True
2026-02-26T09:00:00+00:00,9,3,26,2,0,0,0,0,0,0,6,0.0,4,6,0.4,8584,11000,0.7804,30.3,0.0,0,0,0,0,0,0,27.1,18.8,7.4,0.2,0.93,0.4,42343,True
2026-02-26T10:00:00+00:00,10,3,26,2,0,0,0,0,0,0,6,0.0,4,6,0.4,8584,11000,0.7804,30.3,0.0,0,0,0,0,0,0,29.6,13.1,0.0,0.0,1.6,0.0,42343,True
2026-02-26T11:00:00+00:00,11,3,26,2,0,0,0,0,0,0,6,0.0,4,6,0.4,8584,11000,0.7804,30.3,0.0,0,0,0,0,0,0,29.4,12.5,0.0,0.0,2.31,0.0,42343,True
2026-02-26T12:00:00+00:00,12,3,26,2,0,0,0,0,0,0,6,0.0,4,6,0.4,8584,11000,0.7804,30.3,0.0,0,0,0,0,0,0,31.3,14.5,0.0,0.0,2.91,0.0,42343,True
2026-02-26T13:00:00+00:00,13,3,26,2,0,0,0,0,0,0,6,0.0,4,6,0.4,8584,11000,0.7804,30.3,0.0,0,0,0,0,0,0,30.9,12.0,0.0,0.0,3.04,0.0,42343,True
2026-02-26T14:00:00+00:00,14,3,26,2,0,0,0,0,0,0,6,0.0,4,6,0.4,8584,11000,0.7804,30.3,0.0,0,0,0,0,0,0,31.5,10.7,0.0,0.0,2.92,0.0,42343,True
2026-02-26T15:00:00+00:00,15,3,26,2,0,0,0,0,0,0,6,0.0,4,6,0.4,8584,11000,0.7804,30.3,0.0,0,0,0,0,0,0,32.4,11.7,0.0,0.0,2.51,0.0,42343,True
2026-02-26T16:00:00+00:00,16,3,26,2,0,0,0,0,0,0,6,0.0,4,6,0.4,8584,11000,0.7804,30.3,0.0,0,0,0,0,0,0,31.4,17.0,0.0,0.0,2.14,0.0,42343,True
2026-02-26T17:00:00+00:00,17,3,26,2,0,0,0,0,0,0,6,0.0,4,6,0.4,8584,11000,0.7804,30.3,0.0,0,0,0,0,0,0,31.4,12.5,0.0,0.0,1.81,0.0,42343,True
2026-02-26T18:00:00+00:00,18,3,26,2,0,0,0,0,0,0,6,0.0,4,6,0.4,8584,11000,0.7804,30.3,0.0,0,0,0,0,0,0,30.8,11.7,0.0,0.0,1.45,0.0,42343,True
2026-02-26T19:00:00+00:00,19,3,26,2,0,0,0,0,0,0,6,0.0,4,6,0.4,8584,11000,0.7804,30.3,0.0,0,0,0,0,0,0,30.6,14.0,0.0,0.0,1.0,0.2,42343,True
2026-02-26T20:00:00+00:00,20,3,26,2,0,0,0,0,0,0,6,0.0,4,6,0.4,8584,11000,0.7804,30.3,0.0,0,0,0,0,0,0,29.5,13.4,0.0,0.0,0.77,0.4,42343,True
2026-02-26T21:00:00+00:00,21,3,26,2,0,0,0,0,0,0,6,0.0,4,6,0.4,8584,11000,0.7804,30.3,0.0,0,0,0,0,0,0,27.7,12.4,0.0,0.0,0.8,0.4,42343,True
2026-02-26T22:00:00+00:00,22,3,26,2,0,0,0,0,0,0,6,0.0,4,6,0.4,8584,11000,0.7804,30.3,0.0,0,0,0,0,0,0,26.8,13.5,0.0,0.0,1.33,0.2,42343,True
2026-02-26T23:00:00+00:00,23,3,26,2,0,0,0,0,0,0,6,0.0,4,6,0.4,8584,11000,0.7804,30.3,0.0,0,0,0,0,0,0,26.8,10.1,0.0,0.0,2.01,0.0,42343,True
2026-02-27T00:00:00+00:00,0,4,27,2,0,0,0,0,0,0,6,0.0,4,6,0.4,8584,11000,0.7804,30.3,0.0,0,0,0,0,0,0,25.4,14.8,0.0,0.0,2.73,0.0,42343,True
2026-02-27T01:00:00+00:00,1,4,27,2,0,0,0,0,0,0,6,0.0,4,6,0.4,8584,11000,0.7804,30.3,0.0,0,0,0,0,0,0,24.6,13.5,0.0,0.0,3.01,0.0,42343,True
2026-02-27T02:00:00+00:00,2,4,27,2,0,0,0,0,0,0,6,0.0,4,6,0.4,8584,11000,0.7804,30.3,0.0,0,0,0,0,0,0,24.5,9.1,0.0,0.0,3.01,0.0,42343,True
2026-02-27T03:00:00+00:00,3,4,27,2,0,0,0,0,0,0,6,0.0,4,6,0.4,8584,11000,0.7804,30.3,0.0,0,0,0,0,0,0,24.3,7.6,0.0,0.0,2.68,0.0,42343,True
2026-02-27T04:00:00+00:00,4,4,27,2,0,0,0,0,0,0,6,0.0,4,6,0.4,8584,11000,0.7804,30.3,0.0,0,0,0,0,0,0,24.5,5.7,0.0,0.0,2.26,0.0,42343,True
2026-02-27T05:00:00+00:00,5,4,27,2,0,0,0,0,0,0,6,0.0,4,6,0.4,8584,11000,0.7804,30.3,0.0,0,0,0,0,0,0,24.8,11.6,0.0,0.0,1.89,0.0,42343,True
2026-02-27T06:00:00+00:00,6,4,27,2,0,0,0,0,0,0,6,0.0,4,6,0.4,8584,11000,0.7804,30.3,0.0,0,0,0,0,0,0,25.1,11.3,0.0,0.0,1.53,0.0,42343,True
2026-02-27T07:00:00+00:00,7,4,27,2,0,0,0,0,0,0,6,0.0,4,6,0.4,8584,11000,0.7804,30.3,0.0,0,0,0,0,0,0,26.5,8.7,0.0,0.0,1.21,0.2,42343,True
2026-02-27T08:00:00+00:00,8,4,27,2,0,0,0,0,0,0,6,0.0,4,6,0.4,8584,11000,0.7804,30.3,0.0,0,0,0,0,0,0,27.3,6.5,0.0,0.0,0.89,0.4,42343,True
2026-02-27T09:00:00+00:00,9,4,27,2,0,0,0,0,0,0,6,0.0,4,6,0.4,8584,11000,0.7804,30.3,0.0,0,0,0,0,0,0,27.5,9.1,0.0,0.0,0.71,0.4,42343,True
2026-02-27T10:00:00+00:00,10,4,27,2,0,0,0,0,0,0,6,0.0,4,6,0.4,8584,11000,0.7804,30.3,0.0,0,0,0,0,0,0,28.3,12.1,0.0,0.0,1.05,0.2,42343,True
2026-02-27T11:00:00+00:00,11,4,27,2,0,0,0,0,0,0,6,0.0,4,6,0.4,8584,11000,0.7804,30.3,0.0,0,0,0,0,0,0,30.1,8.9,0.0,0.0,1.67,0.0,42343,True
2026-02-27T12:00:00+00:00,12,4,27,2,0,0,0,0,0,0,6,0.0,4,6,0.4,8584,11000,0.7804,30.3,0.0,0,0,0,0,0,0,29.9,11.6,0.0,0.0,2.43,0.0,42343,True
2026-02-27T13:00:00+00:00,13,4,27,2,0,0,0,0,0,0,6,0.0,4,6,0.4,8584,11000,0.7804,30.3,0.0,0,0,0,0,0,0,30.9,9.7,0.0,0.0,2.98,0.0,42343,True
2026-02-27T14:00:00+00:00,14,4,27,2,0,0,0,0,0,0,6,0.0,4,6,0.4,8584,11000,0.7804,30.3,0.0,0,0,0,0,0,0,30.9,15.6,0.0,0.0,3.05,0.0,42343,True
2026-02-27T15:00:00+00:00,15,4,27,2,0,0,0,0,0,0,6,0.0,4,6,0.4,8584,11000,0.7804,30.3,0.0,0,0,0,0,0,0,31.2,13.3,0.0,0.0,2.78,0.0,42343,True
2026-02-27T16:00:00+00:00,16,4,27,2,0,0,0,0,0,0,6,0.0,4,6,0.4,8584,11000,0.7804,30.3,0.0,0,0,0,0,0,0,30.4,11.8,0.0,0.0,2.49,0.0,42343,True
2026-02-27T17:00:00+00:00,17,4,27,2,0,0,0,0,0,0,6,0.0,4,6,0.4,8584,11000,0.7804,30.3,0.0,0,0,0,0,0,0,30.1,12.8,0.0,0.0,2.11,0.0,42343,True
2026-02-27T18:00:00+00:00,18,4,27,2,0,0,0,0,0,0,6,0.0,4,6,0.4,8584,11000,0.7804,30.3,0.0,0,0,0,0,0,0,31.5,12.5,0.0,0.0,1.69,0.0,42343,True
2026-02-27T19:00:00+00:00,19,4,27,2,0,0,0,0,0,0,6,0.0,4,6,0.4,8584,11000,0.7804,30.3,0.0,0,0,0,0,0,0,29.4,15.1,0.0,0.0,1.35,0.2,42343,True
2026-02-27T20:00:00+00:00,20,4,27,2,0,0,0,0,0,0,6,0.0,4,6,0.4,8584,11000,0.7804,30.3,0.0,0,0,0,0,0,0,29.6,12.9,0.0,0.0,1.01,0.2,42343,True
2026-02-27T21:00:00+00:00,21,4,27,2,0,0,0,0,0,0,6,0.0,4,6,0.4,8584,11000,0.7804,30.3,0.0,0,0,0,0,0,0,28.1,11.7,0.0,0.0,0.75,0.4,42343,True
2026-02-27T22:00:00+00:00,22,4,27,2,0,0,0,0,0,0,6,0.0,4,6,0.4,8584,11000,0.7804,30.3,0.0,0,0,0,0,0,0,26.4,12.5,0.0,0.0,0.88,0.4,42343,True
2026-02-27T23:00:00+00:00,23,4,27,2,0,0,0,0,0,0,6,0.0,4,6,0.4,8584,11000,0.7804,30.3,0.0,0,0,0,0,0,0,26.5,9.4,0.0,0.0,1.42,0.0,42343,True
2026-02-28T00:00:00+00:00,0,5,28,2,1,0,0,0,0,0,6,0.0,4,6,0.4,8584,11000,0.7804,30.3,0.0,0,0,0,0,0,0,26.4,12.2,0.0,0.0,2.17,0.0,42343,True
2026-02-28T01:00:00+00:00,1,5,28,2,1,0,0,0,0,0,6,0.0,4,6,0.4,8584,11000,0.7804,30.3,0.0,0,0,0,0,0,0,24.1,10.5,0.0,0.0,2.76,0.0,42343,True
2026-02-28T02:00:00+00:00,2,5,28,2,1,0,0,0,0,0,6,0.0,4,6,0.4,8584,11000,0.7804,30.3,0.0,0,0,0,0,0,0,23.9,11.3,0.0,0.0,3.01,0.0,42343,True
2026-02-28T03:00:00+00:00,3,5,28,2,1,0,0,0,0,0,6,0.0,4,6,0.4,8584,11000,0.7804,30.3,0.0,0,0,0,0,0,0,24.3,7.3,0.0,0.0,2.95,0.0,42343,True
2026-02-28T04:00:00+00:00,4,5,28,2,1,0,0,0,0,0,6,0.0,4,6,0.4,8584,11000,0.7804,30.3,0.0,0,0,0,0,0,0,24.4,12.3,0.0,0.0,2.63,0.0,42343,True
2026-02-28T05:00:00+00:00,5,5,28,2,1,0,0,0,0,0,6,0.0,4,6,0.4,8584,11000,0.7804,30.3,0.0,0,0,0,0,0,0,25.9,5.9,0.0,0.0,2.24,0.0,42343,True
2026-02-28T06:00:00+00:00,6,5,28,2,1,0,0,0,0,0,6,0.0,4,6,0.4,8584,11000,0.7804,30.3,0.0,0,0,0,0,0,0,24.6,8.7,0.0,0.0,1.84,0.0,42343,True
2026-02-28T07:00:00+00:00,7,5,28,2,1,0,0,0,0,0,6,0.0,4,6,0.4,8584,11000,0.7804,30.3,0.0,0,0,0,0,0,0,25.6,5.4,0.0,0.0,1.46,0.0,42343,True
2026-02-28T08:00:00+00:00,8,5,28,2,1,0,0,0,0,0,6,0.0,4,6,0.4,8584,11000,0.7804,30.3,0.0,0,0,0,0,0,0,26.3,7.1,0.0,0.0,1.16,0.2,42343,True
2026-02-28T09:00:00+00:00,9,5,28,2,1,0,0,0,0,0,6,0.0,4,6,0.4,8584,11000,0.7804,30.3,0.0,0,0,0,0,0,0,27.5,10.1,0.0,0.0,0.76,0.4,42343,True
2026-02-28T10:00:00+00:00,10,5,28,2,1,0,0,0,0,0,6,0.0,4,6,0.4,8584,11000,0.7804,30.3,0.0,0,0,0,0,0,0,28.0,6.7,0.0,0.0,0.8,0.4,42343,True
2026-02-28T11:00:00+00:00,11,5,28,2,1,0,0,0,0,0,6,0.0,4,6,0.4,8584,11000,0.7804,30.3,0.0,0,0,0,0,0,0,29.6,9.9,0.0,0.0,1.1,0.2,42343,True
2026-02-28T12:00:00+00:00,12,5,28,2,1,0,0,0,0,0,6,0.0,4,6,0.4,8584,11000,0.7804,30.3,0.0,0,0,0,0,0,0,30.9,12.7,0.0,0.0,1.81,0.0,42343,True
2026-02-28T13:00:00+00:00,13,5,28,2,1,0,0,0,0,0,6,0.0,4,6,0.4,8584,11000,0.7804,30.3,0.0,0,0,0,0,0,0,31.5,11.3,0.0,0.0,2.55,0.0,42343,True
2026-02-28T14:00:00+00:00,14,5,28,2,1,0,0,0,0,0,6,0.0,4,6,0.4,8584,11000,0.7804,30.3,0.0,0,0,0,0,0,0,31.3,16.5,0.0,0.0,2.96,0.0,42343,True
2026-02-28T15:00:00+00:00,15,5,28,2,1,0,0,0,0,0,6,0.0,4,6,0.4,8584,11000,0.7804,30.3,0.0,0,0,0,0,0,0,30.5,15.7,0.0,0.0,3.08,0.0,42343,True
2026-02-28T16:00:00+00:00,16,5,28,2,1,0,0,0,0,0,6,0.0,4,6,0.4,8584,11000,0.7804,30.3,0.0,0,0,0,0,0,0,30.8,15.8,0.0,0.0,2.78,0.0,42343,True
2026-02-28T17:00:00+00:00,17,5,28,2,1,0,0,0,0,0,6,0.0,4,6,0.4,8584,11000,0.7804,30.3,0.0,0,0,0,0,0,0,31.3,14.2,0.0,0.0,2.43,0.0,42343,True
2026-02-28T18:00:00+00:00,18,5,28,2,1,0,0,0,0,0,6,0.0,4,6,0.4,8584,11000,0.7804,30.3,0.0,0,0,0,0,0,0,30.0,13.6,0.0,0.0,2.0,0.0,42343,True
2026-02-28T19:00:00+00:00,19,5,28,2,1,0,0,0,0,0,6,0.0,4,6,0.4,8584,11000,0.7804,30.3,0.0,0,0,0,0,0,0,29.2,11.0,0.0,0.0,1.66,0.0,42343,True
2026-02-28T20:00:00+00:00,20,5,28,2,1,0,0,0,0,0,6,0.0,4,6,0.4,8584,11000,0.7804,30.3,0.0,0,0,0,0,0,0,29.8,13.1,0.0,0.0,1.25,0.2,42343,True
2026-02-28T21:00:00+00:00,21,5,28,2,1,0,0,0,0,0,6,0.0,4,6,0.4,8584,11000,0.7804,30.3,0.0,0,0,0,0,0,0,27.2,10.7,0.0,0.0,0.9,0.4,42343,True
2026-02-28T22:00:00+00:00,22,5,28,2,1,0,0,0,0,0,6,0.0,4,6,0.4,8584,11000,0.7804,30.3,0.0,0,0,0,0,0,0,28.0,14.5,0.0,0.0,0.75,0.4,42343,True
2026-02-28T23:00:00+00:00,23,5,28,2,1,0,0,0,0,0,6,0.0,4,6,0.4,8584,11000,0.7804,30.3,0.0,0,0,0,0,0,0,26.6,13.3,0.0,0.0,0.91,0.4,42343,True
2026-03-01T00:00:00+00:00,0,6,1,3,1,0,0,0,0,0,6,0.0,4,6,0.4,8584,11000,0.7804,30.3,0.0,0,0,0,0,0,0,24.6,12.0,0.0,0.0,1.54,0.0,42343,True
2026-03-01T01:00:00+00:00,1,6,1,3,1,0,0,0,0,0,6,0.0,4,6,0.4,8584,11000,0.7804,30.3,0.0,0,0,0,0,0,0,25.3,10.6,0.0,0.0,2.27,0.0,42343,True
2026-03-01T02:00:00+00:00,2,6,1,3,1,0,0,0,0,0,6,0.0,4,6,0.4,8584,11000,0.7804,30.3,0.0,0,0,0,0,0,0,25.2,10.9,0.0,0.0,2.8,0.0,42343,True
2026-03-01T03:00:00+00:00,3,6,1,3,1,0,0,0,0,0,6,0.0,4,6,0.4,8584,11000,0.7804,30.3,0.0,0,0,0,0,0,0,24.9,8.6,0.0,0.0,3.07,0.0,42343,True
2026-03-01T04:00:00+00:00,4,6,1,3,1,0,0,0,0,0,6,0.0,4,6,0.4,8584,11000,0.7804,30.3,0.0,0,0,0,0,0,0,24.5,8.1,0.0,0.0,2.86,0.0,42343,True
2026-03-01T05:00:00+00:00,5,6,1,3,1,0,0,0,0,0,6,0.0,4,6,0.4,8584,11000,0.7804,30.3,0.0,0,0,0,0,0,0,24.4,6.8,0.0,0.0,2.52,0.0,42343,True
2026-03-01T06:00:00+00:00,6,6,1,3,1,0,0,0,0,0,6,0.0,4,6,0.4,8584,11000,0.7804,30.3,0.0,0,0,0,0,0,0,24.8,7.5,0.0,0.0,2.2,0.0,42343,True
2026-03-01T07:00:00+00:00,7,6,1,3,1,0,0,0,0,0,6,0.0,4,6,0.4,8584,11000,0.7804,30.3,0.0,0,0,0,0,0,0,26.0,9.6,0.0,0.0,1.78,0.0,42343,True
2026-03-01T08:00:00+00:00,8,6,1,3,1,0,0,0,0,0,6,0.0,4,6,0.4,8584,11000,0.7804,30.3,0.0,0,0,0,0,0,0,26.8,6.9,0.0,0.0,1.42,0.0,42343,True
2026-03-01T09:00:00+00:00,9,6,1,3,1,0,0,0,0,0,6,0.0,4,6,0.4,8584,11000,0.7804,30.3,0.0,0,0,0,0,0,0,28.7,10.1,0.0,0.0,1.08,0.2,42343,True
2026-03-01T10:00:00+00:00,10,6,1,3,1,0,0,0,0,0,6,0.0,4,6,0.4,8584,11000,0.7804,30.3,0.0,0,0,0,0,0,0,29.8,8.2,0.0,0.0,0.76,0.4,42343,True
2026-03-01T11:00:00+00:00,11,6,1,3,1,0,0,0,0,0,6,0.0,4,6,0.4,8584,11000,0.7804,30.3,0.0,0,0,0,0,0,0,29.2,12.5,0.0,0.0,0.79,0.4,42343,True
2026-03-01T12:00:00+00:00,12,6,1,3,1,0,0,0,0,0,6,0.0,4,6,0.4,8584,11000,0.7804,30.3,0.0,0,0,0,0,0,0,31.2,12.9,0.0,0.0,1.18,0.2,42343,True
2026-03-01T13:00:00+00:00,13,6,1,3,1,0,0,0,0,0,6,0.0,4,6,0.4,8584,11000,0.7804,30.3,0.0,0,0,0,0,0,0,30.9,13.0,0.0,0.0,1.95,0.0,42343,True
2026-03-01T14:00:00+00:00,14,6,1,3,1,0,0,0,0,0,6,0.0,4,6,0.4,8584,11000,0.7804,30.3,0.0,0,0,0,0,0,0,31.1,11.0,0.0,0.0,2.63,0.0,42343,True
2026-03-01T15:00:00+00:00,15,6,1,3,1,0,0,0,0,0,6,0.0,4,6,0.4,8584,11000,0.7804,30.3,0.0,0,0,0,0,0,0,31.6,11.9,0.0,0.0,3.02,0.0,42343,True
2026-03-01T16:00:00+00:00,16,6,1,3,1,0,0,0,0,0,6,0.0,4,6,0.4,8584,11000,0.7804,30.3,0.0,0,0,0,0,0,0,32.0,14.1,0.0,0.0,3.01,0.0,42343,True
2026-03-01T17:00:00+00:00,17,6,1,3,1,0,0,0,0,0,6,0.0,4,6,0.4,8584,11000,0.7804,30.3,0.0,0,0,0,0,0,0,32.0,17.2,0.0,0.0,2.77,0.0,42343,True
2026-03-01T18:00:00+00:00,18,6,1,3,1,0,0,0,0,0,6,0.0,4,6,0.4,8584,11000,0.7804,30.3,0.0,0,0,0,0,0,0,29.7,16.5,0.0,0.0,2.37,0.0,42343,True
2026-03-01T19:00:00+00:00,19,6,1,3,1,0,0,0,0,0,6,0.0,4,6,0.4,8584,11000,0.7804,30.3,0.0,0,0,0,0,0,0,29.5,13.4,0.0,0.0,1.95,0.0,42343,True
2026-03-01T20:00:00+00:00,20,6,1,3,1,0,0,0,0,0,6,0.0,4,6,0.4,8584,11000,0.7804,30.3,0.0,0,0,0,0,0,0,28.3,13.7,0.0,0.0,1.59,0.0,42343,True
2026-03-01T21:00:00+00:00,21,6,1,3,1,0,0,0,0,0,6,0.0,4,6,0.4,8584,11000,0.7804,30.3,0.0,0,0,0,0,0,0,28.8,10.6,0.0,0.0,1.23,0.2,42343,True
2026-03-01T22:00:00+00:00,22,6,1,3,1,0,0,0,0,0,6,0.0,4,6,0.4,8584,11000,0.7804,30.3,0.0,0,0,0,0,0,0,26.7,16.1,0.0,0.0,0.86,0.4,42343,True
2026-03-01T23:00:00+00:00,23,6,1,3,1,0,0,0,0,0,6,0.0,4,6,0.4,8584,11000,0.7804,30.3,0.0,0,0,0,0,0,0,25.7,15.4,0.0,0.0,0.78,0.4,42343,True
2026-03-02T00:00:00+00:00,0,0,2,3,0,0,0,0,0,0,6,0.0,4,6,0.4,8584,11000,0.7804,30.3,0.0,0,0,0,0,0,0,26.4,10.7,0.0,0.0,1.01,0.2,42343,True
2026-03-02T01:00:00+00:00,1,0,2,3,0,0,0,0,0,0,6,0.0,4,6,0.4,8584,11000,0.7804,30.3,0.0,0,0,0,0,0,0,25.0,10.8,0.0,0.0,1.59,0.0,42343,True
2026-03-02T02:00:00+00:00,2,0,2,3,0,0,0,0,0,0,6,0.0,4,6,0.4,8584,11000,0.7804,30.3,0.0,0,0,0,0,0,0,24.2,12.1,0.0,0.0,2.4,0.0,42343,True
2026-03-02T03:00:00+00:00,3,0,2,3,0,0,0,0,0,0,6,0.0,4,6,0.4,8584,11000,0.7804,30.3,0.0,0,0,0,0,0,0,23.7,8.0,0.0,0.0,2.89,0.0,42343,True
2026-03-02T04:00:00+00:00,4,0,2,3,0,0,0,0,0,0,6,0.0,4,6,0.4,8584,11000,0.7804,30.3,0.0,0,0,0,0,0,0,25.5,9.5,0.0,0.0,3.05,0.0,42343,True
2026-03-02T05:00:00+00:00,5,0,2,3,0,0,0,0,0,0,6,0.0,4,6,0.4,8584,11000,0.7804,30.3,0.0,0,0,0,0,0,0,24.7,11.6,0.0,0.0,2.87,0.0,42343,True
2026-03-02T06:00:00+00:00,6,0,2,3,0,0,0,0,0,0,6,0.0,4,6,0.4,8584,11000,0.7804,30.3,0.0,0,0,0,0,0,0,25.9,11.1,0.0,0.0,2.54,0.0,42343,True
2026-03-02T07:00:00+00:00,7,0,2,3,0,0,0,0,0,0,6,0.0,4,6,0.4,8584,11000,0.7804,30.3,0.0,0,0,0,0,0,0,27.0,10.1,0.0,0.0,2.06,0.0,42343,True
2026-03-02T08:00:00+00:00,8,0,2,3,0,0,0,0,0,0,6,0.0,4,6,0.4,8584,11000,0.7804,30.3,0.0,0,0,0,0,0,0,27.6,10.3,0.0,0.0,1.74,0.0,42343,True
2026-03-02T09:00:00+00:00,9,0,2,3,0,0,0,0,0,0,6,0.0,4,6,0.4,8584,11000,0.7804,30.3,0.0,0,0,0,0,0,0,27.4,10.7,0.0,0.0,1.42,0.0,42343,True
2026-03-02T10:00:00+00:00,10,0,2,3,0,0,0,0,0,0,6,0.0,4,6,0.4,8584,11000,0.7804,30.3,0.0,0,0,0,0,0,0,28.2,7.3,0.0,0.0,0.97,0.4,42343,True
2026-03-02T11:00:00+00:00,11,0,2,3,0,0,0,0,0,0,6,0.0,4,6,0.4,8584,11000,0.7804,30.3,0.0,0,0,0,0,0,0,29.5,7.3,0.0,0.0,0.77,0.4,42343,True
2026-03-02T12:00:00+00:00,12,0,2,3,0,0,0,0,0,0,6,0.0,4,6,0.4,8584,11000,0.7804,30.3,0.0,0,0,0,0,0,0,31.3,11.2,0.0,0.0,0.8,0.4,42343,True
2026-03-02T13:00:00+00:00,13,0,2,3,0,0,0,0,0,0,6,0.0,4,6,0.4,8584,11000,0.7804,30.3,0.0,0,0,0,0,0,0,31.7,13.5,0.0,0.0,1.34,0.2,42343,True
2026-03-02T14:00:00+00:00,14,0,2,3,0,0,0,0,0,0,6,0.0,4,6,0.4,8584,11000,0.7804,30.3,0.0,0,0,0,0,0,0,31.1,12.9,0.0,0.0,2.01,0.0,42343,True
2026-03-02T15:00:00+00:00,15,0,2,3,0,0,0,0,0,0,6,0.0,4,6,0.4,8584,11000,0.7804,30.3,0.0,0,0,0,0,0,0,30.8,10.9,0.0,0.0,2.68,0.0,42343,True
2026-03-02T16:00:00+00:00,16,0,2,3,0,0,0,0,0,0,6,0.0,4,6,0.4,8584,11000,0.7804,30.3,0.0,0,0,0,0,0,0,30.5,10.8,0.0,0.0,3.05,0.0,42343,True
2026-03-02T17:00:00+00:00,17,0,2,3,0,0,0,0,0,0,6,0.0,4,6,0.4,8584,11000,0.7804,30.3,0.0,0,0,0,0,0,0,30.3,12.9,0.0,0.0,3.02,0.0,42343,True
2026-03-02T18:00:00+00:00,18,0,2,3,0,0,0,0,0,0,6,0.0,4,6,0.4,8584,11000,0.7804,30.3,0.0,0,0,0,0,0,0,31.4,17.6,0.0,0.0,2.7,0.0,42343,True
2026-03-02T19:00:00+00:00,19,0,2,3,0,0,0,0,0,0,6,0.0,4,6,0.4,8584,11000,0.7804,30.3,0.0,0,0,0,0,0,0,30.0,17.1,0.0,0.0,2.25,0.0,42343,True
2026-03-02T20:00:00+00:00,20,0,2,3,0,0,0,0,0,0,6,0.0,4,6,0.4,8584,11000,0.7804,30.3,0.0,0,0,0,0,0,0,29.3,12.5,0.0,0.0,1.86,0.0,42343,True
2026-03-02T21:00:00+00:00,21,0,2,3,0,0,0,0,0,0,6,0.0,4,6,0.4,8584,11000,0.7804,30.3,0.0,0,0,0,0,0,0,28.0,15.5,0.0,0.0,1.51,0.0,42343,True
2026-03-02T22:00:00+00:00,22,0,2,3,0,0,0,0,0,0,6,0.0,4,6,0.4,8584,11000,0.7804,30.3,0.0,0,0,0,0,0,0,26.9,11.0,0.0,0.0,1.14,0.2,42343,True
2026-03-02T23:00:00+00:00,23,0,2,3,0,0,0,0,0,0,6,0.0,4,6,0.4,8584,11000,0.7804,30.3,0.0,0,0,0,0,0,0,27.2,12.4,0.0,0.0,0.79,0.4,42343,True
2026-03-03T00:00:00+00:00,0,1,3,3,0,0,0,0,0,0,6,0.0,4,6,0.4,8584,11000,0.7804,30.3,0.0,0,0,0,0,0,0,26.5,14.2,0.0,0.0,0.73,0.4,42343,True
2026-03-03T01:00:00+00:00,1,1,3,3,0,0,0,0,0,0,6,0.0,4,6,0.4,8584,11000,0.7804,30.3,0.0,0,0,0,0,0,0,25.9,7.6,0.0,0.0,1.1,0.2,42343,True
2026-03-03T02:00:00+00:00,2,1,3,3,0,0,0,0,0,0,6,0.0,4,6,0.4,8584,11000,0.7804,30.3,0.0,0,0,0,0,0,0,24.2,12.9,0.0,0.0,1.75,0.0,42343,True
2026-03-03T03:00:00+00:00,3,1,3,3,0,0,0,0,0,0,6,0.0,4,6,0.4,8584,11000,0.7804,30.3,0.0,0,0,0,0,0,0,25.0,12.0,0.0,0.0,2.45,0.0,42343,True
2026-03-03T04:00:00+00:00,4,1,3,3,0,0,0,0,0,0,6,0.0,4,6,0.4,8584,11000,0.7804,30.3,0.0,0,0,0,0,0,0,24.0,11.3,0.0,0.0,2.99,0.0,42343,True
2026-03-03T05:00:00+00:00,5,1,3,3,0,0,0,0,0,0,6,0.0,4,6,0.4,8584,11000,0.7804,30.3,0.0,0,0,0,0,0,0,25.9,8.7,0.0,0.0,3.01,0.0,42343,True
2026-03-03T06:00:00+00:00,6,1,3,3,0,0,0,0,0,0,6,0.0,4,6,0.4,8584,11000,0.7804,30.3,0.0,0,0,0,0,0,0,25.7,8.5,0.0,0.0,2.81,0.0,42343,True
2026-03-03T07:00:00+00:00,7,1,3,3,0,0,0,0,0,0,6,0.0,4,6,0.4,8584,11000,0.7804,30.3,0.0,0,0,0,0,0,0,25.7,5.2,0.0,0.0,2.45,0.0,42343,True
2026-03-03T08:00:00+00:00,8,1,3,3,0,0,0,0,0,0,6,0.0,4,6,0.4,8584,11000,0.7804,30.3,0.0,0,0,0,0,0,0,27.3,7.4,0.0,0.0,2.06,0.0,42343,True
2026-03-03T09:00:00+00:00,9,1,3,3,0,0,0,0,0,0,6,0.0,4,6,0.4,8584,11000,0.7804,30.3,0.0,0,0,0,0,0,0,27.3,9.8,0.0,0.0,1.74,0.0,42343,True
2026-03-03T10:00:00+00:00,10,1,3,3,0,0,0,0,0,0,6,0.0,4,6,0.4,8584,11000,0.7804,30.3,0.0,0,0,0,0,0,0,29.0,12.3,0.0,0.0,1.28,0.2,42343,True
2026-03-03T11:00:00+00:00,11,1,3,3,0,0,0,0,0,0,6,0.0,4,6,0.4,8584,11000,0.7804,30.3,0.0,0,0,0,0,0,0,29.3,9.8,0.0,0.0,0.97,0.4,42343,True
2026-03-03T12:00:00+00:00,12,1,3,3,0,0,0,0,0,0,6,0.0,4,6,0.4,8584,11000,0.7804,30.3,0.0,0,0,0,0,0,0,31.3,10.6,0.0,0.0,0.73,0.4,42343,True
2026-03-03T13:00:00+00:00,13,1,3,3,0,0,0,0,0,0,6,0.0,4,6,0.4,8584,11000,0.7804,30.3,0.0,0,0,0,0,0,0,31.8,9.3,0.0,0.0,0.87,0.4,42343,True
2026-03-03T14:00:00+00:00,14,1,3,3,0,0,0,0,0,0,6,0.0,4,6,0.4,8584,11000,0.7804,30.3,0.0,0,0,0,0,0,0,30.6,11.9,0.0,0.0,1.47,0.0,42343,True
2026-03-03T15:00:00+00:00,15,1,3,3,0,0,0,0,0,0,6,0.0,4,6,0.4,8584,11000,0.7804,30.3,0.0,0,0,0,0,0,0,32.3,14.6,0.0,0.0,2.18,0.0,42343,True
2026-03-03T16:00:00+00:00,16,1,3,3,0,0,0,0,0,0,6,0.0,4,6,0.4,8584,11000,0.7804,30.3,0.0,0,0,0,0,0,0,32.3,15.7,0.0,0.0,2.82,0.0,42343,True
2026-03-03T17:00:00+00:00,17,1,3,3,0,0,0,0,0,0,6,0.0,4,6,0.4,8584,11000,0.7804,30.3,0.0,0,0,0,0,0,0,31.5,12.9,0.0,0.0,3.02,0.0,42343,True
2026-03-03T18:00:00+00:00,18,1,3,3,0,0,0,0,0,0,6,0.0,4,6,0.4,8584,11000,0.7804,30.3,0.0,0,0,0,0,0,0,29.6,12.7,0.0,0.0,2.97,0.0,42343,True
2026-03-03T19:00:00+00:00,19,1,3,3,0,0,0,0,0,0,6,0.0,4,6,0.4,8584,11000,0.7804,30.3,0.0,0,0,0,0,0,0,29.8,11.4,0.0,0.0,2.58,0.0,42343,True
2026-03-03T20:00:00+00:00,20,1,3,3,0,0,0,0,0,0,6,0.0,4,6,0.4,8584,11000,0.7804,30.3,0.0,0,0,0,0,0,0,29.0,15.2,0.0,0.0,2.19,0.0,42343,True
2026-03-03T21:00:00+00:00,21,1,3,3,0,0,0,0,0,0,6,0.0,4,6,0.4,8584,11000,0.7804,30.3,0.0,0,0,0,0,0,0,28.0,13.3,0.0,0.0,1.83,0.0,42343,True
2026-03-03T22:00:00+00:00,22,1,3,3,0,0,0,0,0,0,6,0.0,4,6,0.4,8584,11000,0.7804,30.3,0.0,0,0,0,0,0,0,26.2,14.0,0.0,0.0,1.44,0.0,42343,True
2026-03-03T23:00:00+00:00,23,1,3,3,0,0,0,0,0,0,6,0.0,4,6,0.4,8584,11000,0.7804,30.3,0.0,0,0,0,0,0,0,27.1,11.4,0.0,0.0,1.12,0.2,42343,True
2026-03-04T00:00:00+00:00,0,2,4,3,0,0,0,0,0,0,6,0.0,4,6,0.4,8584,11000,0.7804,30.3,0.0,0,0,0,0,0,0,26.2,34.4,35.2,0.85,0.75,0.4,42343,True
2026-03-04T01:00:00+00:00,1,2,4,3,0,0,0,0,0,0,6,0.0,4,6,0.4,8584,11000,0.7804,30.3,0.0,0,0,0,0,0,0,25.8,7.9,0.0,0.0,0.81,0.4,42343,True
2026-03-04T02:00:00+00:00,2,2,4,3,0,0,0,0,0,0,6,0.0,4,6,0.4,8584,11000,0.7804,30.3,0.0,0,0,0,0,0,0,24.7,11.4,0.0,0.0,1.13,0.2,42343,True
2026-03-04T03:00:00+00:00,3,2,4,3,0,0,0,0,0,0,6,0.0,4,6,0.4,8584,11000,0.7804,30.3,0.0,0,0,0,0,0,0,23.7,8.4,0.0,0.0,1.87,0.0,42343,True
2026-03-04T04:00:00+00:00,4,2,4,3,0,0,0,0,0,0,6,0.0,4,6,0.4,8584,11000,0.7804,30.3,0.0,0,0,0,0,0,0,25.2,12.2,0.0,0.0,2.59,0.0,42343,True
2026-03-04T05:00:00+00:00,5,2,4,3,0,0,0,0,0,0,6,0.0,4,6,0.4,8584,11000,0.7804,30.3,0.0,0,0,0,0,0,0,24.9,10.9,0.0,0.0,3.04,0.0,42343,True
2026-03-04T06:00:00+00:00,6,2,4,3,0,0,0,0,0,0,6,0.0,4,6,0.4,8584,11000,0.7804,30.3,0.0,0,0,0,0,0,0,26.0,6.4,0.0,0.0,3.03,0.0,42343,True
2026-03-04T07:00:00+00:00,7,2,4,3,0,0,0,0,0,0,6,0.0,4,6,0.4,8584,11000,0.7804,30.3,0.0,0,0,0,0,0,0,26.2,5.4,0.0,0.0,2.71,0.0,42343,True
2026-03-04T08:00:00+00:00,8,2,4,3,0,0,0,0,0,0,6,0.0,4,6,0.4,8584,11000,0.7804,30.3,0.0,0,0,0,0,0,0,28.0,9.2,0.0,0.0,2.39,0.0,42343,True
2026-03-04T09:00:00+00:00,9,2,4,3,0,0,0,0,0,0,6,0.0,4,6,0.4,8584,11000,0.7804,30.3,0.0,0,0,0,0,0,0,28.3,6.3,0.0,0.0,2.0,0.0,42343,True
2026-03-04T10:00:00+00:00,10,2,4,3,0,0,0,0,0,0,6,0.0,4,6,0.4,8584,11000,0.7804,30.3,0.0,0,0,0,0,0,0,29.3,10.3,0.0,0.0,1.62,0.0,42343,True
2026-03-04T11:00:00+00:00,11,2,4,3,0,0,0,0,0,0,6,0.0,4,6,0.4,8584,11000,0.7804,30.3,0.0,0,0,0,0,0,0,30.7,11.3,0.0,0.0,1.21,0.2,42343,True
2026-03-04T12:00:00+00:00,12,2,4,3,0,0,0,0,0,0,6,0.0,4,6,0.4,8584,11000,0.7804,30.3,0.0,0,0,0,0,0,0,29.8,9.1,0.0,0.0,0.93,0.4,42343,True
2026-03-04T13:00:00+00:00,13,2,4,3,0,0,0,0,0,0,6,0.0,4,6,0.4,8584,11000,0.7804,30.3,0.0,0,0,0,0,0,0,31.0,14.2,0.0,0.0,0.72,0.4,42343,True
2026-03-04T14:00:00+00:00,14,2,4,3,0,0,0,0,0,0,6,0.0,4,6,0.4,8584,11000,0.7804,30.3,0.0,0,0,0,0,0,0,30.5,11.8,0.0,0.0,0.99,0.4,42343,True
2026-03-04T15:00:00+00:00,15,2,4,3,0,0,0,0,0,0,6,0.0,4,6,0.4,8584,11000,0.7804,30.3,0.0,0,0,0,0,0,0,31.4,13.5,0.0,0.0,1.51,0.0,42343,True
2026-03-04T16:00:00+00:00,16,2,4,3,0,0,0,0,0,0,6,0.0,4,6,0.4,8584,11000,0.7804,30.3,0.0,0,0,0,0,0,0,32.1,12.0,0.0,0.0,2.33,0.0,42343,True
2026-03-04T17:00:00+00:00,17,2,4,3,0,0,0,0,0,0,6,0.0,4,6,0.4,8584,11000,0.7804,30.3,0.0,0,0,0,0,0,0,30.4,17.2,0.0,0.0,2.89,0.0,42343,True
2026-03-04T18:00:00+00:00,18,2,4,3,0,0,0,0,0,0,6,0.0,4,6,0.4,8584,11000,0.7804,30.3,0.0,0,0,0,0,0,0,30.2,15.1,0.0,0.0,3.09,0.0,42343,True
2026-03-04T19:00:00+00:00,19,2,4,3,0,0,0,0,0,0,6,0.0,4,6,0.4,8584,11000,0.7804,30.3,0.0,0,0,0,0,0,0,29.4,15.4,0.0,0.0,2.87,0.0,42343,True
2026-03-04T20:00:00+00:00,20,2,4,3,0,0,0,0,0,0,6,0.0,4,6,0.4,8584,11000,0.7804,30.3,0.0,0,0,0,0,0,0,28.2,11.5,0.0,0.0,2.58,0.0,42343,True
2026-03-04T21:00:00+00:00,21,2,4,3,0,0,0,0,0,0,6,0.0,4,6,0.4,8584,11000,0.7804,30.3,0.0,0,0,0,0,0,0,27.9,21.9,6.9,0.2,2.1,0.0,42343,True
2026-03-04T22:00:00+00:00,22,2,4,3,0,0,0,0,0,0,6,0.0,4,6,0.4,8584,11000,0.7804,30.3,0.0,0,0,0,0,0,0,27.9,16.0,0.0,0.0,1.81,0.0,42343,True
2026-03-04T23:00:00+00:00,23,2,4,3,0,0,0,0,0,0,6,0.0,4,6,0.4,8584,11000,0.7804,30.3,0.0,0,0,0,0,0,0,25.3,12.0,0.0,0.0,1.43,0.0,42343,True
2026-03-05T00:00:00+00:00,0,3,5,3,0,0,0,0,0,0,6,0.0,4,6,0.4,8584,11000,0.7804,30.3,0.0,0,0,0,0,0,0,26.0,9.2,0.0,0.0,1.08,0.2,42343,True
2026-03-05T01:00:00+00:00,1,3,5,3,0,0,0,0,0,0,6,0.0,4,6,0.4,8584,11000,0.7804,30.3,0.0,0,0,0,0,0,0,24.9,12.5,0.0,0.0,0.76,0.4,42343,True
2026-03-05T02:00:00+00:00,2,3,5,3,0,0,0,0,0,0,6,0.0,4,6,0.4,8584,11000,0.7804,30.3,0.0,0,0,0,0,0,0,25.1,8.5,0.0,0.0,0.79,0.4,42343,True
2026-03-05T03:00:00+00:00,3,3,5,3,0,0,0,0,0,0,6,0.0,4,6,0.4,8584,11000,0.7804,30.3,0.0,0,0,0,0,0,0,24.5,9.4,0.0,0.0,1.29,0.2,42343,True
2026-03-05T04:00:00+00:00,4,3,5,3,0,0,0,0,0,0,6,0.0,4,6,0.4,8584,11000,0.7804,30.3,0.0,0,0,0,0,0,0,24.8,5.5,0.0,0.0,2.0,0.0,42343,True
2026-03-05T05:00:00+00:00,5,3,5,3,0,0,0,0,0,0,6,0.0,4,6,0.4,8584,11000,0.7804,30.3,0.0,0,0,0,0,0,0,24.1,6.1,0.0,0.0,2.67,0.0,42343,True
2026-03-05T06:00:00+00:00,6,3,5,3,0,0,0,0,0,0,6,0.0,4,6,0.4,8584,11000,0.7804,30.3,0.0,0,0,0,0,0,0,25.1,7.0,0.0,0.0,2.99,0.0,42343,True
2026-03-05T07:00:00+00:00,7,3,5,3,0,0,0,0,0,0,6,0.0,4,6,0.4,8584,11000,0.7804,30.3,0.0,0,0,0,0,0,0,25.4,10.3,0.0,0.0,3.03,0.0,42343,True
2026-03-05T08:00:00+00:00,8,3,5,3,0,0,0,0,0,0,6,0.0,4,6,0.4,8584,11000,0.7804,30.3,0.0,0,0,0,0,0,0,27.4,12.3,0.0,0.0,2.65,0.0,42343,True
2026-03-05T09:00:00+00:00,9,3,5,3,0,0,0,0,0,0,6,0.0,4,6,0.4,8584,11000,0.7804,30.3,0.0,0,0,0,0,0,0,28.9,10.9,0.0,0.0,2.31,0.0,42343,True
2026-03-05T10:00:00+00:00,10,3,5,3,0,0,0,0,0,0,6,0.0,4,6,0.4,8584,11000,0.7804,30.3,0.0,0,0,0,0,0,0,29.1,10.9,0.0,0.0,1.89,0.0,42343,True
2026-03-05T11:00:00+00:00,11,3,5,3,0,0,0,0,0,0,6,0.0,4,6,0.4,8584,11000,0.7804,30.3,0.0,0,0,0,0,0,0,30.0,9.7,0.0,0.0,1.6,0.0,42343,True
2026-03-05T12:00:00+00:00,12,3,5,3,0,0,0,0,0,0,6,0.0,4,6,0.4,8584,11000,0.7804,30.3,0.0,0,0,0,0,0,0,30.3,8.3,0.0,0.0,1.21,0.2,42343,True
2026-03-05T13:00:00+00:00,13,3,5,3,0,0,0,0,0,0,6,0.0,4,6,0.4,8584,11000,0.7804,30.3,0.0,0,0,0,0,0,0,31.1,10.4,0.0,0.0,0.84,0.4,42343,True
2026-03-05T14:00:00+00:00,14,3,5,3,0,0,0,0,0,0,6,0.0,4,6,0.4,8584,11000,0.7804,30.3,0.0,0,0,0,0,0,0,30.4,14.5,0.0,0.0,0.75,0.4,42343,True
2026-03-05T15:00:00+00:00,15,3,5,3,0,0,0,0,0,0,6,0.0,4,6,0.4,8584,11000,0.7804,30.3,0.0,0,0,0,0,0,0,32.2,16.7,0.0,0.0,1.03,0.2,42343,True
2026-03-05T16:00:00+00:00,16,3,5,3,0,0,0,0,0,0,6,0.0,4,6,0.4,8584,11000,0.7804,30.3,0.0,0,0,0,0,0,0,31.8,12.0,0.0,0.0,1.62,0.0,42343,True
2026-03-05T17:00:00+00:00,17,3,5,3,0,0,0,0,0,0,6,0.0,4,6,0.4,8584,11000,0.7804,30.3,0.0,0,0,0,0,0,0,31.4,11.8,0.0,0.0,2.35,0.0,42343,True
2026-03-05T18:00:00+00:00,18,3,5,3,0,0,0,0,0,0,6,0.0,4,6,0.4,8584,11000,0.7804,30.3,0.0,0,0,0,0,0,0,30.0,17.9,0.0,0.0,2.97,0.0,42343,True
2026-03-05T19:00:00+00:00,19,3,5,3,0,0,0,0,0,0,6,0.0,4,6,0.4,8584,11000,0.7804,30.3,0.0,0,0,0,0,0,0,29.5,12.9,0.0,0.0,3.06,0.0,42343,True
2026-03-05T20:00:00+00:00,20,3,5,3,0,0,0,0,0,0,6,0.0,4,6,0.4,8584,11000,0.7804,30.3,0.0,0,0,0,0,0,0,29.4,12.9,0.0,0.0,2.89,0.0,42343,True
2026-03-05T21:00:00+00:00,21,3,5,3,0,0,0,0,0,0,6,0.0,4,6,0.4,8584,11000,0.7804,30.3,0.0,0,0,0,0,0,0,27.2,33.7,10.5,0.5,2.43,0.0,42343,True
2026-03-05T22:00:00+00:00,22,3,5,3,0,0,0,0,0,0,6,0.0,4,6,0.4,8584,11000,0.7804,30.3,0.0,0,0,0,0,0,0,26.4,9.6,0.0,0.0,2.12,0.0,42343,True
2026-03-05T23:00:00+00:00,23,3,5,3,0,0,0,0,0,0,6,0.0,4,6,0.4,8584,11000,0.7804,30.3,0.0,0,0,0,0,0,0,25.9,12.8,0.0,0.0,1.75,0.0,42343,True
2026-03-06T00:00:00+00:00,0,4,6,3,0,0,0,0,0,0,6,0.0,4,6,0.4,8584,11000,0.7804,30.3,0.0,0,0,0,0,0,0,25.5,10.4,0.0,0.0,1.4,0.0,42343,True
2026-03-06T01:00:00+00:00,1,4,6,3,0,0,0,0,0,0,6,0.0,4,6,0.4,8584,11000,0.7804,30.3,0.0,0,0,0,0,0,0,25.7,8.8,0.0,0.0,0.96,0.4,42343,True
2026-03-06T02:00:00+00:00,2,4,6,3,0,0,0,0,0,0,6,0.0,4,6,0.4,8584,11000,0.7804,30.3,0.0,0,0,0,0,0,0,24.0,9.9,0.0,0.0,0.74,0.4,42343,True
2026-03-06T03:00:00+00:00,3,4,6,3,0,0,0,0,0,0,6,0.0,4,6,0.4,8584,11000,0.7804,30.3,0.0,0,0,0,0,0,0,24.1,8.7,0.0,0.0,0.81,0.4,42343,True
2026-03-06T04:00:00+00:00,4,4,6,3,0,0,0,0,0,0,6,0.0,4,6,0.4,8584,11000,0.7804,30.3,0.0,0,0,0,0,0,0,24.4,12.2,0.0,0.0,1.4,0.0,42343,True
2026-03-06T05:00:00+00:00,5,4,6,3,0,0,0,0,0,0,6,0.0,4,6,0.4,8584,11000,0.7804,30.3,0.0,0,0,0,0,0,0,25.9,7.8,0.0,0.0,2.05,0.0,42343,True
2026-03-06T06:00:00+00:00,6,4,6,3,0,0,0,0,0,0,6,0.0,4,6,0.4,8584,11000,0.7804,30.3,0.0,0,0,0,0,0,0,26.1,5.2,0.0,0.0,2.79,0.0,42343,True
2026-03-06T07:00:00+00:00,7,4,6,3,0,0,0,0,0,0,6,0.0,4,6,0.4,8584,11000,0.7804,30.3,0.0,0,0,0,0,0,0,27.1,10.0,0.0,0.0,3.01,0.0,42343,True
2026-03-06T08:00:00+00:00,8,4,6,3,0,0,0,0,0,0,6,0.0,4,6,0.4,8584,11000,0.7804,30.3,0.0,0,0,0,0,0,0,26.8,10.9,0.0,0.0,3.0,0.0,42343,True
2026-03-06T09:00:00+00:00,9,4,6,3,0,0,0,0,0,0,6,0.0,4,6,0.4,8584,11000,0.7804,30.3,0.0,0,0,0,0,0,0,27.7,11.9,0.0,0.0,2.66,0.0,42343,True
2026-03-06T10:00:00+00:00,10,4,6,3,0,0,0,0,0,0,6,0.0,4,6,0.4,8584,11000,0.7804,30.3,0.0,0,0,0,0,0,0,29.3,11.2,0.0,0.0,2.27,0.0,42343,True
2026-03-06T11:00:00+00:00,11,4,6,3,0,0,0,0,0,0,6,0.0,4,6,0.4,8584,11000,0.7804,30.3,0.0,0,0,0,0,0,0,28.8,13.4,0.0,0.0,1.86,0.0,42343,True
2026-03-06T12:00:00+00:00,12,4,6,3,0,0,0,0,0,0,6,0.0,4,6,0.4,8584,11000,0.7804,30.3,0.0,0,0,0,0,0,0,30.6,12.6,0.0,0.0,1.55,0.0,42343,True
2026-03-06T13:00:00+00:00,13,4,6,3,0,0,0,0,0,0,6,0.0,4,6,0.4,8584,11000,0.7804,30.3,0.0,0,0,0,0,0,0,30.8,8.9,0.0,0.0,1.15,0.2,42343,True
2026-03-06T14:00:00+00:00,14,4,6,3,0,0,0,0,0,0,6,0.0,4,6,0.4,8584,11000,0.7804,30.3,0.0,0,0,0,0,0,0,31.9,11.5,0.0,0.0,0.81,0.4,42343,True
2026-03-06T15:00:00+00:00,15,4,6,3,0,0,0,0,0,0,6,0.0,4,6,0.4,8584,11000,0.7804,30.3,0.0,0,0,0,0,0,0,30.7,16.8,0.0,0.0,0.73,0.4,42343,True
2026-03-06T16:00:00+00:00,16,4,6,3,0,0,0,0,0,0,6,0.0,4,6,0.4,8584,11000,0.7804,30.3,0.0,0,0,0,0,0,0,31.7,15.7,0.0,0.0,1.12,0.2,42343,True
2026-03-06T17:00:00+00:00,17,4,6,3,0,0,0,0,0,0,6,0.0,4,6,0.4,8584,11000,0.7804,30.3,0.0,0,0,0,0,0,0,30.9,15.5,0.0,0.0,1.8,0.0,42343,True
2026-03-06T18:00:00+00:00,18,4,6,3,0,0,0,0,0,0,6,0.0,4,6,0.4,8584,11000,0.7804,30.3,0.0,0,0,0,0,0,0,31.0,17.3,0.0,0.0,2.5,0.0,42343,True
2026-03-06T19:00:00+00:00,19,4,6,3,0,0,0,0,0,0,6,0.0,4,6,0.4,8584,11000,0.7804,30.3,0.0,0,0,0,0,0,0,28.9,16.0,0.0,0.0,2.94,0.0,42343,True
2026-03-06T20:00:00+00:00,20,4,6,3,0,0,0,0,0,0,6,0.0,4,6,0.4,8584,11000,0.7804,30.3,0.0,0,0,0,0,0,0,29.1,12.2,0.0,0.0,3.04,0.0,42343,True
2026-03-06T21:00:00+00:00,21,4,6,3,0,0,0,0,0,0,6,0.0,4,6,0.4,8584,11000,0.7804,30.3,0.0,0,0,0,0,0,0,28.5,15.8,0.0,0.0,2.79,0.0,42343,True
2026-03-06T22:00:00+00:00,22,4,6,3,0,0,0,0,0,0,6,0.0,4,6,0.4,8584,11000,0.7804,30.3,0.0,0,0,0,0,0,0,28.0,10.7,0.0,0.0,2.36,0.0,42343,True
2026-03-06T23:00:00+00:00,23,4,6,3,0,0,0,0,0,0,6,0.0,4,6,0.4,8584,11000,0.7804,30.3,0.0,0,0,0,0,0,0,25.9,15.4,0.0,0.0,2.03,0.0,42343,True
2026-03-07T00:00:00+00:00,0,5,7,3,1,0,0,0,0,0,6,0.0,4,6,0.4,8584,11000,0.7804,30.3,0.0,0,0,0,0,0,0,26.4,13.3,0.0,0.0,1.65,0.0,42343,True
2026-03-07T01:00:00+00:00,1,5,7,3,1,0,0,0,0,0,6,0.0,4,6,0.4,8584,11000,0.7804,30.3,0.0,0,0,0,0,0,0,25.4,7.6,0.0,0.0,1.25,0.2,42343,True
2026-03-07T02:00:00+00:00,2,5,7,3,1,0,0,0,0,0,6,0.0,4,6,0.4,8584,11000,0.7804,30.3,0.0,0,0,0,0,0,0,24.5,9.5,0.0,0.0,0.95,0.4,42343,True
2026-03-07T03:00:00+00:00,3,5,7,3,1,0,0,0,0,0,6,0.0,4,6,0.4,8584,11000,0.7804,30.3,0.0,0,0,0,0,0,0,23.8,28.3,11.0,0.5,0.7,0.4,42343,True
2026-03-07T04:00:00+00:00,4,5,7,3,1,0,0,0,0,0,6,0.0,4,6,0.4,8584,11000,0.7804,30.3,0.0,0,0,0,0,0,0,24.5,5.9,0.0,0.0,0.94,0.4,42343,True
2026-03-07T05:00:00+00:00,5,5,7,3,1,0,0,0,0,0,6,0.0,4,6,0.4,8584,11000,0.7804,30.3,0.0,0,0,0,0,0,0,25.1,10.6,0.0,0.0,1.48,0.0,42343,True
2026-03-07T06:00:00+00:00,6,5,7,3,1,0,0,0,0,0,6,0.0,4,6,0.4,8584,11000,0.7804,30.3,0.0,0,0,0,0,0,0,26.1,10.9,0.0,0.0,2.25,0.0,42343,True
2026-03-07T07:00:00+00:00,7,5,7,3,1,0,0,0,0,0,6,0.0,4,6,0.4,8584,11000,0.7804,30.3,0.0,0,0,0,0,0,0,25.7,12.1,0.0,0.0,2.84,0.0,42343,True
2026-03-07T08:00:00+00:00,8,5,7,3,1,0,0,0,0,0,6,0.0,4,6,0.4,8584,11000,0.7804,30.3,0.0,0,0,0,0,0,0,28.1,10.2,0.0,0.0,3.06,0.0,42343,True
2026-03-07T09:00:00+00:00,9,5,7,3,1,0,0,0,0,0,6,0.0,4,6,0.4,8584,11000,0.7804,30.3,0.0,0,0,0,0,0,0,28.5,5.9,0.0,0.0,2.97,0.0,42343,True
2026-03-07T10:00:00+00:00,10,5,7,3,1,0,0,0,0,0,6,0.0,4,6,0.4,8584,11000,0.7804,30.3,0.0,0,0,0,0,0,0,28.3,9.6,0.0,0.0,2.53,0.0,42343,True
2026-03-07T11:00:00+00:00,11,5,7,3,1,0,0,0,0,0,6,0.0,4,6,0.4,8584,11000,0.7804,30.3,0.0,0,0,0,0,0,0,28.9,11.3,0.0,0.0,2.16,0.0,42343,True
2026-03-07T12:00:00+00:00,12,5,7,3,1,0,0,0,0,0,6,0.0,4,6,0.4,8584,11000,0.7804,30.3,0.0,0,0,0,0,0,0,30.8,12.2,0.0,0.0,1.86,0.0,42343,True
2026-03-07T13:00:00+00:00,13,5,7,3,1,0,0,0,0,0,6,0.0,4,6,0.4,8584,11000,0.7804,30.3,0.0,0,0,0,0,0,0,31.8,13.3,0.0,0.0,1.46,0.0,42343,True
2026-03-07T14:00:00+00:00,14,5,7,3,1,0,0,0,0,0,6,0.0,4,6,0.4,8584,11000,0.7804,30.3,0.0,0,0,0,0,0,0,32.0,12.5,0.0,0.0,1.03,0.2,42343,True
2026-03-07T15:00:00+00:00,15,5,7,3,1,0,0,0,0,0,6,0.0,4,6,0.4,8584,11000,0.7804,30.3,0.0,0,0,0,0,0,0,31.5,12.9,0.0,0.0,0.78,0.4,42343,True
2026-03-07T16:00:00+00:00,16,5,7,3,1,0,0,0,0,0,6,0.0,4,6,0.4,8584,11000,0.7804,30.3,0.0,0,0,0,0,0,0,31.5,17.3,0.0,0.0,0.8,0.4,42343,True
2026-03-07T17:00:00+00:00,17,5,7,3,1,0,0,0,0,0,6,0.0,4,6,0.4,8584,11000,0.7804,30.3,0.0,0,0,0,0,0,0,31.1,17.2,0.0,0.0,1.2,0.2,42343,True
2026-03-07T18:00:00+00:00,18,5,7,3,1,0,0,0,0,0,6,0.0,4,6,0.4,8584,11000,0.7804,30.3,0.0,0,0,0,0,0,0,30.9,13.8,0.0,0.0,1.91,0.0,42343,True
2026-03-07T19:00:00+00:00,19,5,7,3,1,0,0,0,0,0,6,0.0,4,6,0.4,8584,11000,0.7804,30.3,0.0,0,0,0,0,0,0,29.7,13.7,0.0,0.0,2.62,0.0,42343,True
2026-03-07T20:00:00+00:00,20,5,7,3,1,0,0,0,0,0,6,0.0,4,6,0.4,8584,11000,0.7804,30.3,0.0,0,0,0,0,0,0,28.8,13.7,0.0,0.0,3.02,0.0,42343,True
2026-03-07T21:00:00+00:00,21,5,7,3,1,0,0,0,0,0,6,0.0,4,6,0.4,8584,11000,0.7804,30.3,0.0,0,0,0,0,0,0,28.1,14.9,0.0,0.0,3.04,0.0,42343,True
2026-03-07T22:00:00+00:00,22,5,7,3,1,0,0,0,0,0,6,0.0,4,6,0.4,8584,11000,0.7804,30.3,0.0,0,0,0,0,0,0,28.0,16.4,0.0,0.0,2.71,0.0,42343,True
2026-03-07T23:00:00+00:00,23,5,7,3,1,0,0,0,0,0,6,0.0,4,6,0.4,8584,11000,0.7804,30.3,0.0,0,0,0,0,0,0,27.1,13.0,0.0,0.0,2.33,0.0,42343,True
2026-03-08T00:00:00+00:00,0,6,8,3,1,0,0,0,0,0,6,0.0,4,6,0.4,8584,11000,0.7804,30.3,0.0,0,0,0,0,0,0,25.7,11.2,0.0,0.0,1.94,0.0,42343,True
2026-03-08T01:00:00+00:00,1,6,8,3,1,0,0,0,0,0,6,0.0,4,6,0.4,8584,11000,0.7804,30.3,0.0,0,0,0,0,0,0,24.6,11.0,0.0,0.0,1.65,0.0,42343,True
2026-03-08T02:00:00+00:00,2,6,8,3,1,0,0,0,0,0,6,0.0,4,6,0.4,8584,11000,0.7804,30.3,0.0,0,0,0,0,0,0,24.6,9.8,0.0,0.0,1.19,0.2,42343,True
2026-03-08T03:00:00+00:00,3,6,8,3,1,0,0,0,0,0,6,0.0,4,6,0.4,8584,11000,0.7804,30.3,0.0,0,0,0,0,0,0,25.2,25.0,20.9,0.5,0.88,0.4,42343,True
2026-03-08T04:00:00+00:00,4,6,8,3,1,0,0,0,0,0,6,0.0,4,6,0.4,8584,11000,0.7804,30.3,0.0,0,0,0,0,0,0,23.7,5.6,0.0,0.0,0.75,0.4,42343,True
2026-03-08T05:00:00+00:00,5,6,8,3,1,0,0,0,0,0,6,0.0,4,6,0.4,8584,11000,0.7804,30.3,0.0,0,0,0,0,0,0,25.8,6.0,0.0,0.0,0.98,0.4,42343,True
2026-03-08T06:00:00+00:00,6,6,8,3,1,0,0,0,0,0,6,0.0,4,6,0.4,8584,11000,0.7804,30.3,0.0,0,0,0,0,0,0,26.1,7.3,0.0,0.0,1.54,0.0,42343,True
2026-03-08T07:00:00+00:00,7,6,8,3,1,0,0,0,0,0,6,0.0,4,6,0.4,8584,11000,0.7804,30.3,0.0,0,0,0,0,0,0,25.4,10.9,0.0,0.0,2.3,0.0,42343,True
2026-03-08T08:00:00+00:00,8,6,8,3,1,0,0,0,0,0,6,0.0,4,6,0.4,8584,11000,0.7804,30.3,0.0,0,0,0,0,0,0,26.8,8.2,0.0,0.0,2.87,0.0,42343,True
2026-03-08T09:00:00+00:00,9,6,8,3,1,0,0,0,0,0,6,0.0,4,6,0.4,8584,11000,0.7804,30.3,0.0,0,0,0,0,0,0,27.9,10.4,0.0,0.0,3.11,0.0,42343,True
2026-03-08T10:00:00+00:00,10,6,8,3,1,0,0,0,0,0,6,0.0,4,6,0.4,8584,11000,0.7804,30.3,0.0,0,0,0,0,0,0,28.8,6.9,0.0,0.0,2.9,0.0,42343,True
2026-03-08T11:00:00+00:00,11,6,8,3,1,0,0,0,0,0,6,0.0,4,6,0.4,8584,11000,0.7804,30.3,0.0,0,0,0,0,0,0,28.8,11.4,0.0,0.0,2.53,0.0,42343,True
2026-03-08T12:00:00+00:00,12,6,8,3,1,0,0,0,0,0,6,0.0,4,6,0.4,8584,11000,0.7804,30.3,0.0,0,0,0,0,0,0,30.8,11.7,0.0,0.0,2.09,0.0,42343,True
2026-03-08T13:00:00+00:00,13,6,8,3,1,0,0,0,0,0,6,0.0,4,6,0.4,8584,11000,0.7804,30.3,0.0,0,0,0,0,0,0,31.0,13.3,0.0,0.0,1.81,0.0,42343,True
2026-03-08T14:00:00+00:00,14,6,8,3,1,0,0,0,0,0,6,0.0,4,6,0.4,8584,11000,0.7804,30.3,0.0,0,0,0,0,0,0,31.7,14.9,0.0,0.0,1.37,0.2,42343,True
2026-03-08T15:00:00+00:00,15,6,8,3,1,0,0,0,0,0,6,0.0,4,6,0.4,8584,11000,0.7804,30.3,0.0,0,0,0,0,0,0,30.7,16.3,0.0,0.0,1.0,0.2,42343,True
2026-03-08T16:00:00+00:00,16,6,8,3,1,0,0,0,0,0,6,0.0,4,6,0.4,8584,11000,0.7804,30.3,0.0,0,0,0,0,0,0,31.7,13.3,0.0,0.0,0.79,0.4,42343,True
2026-03-08T17:00:00+00:00,17,6,8,3,1,0,0,0,0,0,6,0.0,4,6,0.4,8584,11000,0.7804,30.3,0.0,0,0,0,0,0,0,30.4,29.3,17.2,0.5,0.82,0.4,42343,True
2026-03-08T18:00:00+00:00,18,6,8,3,1,0,0,0,0,0,6,0.0,4,6,0.4,8584,11000,0.7804,30.3,0.0,0,0,0,0,0,0,29.9,12.3,0.0,0.0,1.25,0.2,42343,True
2026-03-08T19:00:00+00:00,19,6,8,3,1,0,0,0,0,0,6,0.0,4,6,0.4,8584,11000,0.7804,30.3,0.0,0,0,0,0,0,0,30.0,11.0,0.0,0.0,2.0,0.0,42343,True
2026-03-08T20:00:00+00:00,20,6,8,3,1,0,0,0,0,0,6,0.0,4,6,0.4,8584,11000,0.7804,30.3,0.0,0,0,0,0,0,0,29.5,14.1,0.0,0.0,2.74,0.0,42343,True
2026-03-08T21:00:00+00:00,21,6,8,3,1,0,0,0,0,0,6,0.0,4,6,0.4,8584,11000,0.7804,30.3,0.0,0,0,0,0,0,0,28.6,15.6,0.0,0.0,3.08,0.0,42343,True
2026-03-08T22:00:00+00:00,22,6,8,3,1,0,0,0,0,0,6,0.0,4,6,0.4,8584,11000,0.7804,30.3,0.0,0,0,0,0,0,0,26.9,11.3,0.0,0.0,3.04,0.0,42343,True
2026-03-08T23:00:00+00:00,23,6,8,3,1,0,0,0,0,0,6,0.0,4,6,0.4,8584,11000,0.7804,30.3,0.0,0,0,0,0,0,0,25.7,15.4,0.0,0.0,2.71,0.0,42343,True
2026-03-09T00:00:00+00:00,0,0,9,3,0,0,0,0,0,0,6,0.0,4,6,0.4,8584,11000,0.7804,30.3,0.0,0,0,0,0,0,0,24.6,13.7,0.0,0.0,2.24,0.0,42343,True
2026-03-09T01:00:00+00:00,1,0,9,3,0,0,0,0,0,0,6,0.0,4,6,0.4,8584,11000,0.7804,30.3,0.0,0,0,0,0,0,0,24.2,11.7,0.0,0.0,1.95,0.0,42343,True
2026-03-09T02:00:00+00:00,2,0,9,3,0,0,0,0,0,0,6,0.0,4,6,0.4,8584,11000,0.7804,30.3,0.0,0,0,0,0,0,0,24.9,10.7,0.0,0.0,1.53,0.0,42343,True
2026-03-09T03:00:00+00:00,3,0,9,3,0,0,0,0,0,0,6,0.0,4,6,0.4,8584,11000,0.7804,30.3,0.0,0,0,0,0,0,0,25.3,7.7,0.0,0.0,1.17,0.2,42343,True
2026-03-09T04:00:00+00:00,4,0,9,3,0,0,0,0,0,0,6,0.0,4,6,0.4,8584,11000,0.7804,30.3,0.0,0,0,0,0,0,0,24.6,6.9,0.0,0.0,0.84,0.4,42343,True
2026-03-09T05:00:00+00:00,5,0,9,3,0,0,0,0,0,0,6,0.0,4,6,0.4,8584,11000,0.7804,30.3,0.0,0,0,0,0,0,0,24.7,6.9,0.0,0.0,0.76,0.4,42343,True
2026-03-09T06:00:00+00:00,6,0,9,3,0,0,0,0,0,0,6,0.0,4,6,0.4,8584,11000,0.7804,30.3,0.0,0,0,0,0,0,0,25.8,11.3,0.0,0.0,1.09,0.2,42343,True
2026-03-09T07:00:00+00:00,7,0,9,3,0,0,0,0,0,0,6,0.0,4,6,0.4,8584,11000,0.7804,30.3,0.0,0,0,0,0,0,0,26.1,11.6,0.0,0.0,1.73,0.0,42343,True
2026-03-09T08:00:00+00:00,8,0,9,3,0,0,0,0,0,0,6,0.0,4,6,0.4,8584,11000,0.7804,30.3,0.0,0,0,0,0,0,0,27.8,8.9,0.0,0.0,2.44,0.0,42343,True
2026-03-09T09:00:00+00:00,9,0,9,3,0,0,0,0,0,0,6,0.0,4,6,0.4,8584,11000,0.7804,30.3,0.0,0,0,0,0,0,0,28.7,10.5,0.0,0.0,2.9,0.0,42343,True
2026-03-09T10:00:00+00:00,10,0,9,3,0,0,0,0,0,0,6,0.0,4,6,0.4,8584,11000,0.7804,30.3,0.0,0,0,0,0,0,0,29.8,10.9,0.0,0.0,3.08,0.0,42343,True
2026-03-09T11:00:00+00:00,11,0,9,3,0,0,0,0,0,0,6,0.0,4,6,0.4,8584,11000,0.7804,30.3,0.0,0,0,0,0,0,0,29.2,14.1,0.0,0.0,2.78,0.0,42343,True
2026-03-09T12:00:00+00:00,12,0,9,3,0,0,0,0,0,0,6,0.0,4,6,0.4,8584,11000,0.7804,30.3,0.0,0,0,0,0,0,0,30.0,8.2,0.0,0.0,2.42,0.0,42343,True
2026-03-09T13:00:00+00:00,13,0,9,3,0,0,0,0,0,0,6,0.0,4,6,0.4,8584,11000,0.7804,30.3,0.0,0,0,0,0,0,0,30.8,12.1,0.0,0.0,2.04,0.0,42343,True
2026-03-09T14:00:00+00:00,14,0,9,3,0,0,0,0,0,0,6,0.0,4,6,0.4,8584,11000,0.7804,30.3,0.0,0,0,0,0,0,0,31.0,10.6,0.0,0.0,1.68,0.0,42343,True
2026-03-09T15:00:00+00:00,15,0,9,3,0,0,0,0,0,0,6,0.0,4,6,0.4,8584,11000,0.7804,30.3,0.0,0,0,0,0,0,0,32.1,14.0,0.0,0.0,1.36,0.2,42343,True
2026-03-09T16:00:00+00:00,16,0,9,3,0,0,0,0,0,0,6,0.0,4,6,0.4,8584,11000,0.7804,30.3,0.0,0,0,0,0,0,0,31.0,16.7,0.0,0.0,1.0,0.2,42343,True
2026-03-09T17:00:00+00:00,17,0,9,3,0,0,0,0,0,0,6,0.0,4,6,0.4,8584,11000,0.7804,30.3,0.0,0,0,0,0,0,0,31.4,26.0,6.3,0.2,0.72,0.4,42343,True
2026-03-09T18:00:00+00:00,18,0,9,3,0,0,0,0,0,0,6,0.0,4,6,0.4,8584,11000,0.7804,30.3,0.0,0,0,0,0,0,0,30.2,16.0,0.0,0.0,0.91,0.4,42343,True
2026-03-09T19:00:00+00:00,19,0,9,3,0,0,0,0,0,0,6,0.0,4,6,0.4,8584,11000,0.7804,30.3,0.0,0,0,0,0,0,0,29.6,12.1,0.0,0.0,1.41,0.0,42343,True
2026-03-09T20:00:00+00:00,20,0,9,3,0,0,0,0,0,0,6,0.0,4,6,0.4,8584,11000,0.7804,30.3,0.0,0,0,0,0,0,0,28.3,11.8,0.0,0.0,2.13,0.0,42343,True
2026-03-09T21:00:00+00:00,21,0,9,3,0,0,0,0,0,0,6,0.0,4,6,0.4,8584,11000,0.7804,30.3,0.0,0,0,0,0,0,0,27.4,10.4,0.0,0.0,2.82,0.0,42343,True
2026-03-09T22:00:00+00:00,22,0,9,3,0,0,0,0,0,0,6,0.0,4,6,0.4,8584,11000,0.7804,30.3,0.0,0,0,0,0,0,0,27.6,15.8,0.0,0.0,3.01,0.0,42343,True
2026-03-09T23:00:00+00:00,23,0,9,3,0,0,0,0,0,0,6,0.0,4,6,0.4,8584,11000,0.7804,30.3,0.0,0,0,0,0,0,0,25.8,14.3,0.0,0.0,2.99,0.0,42343,True
2026-03-10T00:00:00+00:00,0,1,10,3,0,0,0,0,0,0,6,0.0,4,6,0.4,8584,11000,0.7804,30.3,0.0,0,0,0,0,0,0,25.9,9.7,0.0,0.0,2.61,0.0,42343,True
2026-03-10T01:00:00+00:00,1,1,10,3,0,0,0,0,0,0,6,0.0,4,6,0.4,8584,11000,0.7804,30.3,0.0,0,0,0,0,0,0,24.2,11.1,0.0,0.0,2.21,0.0,42343,True
2026-03-10T02:00:00+00:00,2,1,10,3,0,0,0,0,0,0,6,0.0,4,6,0.4,8584,11000,0.7804,30.3,0.0,0,0,0,0,0,0,25.0,11.3,0.0,0.0,1.82,0.0,42343,True
2026-03-10T03:00:00+00:00,3,1,10,3,0,0,0,0,0,0,6,0.0,4,6,0.4,8584,11000,0.7804,30.3,0.0,0,0,0,0,0,0,24.2,10.5,0.0,0.0,1.52,0.0,42343,True
2026-03-10T04:00:00+00:00,4,1,10,3,0,0,0,0,0,0,6,0.0,4,6,0.4,8584,11000,0.7804,30.3,0.0,0,0,0,0,0,0,24.0,7.0,0.0,0.0,1.1,0.2,42343,True
2026-03-10T05:00:00+00:00,5,1,10,3,0,0,0,0,0,0,6,0.0,4,6,0.4,8584,11000,0.7804,30.3,0.0,0,0,0,0,0,0,25.2,10.5,0.0,0.0,0.82,0.4,42343,True
2026-03-10T06:00:00+00:00,6,1,10,3,0,0,0,0,0,0,6,0.0,4,6,0.4,8584,11000,0.7804,30.3,0.0,0,0,0,0,0,0,26.2,10.3,0.0,0.0,0.73,0.4,42343,True
2026-03-10T07:00:00+00:00,7,1,10,3,0,0,0,0,0,0,6,0.0,4,6,0.4,8584,11000,0.7804,30.3,0.0,0,0,0,0,0,0,25.9,5.7,0.0,0.0,1.16,0.2,42343,True
2026-03-10T08:00:00+00:00,8,1,10,3,0,0,0,0,0,0,6,0.0,4,6,0.4,8584,11000,0.7804,30.3,0.0,0,0,0,0,0,0,26.3,7.1,0.0,0.0,1.84,0.0,42343,True
2026-03-10T09:00:00+00:00,9,1,10,3,0,0,0,0,0,0,6,0.0,4,6,0.4,8584,11000,0.7804,30.3,0.0,0,0,0,0,0,0,29.0,7.0,0.0,0.0,2.51,0.0,42343,True
2026-03-10T10:00:00+00:00,10,1,10,3,0,0,0,0,0,0,6,0.0,4,6,0.4,8584,11000,0.7804,30.3,0.0,0,0,0,0,0,0,29.5,7.5,0.0,0.0,2.95,0.0,42343,True
2026-03-10T11:00:00+00:00,11,1,10,3,0,0,0,0,0,0,6,0.0,4,6,0.4,8584,11000,0.7804,30.3,0.0,0,0,0,0,0,0,30.6,12.9,0.0,0.0,3.02,0.0,42343,True
2026-03-10T12:00:00+00:00,12,1,10,3,0,0,0,0,0,0,6,0.0,4,6,0.4,8584,11000,0.7804,30.3,0.0,0,0,0,0,0,0,30.5,11.5,0.0,0.0,2.79,0.0,42343,True
2026-03-10T13:00:00+00:00,13,1,10,3,0,0,0,0,0,0,6,0.0,4,6,0.4,8584,11000,0.7804,30.3,0.0,0,0,0,0,0,0,31.4,11.2,0.0,0.0,2.34,0.0,42343,True
2026-03-10T14:00:00+00:00,14,1,10,3,0,0,0,0,0,0,6,0.0,4,6,0.4,8584,11000,0.7804,30.3,0.0,0,0,0,0,0,0,31.6,25.9,20.9,0.5,1.96,0.0,42343,True
2026-03-10T15:00:00+00:00,15,1,10,3,0,0,0,0,0,0,6,0.0,4,6,0.4,8584,11000,0.7804,30.3,0.0,0,0,0,0,0,0,30.7,13.5,0.0,0.0,1.62,0.0,42343,True
2026-03-10T16:00:00+00:00,16,1,10,3,0,0,0,0,0,0,6,0.0,4,6,0.4,8584,11000,0.7804,30.3,0.0,0,0,0,0,0,0,32.0,12.8,0.0,0.0,1.27,0.2,42343,True
2026-03-10T17:00:00+00:00,17,1,10,3,0,0,0,0,0,0,6,0.0,4,6,0.4,8584,11000,0.7804,30.3,0.0,0,0,0,0,0,0,31.4,17.4,0.0,0.0,0.92,0.4,42343,True
2026-03-10T18:00:00+00:00,18,1,10,3,0,0,0,0,0,0,6,0.0,4,6,0.4,8584,11000,0.7804,30.3,0.0,0,0,0,0,0,0,30.6,11.8,0.0,0.0,0.76,0.4,42343,True
2026-03-10T19:00:00+00:00,19,1,10,3,0,0,0,0,0,0,6,0.0,4,6,0.4,8584,11000,0.7804,30.3,0.0,0,0,0,0,0,0,29.3,11.6,0.0,0.0,0.89,0.4,42343,True
2026-03-10T20:00:00+00:00,20,1,10,3,0,0,0,0,0,0,6,0.0,4,6,0.4,8584,11000,0.7804,30.3,0.0,0,0,0,0,0,0,29.2,16.4,0.0,0.0,1.56,0.0,42343,True
2026-03-10T21:00:00+00:00,21,1,10,3,0,0,0,0,0,0,6,0.0,4,6,0.4,8584,11000,0.7804,30.3,0.0,0,0,0,0,0,0,28.4,16.2,0.0,0.0,2.28,0.0,42343,True
2026-03-10T22:00:00+00:00,22,1,10,3,0,0,0,0,0,0,6,0.0,4,6,0.4,8584,11000,0.7804,30.3,0.0,0,0,0,0,0,0,27.9,10.7,0.0,0.0,2.9,0.0,42343,True
2026-03-10T23:00:00+00:00,23,1,10,3,0,0,0,0,0,0,6,0.0,4,6,0.4,8584,11000,0.7804,30.3,0.0,0,0,0,0,0,0,26.3,12.4,0.0,0.0,3.02,0.0,42343,True
2026-03-11T00:00:00+00:00,0,2,11,3,0,0,0,0,0,0,6,0.0,4,6,0.4,8584,11000,0.7804,30.3,0.0,0,0,0,0,0,0,24.8,12.1,0.0,0.0,2.93,0.0,42343,True
2026-03-11T01:00:00+00:00,1,2,11,3,0,0,0,0,0,0,6,0.0,4,6,0.4,8584,11000,0.7804,30.3,0.0,0,0,0,0,0,0,24.4,11.4,0.0,0.0,2.57,0.0,42343,True
2026-03-11T02:00:00+00:00,2,2,11,3,0,0,0,0,0,0,6,0.0,4,6,0.4,8584,11000,0.7804,30.3,0.0,0,0,0,0,0,0,25.3,13.0,0.0,0.0,2.16,0.0,42343,True
2026-03-11T03:00:00+00:00,3,2,11,3,0,0,0,0,0,0,6,0.0,4,6,0.4,8584,11000,0.7804,30.3,0.0,0,0,0,0,0,0,24.4,9.3,0.0,0.0,1.84,0.0,42343,True
2026-03-11T04:00:00+00:00,4,2,11,3,0,0,0,0,0,0,6,0.0,4,6,0.4,8584,11000,0.7804,30.3,0.0,0,0,0,0,0,0,25.0,10.4,0.0,0.0,1.39,0.2,42343,True
2026-03-11T05:00:00+00:00,5,2,11,3,0,0,0,0,0,0,6,0.0,4,6,0.4,8584,11000,0.7804,30.3,0.0,0,0,0,0,0,0,25.8,6.0,0.0,0.0,1.02,0.2,42343,True
2026-03-11T06:00:00+00:00,6,2,11,3,0,0,0,0,0,0,6,0.0,4,6,0.4,8584,11000,0.7804,30.3,0.0,0,0,0,0,0,0,25.4,9.7,0.0,0.0,0.81,0.4,42343,True
2026-03-11T07:00:00+00:00,7,2,11,3,0,0,0,0,0,0,6,0.0,4,6,0.4,8584,11000,0.7804,30.3,0.0,0,0,0,0,0,0,26.8,7.1,0.0,0.0,0.81,0.4,42343,True
2026-03-11T08:00:00+00:00,8,2,11,3,0,0,0,0,0,0,6,0.0,4,6,0.4,8584,11000,0.7804,30.3,0.0,0,0,0,0,0,0,27.9,15.6,7.1,0.2,1.27,0.2,42343,True
2026-03-11T09:00:00+00:00,9,2,11,3,0,0,0,0,0,0,6,0.0,4,6,0.4,8584,11000,0.7804,30.3,0.0,0,0,0,0,0,0,27.3,6.9,0.0,0.0,1.92,0.0,42343,True
2026-03-11T10:00:00+00:00,10,2,11,3,0,0,0,0,0,0,6,0.0,4,6,0.4,8584,11000,0.7804,30.3,0.0,0,0,0,0,0,0,28.5,6.8,0.0,0.0,2.63,0.0,42343,True
2026-03-11T11:00:00+00:00,11,2,11,3,0,0,0,0,0,0,6,0.0,4,6,0.4,8584,11000,0.7804,30.3,0.0,0,0,0,0,0,0,30.3,8.9,0.0,0.0,3.06,0.0,42343,True
2026-03-11T12:00:00+00:00,12,2,11,3,0,0,0,0,0,0,6,0.0,4,6,0.4,8584,11000,0.7804,30.3,0.0,0,0,0,0,0,0,30.2,10.6,0.0,0.0,2.96,0.0,42343,True
2026-03-11T13:00:00+00:00,13,2,11,3,0,0,0,0,0,0,6,0.0,4,6,0.4,8584,11000,0.7804,30.3,0.0,0,0,0,0,0,0,31.3,9.5,0.0,0.0,2.69,0.0,42343,True
2026-03-11T14:00:00+00:00,14,2,11,3,0,0,0,0,0,0,6,0.0,4,6,0.4,8584,11000,0.7804,30.3,0.0,0,0,0,0,0,0,31.9,13.9,0.0,0.0,2.33,0.0,42343,True
2026-03-11T15:00:00+00:00,15,2,11,3,0,0,0,0,0,0,6,0.0,4,6,0.4,8584,11000,0.7804,30.3,0.0,0,0,0,0,0,0,32.2,11.5,0.0,0.0,1.94,0.0,42343,True
2026-03-11T16:00:00+00:00,16,2,11,3,0,0,0,0,0,0,6,0.0,4,6,0.4,8584,11000,0.7804,30.3,0.0,0,0,0,0,0,0,31.6,12.2,0.0,0.0,1.6,0.0,42343,True
2026-03-11T17:00:00+00:00,17,2,11,3,0,0,0,0,0,0,6,0.0,4,6,0.4,8584,11000,0.7804,30.3,0.0,0,0,0,0,0,0,31.4,16.9,0.0,0.0,1.24,0.2,42343,True
2026-03-11T18:00:00+00:00,18,2,11,3,0,0,0,0,0,0,6,0.0,4,6,0.4,8584,11000,0.7804,30.3,0.0,0,0,0,0,0,0,30.4,15.7,0.0,0.0,0.85,0.4,42343,True
2026-03-11T19:00:00+00:00,19,2,11,3,0,0,0,0,0,0,6,0.0,4,6,0.4,8584,11000,0.7804,30.3,0.0,0,0,0,0,0,0,29.0,15.0,0.0,0.0,0.76,0.4,42343,True
2026-03-11T20:00:00+00:00,20,2,11,3,0,0,0,0,0,0,6,0.0,4,6,0.4,8584,11000,0.7804,30.3,0.0,0,0,0,0,0,0,29.1,13.3,0.0,0.0,0.98,0.4,42343,True
2026-03-11T21:00:00+00:00,21,2,11,3,0,0,0,0,0,0,6,0.0,4,6,0.4,8584,11000,0.7804,30.3,0.0,0,0,0,0,0,0,27.1,13.3,0.0,0.0,1.65,0.0,42343,True
2026-03-11T22:00:00+00:00,22,2,11,3,0,0,0,0,0,0,6,0.0,4,6,0.4,8584,11000,0.7804,30.3,0.0,0,0,0,0,0,0,27.8,10.5,0.0,0.0,2.42,0.0,42343,True
2026-03-11T23:00:00+00:00,23,2,11,3,0,0,0,0,0,0,6,0.0,4,6,0.4,8584,11000,0.7804,30.3,0.0,0,0,0,0,0,0,26.7,12.2,0.0,0.0,2.89,0.0,42343,True
2026-03-12T00:00:00+00:00,0,3,12,3,0,0,0,0,0,0,6,0.0,4,6,0.4,8584,11000,0.7804,30.3,0.0,0,0,0,0,0,0,24.7,11.8,0.0,0.0,3.08,0.0,42343,True
2026-03-12T01:00:00+00:00,1,3,12,3,0,0,0,0,0,0,6,0.0,4,6,0.4,8584,11000,0.7804,30.3,0.0,0,0,0,0,0,0,25.5,10.3,0.0,0.0,2.81,0.0,42343,True
2026-03-12T02:00:00+00:00,2,3,12,3,0,0,0,0,0,0,6,0.0,4,6,0.4,8584,11000,0.7804,30.3,0.0,0,0,0,0,0,0,24.6,11.9,0.0,0.0,2.48,0.0,42343,True
2026-03-12T03:00:00+00:00,3,3,12,3,0,0,0,0,0,0,6,0.0,4,6,0.4,8584,11000,0.7804,30.3,0.0,0,0,0,0,0,0,24.9,9.3,0.0,0.0,2.13,0.0,42343,True
2026-03-12T04:00:00+00:00,4,3,12,3,0,0,0,0,0,0,6,0.0,4,6,0.4,8584,11000,0.7804,30.3,0.0,0,0,0,0,0,0,25.3,10.6,0.0,0.0,1.73,0.0,42343,True
2026-03-12T05:00:00+00:00,5,3,12,3,0,0,0,0,0,0,6,0.0,4,6,0.4,8584,11000,0.7804,30.3,0.0,0,0,0,0,0,0,25.7,5.5,0.0,0.0,1.4,0.0,42343,True
2026-03-12T06:00:00+00:00,6,3,12,3,0,0,0,0,0,0,6,0.0,4,6,0.4,8584,11000,0.7804,30.3,0.0,0,0,0,0,0,0,26.1,6.2,0.0,0.0,1.02,0.2,42343,True
2026-03-12T07:00:00+00:00,7,3,12,3,0,0,0,0,0,0,6,0.0,4,6,0.4,8584,11000,0.7804,30.3,0.0,0,0,0,0,0,0,26.7,8.7,0.0,0.0,0.76,0.4,42343,True
2026-03-12T08:00:00+00:00,8,3,12,3,0,0,0,0,0,0,6,0.0,4,6,0.4,8584,11000,0.7804,30.3,0.0,0,0,0,0,0,0,26.2,6.9,0.0,0.0,0.88,0.4,42343,True
2026-03-12T09:00:00+00:00,9,3,12,3,0,0,0,0,0,0,6,0.0,4,6,0.4,8584,11000,0.7804,30.3,0.0,0,0,0,0,0,0,28.8,7.1,0.0,0.0,1.29,0.2,42343,True
2026-03-12T10:00:00+00:00,10,3,12,3,0,0,0,0,0,0,6,0.0,4,6,0.4,8584,11000,0.7804,30.3,0.0,0,0,0,0,0,0,29.4,6.8,0.0,0.0,2.08,0.0,42343,True
2026-03-12T11:00:00+00:00,11,3,12,3,0,0,0,0,0,0,6,0.0,4,6,0.4,8584,11000,0.7804,30.3,0.0,0,0,0,0,0,0,28.8,12.7,0.0,0.0,2.73,0.0,42343,True
2026-03-12T12:00:00+00:00,12,3,12,3,0,0,0,0,0,0,6,0.0,4,6,0.4,8584,11000,0.7804,30.3,0.0,0,0,0,0,0,0,30.8,11.2,0.0,0.0,3.02,0.0,42343,True
2026-03-12T13:00:00+00:00,13,3,12,3,0,0,0,0,0,0,6,0.0,4,6,0.4,8584,11000,0.7804,30.3,0.0,0,0,0,0,0,0,31.1,13.8,0.0,0.0,2.94,0.0,42343,True
2026-03-12T14:00:00+00:00,14,3,12,3,0,0,0,0,0,0,6,0.0,4,6,0.4,8584,11000,0.7804,30.3,0.0,0,0,0,0,0,0,31.4,9.8,0.0,0.0,2.63,0.0,42343,True
2026-03-12T15:00:00+00:00,15,3,12,3,0,0,0,0,0,0,6,0.0,4,6,0.4,8584,11000,0.7804,30.3,0.0,0,0,0,0,0,0,31.8,13.2,0.0,0.0,2.29,0.0,42343,True
2026-03-12T16:00:00+00:00,16,3,12,3,0,0,0,0,0,0,6,0.0,4,6,0.4,8584,11000,0.7804,30.3,0.0,0,0,0,0,0,0,31.0,12.3,0.0,0.0,1.93,0.0,42343,True
2026-03-12T17:00:00+00:00,17,3,12,3,0,0,0,0,0,0,6,0.0,4,6,0.4,8584,11000,0.7804,30.3,0.0,0,0,0,0,0,0,31.1,21.0,5.9,0.2,1.52,0.0,42343,True
2026-03-12T18:00:00+00:00,18,3,12,3,0,0,0,0,0,0,6,0.0,4,6,0.4,8584,11000,0.7804,30.3,0.0,0,0,0,0,0,0,29.8,16.4,0.0,0.0,1.18,0.2,42343,True
2026-03-12T19:00:00+00:00,19,3,12,3,0,0,0,0,0,0,6,0.0,4,6,0.4,8584,11000,0.7804,30.3,0.0,0,0,0,0,0,0,28.9,16.2,0.0,0.0,0.85,0.4,42343,True
2026-03-12T20:00:00+00:00,20,3,12,3,0,0,0,0,0,0,6,0.0,4,6,0.4,8584,11000,0.7804,30.3,0.0,0,0,0,0,0,0,29.5,13.5,0.0,0.0,0.73,0.4,42343,True
2026-03-12T21:00:00+00:00,21,3,12,3,0,0,0,0,0,0,6,0.0,4,6,0.4,8584,11000,0.7804,30.3,0.0,0,0,0,0,0,0,28.1,14.9,0.0,0.0,1.12,0.2,42343,True
2026-03-12T22:00:00+00:00,22,3,12,3,0,0,0,0,0,0,6,0.0,4,6,0.4,8584,11000,0.7804,30.3,0.0,0,0,0,0,0,0,27.5,16.4,0.0,0.0,1.75,0.0,42343,True
2026-03-12T23:00:00+00:00,23,3,12,3,0,0,0,0,0,0,6,0.0,4,6,0.4,8584,11000,0.7804,30.3,0.0,0,0,0,0,0,0,26.2,12.3,0.0,0.0,2.48,0.0,42343,True
2026-03-13T00:00:00+00:00,0,4,13,3,0,0,0,0,0,0,6,0.0,4,6,0.4,8584,11000,0.7804,30.3,0.0,0,0,0,0,0,0,25.4,14.8,2.5,0.2,2.93,0.0,42343,True
2026-03-13T01:00:00+00:00,1,4,13,3,0,0,0,0,0,0,6,0.0,4,6,0.4,8584,11000,0.7804,30.3,0.0,0,0,0,0,0,0,24.1,19.9,3.4,0.2,3.09,0.0,42343,True
2026-03-13T02:00:00+00:00,2,4,13,3,0,0,0,0,0,0,6,0.0,4,6,0.4,8584,11000,0.7804,30.3,0.0,0,0,0,0,0,0,23.7,11.1,0.0,0.0,2.77,0.0,42343,True
2026-03-13T03:00:00+00:00,3,4,13,3,0,0,0,0,0,0,6,0.0,4,6,0.4,8584,11000,0.7804,30.3,0.0,0,0,0,0,0,0,23.7,15.3,6.6,0.2,2.42,0.0,42343,True
2026-03-13T04:00:00+00:00,4,4,13,3,0,0,0,0,0,0,6,0.0,4,6,0.4,8584,11000,0.7804,30.3,0.0,0,0,0,0,0,0,23.8,7.3,0.0,0.0,2.06,0.0,42343,True
2026-03-13T05:00:00+00:00,5,4,13,3,0,0,0,0,0,0,6,0.0,4,6,0.4,8584,11000,0.7804,30.3,0.0,0,0,0,0,0,0,25.8,8.0,0.0,0.0,1.64,0.0,42343,True
2026-03-13T06:00:00+00:00,6,4,13,3,0,0,0,0,0,0,6,0.0,4,6,0.4,8584,11000,0.7804,30.3,0.0,0,0,0,0,0,0,25.2,7.7,0.0,0.0,1.32,0.2,42343,True
2026-03-13T07:00:00+00:00,7,4,13,3,0,0,0,0,0,0,6,0.0,4,6,0.4,8584,11000,0.7804,30.3,0.0,0,0,0,0,0,0,26.1,5.6,0.0,0.0,0.91,0.4,42343,True
2026-03-13T08:00:00+00:00,8,4,13,3,0,0,0,0,0,0,6,0.0,4,6,0.4,8584,11000,0.7804,30.3,0.0,0,0,0,0,0,0,27.7,10.2,0.0,0.0,0.74,0.4,42343,True
2026-03-13T09:00:00+00:00,9,4,13,3,0,0,0,0,0,0,6,0.0,4,6,0.4,8584,11000,0.7804,30.3,0.0,0,0,0,0,0,0,28.5,11.8,0.0,0.0,0.94,0.4,42343,True
2026-03-13T10:00:00+00:00,10,4,13,3,0,0,0,0,0,0,6,0.0,4,6,0.4,8584,11000,0.7804,30.3,0.0,0,0,0,0,0,0,28.1,11.7,0.0,0.0,1.48,0.0,42343,True
2026-03-13T11:00:00+00:00,11,4,13,3,0,0,0,0,0,0,6,0.0,4,6,0.4,8584,11000,0.7804,30.3,0.0,0,0,0,0,0,0,30.3,11.0,0.0,0.0,2.22,0.0,42343,True
2026-03-13T12:00:00+00:00,12,4,13,3,0,0,0,0,0,0,6,0.0,4,6,0.4,8584,11000,0.7804,30.3,0.0,0,0,0,0,0,0,30.5,11.2,0.0,0.0,2.77,0.0,42343,True
2026-03-13T13:00:00+00:00,13,4,13,3,0,0,0,0,0,0,6,0.0,4,6,0.4,8584,11000,0.7804,30.3,0.0,0,0,0,0,0,0,31.1,14.0,0.0,0.0,3.05,0.0,42343,True
2026-03-13T14:00:00+00:00,14,4,13,3,0,0,0,0,0,0,6,0.0,4,6,0.4,8584,11000,0.7804,30.3,0.0,0,0,0,0,0,0,31.8,11.0,0.0,0.0,2.98,0.0,42343,True
2026-03-13T15:00:00+00:00,15,4,13,3,0,0,0,0,0,0,6,0.0,4,6,0.4,8584,11000,0.7804,30.3,0.0,0,0,0,0,0,0,32.4,14.8,0.0,0.0,2.61,0.0,42343,True
2026-03-13T16:00:00+00:00,16,4,13,3,0,0,0,0,0,0,6,0.0,4,6,0.4,8584,11000,0.7804,30.3,0.0,0,0,0,0,0,0,32.0,16.8,0.0,0.0,2.19,0.0,42343,True
2026-03-13T17:00:00+00:00,17,4,13,3,0,0,0,0,0,0,6,0.0,4,6,0.4,8584,11000,0.7804,30.3,0.0,0,0,0,0,0,0,31.5,10.9,0.0,0.0,1.89,0.0,42343,True
2026-03-13T18:00:00+00:00,18,4,13,3,0,0,0,0,0,0,6,0.0,4,6,0.4,8584,11000,0.7804,30.3,0.0,0,0,0,0,0,0,31.1,13.9,0.0,0.0,1.43,0.0,42343,True
2026-03-13T19:00:00+00:00,19,4,13,3,0,0,0,0,0,0,6,0.0,4,6,0.4,8584,11000,0.7804,30.3,0.0,0,0,0,0,0,0,30.0,11.6,0.0,0.0,1.1,0.2,42343,True
2026-03-13T20:00:00+00:00,20,4,13,3,0,0,0,0,0,0,6,0.0,4,6,0.4,8584,11000,0.7804,30.3,0.0,0,0,0,0,0,0,28.1,13.4,0.0,0.0,0.75,0.4,42343,True
2026-03-13T21:00:00+00:00,21,4,13,3,0,0,0,0,0,0,6,0.0,4,6,0.4,8584,11000,0.7804,30.3,0.0,0,0,0,0,0,0,28.8,13.0,0.0,0.0,0.79,0.4,42343,True
2026-03-13T22:00:00+00:00,22,4,13,3,0,0,0,0,0,0,6,0.0,4,6,0.4,8584,11000,0.7804,30.3,0.0,0,0,0,0,0,0,26.9,12.1,0.0,0.0,1.17,0.2,42343,True
2026-03-13T23:00:00+00:00,23,4,13,3,0,0,0,0,0,0,6,0.0,4,6,0.4,8584,11000,0.7804,30.3,0.0,0,0,0,0,0,0,26.3,17.2,5.4,0.2,1.82,0.0,42343,True
2026-03-14T00:00:00+00:00,0,5,14,3,1,0,0,0,0,0,6,0.0,4,6,0.4,8584,11000,0.7804,30.3,0.0,0,0,0,0,0,0,25.1,9.5,0.0,0.0,2.55,0.0,42343,True
2026-03-14T01:00:00+00:00,1,5,14,3,1,0,0,0,0,0,6,0.0,4,6,0.4,8584,11000,0.7804,30.3,0.0,0,0,0,0,0,0,24.4,12.3,0.0,0.0,2.98,0.0,42343,True
2026-03-14T02:00:00+00:00,2,5,14,3,1,0,0,0,0,0,6,0.0,4,6,0.4,8584,11000,0.7804,30.3,0.0,0,0,0,0,0,0,24.3,13.3,0.0,0.0,3.06,0.0,42343,True
2026-03-14T03:00:00+00:00,3,5,14,3,1,0,0,0,0,0,6,0.0,4,6,0.4,8584,11000,0.7804,30.3,0.0,0,0,0,0,0,0,25.4,12.8,0.0,0.0,2.77,0.0,42343,True
2026-03-14T04:00:00+00:00,4,5,14,3,1,0,0,0,0,0,6,0.0,4,6,0.4,8584,11000,0.7804,30.3,0.0,0,0,0,0,0,0,24.0,11.9,0.0,0.0,2.33,0.0,42343,True
2026-03-14T05:00:00+00:00,5,5,14,3,1,0,0,0,0,0,6,0.0,4,6,0.4,8584,11000,0.7804,30.3,0.0,0,0,0,0,0,0,24.5,5.4,0.0,0.0,1.99,0.0,42343,True
2026-03-14T06:00:00+00:00,6,5,14,3,1,0,0,0,0,0,6,0.0,4,6,0.4,8584,11000,0.7804,30.3,0.0,0,0,0,0,0,0,26.4,6.0,0.0,0.0,1.64,0.0,42343,True
2026-03-14T07:00:00+00:00,7,5,14,3,1,0,0,0,0,0,6,0.0,4,6,0.4,8584,11000,0.7804,30.3,0.0,0,0,0,0,0,0,25.6,8.7,0.0,0.0,1.22,0.2,42343,True
2026-03-14T08:00:00+00:00,8,5,14,3,1,0,0,0,0,0,6,0.0,4,6,0.4,8584,11000,0.7804,30.3,0.0,0,0,0,0,0,0,26.5,6.0,0.0,0.0,0.91,0.4,42343,True
2026-03-14T09:00:00+00:00,9,5,14,3,1,0,0,0,0,0,6,0.0,4,6,0.4,8584,11000,0.7804,30.3,0.0,0,0,0,0,0,0,28.5,12.5,0.0,0.0,0.71,0.4,42343,True
2026-03-14T10:00:00+00:00,10,5,14,3,1,0,0,0,0,0,6,0.0,4,6,0.4,8584,11000,0.7804,30.3,0.0,0,0,0,0,0,0,28.9,11.2,0.0,0.0,1.0,0.2,42343,True
2026-03-14T11:00:00+00:00,11,5,14,3,1,0,0,0,0,0,6,0.0,4,6,0.4,8584,11000,0.7804,30.3,0.0,0,0,0,0,0,0,30.4,10.9,0.0,0.0,1.59,0.0,42343,True
2026-03-14T12:00:00+00:00,12,5,14,3,1,0,0,0,0,0,6,0.0,4,6,0.4,8584,11000,0.7804,30.3,0.0,0,0,0,0,0,0,31.3,12.1,0.0,0.0,2.27,0.0,42343,True
2026-03-14T13:00:00+00:00,13,5,14,3,1,0,0,0,0,0,6,0.0,4,6,0.4,8584,11000,0.7804,30.3,0.0,0,0,0,0,0,0,30.7,15.3,0.0,0.0,2.92,0.0,42343,True
2026-03-14T14:00:00+00:00,14,5,14,3,1,0,0,0,0,0,6,0.0,4,6,0.4,8584,11000,0.7804,30.3,0.0,0,0,0,0,0,0,30.6,13.3,0.0,0.0,3.07,0.0,42343,True
2026-03-14T15:00:00+00:00,15,5,14,3,1,0,0,0,0,0,6,0.0,4,6,0.4,8584,11000,0.7804,30.3,0.0,0,0,0,0,0,0,31.3,13.7,0.0,0.0,2.84,0.0,42343,True
2026-03-14T16:00:00+00:00,16,5,14,3,1,0,0,0,0,0,6,0.0,4,6,0.4,8584,11000,0.7804,30.3,0.0,0,0,0,0,0,0,31.7,17.6,0.0,0.0,2.54,0.0,42343,True
2026-03-14T17:00:00+00:00,17,5,14,3,1,0,0,0,0,0,6,0.0,4,6,0.4,8584,11000,0.7804,30.3,0.0,0,0,0,0,0,0,30.2,12.4,0.0,0.0,2.13,0.0,42343,True
2026-03-14T18:00:00+00:00,18,5,14,3,1,0,0,0,0,0,6,0.0,4,6,0.4,8584,11000,0.7804,30.3,0.0,0,0,0,0,0,0,31.2,13.2,0.0,0.0,1.78,0.0,42343,True
2026-03-14T19:00:00+00:00,19,5,14,3,1,0,0,0,0,0,6,0.0,4,6,0.4,8584,11000,0.7804,30.3,0.0,0,0,0,0,0,0,29.6,16.7,0.0,0.0,1.41,0.0,42343,True
2026-03-14T20:00:00+00:00,20,5,14,3,1,0,0,0,0,0,6,0.0,4,6,0.4,8584,11000,0.7804,30.3,0.0,0,0,0,0,0,0,29.8,16.4,0.0,0.0,1.02,0.2,42343,True
2026-03-14T21:00:00+00:00,21,5,14,3,1,0,0,0,0,0,6,0.0,4,6,0.4,8584,11000,0.7804,30.3,0.0,0,0,0,0,0,0,28.7,13.0,0.0,0.0,0.8,0.4,42343,True
2026-03-14T22:00:00+00:00,22,5,14,3,1,0,0,0,0,0,6,0.0,4,6,0.4,8584,11000,0.7804,30.3,0.0,0,0,0,0,0,0,26.9,12.9,0.0,0.0,0.79,0.4,42343,True
2026-03-14T23:00:00+00:00,23,5,14,3,1,0,0,0,0,0,6,0.0,4,6,0.4,8584,11000,0.7804,30.3,0.0,0,0,0,0,0,0,26.4,15.0,0.0,0.0,1.26,0.2,42343,True
2026-03-15T00:00:00+00:00,0,6,15,3,1,0,0,0,0,0,6,0.0,4,6,0.4,8584,11000,0.7804,30.3,0.0,0,0,0,0,0,0,25.7,12.1,0.0,0.0,1.99,0.0,42343,True
2026-03-15T01:00:00+00:00,1,6,15,3,1,0,0,0,0,0,6,0.0,4,6,0.4,8584,11000,0.7804,30.3,0.0,0,0,0,0,0,0,25.9,20.9,17.7,0.5,2.69,0.0,42343,True
2026-03-15T02:00:00+00:00,2,6,15,3,1,0,0,0,0,0,6,0.0,4,6,0.4,8584,11000,0.7804,30.3,0.0,0,0,0,0,0,0,25.6,8.9,0.0,0.0,2.99,0.0,42343,True
2026-03-15T03:00:00+00:00,3,6,15,3,1,0,0,0,0,0,6,0.0,4,6,0.4,8584,11000,0.7804,30.3,0.0,0,0,0,0,0,0,23.7,7.4,0.0,0.0,2.97,0.0,42343,True
2026-03-15T04:00:00+00:00,4,6,15,3,1,0,0,0,0,0,6,0.0,4,6,0.4,8584,11000,0.7804,30.3,0.0,0,0,0,0,0,0,25.5,11.0,0.0,0.0,2.71,0.0,42343,True
2026-03-15T05:00:00+00:00,5,6,15,3,1,0,0,0,0,0,6,0.0,4,6,0.4,8584,11000,0.7804,30.3,0.0,0,0,0,0,0,0,25.7,7.4,0.0,0.0,2.26,0.0,42343,True
2026-03-15T06:00:00+00:00,6,6,15,3,1,0,0,0,0,0,6,0.0,4,6,0.4,8584,11000,0.7804,30.3,0.0,0,0,0,0,0,0,24.6,9.8,0.0,0.0,1.92,0.0,42343,True
2026-03-15T07:00:00+00:00,7,6,15,3,1,0,0,0,0,0,6,0.0,4,6,0.4,8584,11000,0.7804,30.3,0.0,0,0,0,0,0,0,26.6,9.3,0.0,0.0,1.53,0.0,42343,True
2026-03-15T08:00:00+00:00,8,6,15,3,1,0,0,0,0,0,6,0.0,4,6,0.4,8584,11000,0.7804,30.3,0.0,0,0,0,0,0,0,27.6,8.9,0.0,0.0,1.17,0.2,42343,True
2026-03-15T09:00:00+00:00,9,6,15,3,1,0,0,0,0,0,6,0.0,4,6,0.4,8584,11000,0.7804,30.3,0.0,0,0,0,0,0,0,28.9,12.0,0.0,0.0,0.88,0.4,42343,True
2026-03-15T10:00:00+00:00,10,6,15,3,1,0,0,0,0,0,6,0.0,4,6,0.4,8584,11000,0.7804,30.3,0.0,0,0,0,0,0,0,29.0,12.3,0.0,0.0,0.75,0.4,42343,True
2026-03-15T11:00:00+00:00,11,6,15,3,1,0,0,0,0,0,6,0.0,4,6,0.4,8584,11000,0.7804,30.3,0.0,0,0,0,0,0,0,30.7,8.7,0.0,0.0,1.03,0.2,42343,True
2026-03-15T12:00:00+00:00,12,6,15,3,1,0,0,0,0,0,6,0.0,4,6,0.4,8584,11000,0.7804,30.3,0.0,0,0,0,0,0,0,30.1,14.7,0.0,0.0,1.63,0.0,42343,True
2026-03-15T13:00:00+00:00,13,6,15,3,1,0,0,0,0,0,6,0.0,4,6,0.4,8584,11000,0.7804,30.3,0.0,0,0,0,0,0,0,30.6,14.6,0.0,0.0,2.39,0.0,42343,True
2026-03-15T14:00:00+00:00,14,6,15,3,1,0,0,0,0,0,6,0.0,4,6,0.4,8584,11000,0.7804,30.3,0.0,0,0,0,0,0,0,31.5,15.6,0.0,0.0,2.93,0.0,42343,True
2026-03-15T15:00:00+00:00,15,6,15,3,1,0,0,0,0,0,6,0.0,4,6,0.4,8584,11000,0.7804,30.3,0.0,0,0,0,0,0,0,32.3,15.9,0.0,0.0,3.01,0.0,42343,True
2026-03-15T16:00:00+00:00,16,6,15,3,1,0,0,0,0,0,6,0.0,4,6,0.4,8584,11000,0.7804,30.3,0.0,0,0,0,0,0,0,32.2,16.9,0.0,0.0,2.8,0.0,42343,True
2026-03-15T17:00:00+00:00,17,6,15,3,1,0,0,0,0,0,6,0.0,4,6,0.4,8584,11000,0.7804,30.3,0.0,0,0,0,0,0,0,30.4,12.2,0.0,0.0,2.49,0.0,42343,True
2026-03-15T18:00:00+00:00,18,6,15,3,1,0,0,0,0,0,6,0.0,4,6,0.4,8584,11000,0.7804,30.3,0.0,0,0,0,0,0,0,30.6,12.6,0.0,0.0,2.06,0.0,42343,True
2026-03-15T19:00:00+00:00,19,6,15,3,1,0,0,0,0,0,6,0.0,4,6,0.4,8584,11000,0.7804,30.3,0.0,0,0,0,0,0,0,28.9,12.4,0.0,0.0,1.76,0.0,42343,True
2026-03-15T20:00:00+00:00,20,6,15,3,1,0,0,0,0,0,6,0.0,4,6,0.4,8584,11000,0.7804,30.3,0.0,0,0,0,0,0,0,28.4,12.8,0.0,0.0,1.33,0.2,42343,True
2026-03-15T21:00:00+00:00,21,6,15,3,1,0,0,0,0,0,6,0.0,4,6,0.4,8584,11000,0.7804,30.3,0.0,0,0,0,0,0,0,27.5,16.4,0.0,0.0,0.94,0.4,42343,True
2026-03-15T22:00:00+00:00,22,6,15,3,1,0,0,0,0,0,6,0.0,4,6,0.4,8584,11000,0.7804,30.3,0.0,0,0,0,0,0,0,27.1,14.7,0.0,0.0,0.71,0.4,42343,True
2026-03-15T23:00:00+00:00,23,6,15,3,1,0,0,0,0,0,6,0.0,4,6,0.4,8584,11000,0.7804,30.3,0.0,0,0,0,0,0,0,26.6,11.8,0.0,0.0,0.84,0.4,42343,True
2026-03-16T00:00:00+00:00,0,0,16,3,0,0,0,0,0,0,6,0.0,4,6,0.4,8584,11000,0.7804,30.3,0.0,0,0,0,0,0,0,26.1,11.8,0.0,0.0,1.35,0.2,42343,True
2026-03-16T01:00:00+00:00,1,0,16,3,0,0,0,0,0,0,6,0.0,4,6,0.4,8584,11000,0.7804,30.3,0.0,0,0,0,0,0,0,25.4,11.2,0.0,0.0,2.1,0.0,42343,True
2026-03-16T02:00:00+00:00,2,0,16,3,0,0,0,0,0,0,6,0.0,4,6,0.4,8584,11000,0.7804,30.3,0.0,0,0,0,0,0,0,24.0,7.3,0.0,0.0,2.71,0.0,42343,True
2026-03-16T03:00:00+00:00,3,0,16,3,0,0,0,0,0,0,6,0.0,4,6,0.4,8584,11000,0.7804,30.3,0.0,0,0,0,0,0,0,23.9,10.4,0.0,0.0,3.05,0.0,42343,True
2026-03-16T04:00:00+00:00,4,0,16,3,0,0,0,0,0,0,6,0.0,4,6,0.4,8584,11000,0.7804,30.3,0.0,0,0,0,0,0,0,24.4,5.9,0.0,0.0,2.95,0.0,42343,True
2026-03-16T05:00:00+00:00,5,0,16,3,0,0,0,0,0,0,6,0.0,4,6,0.4,8584,11000,0.7804,30.3,0.0,0,0,0,0,0,0,25.2,6.4,0.0,0.0,2.59,0.0,42343,True
2026-03-16T06:00:00+00:00,6,0,16,3,0,0,0,0,0,0,6,0.0,4,6,0.4,8584,11000,0.7804,30.3,0.0,0,0,0,0,0,0,25.9,5.8,0.0,0.0,2.23,0.0,42343,True
2026-03-16T07:00:00+00:00,7,0,16,3,0,0,0,0,0,0,6,0.0,4,6,0.4,8584,11000,0.7804,30.3,0.0,0,0,0,0,0,0,27.2,10.0,0.0,0.0,1.83,0.0,42343,True
2026-03-16T08:00:00+00:00,8,0,16,3,0,0,0,0,0,0,6,0.0,4,6,0.4,8584,11000,0.7804,30.3,0.0,0,0,0,0,0,0,26.4,6.6,0.0,0.0,1.48,0.0,42343,True
2026-03-16T09:00:00+00:00,9,0,16,3,0,0,0,0,0,0,6,0.0,4,6,0.4,8584,11000,0.7804,30.3,0.0,0,0,0,0,0,0,28.4,9.6,0.0,0.0,1.11,0.2,42343,True
2026-03-16T10:00:00+00:00,10,0,16,3,0,0,0,0,0,0,6,0.0,4,6,0.4,8584,11000,0.7804,30.3,0.0,0,0,0,0,0,0,29.5,6.9,0.0,0.0,0.77,0.4,42343,True
2026-03-16T11:00:00+00:00,11,0,16,3,0,0,0,0,0,0,6,0.0,4,6,0.4,8584,11000,0.7804,30.3,0.0,0,0,0,0,0,0,30.2,10.3,0.0,0.0,0.77,0.4,42343,True
2026-03-16T12:00:00+00:00,12,0,16,3,0,0,0,0,0,0,6,0.0,4,6,0.4,8584,11000,0.7804,30.3,0.0,0,0,0,0,0,0,31.3,8.7,0.0,0.0,1.11,0.2,42343,True
2026-03-16T13:00:00+00:00,13,0,16,3,0,0,0,0,0,0,6,0.0,4,6,0.4,8584,11000,0.7804,30.3,0.0,0,0,0,0,0,0,30.4,14.1,0.0,0.0,1.82,0.0,42343,True
2026-03-16T14:00:00+00:00,14,0,16,3,0,0,0,0,0,0,6,0.0,4,6,0.4,8584,11000,0.7804,30.3,0.0,0,0,0,0,0,0,30.7,30.6,12.9,0.5,2.54,0.0,42343,True
2026-03-16T15:00:00+00:00,15,0,16,3,0,0,0,0,0,0,6,0.0,4,6,0.4,8584,11000,0.7804,30.3,0.0,0,0,0,0,0,0,31.9,12.3,0.0,0.0,2.96,0.0,42343,True
2026-03-16T16:00:00+00:00,16,0,16,3,0,0,0,0,0,0,6,0.0,4,6,0.4,8584,11000,0.7804,30.3,0.0,0,0,0,0,0,0,32.3,11.4,0.0,0.0,3.06,0.0,42343,True
2026-03-16T17:00:00+00:00,17,0,16,3,0,0,0,0,0,0,6,0.0,4,6,0.4,8584,11000,0.7804,30.3,0.0,0,0,0,0,0,0,30.2,13.3,0.0,0.0,2.76,0.0,42343,True
2026-03-16T18:00:00+00:00,18,0,16,3,0,0,0,0,0,0,6,0.0,4,6,0.4,8584,11000,0.7804,30.3,0.0,0,0,0,0,0,0,31.1,13.0,0.0,0.0,2.45,0.0,42343,True
2026-03-16T19:00:00+00:00,19,0,16,3,0,0,0,0,0,0,6,0.0,4,6,0.4,8584,11000,0.7804,30.3,0.0,0,0,0,0,0,0,30.0,15.2,0.0,0.0,2.07,0.0,42343,True
2026-03-16T20:00:00+00:00,20,0,16,3,0,0,0,0,0,0,6,0.0,4,6,0.4,8584,11000,0.7804,30.3,0.0,0,0,0,0,0,0,28.0,12.8,0.0,0.0,1.63,0.0,42343,True
2026-03-16T21:00:00+00:00,21,0,16,3,0,0,0,0,0,0,6,0.0,4,6,0.4,8584,11000,0.7804,30.3,0.0,0,0,0,0,0,0,27.6,10.8,0.0,0.0,1.27,0.2,42343,True
2026-03-16T22:00:00+00:00,22,0,16,3,0,0,0,0,0,0,6,0.0,4,6,0.4,8584,11000,0.7804,30.3,0.0,0,0,0,0,0,0,27.9,10.8,0.0,0.0,0.96,0.4,42343,True
2026-03-16T23:00:00+00:00,23,0,16,3,0,0,0,0,0,0,6,0.0,4,6,0.4,8584,11000,0.7804,30.3,0.0,0,0,0,0,0,0,26.9,9.3,0.0,0.0,0.72,0.4,42343,True
2026-03-17T00:00:00+00:00,0,1,17,3,0,0,0,0,0,0,6,0.0,4,6,0.4,8584,11000,0.7804,30.3,0.0,0,0,0,0,0,0,25.2,9.9,0.0,0.0,0.94,0.4,42343,True
2026-03-17T01:00:00+00:00,1,1,17,3,0,0,0,0,0,0,6,0.0,4,6,0.4,8584,11000,0.7804,30.3,0.0,0,0,0,0,0,0,24.3,11.7,0.0,0.0,1.53,0.0,42343,True
2026-03-17T02:00:00+00:00,2,1,17,3,0,0,0,0,0,0,6,0.0,4,6,0.4,8584,11000,0.7804,30.3,0.0,0,0,0,0,0,0,25.0,9.5,0.0,0.0,2.27,0.0,42343,True
2026-03-17T03:00:00+00:00,3,1,17,3,0,0,0,0,0,0,6,0.0,4,6,0.4,8584,11000,0.7804,30.3,0.0,0,0,0,0,0,0,24.7,11.3,0.0,0.0,2.88,0.0,42343,True
2026-03-17T04:00:00+00:00,4,1,17,3,0,0,0,0,0,0,6,0.0,4,6,0.4,8584,11000,0.7804,30.3,0.0,0,0,0,0,0,0,24.7,6.1,0.0,0.0,3.11,0.0,42343,True
2026-03-17T05:00:00+00:00,5,1,17,3,0,0,0,0,0,0,6,0.0,4,6,0.4,8584,11000,0.7804,30.3,0.0,0,0,0,0,0,0,25.2,8.9,0.0,0.0,2.92,0.0,42343,True
2026-03-17T06:00:00+00:00,6,1,17,3,0,0,0,0,0,0,6,0.0,4,6,0.4,8584,11000,0.7804,30.3,0.0,0,0,0,0,0,0,24.6,9.3,0.0,0.0,2.52,0.0,42343,True
2026-03-17T07:00:00+00:00,7,1,17,3,0,0,0,0,0,0,6,0.0,4,6,0.4,8584,11000,0.7804,30.3,0.0,0,0,0,0,0,0,25.5,9.7,0.0,0.0,2.15,0.0,42343,True
2026-03-17T08:00:00+00:00,8,1,17,3,0,0,0,0,0,0,6,0.0,4,6,0.4,8584,11000,0.7804,30.3,0.0,0,0,0,0,0,0,26.9,10.1,0.0,0.0,1.77,0.0,42343,True
2026-03-17T09:00:00+00:00,9,1,17,3,0,0,0,0,0,0,6,0.0,4,6,0.4,8584,11000,0.7804,30.3,0.0,0,0,0,0,0,0,27.8,7.3,0.0,0.0,1.43,0.0,42343,True
2026-03-17T10:00:00+00:00,10,1,17,3,0,0,0,0,0,0,6,0.0,4,6,0.4,8584,11000,0.7804,30.3,0.0,0,0,0,0,0,0,29.1,13.2,0.0,0.0,1.09,0.2,42343,True
2026-03-17T11:00:00+00:00,11,1,17,3,0,0,0,0,0,0,6,0.0,4,6,0.4,8584,11000,0.7804,30.3,0.0,0,0,0,0,0,0,29.0,13.9,0.0,0.0,0.75,0.4,42343,True
2026-03-17T12:00:00+00:00,12,1,17,3,0,0,0,0,0,0,6,0.0,4,6,0.4,8584,11000,0.7804,30.3,0.0,0,0,0,0,0,0,30.7,13.1,0.0,0.0,0.81,0.4,42343,True
2026-03-17T13:00:00+00:00,13,1,17,3,0,0,0,0,0,0,6,0.0,4,6,0.4,8584,11000,0.7804,30.3,0.0,0,0,0,0,0,0,30.8,10.8,0.0,0.0,1.19,0.2,42343,True
2026-03-17T14:00:00+00:00,14,1,17,3,0,0,0,0,0,0,6,0.0,4,6,0.4,8584,11000,0.7804,30.3,0.0,0,0,0,0,0,0,30.7,16.1,0.0,0.0,1.9,0.0,42343,True
2026-03-17T15:00:00+00:00,15,1,17,3,0,0,0,0,0,0,6,0.0,4,6,0.4,8584,11000,0.7804,30.3,0.0,0,0,0,0,0,0,31.2,13.3,0.0,0.0,2.62,0.0,42343,True
2026-03-17T16:00:00+00:00,16,1,17,3,0,0,0,0,0,0,6,0.0,4,6,0.4,8584,11000,0.7804,30.3,0.0,0,0,0,0,0,0,30.4,16.6,0.0,0.0,3.03,0.0,42343,True
2026-03-17T17:00:00+00:00,17,1,17,3,0,0,0,0,0,0,6,0.0,4,6,0.4,8584,11000,0.7804,30.3,0.0,0,0,0,0,0,0,31.1,17.2,0.0,0.0,3.04,0.0,42343,True
2026-03-17T18:00:00+00:00,18,1,17,3,0,0,0,0,0,0,6,0.0,4,6,0.4,8584,11000,0.7804,30.3,0.0,0,0,0,0,0,0,30.2,12.9,0.0,0.0,2.68,0.0,42343,True
2026-03-17T19:00:00+00:00,19,1,17,3,0,0,0,0,0,0,6,0.0,4,6,0.4,8584,11000,0.7804,30.3,0.0,0,0,0,0,0,0,30.0,11.0,0.0,0.0,2.31,0.0,42343,True
2026-03-17T20:00:00+00:00,20,1,17,3,0,0,0,0,0,0,6,0.0,4,6,0.4,8584,11000,0.7804,30.3,0.0,0,0,0,0,0,0,29.1,17.3,0.0,0.0,1.92,0.0,42343,True
2026-03-17T21:00:00+00:00,21,1,17,3,0,0,0,0,0,0,6,0.0,4,6,0.4,8584,11000,0.7804,30.3,0.0,0,0,0,0,0,0,28.2,16.0,0.0,0.0,1.57,0.0,42343,True
2026-03-17T22:00:00+00:00,22,1,17,3,0,0,0,0,0,0,6,0.0,4,6,0.4,8584,11000,0.7804,30.3,0.0,0,0,0,0,0,0,26.6,10.4,0.0,0.0,1.23,0.2,42343,True
2026-03-17T23:00:00+00:00,23,1,17,3,0,0,0,0,0,0,6,0.0,4,6,0.4,8584,11000,0.7804,30.3,0.0,0,0,0,0,0,0,25.3,12.9,0.0,0.0,0.86,0.4,42343,True
2026-03-18T00:00:00+00:00,0,2,18,3,0,0,0,0,0,0,6,0.0,4,6,0.4,8584,11000,0.7804,30.3,0.0,0,0,0,0,0,0,25.6,14.6,0.0,0.0,0.79,0.4,42343,True
2026-03-18T01:00:00+00:00,1,2,18,3,0,0,0,0,0,0,6,0.0,4,6,0.4,8584,11000,0.7804,30.3,0.0,0,0,0,0,0,0,24.5,12.3,0.0,0.0,0.95,0.4,42343,True
2026-03-18T02:00:00+00:00,2,2,18,3,0,0,0,0,0,0,6,0.0,4,6,0.4,8584,11000,0.7804,30.3,0.0,0,0,0,0,0,0,24.7,9.5,0.0,0.0,1.63,0.0,42343,True
2026-03-18T03:00:00+00:00,3,2,18,3,0,0,0,0,0,0,6,0.0,4,6,0.4,8584,11000,0.7804,30.3,0.0,0,0,0,0,0,0,24.7,9.1,0.0,0.0,2.39,0.0,42343,True
2026-03-18T04:00:00+00:00,4,2,18,3,0,0,0,0,0,0,6,0.0,4,6,0.4,8584,11000,0.7804,30.3,0.0,0,0,0,0,0,0,25.0,30.3,41.4,0.85,2.94,0.0,42343,True
2026-03-18T05:00:00+00:00,5,2,18,3,0,0,0,0,0,0,6,0.0,4,6,0.4,8584,11000,0.7804,30.3,0.0,0,0,0,0,0,0,24.5,8.2,0.0,0.0,3.05,0.0,42343,True
2026-03-18T06:00:00+00:00,6,2,18,3,0,0,0,0,0,0,6,0.0,4,6,0.4,8584,11000,0.7804,30.3,0.0,0,0,0,0,0,0,26.0,10.6,0.0,0.0,2.88,0.0,42343,True
2026-03-18T07:00:00+00:00,7,2,18,3,0,0,0,0,0,0,6,0.0,4,6,0.4,8584,11000,0.7804,30.3,0.0,0,0,0,0,0,0,26.7,11.7,0.0,0.0,2.54,0.0,42343,True
2026-03-18T08:00:00+00:00,8,2,18,3,0,0,0,0,0,0,6,0.0,4,6,0.4,8584,11000,0.7804,30.3,0.0,0,0,0,0,0,0,27.8,8.3,0.0,0.0,2.14,0.0,42343,True
2026-03-18T09:00:00+00:00,9,2,18,3,0,0,0,0,0,0,6,0.0,4,6,0.4,8584,11000,0.7804,30.3,0.0,0,0,0,0,0,0,27.7,9.7,0.0,0.0,1.78,0.0,42343,True
2026-03-18T10:00:00+00:00,10,2,18,3,0,0,0,0,0,0,6,0.0,4,6,0.4,8584,11000,0.7804,30.3,0.0,0,0,0,0,0,0,29.3,9.2,0.0,0.0,1.4,0.0,42343,True
2026-03-18T11:00:00+00:00,11,2,18,3,0,0,0,0,0,0,6,0.0,4,6,0.4,8584,11000,0.7804,30.3,0.0,0,0,0,0,0,0,30.5,12.0,0.0,0.0,1.03,0.2,42343,True
2026-03-18T12:00:00+00:00,12,2,18,3,0,0,0,0,0,0,6,0.0,4,6,0.4,8584,11000,0.7804,30.3,0.0,0,0,0,0,0,0,31.4,10.6,0.0,0.0,0.78,0.4,42343,True
2026-03-18T13:00:00+00:00,13,2,18,3,0,0,0,0,0,0,6,0.0,4,6,0.4,8584,11000,0.7804,30.3,0.0,0,0,0,0,0,0,31.2,11.1,0.0,0.0,0.86,0.4,42343,True
2026-03-18T14:00:00+00:00,14,2,18,3,0,0,0,0,0,0,6,0.0,4,6,0.4,8584,11000,0.7804,30.3,0.0,0,0,0,0,0,0,30.9,22.7,4.5,0.2,1.34,0.2,42343,True
2026-03-18T15:00:00+00:00,15,2,18,3,0,0,0,0,0,0,6,0.0,4,6,0.4,8584,11000,0.7804,30.3,0.0,0,0,0,0,0,0,32.4,13.5,0.0,0.0,2.03,0.0,42343,True
2026-03-18T16:00:00+00:00,16,2,18,3,0,0,0,0,0,0,6,0.0,4,6,0.4,8584,11000,0.7804,30.3,0.0,0,0,0,0,0,0,31.8,16.9,0.0,0.0,2.71,0.0,42343,True
2026-03-18T17:00:00+00:00,17,2,18,3,0,0,0,0,0,0,6,0.0,4,6,0.4,8584,11000,0.7804,30.3,0.0,0,0,0,0,0,0,30.9,14.2,0.0,0.0,3.05,0.0,42343,True
2026-03-18T18:00:00+00:00,18,2,18,3,0,0,0,0,0,0,6,0.0,4,6,0.4,8584,11000,0.7804,30.3,0.0,0,0,0,0,0,0,31.3,16.6,0.0,0.0,3.0,0.0,42343,True
2026-03-18T19:00:00+00:00,19,2,18,3,0,0,0,0,0,0,6,0.0,4,6,0.4,8584,11000,0.7804,30.3,0.0,0,0,0,0,0,0,30.4,13.2,0.0,0.0,2.7,0.0,42343,True
2026-03-18T20:00:00+00:00,20,2,18,3,0,0,0,0,0,0,6,0.0,4,6,0.4,8584,11000,0.7804,30.3,0.0,0,0,0,0,0,0,28.4,12.9,0.0,0.0,2.32,0.0,42343,True
2026-03-18T21:00:00+00:00,21,2,18,3,0,0,0,0,0,0,6,0.0,4,6,0.4,8584,11000,0.7804,30.3,0.0,0,0,0,0,0,0,28.5,15.4,0.0,0.0,1.89,0.0,42343,True
2026-03-18T22:00:00+00:00,22,2,18,3,0,0,0,0,0,0,6,0.0,4,6,0.4,8584,11000,0.7804,30.3,0.0,0,0,0,0,0,0,28.1,10.0,0.0,0.0,1.57,0.0,42343,True
2026-03-18T23:00:00+00:00,23,2,18,3,0,0,0,0,0,0,6,0.0,4,6,0.4,8584,11000,0.7804,30.3,0.0,0,0,0,0,0,0,26.3,10.8,0.0,0.0,1.15,0.2,42343,True
2026-03-19T00:00:00+00:00,0,3,19,3,0,0,0,0,0,0,6,0.0,4,6,0.4,8584,11000,0.7804,30.3,0.0,0,0,0,0,0,0,26.2,14.1,0.0,0.0,0.88,0.4,42343,True
2026-03-19T01:00:00+00:00,1,3,19,3,0,0,0,0,0,0,6,0.0,4,6,0.4,8584,11000,0.7804,30.3,0.0,0,0,0,0,0,0,25.0,8.8,0.0,0.0,0.76,0.4,42343,True
2026-03-19T02:00:00+00:00,2,3,19,3,0,0,0,0,0,0,6,0.0,4,6,0.4,8584,11000,0.7804,30.3,0.0,0,0,0,0,0,0,25.2,12.5,0.0,0.0,1.04,0.2,42343,True
2026-03-19T03:00:00+00:00,3,3,19,3,0,0,0,0,0,0,6,0.0,4,6,0.4,8584,11000,0.7804,30.3,0.0,0,0,0,0,0,0,24.3,8.2,0.0,0.0,1.75,0.0,42343,True
2026-03-19T04:00:00+00:00,4,3,19,3,0,0,0,0,0,0,6,0.0,4,6,0.4,8584,11000,0.7804,30.3,0.0,0,0,0,0,0,0,24.0,10.7,0.0,0.0,2.46,0.0,42343,True
2026-03-19T05:00:00+00:00,5,3,19,3,0,0,0,0,0,0,6,0.0,4,6,0.4,8584,11000,0.7804,30.3,0.0,0,0,0,0,0,0,24.7,11.4,0.0,0.0,2.91,0.0,42343,True
2026-03-19T06:00:00+00:00,6,3,19,3,0,0,0,0,0,0,6,0.0,4,6,0.4,8584,11000,0.7804,30.3,0.0,0,0,0,0,0,0,25.2,7.6,0.0,0.0,3.07,0.0,42343,True
2026-03-19T07:00:00+00:00,7,3,19,3,0,0,0,0,0,0,6,0.0,4,6,0.4,8584,11000,0.7804,30.3,0.0,0,0,0,0,0,0,26.0,8.0,0.0,0.0,2.86,0.0,42343,True
2026-03-19T08:00:00+00:00,8,3,19,3,0,0,0,0,0,0,6,0.0,4,6,0.4,8584,11000,0.7804,30.3,0.0,0,0,0,0,0,0,26.9,7.2,0.0,0.0,2.39,0.0,42343,True
2026-03-19T09:00:00+00:00,9,3,19,3,0,0,0,0,0,0,6,0.0,4,6,0.4,8584,11000,0.7804,30.3,0.0,0,0,0,0,0,0,28.2,8.7,0.0,0.0,2.02,0.0,42343,True
2026-03-19T10:00:00+00:00,10,3,19,3,0,0,0,0,0,0,6,0.0,4,6,0.4,8584,11000,0.7804,30.3,0.0,0,0,0,0,0,0,29.4,8.2,0.0,0.0,1.67,0.0,42343,True
2026-03-19T11:00:00+00:00,11,3,19,3,0,0,0,0,0,0,6,0.0,4,6,0.4,8584,11000,0.7804,30.3,0.0,0,0,0,0,0,0,30.7,8.6,0.0,0.0,1.35,0.2,42343,True
2026-03-19T12:00:00+00:00,12,3,19,3,0,0,0,0,0,0,6,0.0,4,6,0.4,8584,11000,0.7804,30.3,0.0,0,0,0,0,0,0,29.7,13.0,0.0,0.0,0.98,0.4,42343,True
2026-03-19T13:00:00+00:00,13,3,19,3,0,0,0,0,0,0,6,0.0,4,6,0.4,8584,11000,0.7804,30.3,0.0,0,0,0,0,0,0,31.8,14.6,0.0,0.0,0.78,0.4,42343,True
2026-03-19T14:00:00+00:00,14,3,19,3,0,0,0,0,0,0,6,0.0,4,6,0.4,8584,11000,0.7804,30.3,0.0,0,0,0,0,0,0,32.1,12.7,0.0,0.0,0.91,0.4,42343,True
2026-03-19T15:00:00+00:00,15,3,19,3,0,0,0,0,0,0,6,0.0,4,6,0.4,8584,11000,0.7804,30.3,0.0,0,0,0,0,0,0,31.3,11.1,0.0,0.0,1.46,0.0,42343,True
2026-03-19T16:00:00+00:00,16,3,19,3,0,0,0,0,0,0,6,0.0,4,6,0.4,8584,11000,0.7804,30.3,0.0,0,0,0,0,0,0,31.5,15.5,0.0,0.0,2.13,0.0,42343,True
2026-03-19T17:00:00+00:00,17,3,19,3,0,0,0,0,0,0,6,0.0,4,6,0.4,8584,11000,0.7804,30.3,0.0,0,0,0,0,0,0,31.1,17.1,0.0,0.0,2.82,0.0,42343,True
2026-03-19T18:00:00+00:00,18,3,19,3,0,0,0,0,0,0,6,0.0,4,6,0.4,8584,11000,0.7804,30.3,0.0,0,0,0,0,0,0,31.0,17.8,0.0,0.0,3.07,0.0,42343,True
2026-03-19T19:00:00+00:00,19,3,19,3,0,0,0,0,0,0,6,0.0,4,6,0.4,8584,11000,0.7804,30.3,0.0,0,0,0,0,0,0,30.1,15.4,0.0,0.0,2.95,0.0,42343,True
2026-03-19T20:00:00+00:00,20,3,19,3,0,0,0,0,0,0,6,0.0,4,6,0.4,8584,11000,0.7804,30.3,0.0,0,0,0,0,0,0,29.3,11.6,0.0,0.0,2.57,0.0,42343,True
2026-03-19T21:00:00+00:00,21,3,19,3,0,0,0,0,0,0,6,0.0,4,6,0.4,8584,11000,0.7804,30.3,0.0,0,0,0,0,0,0,28.5,15.6,0.0,0.0,2.24,0.0,42343,True
2026-03-19T22:00:00+00:00,22,3,19,3,0,0,0,0,0,0,6,0.0,4,6,0.4,8584,11000,0.7804,30.3,0.0,0,0,0,0,0,0,28.0,15.0,0.0,0.0,1.85,0.0,42343,True
2026-03-19T23:00:00+00:00,23,3,19,3,0,0,0,0,0,0,6,0.0,4,6,0.4,8584,11000,0.7804,30.3,0.0,0,0,0,0,0,0,26.4,10.7,0.0,0.0,1.48,0.0,42343,True
2026-03-20T00:00:00+00:00,0,4,20,3,0,0,0,0,0,0,6,0.0,4,6,0.4,8584,11000,0.7804,30.3,0.0,0,0,0,0,0,0,26.4,11.4,0.0,0.0,1.05,0.2,42343,True
2026-03-20T01:00:00+00:00,1,4,20,3,0,0,0,0,0,0,6,0.0,4,6,0.4,8584,11000,0.7804,30.3,0.0,0,0,0,0,0,0,25.2,9.7,0.0,0.0,0.79,0.4,42343,True
2026-03-20T02:00:00+00:00,2,4,20,3,0,0,0,0,0,0,6,0.0,4,6,0.4,8584,11000,0.7804,30.3,0.0,0,0,0,0,0,0,25.1,11.9,0.0,0.0,0.8,0.4,42343,True
2026-03-20T03:00:00+00:00,3,4,20,3,0,0,0,0,0,0,6,0.0,4,6,0.4,8584,11000,0.7804,30.3,0.0,0,0,0,0,0,0,24.7,18.5,16.9,0.5,1.19,0.2,42343,True
2026-03-20T04:00:00+00:00,4,4,20,3,0,0,0,0,0,0,6,0.0,4,6,0.4,8584,11000,0.7804,30.3,0.0,0,0,0,0,0,0,24.4,8.2,0.0,0.0,1.82,0.0,42343,True
2026-03-20T05:00:00+00:00,5,4,20,3,0,0,0,0,0,0,6,0.0,4,6,0.4,8584,11000,0.7804,30.3,0.0,0,0,0,0,0,0,25.5,10.2,0.0,0.0,2.57,0.0,42343,True
2026-03-20T06:00:00+00:00,6,4,20,3,0,0,0,0,0,0,6,0.0,4,6,0.4,8584,11000,0.7804,30.3,0.0,0,0,0,0,0,0,26.4,7.3,0.0,0.0,2.98,0.0,42343,True
2026-03-20T07:00:00+00:00,7,4,20,3,0,0,0,0,0,0,6,0.0,4,6,0.4,8584,11000,0.7804,30.3,0.0,0,0,0,0,0,0,25.9,6.4,0.0,0.0,3.05,0.0,42343,True
2026-03-20T08:00:00+00:00,8,4,20,3,0,0,0,0,0,0,6,0.0,4,6,0.4,8584,11000,0.7804,30.3,0.0,0,0,0,0,0,0,28.0,25.6,21.0,0.5,2.74,0.0,42343,True
2026-03-20T09:00:00+00:00,9,4,20,3,0,0,0,0,0,0,6,0.0,4,6,0.4,8584,11000,0.7804,30.3,0.0,0,0,0,0,0,0,27.1,9.1,0.0,0.0,2.34,0.0,42343,True
2026-03-20T10:00:00+00:00,10,4,20,3,0,0,0,0,0,0,6,0.0,4,6,0.4,8584,11000,0.7804,30.3,0.0,0,0,0,0,0,0,28.1,6.9,0.0,0.0,2.05,0.0,42343,True
2026-03-20T11:00:00+00:00,11,4,20,3,0,0,0,0,0,0,6,0.0,4,6,0.4,8584,11000,0.7804,30.3,0.0,0,0,0,0,0,0,30.7,11.9,0.0,0.0,1.62,0.0,42343,True
2026-03-20T12:00:00+00:00,12,4,20,3,0,0,0,0,0,0,6,0.0,4,6,0.4,8584,11000,0.7804,30.3,0.0,0,0,0,0,0,0,30.7,13.4,0.0,0.0,1.27,0.2,42343,True
2026-03-20T13:00:00+00:00,13,4,20,3,0,0,0,0,0,0,6,0.0,4,6,0.4,8584,11000,0.7804,30.3,0.0,0,0,0,0,0,0,30.8,11.0,0.0,0.0,0.89,0.4,42343,True
2026-03-20T14:00:00+00:00,14,4,20,3,0,0,0,0,0,0,6,0.0,4,6,0.4,8584,11000,0.7804,30.3,0.0,0,0,0,0,0,0,31.7,11.7,0.0,0.0,0.74,0.4,42343,True
2026-03-20T15:00:00+00:00,15,4,20,3,0,0,0,0,0,0,6,0.0,4,6,0.4,8584,11000,0.7804,30.3,0.0,0,0,0,0,0,0,32.1,12.1,0.0,0.0,0.92,0.4,42343,True
2026-03-20T16:00:00+00:00,16,4,20,3,0,0,0,0,0,0,6,0.0,4,6,0.4,8584,11000,0.7804,30.3,0.0,0,0,0,0,0,0,31.0,13.7,0.0,0.0,1.56,0.0,42343,True
2026-03-20T17:00:00+00:00,17,4,20,3,0,0,0,0,0,0,6,0.0,4,6,0.4,8584,11000,0.7804,30.3,0.0,0,0,0,0,0,0,31.6,13.8,0.0,0.0,2.32,0.0,42343,True
2026-03-20T18:00:00+00:00,18,4,20,3,0,0,0,0,0,0,6,0.0,4,6,0.4,8584,11000,0.7804,30.3,0.0,0,0,0,0,0,0,30.9,16.1,0.0,0.0,2.88,0.0,42343,True
2026-03-20T19:00:00+00:00,19,4,20,3,0,0,0,0,0,0,6,0.0,4,6,0.4,8584,11000,0.7804,30.3,0.0,0,0,0,0,0,0,30.5,16.7,0.0,0.0,3.06,0.0,42343,True
2026-03-20T20:00:00+00:00,20,4,20,3,0,0,0,0,0,0,6,0.0,4,6,0.4,8584,11000,0.7804,30.3,0.0,0,0,0,0,0,0,29.1,15.8,0.0,0.0,2.92,0.0,42343,True
2026-03-20T21:00:00+00:00,21,4,20,3,0,0,0,0,0,0,6,0.0,4,6,0.4,8584,11000,0.7804,30.3,0.0,0,0,0,0,0,0,27.7,14.3,0.0,0.0,2.59,0.0,42343,True
2026-03-20T22:00:00+00:00,22,4,20,3,0,0,0,0,0,0,6,0.0,4,6,0.4,8584,11000,0.7804,30.3,0.0,0,0,0,0,0,0,27.3,11.4,0.0,0.0,2.19,0.0,42343,True
2026-03-20T23:00:00+00:00,23,4,20,3,0,0,0,0,0,0,6,0.0,4,6,0.4,8584,11000,0.7804,30.3,0.0,0,0,0,0,0,0,25.7,13.9,0.0,0.0,1.76,0.0,42343,True
2026-03-21T00:00:00+00:00,0,5,21,3,1,0,0,0,0,0,6,0.0,4,6,0.4,8584,11000,0.7804,30.3,0.0,0,0,0,0,0,0,25.4,17.7,4.9,0.2,1.41,0.0,42343,True
2026-03-21T01:00:00+00:00,1,5,21,3,1,0,0,0,0,0,6,0.0,4,6,0.4,8584,11000,0.7804,30.3,0.0,0,0,0,0,0,0,24.3,8.3,0.0,0.0,1.04,0.2,42343,True
2026-03-21T02:00:00+00:00,2,5,21,3,1,0,0,0,0,0,6,0.0,4,6,0.4,8584,11000,0.7804,30.3,0.0,0,0,0,0,0,0,24.1,7.1,0.0,0.0,0.81,0.4,42343,True
2026-03-21T03:00:00+00:00,3,5,21,3,1,0,0,0,0,0,6,0.0,4,6,0.4,8584,11000,0.7804,30.3,0.0,0,0,0,0,0,0,24.5,9.0,0.0,0.0,0.77,0.4,42343,True
2026-03-21T04:00:00+00:00,4,5,21,3,1,0,0,0,0,0,6,0.0,4,6,0.4,8584,11000,0.7804,30.3,0.0,0,0,0,0,0,0,25.3,7.2,0.0,0.0,1.29,0.2,42343,True
2026-03-21T05:00:00+00:00,5,5,21,3,1,0,0,0,0,0,6,0.0,4,6,0.4,8584,11000,0.7804,30.3,0.0,0,0,0,0,0,0,24.3,8.3,0.0,0.0,1.98,0.0,42343,True
2026-03-21T06:00:00+00:00,6,5,21,3,1,0,0,0,0,0,6,0.0,4,6,0.4,8584,11000,0.7804,30.3,0.0,0,0,0,0,0,0,24.5,7.3,0.0,0.0,2.7,0.0,42343,True
2026-03-21T07:00:00+00:00,7,5,21,3,1,0,0,0,0,0,6,0.0,4,6,0.4,8584,11000,0.7804,30.3,0.0,0,0,0,0,0,0,27.1,10.3,0.0,0.0,3.07,0.0,42343,True
2026-03-21T08:00:00+00:00,8,5,21,3,1,0,0,0,0,0,6,0.0,4,6,0.4,8584,11000,0.7804,30.3,0.0,0,0,0,0,0,0,26.5,8.9,0.0,0.0,3.04,0.0,42343,True
2026-03-21T09:00:00+00:00,9,5,21,3,1,0,0,0,0,0,6,0.0,4,6,0.4,8584,11000,0.7804,30.3,0.0,0,0,0,0,0,0,29.0,9.6,0.0,0.0,2.72,0.0,42343,True
2026-03-21T10:00:00+00:00,10,5,21,3,1,0,0,0,0,0,6,0.0,4,6,0.4,8584,11000,0.7804,30.3,0.0,0,0,0,0,0,0,29.6,9.4,0.0,0.0,2.31,0.0,42343,True
2026-03-21T11:00:00+00:00,11,5,21,3,1,0,0,0,0,0,6,0.0,4,6,0.4,8584,11000,0.7804,30.3,0.0,0,0,0,0,0,0,29.7,7.9,0.0,0.0,1.92,0.0,42343,True
2026-03-21T12:00:00+00:00,12,5,21,3,1,0,0,0,0,0,6,0.0,4,6,0.4,8584,11000,0.7804,30.3,0.0,0,0,0,0,0,0,30.2,11.5,0.0,0.0,1.58,0.0,42343,True
2026-03-21T13:00:00+00:00,13,5,21,3,1,0,0,0,0,0,6,0.0,4,6,0.4,8584,11000,0.7804,30.3,0.0,0,0,0,0,0,0,31.1,10.1,0.0,0.0,1.21,0.2,42343,True
2026-03-21T14:00:00+00:00,14,5,21,3,1,0,0,0,0,0,6,0.0,4,6,0.4,8584,11000,0.7804,30.3,0.0,0,0,0,0,0,0,31.9,13.2,0.0,0.0,0.83,0.4,42343,True
2026-03-21T15:00:00+00:00,15,5,21,3,1,0,0,0,0,0,6,0.0,4,6,0.4,8584,11000,0.7804,30.3,0.0,0,0,0,0,0,0,31.7,13.8,0.0,0.0,0.77,0.4,42343,True
2026-03-21T16:00:00+00:00,16,5,21,3,1,0,0,0,0,0,6,0.0,4,6,0.4,8584,11000,0.7804,30.3,0.0,0,0,0,0,0,0,31.8,14.0,0.0,0.0,1.02,0.2,42343,True
2026-03-21T17:00:00+00:00,17,5,21,3,1,0,0,0,0,0,6,0.0,4,6,0.4,8584,11000,0.7804,30.3,0.0,0,0,0,0,0,0,31.3,15.2,0.0,0.0,1.62,0.0,42343,True
2026-03-21T18:00:00+00:00,18,5,21,3,1,0,0,0,0,0,6,0.0,4,6,0.4,8584,11000,0.7804,30.3,0.0,0,0,0,0,0,0,30.9,15.7,0.0,0.0,2.4,0.0,42343,True
2026-03-21T19:00:00+00:00,19,5,21,3,1,0,0,0,0,0,6,0.0,4,6,0.4,8584,11000,0.7804,30.3,0.0,0,0,0,0,0,0,30.7,14.8,0.0,0.0,2.95,0.0,42343,True
2026-03-21T20:00:00+00:00,20,5,21,3,1,0,0,0,0,0,6,0.0,4,6,0.4,8584,11000,0.7804,30.3,0.0,0,0,0,0,0,0,28.9,16.8,0.0,0.0,3.08,0.0,42343,True
2026-03-21T21:00:00+00:00,21,5,21,3,1,0,0,0,0,0,6,0.0,4,6,0.4,8584,11000,0.7804,30.3,0.0,0,0,0,0,0,0,27.7,14.5,0.0,0.0,2.86,0.0,42343,True
2026-03-21T22:00:00+00:00,22,5,21,3,1,0,0,0,0,0,6,0.0,4,6,0.4,8584,11000,0.7804,30.3,0.0,0,0,0,0,0,0,27.8,13.6,0.0,0.0,2.51,0.0,42343,True
2026-03-21T23:00:00+00:00,23,5,21,3,1,0,0,0,0,0,6,0.0,4,6,0.4,8584,11000,0.7804,30.3,0.0,0,0,0,0,0,0,26.4,12.6,0.0,0.0,2.09,0.0,42343,True
2026-03-22T00:00:00+00:00,0,6,22,3,1,0,0,0,0,0,6,0.0,4,6,0.4,8584,11000,0.7804,30.3,0.0,0,0,0,0,0,0,24.6,9.4,0.0,0.0,1.78,0.0,42343,True
2026-03-22T01:00:00+00:00,1,6,22,3,1,0,0,0,0,0,6,0.0,4,6,0.4,8584,11000,0.7804,30.3,0.0,0,0,0,0,0,0,25.7,8.5,0.0,0.0,1.36,0.2,42343,True
2026-03-22T02:00:00+00:00,2,6,22,3,1,0,0,0,0,0,6,0.0,4,6,0.4,8584,11000,0.7804,30.3,0.0,0,0,0,0,0,0,25.3,8.7,0.0,0.0,0.98,0.4,42343,True
2026-03-22T03:00:00+00:00,3,6,22,3,1,0,0,0,0,0,6,0.0,4,6,0.4,8584,11000,0.7804,30.3,0.0,0,0,0,0,0,0,25.3,9.9,0.0,0.0,0.71,0.4,42343,True
2026-03-22T04:00:00+00:00,4,6,22,3,1,0,0,0,0,0,6,0.0,4,6,0.4,8584,11000,0.7804,30.3,0.0,0,0,0,0,0,0,25.1,5.8,0.0,0.0,0.89,0.4,42343,True
2026-03-22T05:00:00+00:00,5,6,22,3,1,0,0,0,0,0,6,0.0,4,6,0.4,8584,11000,0.7804,30.3,0.0,0,0,0,0,0,0,24.3,8.7,0.0,0.0,1.38,0.2,42343,True
2026-03-22T06:00:00+00:00,6,6,22,3,1,0,0,0,0,0,6,0.0,4,6,0.4,8584,11000,0.7804,30.3,0.0,0,0,0,0,0,0,25.1,11.9,0.0,0.0,2.04,0.0,42343,True
2026-03-22T07:00:00+00:00,7,6,22,3,1,0,0,0,0,0,6,0.0,4,6,0.4,8584,11000,0.7804,30.3,0.0,0,0,0,0,0,0,25.6,5.7,0.0,0.0,2.73,0.0,42343,True
2026-03-22T08:00:00+00:00,8,6,22,3,1,0,0,0,0,0,6,0.0,4,6,0.4,8584,11000,0.7804,30.3,0.0,0,0,0,0,0,0,26.5,5.8,0.0,0.0,3.05,0.0,42343,True
2026-03-22T09:00:00+00:00,9,6,22,3,1,0,0,0,0,0,6,0.0,4,6,0.4,8584,11000,0.7804,30.3,0.0,0,0,0,0,0,0,27.4,11.5,0.0,0.0,3.02,0.0,42343,True
2026-03-22T10:00:00+00:00,10,6,22,3,1,0,0,0,0,0,6,0.0,4,6,0.4,8584,11000,0.7804,30.3,0.0,0,0,0,0,0,0,29.0,11.2,0.0,0.0,2.6,0.0,42343,True
2026-03-22T11:00:00+00:00,11,6,22,3,1,0,0,0,0,0,6,0.0,4,6,0.4,8584,11000,0.7804,30.3,0.0,0,0,0,0,0,0,30.7,12.4,0.0,0.0,2.27,0.0,42343,True
2026-03-22T12:00:00+00:00,12,6,22,3,1,0,0,0,0,0,6,0.0,4,6,0.4,8584,11000,0.7804,30.3,0.0,0,0,0,0,0,0,30.8,10.2,0.0,0.0,1.9,0.0,42343,True
2026-03-22T13:00:00+00:00,13,6,22,3,1,0,0,0,0,0,6,0.0,4,6,0.4,8584,11000,0.7804,30.3,0.0,0,0,0,0,0,0,31.4,10.4,0.0,0.0,1.54,0.0,42343,True
2026-03-22T14:00:00+00:00,14,6,22,3,1,0,0,0,0,0,6,0.0,4,6,0.4,8584,11000,0.7804,30.3,0.0,0,0,0,0,0,0,32.2,10.3,0.0,0.0,1.12,0.2,42343,True
2026-03-22T15:00:00+00:00,15,6,22,3,1,0,0,0,0,0,6,0.0,4,6,0.4,8584,11000,0.7804,30.3,0.0,0,0,0,0,0,0,31.7,10.8,0.0,0.0,0.81,0.4,42343,True
2026-03-22T16:00:00+00:00,16,6,22,3,1,0,0,0,0,0,6,0.0,4,6,0.4,8584,11000,0.7804,30.3,0.0,0,0,0,0,0,0,32.2,12.5,0.0,0.0,0.71,0.4,42343,True
2026-03-22T17:00:00+00:00,17,6,22,3,1,0,0,0,0,0,6,0.0,4,6,0.4,8584,11000,0.7804,30.3,0.0,0,0,0,0,0,0,31.4,17.4,0.0,0.0,1.12,0.2,42343,True
2026-03-22T18:00:00+00:00,18,6,22,3,1,0,0,0,0,0,6,0.0,4,6,0.4,8584,11000,0.7804,30.3,0.0,0,0,0,0,0,0,29.5,17.8,0.0,0.0,1.72,0.0,42343,True
2026-03-22T19:00:00+00:00,19,6,22,3,1,0,0,0,0,0,6,0.0,4,6,0.4,8584,11000,0.7804,30.3,0.0,0,0,0,0,0,0,30.7,13.6,0.0,0.0,2.47,0.0,42343,True
2026-03-22T20:00:00+00:00,20,6,22,3,1,0,0,0,0,0,6,0.0,4,6,0.4,8584,11000,0.7804,30.3,0.0,0,0,0,0,0,0,29.7,16.8,0.0,0.0,3.02,0.0,42343,True
2026-03-22T21:00:00+00:00,21,6,22,3,1,0,0,0,0,0,6,0.0,4,6,0.4,8584,11000,0.7804,30.3,0.0,0,0,0,0,0,0,28.3,11.2,0.0,0.0,3.09,0.0,42343,True
2026-03-22T22:00:00+00:00,22,6,22,3,1,0,0,0,0,0,6,0.0,4,6,0.4,8584,11000,0.7804,30.3,0.0,0,0,0,0,0,0,26.3,13.2,0.0,0.0,2.8,0.0,42343,True
2026-03-22T23:00:00+00:00,23,6,22,3,1,0,0,0,0,0,6,0.0,4,6,0.4,8584,11000,0.7804,30.3,0.0,0,0,0,0,0,0,25.5,13.6,0.0,0.0,2.42,0.0,42343,True
2026-03-23T00:00:00+00:00,0,0,23,3,0,0,0,0,0,0,6,0.0,4,6,0.4,8584,11000,0.7804,30.3,0.0,0,0,0,0,0,0,26.4,10.8,0.0,0.0,2.0,0.0,42343,True
2026-03-23T01:00:00+00:00,1,0,23,3,0,0,0,0,0,0,6,0.0,4,6,0.4,8584,11000,0.7804,30.3,0.0,0,0,0,0,0,0,25.2,12.7,0.0,0.0,1.72,0.0,42343,True
2026-03-23T02:00:00+00:00,2,0,23,3,0,0,0,0,0,0,6,0.0,4,6,0.4,8584,11000,0.7804,30.3,0.0,0,0,0,0,0,0,24.0,8.4,0.0,0.0,1.28,0.2,42343,True
2026-03-23T03:00:00+00:00,3,0,23,3,0,0,0,0,0,0,6,0.0,4,6,0.4,8584,11000,0.7804,30.3,0.0,0,0,0,0,0,0,23.7,5.9,0.0,0.0,0.94,0.4,42343,True
2026-03-23T04:00:00+00:00,4,0,23,3,0,0,0,0,0,0,6,0.0,4,6,0.4,8584,11000,0.7804,30.3,0.0,0,0,0,0,0,0,24.9,9.8,0.0,0.0,0.78,0.4,42343,True
2026-03-23T05:00:00+00:00,5,0,23,3,0,0,0,0,0,0,6,0.0,4,6,0.4,8584,11000,0.7804,30.3,0.0,0,0,0,0,0,0,24.7,6.0,0.0,0.0,0.94,0.4,42343,True
2026-03-23T06:00:00+00:00,6,0,23,3,0,0,0,0,0,0,6,0.0,4,6,0.4,8584,11000,0.7804,30.3,0.0,0,0,0,0,0,0,24.6,6.4,0.0,0.0,1.49,0.0,42343,True
2026-03-23T07:00:00+00:00,7,0,23,3,0,0,0,0,0,0,6,0.0,4,6,0.4,8584,11000,0.7804,30.3,0.0,0,0,0,0,0,0,26.5,8.3,0.0,0.0,2.18,0.0,42343,True
2026-03-23T08:00:00+00:00,8,0,23,3,0,0,0,0,0,0,6,0.0,4,6,0.4,8584,11000,0.7804,30.3,0.0,0,0,0,0,0,0,27.3,10.5,0.0,0.0,2.8,0.0,42343,True
2026-03-23T09:00:00+00:00,9,0,23,3,0,0,0,0,0,0,6,0.0,4,6,0.4,8584,11000,0.7804,30.3,0.0,0,0,0,0,0,0,27.9,6.7,0.0,0.0,3.03,0.0,42343,True
2026-03-23T10:00:00+00:00,10,0,23,3,0,0,0,0,0,0,6,0.0,4,6,0.4,8584,11000,0.7804,30.3,0.0,0,0,0,0,0,0,28.6,12.8,0.0,0.0,2.98,0.0,42343,True
2026-03-23T11:00:00+00:00,11,0,23,3,0,0,0,0,0,0,6,0.0,4,6,0.4,8584,11000,0.7804,30.3,0.0,0,0,0,0,0,0,30.7,13.4,0.0,0.0,2.61,0.0,42343,True
2026-03-23T12:00:00+00:00,12,0,23,3,0,0,0,0,0,0,6,0.0,4,6,0.4,8584,11000,0.7804,30.3,0.0,0,0,0,0,0,0,31.3,14.4,0.0,0.0,2.2,0.0,42343,True
2026-03-23T13:00:00+00:00,13,0,23,3,0,0,0,0,0,0,6,0.0,4,6,0.4,8584,11000,0.7804,30.3,0.0,0,0,0,0,0,0,31.6,9.1,0.0,0.0,1.85,0.0,42343,True
2026-03-23T14:00:00+00:00,14,0,23,3,0,0,0,0,0,0,6,0.0,4,6,0.4,8584,11000,0.7804,30.3,0.0,0,0,0,0,0,0,32.3,24.4,20.2,0.5,1.46,0.0,42343,True
2026-03-23T15:00:00+00:00,15,0,23,3,0,0,0,0,0,0,6,0.0,4,6,0.4,8584,11000,0.7804,30.3,0.0,0,0,0,0,0,0,32.4,12.9,0.0,0.0,1.09,0.2,42343,True
2026-03-23T16:00:00+00:00,16,0,23,3,0,0,0,0,0,0,6,0.0,4,6,0.4,8584,11000,0.7804,30.3,0.0,0,0,0,0,0,0,30.5,14.7,0.0,0.0,0.81,0.4,42343,True
2026-03-23T17:00:00+00:00,17,0,23,3,0,0,0,0,0,0,6,0.0,4,6,0.4,8584,11000,0.7804,30.3,0.0,0,0,0,0,0,0,31.0,16.0,0.0,0.0,0.8,0.4,42343,True
2026-03-23T18:00:00+00:00,18,0,23,3,0,0,0,0,0,0,6,0.0,4,6,0.4,8584,11000,0.7804,30.3,0.0,0,0,0,0,0,0,31.4,35.1,28.2,0.85,1.22,0.2,42343,True
2026-03-23T19:00:00+00:00,19,0,23,3,0,0,0,0,0,0,6,0.0,4,6,0.4,8584,11000,0.7804,30.3,0.0,0,0,0,0,0,0,29.0,14.5,0.0,0.0,1.9,0.0,42343,True
2026-03-23T20:00:00+00:00,20,0,23,3,0,0,0,0,0,0,6,0.0,4,6,0.4,8584,11000,0.7804,30.3,0.0,0,0,0,0,0,0,28.9,15.7,0.0,0.0,2.6,0.0,42343,True
2026-03-23T21:00:00+00:00,21,0,23,3,0,0,0,0,0,0,6,0.0,4,6,0.4,8584,11000,0.7804,30.3,0.0,0,0,0,0,0,0,29.0,17.0,0.0,0.0,3.01,0.0,42343,True
2026-03-23T22:00:00+00:00,22,0,23,3,0,0,0,0,0,0,6,0.0,4,6,0.4,8584,11000,0.7804,30.3,0.0,0,0,0,0,0,0,26.5,14.1,0.0,0.0,3.04,0.0,42343,True
2026-03-23T23:00:00+00:00,23,0,23,3,0,0,0,0,0,0,6,0.0,4,6,0.4,8584,11000,0.7804,30.3,0.0,0,0,0,0,0,0,27.0,9.7,0.0,0.0,2.69,0.0,42343,True
2026-03-24T00:00:00+00:00,0,1,24,3,0,0,0,0,0,0,6,0.0,4,6,0.4,8584,11000,0.7804,30.3,0.0,0,0,0,0,0,0,26.5,13.6,0.0,0.0,2.32,0.0,42343,True
2026-03-24T01:00:00+00:00,1,1,24,3,0,0,0,0,0,0,6,0.0,4,6,0.4,8584,11000,0.7804,30.3,0.0,0,0,0,0,0,0,24.0,9.2,0.0,0.0,2.02,0.0,42343,True
2026-03-24T02:00:00+00:00,2,1,24,3,0,0,0,0,0,0,6,0.0,4,6,0.4,8584,11000,0.7804,30.3,0.0,0,0,0,0,0,0,25.1,12.8,0.0,0.0,1.61,0.0,42343,True
2026-03-24T03:00:00+00:00,3,1,24,3,0,0,0,0,0,0,6,0.0,4,6,0.4,8584,11000,0.7804,30.3,0.0,0,0,0,0,0,0,23.5,9.4,0.0,0.0,1.25,0.2,42343,True
2026-03-24T04:00:00+00:00,4,1,24,3,0,0,0,0,0,0,6,0.0,4,6,0.4,8584,11000,0.7804,30.3,0.0,0,0,0,0,0,0,25.1,7.2,0.0,0.0,0.93,0.4,42343,True
2026-03-24T05:00:00+00:00,5,1,24,3,0,0,0,0,0,0,6,0.0,4,6,0.4,8584,11000,0.7804,30.3,0.0,0,0,0,0,0,0,25.9,7.4,0.0,0.0,0.73,0.4,42343,True
2026-03-24T06:00:00+00:00,6,1,24,3,0,0,0,0,0,0,6,0.0,4,6,0.4,8584,11000,0.7804,30.3,0.0,0,0,0,0,0,0,26.0,7.0,0.0,0.0,1.0,0.2,42343,True
2026-03-24T07:00:00+00:00,7,1,24,3,0,0,0,0,0,0,6,0.0,4,6,0.4,8584,11000,0.7804,30.3,0.0,0,0,0,0,0,0,25.5,8.3,0.0,0.0,1.56,0.0,42343,True
2026-03-24T08:00:00+00:00,8,1,24,3,0,0,0,0,0,0,6,0.0,4,6,0.4,8584,11000,0.7804,30.3,0.0,0,0,0,0,0,0,26.8,7.6,0.0,0.0,2.32,0.0,42343,True
2026-03-24T09:00:00+00:00,9,1,24,3,0,0,0,0,0,0,6,0.0,4,6,0.4,8584,11000,0.7804,30.3,0.0,0,0,0,0,0,0,27.7,6.5,0.0,0.0,2.92,0.0,42343,True
2026-03-24T10:00:00+00:00,10,1,24,3,0,0,0,0,0,0,6,0.0,4,6,0.4,8584,11000,0.7804,30.3,0.0,0,0,0,0,0,0,29.2,12.2,0.0,0.0,3.09,0.0,42343,True
2026-03-24T11:00:00+00:00,11,1,24,3,0,0,0,0,0,0,6,0.0,4,6,0.4,8584,11000,0.7804,30.3,0.0,0,0,0,0,0,0,30.1,17.0,7.2,0.2,2.84,0.0,42343,True
2026-03-24T12:00:00+00:00,12,1,24,3,0,0,0,0,0,0,6,0.0,4,6,0.4,8584,11000,0.7804,30.3,0.0,0,0,0,0,0,0,30.7,13.2,0.0,0.0,2.52,0.0,42343,True
2026-03-24T13:00:00+00:00,13,1,24,3,0,0,0,0,0,0,6,0.0,4,6,0.4,8584,11000,0.7804,30.3,0.0,0,0,0,0,0,0,30.8,13.4,0.0,0.0,2.18,0.0,42343,True
2026-03-24T14:00:00+00:00,14,1,24,3,0,0,0,0,0,0,6,0.0,4,6,0.4,8584,11000,0.7804,30.3,0.0,0,0,0,0,0,0,31.9,16.1,0.0,0.0,1.77,0.0,42343,True
2026-03-24T15:00:00+00:00,15,1,24,3,0,0,0,0,0,0,6,0.0,4,6,0.4,8584,11000,0.7804,30.3,0.0,0,0,0,0,0,0,32.3,13.8,0.0,0.0,1.36,0.2,42343,True
2026-03-24T16:00:00+00:00,16,1,24,3,0,0,0,0,0,0,6,0.0,4,6,0.4,8584,11000,0.7804,30.3,0.0,0,0,0,0,0,0,30.4,15.9,0.0,0.0,1.06,0.2,42343,True
2026-03-24T17:00:00+00:00,17,1,24,3,0,0,0,0,0,0,6,0.0,4,6,0.4,8584,11000,0.7804,30.3,0.0,0,0,0,0,0,0,30.8,11.2,0.0,0.0,0.79,0.4,42343,True
2026-03-24T18:00:00+00:00,18,1,24,3,0,0,0,0,0,0,6,0.0,4,6,0.4,8584,11000,0.7804,30.3,0.0,0,0,0,0,0,0,30.3,16.1,0.0,0.0,0.8,0.4,42343,True
2026-03-24T19:00:00+00:00,19,1,24,3,0,0,0,0,0,0,6,0.0,4,6,0.4,8584,11000,0.7804,30.3,0.0,0,0,0,0,0,0,29.7,13.8,0.0,0.0,1.33,0.2,42343,True
2026-03-24T20:00:00+00:00,20,1,24,3,0,0,0,0,0,0,6,0.0,4,6,0.4,8584,11000,0.7804,30.3,0.0,0,0,0,0,0,0,29.8,12.5,0.0,0.0,2.05,0.0,42343,True
2026-03-24T21:00:00+00:00,21,1,24,3,0,0,0,0,0,0,6,0.0,4,6,0.4,8584,11000,0.7804,30.3,0.0,0,0,0,0,0,0,28.9,15.3,0.0,0.0,2.68,0.0,42343,True
2026-03-24T22:00:00+00:00,22,1,24,3,0,0,0,0,0,0,6,0.0,4,6,0.4,8584,11000,0.7804,30.3,0.0,0,0,0,0,0,0,27.0,10.5,0.0,0.0,3.04,0.0,42343,True
2026-03-24T23:00:00+00:00,23,1,24,3,0,0,0,0,0,0,6,0.0,4,6,0.4,8584,11000,0.7804,30.3,0.0,0,0,0,0,0,0,25.4,12.1,0.0,0.0,2.95,0.0,42343,True
2026-03-25T00:00:00+00:00,0,2,25,3,0,0,0,0,0,0,6,0.0,4,6,0.4,8584,11000,0.7804,30.3,0.0,0,0,0,0,0,0,25.9,12.2,0.0,0.0,2.67,0.0,42343,True
2026-03-25T01:00:00+00:00,1,2,25,3,0,0,0,0,0,0,6,0.0,4,6,0.4,8584,11000,0.7804,30.3,0.0,0,0,0,0,0,0,25.2,9.1,0.0,0.0,2.25,0.0,42343,True
2026-03-25T02:00:00+00:00,2,2,25,3,0,0,0,0,0,0,6,0.0,4,6,0.4,8584,11000,0.7804,30.3,0.0,0,0,0,0,0,0,23.8,11.3,0.0,0.0,1.97,0.0,42343,True
2026-03-25T03:00:00+00:00,3,2,25,3,0,0,0,0,0,0,6,0.0,4,6,0.4,8584,11000,0.7804,30.3,0.0,0,0,0,0,0,0,24.6,10.7,0.0,0.0,1.54,0.0,42343,True
2026-03-25T04:00:00+00:00,4,2,25,3,0,0,0,0,0,0,6,0.0,4,6,0.4,8584,11000,0.7804,30.3,0.0,0,0,0,0,0,0,24.5,10.7,0.0,0.0,1.16,0.2,42343,True
2026-03-25T05:00:00+00:00,5,2,25,3,0,0,0,0,0,0,6,0.0,4,6,0.4,8584,11000,0.7804,30.3,0.0,0,0,0,0,0,0,25.5,9.4,0.0,0.0,0.85,0.4,42343,True
2026-03-25T06:00:00+00:00,6,2,25,3,0,0,0,0,0,0,6,0.0,4,6,0.4,8584,11000,0.7804,30.3,0.0,0,0,0,0,0,0,25.1,7.8,0.0,0.0,0.79,0.4,42343,True
2026-03-25T07:00:00+00:00,7,2,25,3,0,0,0,0,0,0,6,0.0,4,6,0.4,8584,11000,0.7804,30.3,0.0,0,0,0,0,0,0,26.0,9.6,0.0,0.0,1.09,0.2,42343,True
2026-03-25T08:00:00+00:00,8,2,25,3,0,0,0,0,0,0,6,0.0,4,6,0.4,8584,11000,0.7804,30.3,0.0,0,0,0,0,0,0,26.9,9.1,0.0,0.0,1.72,0.0,42343,True
2026-03-25T09:00:00+00:00,9,2,25,3,0,0,0,0,0,0,6,0.0,4,6,0.4,8584,11000,0.7804,30.3,0.0,0,0,0,0,0,0,27.0,11.5,0.0,0.0,2.4,0.0,42343,True
2026-03-25T10:00:00+00:00,10,2,25,3,0,0,0,0,0,0,6,0.0,4,6,0.4,8584,11000,0.7804,30.3,0.0,0,0,0,0,0,0,29.4,12.2,0.0,0.0,2.96,0.0,42343,True
2026-03-25T11:00:00+00:00,11,2,25,3,0,0,0,0,0,0,6,0.0,4,6,0.4,8584,11000,0.7804,30.3,0.0,0,0,0,0,0,0,30.3,13.1,0.0,0.0,3.05,0.0,42343,True
2026-03-25T12:00:00+00:00,12,2,25,3,0,0,0,0,0,0,6,0.0,4,6,0.4,8584,11000,0.7804,30.3,0.0,0,0,0,0,0,0,30.6,12.6,0.0,0.0,2.86,0.0,42343,True
2026-03-25T13:00:00+00:00,13,2,25,3,0,0,0,0,0,0,6,0.0,4,6,0.4,8584,11000,0.7804,30.3,0.0,0,0,0,0,0,0,30.3,12.4,0.0,0.0,2.42,0.0,42343,True
2026-03-25T14:00:00+00:00,14,2,25,3,0,0,0,0,0,0,6,0.0,4,6,0.4,8584,11000,0.7804,30.3,0.0,0,0,0,0,0,0,30.8,14.9,0.0,0.0,2.1,0.0,42343,True
2026-03-25T15:00:00+00:00,15,2,25,3,0,0,0,0,0,0,6,0.0,4,6,0.4,8584,11000,0.7804,30.3,0.0,0,0,0,0,0,0,31.3,10.5,0.0,0.0,1.76,0.0,42343,True
2026-03-25T16:00:00+00:00,16,2,25,3,0,0,0,0,0,0,6,0.0,4,6,0.4,8584,11000,0.7804,30.3,0.0,0,0,0,0,0,0,31.3,15.5,0.0,0.0,1.34,0.2,42343,True
2026-03-25T17:00:00+00:00,17,2,25,3,0,0,0,0,0,0,6,0.0,4,6,0.4,8584,11000,0.7804,30.3,0.0,0,0,0,0,0,0,31.8,17.7,0.0,0.0,1.01,0.2,42343,True
2026-03-25T18:00:00+00:00,18,2,25,3,0,0,0,0,0,0,6,0.0,4,6,0.4,8584,11000,0.7804,30.3,0.0,0,0,0,0,0,0,29.9,29.6,14.0,0.5,0.77,0.4,42343,True
2026-03-25T19:00:00+00:00,19,2,25,3,0,0,0,0,0,0,6,0.0,4,6,0.4,8584,11000,0.7804,30.3,0.0,0,0,0,0,0,0,29.5,17.1,0.0,0.0,0.89,0.4,42343,True
2026-03-25T20:00:00+00:00,20,2,25,3,0,0,0,0,0,0,6,0.0,4,6,0.4,8584,11000,0.7804,30.3,0.0,0,0,0,0,0,0,28.9,17.1,0.0,0.0,1.43,0.0,42343,True
2026-03-25T21:00:00+00:00,21,2,25,3,0,0,0,0,0,0,6,0.0,4,6,0.4,8584,11000,0.7804,30.3,0.0,0,0,0,0,0,0,28.8,12.5,0.0,0.0,2.16,0.0,42343,True
2026-03-25T22:00:00+00:00,22,2,25,3,0,0,0,0,0,0,6,0.0,4,6,0.4,8584,11000,0.7804,30.3,0.0,0,0,0,0,0,0,26.2,15.7,0.0,0.0,2.79,0.0,42343,True
2026-03-25T23:00:00+00:00,23,2,25,3,0,0,0,0,0,0,6,0.0,4,6,0.4,8584,11000,0.7804,30.3,0.0,0,0,0,0,0,0,26.7,15.7,0.0,0.0,3.1,0.0,42343,True
2026-03-26T00:00:00+00:00,0,3,26,3,0,0,0,0,0,0,6,0.0,4,6,0.4,8584,11000,0.7804,30.3,0.0,0,0,0,0,0,0,24.8,12.4,0.0,0.0,2.92,0.0,42343,True
2026-03-26T01:00:00+00:00,1,3,26,3,0,0,0,0,0,0,6,0.0,4,6,0.4,8584,11000,0.7804,30.3,0.0,0,0,0,0,0,0,25.4,12.8,0.0,0.0,2.62,0.0,42343,True
2026-03-26T02:00:00+00:00,2,3,26,3,0,0,0,0,0,0,6,0.0,4,6,0.4,8584,11000,0.7804,30.3,0.0,0,0,0,0,0,0,24.8,7.6,0.0,0.0,2.25,0.0,42343,True
2026-03-26T03:00:00+00:00,3,3,26,3,0,0,0,0,0,0,6,0.0,4,6,0.4,8584,11000,0.7804,30.3,0.0,0,0,0,0,0,0,24.3,11.1,0.0,0.0,1.87,0.0,42343,True
2026-03-26T04:00:00+00:00,4,3,26,3,0,0,0,0,0,0,6,0.0,4,6,0.4,8584,11000,0.7804,30.3,0.0,0,0,0,0,0,0,24.6,10.6,0.0,0.0,1.48,0.0,42343,True
2026-03-26T05:00:00+00:00,5,3,26,3,0,0,0,0,0,0,6,0.0,4,6,0.4,8584,11000,0.7804,30.3,0.0,0,0,0,0,0,0,25.7,7.6,0.0,0.0,1.13,0.2,42343,True
2026-03-26T06:00:00+00:00,6,3,26,3,0,0,0,0,0,0,6,0.0,4,6,0.4,8584,11000,0.7804,30.3,0.0,0,0,0,0,0,0,26.1,10.9,0.0,0.0,0.85,0.4,42343,True
2026-03-26T07:00:00+00:00,7,3,26,3,0,0,0,0,0,0,6,0.0,4,6,0.4,8584,11000,0.7804,30.3,0.0,0,0,0,0,0,0,25.3,8.6,0.0,0.0,0.77,0.4,42343,True
2026-03-26T08:00:00+00:00,8,3,26,3,0,0,0,0,0,0,6,0.0,4,6,0.4,8584,11000,0.7804,30.3,0.0,0,0,0,0,0,0,26.4,11.8,0.0,0.0,1.08,0.2,42343,True
2026-03-26T09:00:00+00:00,9,3,26,3,0,0,0,0,0,0,6,0.0,4,6,0.4,8584,11000,0.7804,30.3,0.0,0,0,0,0,0,0,27.4,10.1,0.0,0.0,1.81,0.0,42343,True
2026-03-26T10:00:00+00:00,10,3,26,3,0,0,0,0,0,0,6,0.0,4,6,0.4,8584,11000,0.7804,30.3,0.0,0,0,0,0,0,0,28.4,19.1,6.7,0.2,2.54,0.0,42343,True
2026-03-26T11:00:00+00:00,11,3,26,3,0,0,0,0,0,0,6,0.0,4,6,0.4,8584,11000,0.7804,30.3,0.0,0,0,0,0,0,0,29.4,11.9,0.0,0.0,2.95,0.0,42343,True
2026-03-26T12:00:00+00:00,12,3,26,3,0,0,0,0,0,0,6,0.0,4,6,0.4,8584,11000,0.7804,30.3,0.0,0,0,0,0,0,0,31.4,12.3,0.0,0.0,3.0,0.0,42343,True
2026-03-26T13:00:00+00:00,13,3,26,3,0,0,0,0,0,0,6,0.0,4,6,0.4,8584,11000,0.7804,30.3,0.0,0,0,0,0,0,0,30.8,9.8,0.0,0.0,2.75,0.0,42343,True
2026-03-26T14:00:00+00:00,14,3,26,3,0,0,0,0,0,0,6,0.0,4,6,0.4,8584,11000,0.7804,30.3,0.0,0,0,0,0,0,0,30.6,11.6,0.0,0.0,2.37,0.0,42343,True
2026-03-26T15:00:00+00:00,15,3,26,3,0,0,0,0,0,0,6,0.0,4,6,0.4,8584,11000,0.7804,30.3,0.0,0,0,0,0,0,0,31.8,13.1,0.0,0.0,1.98,0.0,42343,True
2026-03-26T16:00:00+00:00,16,3,26,3,0,0,0,0,0,0,6,0.0,4,6,0.4,8584,11000,0.7804,30.3,0.0,0,0,0,0,0,0,31.4,15.3,0.0,0.0,1.62,0.0,42343,True
2026-03-26T17:00:00+00:00,17,3,26,3,0,0,0,0,0,0,6,0.0,4,6,0.4,8584,11000,0.7804,30.3,0.0,0,0,0,0,0,0,30.7,14.9,0.0,0.0,1.29,0.2,42343,True
2026-03-26T18:00:00+00:00,18,3,26,3,0,0,0,0,0,0,6,0.0,4,6,0.4,8584,11000,0.7804,30.3,0.0,0,0,0,0,0,0,30.2,16.5,0.0,0.0,0.94,0.4,42343,True
2026-03-26T19:00:00+00:00,19,3,26,3,0,0,0,0,0,0,6,0.0,4,6,0.4,8584,11000,0.7804,30.3,0.0,0,0,0,0,0,0,28.8,13.2,0.0,0.0,0.77,0.4,42343,True
2026-03-26T20:00:00+00:00,20,3,26,3,0,0,0,0,0,0,6,0.0,4,6,0.4,8584,11000,0.7804,30.3,0.0,0,0,0,0,0,0,29.5,12.1,0.0,0.0,0.93,0.4,42343,True
2026-03-26T21:00:00+00:00,21,3,26,3,0,0,0,0,0,0,6,0.0,4,6,0.4,8584,11000,0.7804,30.3,0.0,0,0,0,0,0,0,28.5,13.9,0.0,0.0,1.47,0.0,42343,True
2026-03-26T22:00:00+00:00,22,3,26,3,0,0,0,0,0,0,6,0.0,4,6,0.4,8584,11000,0.7804,30.3,0.0,0,0,0,0,0,0,27.8,15.1,0.0,0.0,2.21,0.0,42343,True
2026-03-26T23:00:00+00:00,23,3,26,3,0,0,0,0,0,0,6,0.0,4,6,0.4,8584,11000,0.7804,30.3,0.0,0,0,0,0,0,0,25.3,12.9,0.0,0.0,2.84,0.0,42343,True
2026-03-27T00:00:00+00:00,0,4,27,3,0,0,0,0,0,0,6,0.0,4,6,0.4,8584,11000,0.7804,30.3,0.0,0,0,0,0,0,0,24.6,10.8,0.0,0.0,3.11,0.0,42343,True
2026-03-27T01:00:00+00:00,1,4,27,3,0,0,0,0,0,0,6,0.0,4,6,0.4,8584,11000,0.7804,30.3,0.0,0,0,0,0,0,0,25.7,9.6,0.0,0.0,2.87,0.0,42343,True
2026-03-27T02:00:00+00:00,2,4,27,3,0,0,0,0,0,0,6,0.0,4,6,0.4,8584,11000,0.7804,30.3,0.0,0,0,0,0,0,0,23.9,14.2,4.0,0.2,2.55,0.0,42343,True
2026-03-27T03:00:00+00:00,3,4,27,3,0,0,0,0,0,0,6,0.0,4,6,0.4,8584,11000,0.7804,30.3,0.0,0,0,0,0,0,0,24.0,7.9,0.0,0.0,2.16,0.0,42343,True
2026-03-27T04:00:00+00:00,4,4,27,3,0,0,0,0,0,0,6,0.0,4,6,0.4,8584,11000,0.7804,30.3,0.0,0,0,0,0,0,0,23.8,11.7,0.0,0.0,1.83,0.0,42343,True
2026-03-27T05:00:00+00:00,5,4,27,3,0,0,0,0,0,0,6,0.0,4,6,0.4,8584,11000,0.7804,30.3,0.0,0,0,0,0,0,0,24.2,7.6,0.0,0.0,1.41,0.0,42343,True
2026-03-27T06:00:00+00:00,6,4,27,3,0,0,0,0,0,0,6,0.0,4,6,0.4,8584,11000,0.7804,30.3,0.0,0,0,0,0,0,0,25.2,6.8,0.0,0.0,1.05,0.2,42343,True
2026-03-27T07:00:00+00:00,7,4,27,3,0,0,0,0,0,0,6,0.0,4,6,0.4,8584,11000,0.7804,30.3,0.0,0,0,0,0,0,0,27.2,9.5,0.0,0.0,0.81,0.4,42343,True
2026-03-27T08:00:00+00:00,8,4,27,3,0,0,0,0,0,0,6,0.0,4,6,0.4,8584,11000,0.7804,30.3,0.0,0,0,0,0,0,0,26.8,9.9,0.0,0.0,0.83,0.4,42343,True
2026-03-27T09:00:00+00:00,9,4,27,3,0,0,0,0,0,0,6,0.0,4,6,0.4,8584,11000,0.7804,30.3,0.0,0,0,0,0,0,0,27.6,7.5,0.0,0.0,1.23,0.2,42343,True
2026-03-27T10:00:00+00:00,10,4,27,3,0,0,0,0,0,0,6,0.0,4,6,0.4,8584,11000,0.7804,30.3,0.0,0,0,0,0,0,0,28.7,10.4,0.0,0.0,1.9,0.0,42343,True
2026-03-27T11:00:00+00:00,11,4,27,3,0,0,0,0,0,0,6,0.0,4,6,0.4,8584,11000,0.7804,30.3,0.0,0,0,0,0,0,0,29.9,14.0,0.0,0.0,2.63,0.0,42343,True
2026-03-27T12:00:00+00:00,12,4,27,3,0,0,0,0,0,0,6,0.0,4,6,0.4,8584,11000,0.7804,30.3,0.0,0,0,0,0,0,0,30.1,11.4,0.0,0.0,3.07,0.0,42343,True
2026-03-27T13:00:00+00:00,13,4,27,3,0,0,0,0,0,0,6,0.0,4,6,0.4,8584,11000,0.7804,30.3,0.0,0,0,0,0,0,0,30.8,9.1,0.0,0.0,3.01,0.0,42343,True
2026-03-27T14:00:00+00:00,14,4,27,3,0,0,0,0,0,0,6,0.0,4,6,0.4,8584,11000,0.7804,30.3,0.0,0,0,0,0,0,0,31.9,11.3,0.0,0.0,2.71,0.0,42343,True
2026-03-27T15:00:00+00:00,15,4,27,3,0,0,0,0,0,0,6,0.0,4,6,0.4,8584,11000,0.7804,30.3,0.0,0,0,0,0,0,0,31.3,11.8,0.0,0.0,2.32,0.0,42343,True
2026-03-27T16:00:00+00:00,16,4,27,3,0,0,0,0,0,0,6,0.0,4,6,0.4,8584,11000,0.7804,30.3,0.0,0,0,0,0,0,0,32.3,20.7,2.6,0.2,1.99,0.0,42343,True
2026-03-27T17:00:00+00:00,17,4,27,3,0,0,0,0,0,0,6,0.0,4,6,0.4,8584,11000,0.7804,30.3,0.0,0,0,0,0,0,0,32.0,15.3,0.0,0.0,1.6,0.0,42343,True
2026-03-27T18:00:00+00:00,18,4,27,3,0,0,0,0,0,0,6,0.0,4,6,0.4,8584,11000,0.7804,30.3,0.0,0,0,0,0,0,0,30.5,15.1,0.0,0.0,1.26,0.2,42343,True
2026-03-27T19:00:00+00:00,19,4,27,3,0,0,0,0,0,0,6,0.0,4,6,0.4,8584,11000,0.7804,30.3,0.0,0,0,0,0,0,0,30.1,17.7,0.0,0.0,0.89,0.4,42343,True
2026-03-27T20:00:00+00:00,20,4,27,3,0,0,0,0,0,0,6,0.0,4,6,0.4,8584,11000,0.7804,30.3,0.0,0,0,0,0,0,0,28.5,29.3,16.0,0.5,0.69,0.4,42343,True
2026-03-27T21:00:00+00:00,21,4,27,3,0,0,0,0,0,0,6,0.0,4,6,0.4,8584,11000,0.7804,30.3,0.0,0,0,0,0,0,0,27.8,25.8,14.7,0.5,0.95,0.4,42343,True
2026-03-27T22:00:00+00:00,22,4,27,3,0,0,0,0,0,0,6,0.0,4,6,0.4,8584,11000,0.7804,30.3,0.0,0,0,0,0,0,0,27.3,9.7,0.0,0.0,1.63,0.0,42343,True
2026-03-27T23:00:00+00:00,23,4,27,3,0,0,0,0,0,0,6,0.0,4,6,0.4,8584,11000,0.7804,30.3,0.0,0,0,0,0,0,0,26.1,9.0,0.0,0.0,2.38,0.0,42343,True
2026-03-28T00:00:00+00:00,0,5,28,3,1,0,0,0,0,0,6,0.0,4,6,0.4,8584,11000,0.7804,30.3,0.0,0,0,0,0,0,0,25.8,12.0,0.0,0.0,2.85,0.0,42343,True
2026-03-28T01:00:00+00:00,1,5,28,3,1,0,0,0,0,0,6,0.0,4,6,0.4,8584,11000,0.7804,30.3,0.0,0,0,0,0,0,0,25.2,13.8,0.0,0.0,3.09,0.0,42343,True
2026-03-28T02:00:00+00:00,2,5,28,3,1,0,0,0,0,0,6,0.0,4,6,0.4,8584,11000,0.7804,30.3,0.0,0,0,0,0,0,0,24.4,11.4,0.0,0.0,2.87,0.0,42343,True
2026-03-28T03:00:00+00:00,3,5,28,3,1,0,0,0,0,0,6,0.0,4,6,0.4,8584,11000,0.7804,30.3,0.0,0,0,0,0,0,0,24.7,11.3,0.0,0.0,2.54,0.0,42343,True
2026-03-28T04:00:00+00:00,4,5,28,3,1,0,0,0,0,0,6,0.0,4,6,0.4,8584,11000,0.7804,30.3,0.0,0,0,0,0,0,0,25.5,8.4,0.0,0.0,2.11,0.0,42343,True
2026-03-28T05:00:00+00:00,5,5,28,3,1,0,0,0,0,0,6,0.0,4,6,0.4,8584,11000,0.7804,30.3,0.0,0,0,0,0,0,0,26.0,10.6,0.0,0.0,1.79,0.0,42343,True
2026-03-28T06:00:00+00:00,6,5,28,3,1,0,0,0,0,0,6,0.0,4,6,0.4,8584,11000,0.7804,30.3,0.0,0,0,0,0,0,0,26.3,10.6,0.0,0.0,1.38,0.2,42343,True
2026-03-28T07:00:00+00:00,7,5,28,3,1,0,0,0,0,0,6,0.0,4,6,0.4,8584,11000,0.7804,30.3,0.0,0,0,0,0,0,0,25.3,5.5,0.0,0.0,1.02,0.2,42343,True
2026-03-28T08:00:00+00:00,8,5,28,3,1,0,0,0,0,0,6,0.0,4,6,0.4,8584,11000,0.7804,30.3,0.0,0,0,0,0,0,0,26.5,10.9,0.0,0.0,0.76,0.4,42343,True
2026-03-28T09:00:00+00:00,9,5,28,3,1,0,0,0,0,0,6,0.0,4,6,0.4,8584,11000,0.7804,30.3,0.0,0,0,0,0,0,0,27.7,6.6,0.0,0.0,0.84,0.4,42343,True
2026-03-28T10:00:00+00:00,10,5,28,3,1,0,0,0,0,0,6,0.0,4,6,0.4,8584,11000,0.7804,30.3,0.0,0,0,0,0,0,0,28.5,6.8,0.0,0.0,1.35,0.2,42343,True
2026-03-28T11:00:00+00:00,11,5,28,3,1,0,0,0,0,0,6,0.0,4,6,0.4,8584,11000,0.7804,30.3,0.0,0,0,0,0,0,0,29.1,11.7,0.0,0.0,2.09,0.0,42343,True
2026-03-28T12:00:00+00:00,12,5,28,3,1,0,0,0,0,0,6,0.0,4,6,0.4,8584,11000,0.7804,30.3,0.0,0,0,0,0,0,0,30.3,12.7,0.0,0.0,2.74,0.0,42343,True
2026-03-28T13:00:00+00:00,13,5,28,3,1,0,0,0,0,0,6,0.0,4,6,0.4,8584,11000,0.7804,30.3,0.0,0,0,0,0,0,0,31.6,12.8,0.0,0.0,3.04,0.0,42343,True
2026-03-28T14:00:00+00:00,14,5,28,3,1,0,0,0,0,0,6,0.0,4,6,0.4,8584,11000,0.7804,30.3,0.0,0,0,0,0,0,0,30.5,14.4,0.0,0.0,3.01,0.0,42343,True
2026-03-28T15:00:00+00:00,15,5,28,3,1,0,0,0,0,0,6,0.0,4,6,0.4,8584,11000,0.7804,30.3,0.0,0,0,0,0,0,0,31.9,16.1,0.0,0.0,2.66,0.0,42343,True
2026-03-28T16:00:00+00:00,16,5,28,3,1,0,0,0,0,0,6,0.0,4,6,0.4,8584,11000,0.7804,30.3,0.0,0,0,0,0,0,0,30.5,13.8,0.0,0.0,2.23,0.0,42343,True
2026-03-28T17:00:00+00:00,17,5,28,3,1,0,0,0,0,0,6,0.0,4,6,0.4,8584,11000,0.7804,30.3,0.0,0,0,0,0,0,0,31.6,14.0,0.0,0.0,1.9,0.0,42343,True
2026-03-28T18:00:00+00:00,18,5,28,3,1,0,0,0,0,0,6,0.0,4,6,0.4,8584,11000,0.7804,30.3,0.0,0,0,0,0,0,0,30.3,11.2,0.0,0.0,1.57,0.0,42343,True
2026-03-28T19:00:00+00:00,19,5,28,3,1,0,0,0,0,0,6,0.0,4,6,0.4,8584,11000,0.7804,30.3,0.0,0,0,0,0,0,0,29.1,17.8,0.0,0.0,1.18,0.2,42343,True
2026-03-28T20:00:00+00:00,20,5,28,3,1,0,0,0,0,0,6,0.0,4,6,0.4,8584,11000,0.7804,30.3,0.0,0,0,0,0,0,0,28.8,14.7,0.0,0.0,0.78,0.4,42343,True
2026-03-28T21:00:00+00:00,21,5,28,3,1,0,0,0,0,0,6,0.0,4,6,0.4,8584,11000,0.7804,30.3,0.0,0,0,0,0,0,0,27.1,16.3,0.0,0.0,0.8,0.4,42343,True
2026-03-28T22:00:00+00:00,22,5,28,3,1,0,0,0,0,0,6,0.0,4,6,0.4,8584,11000,0.7804,30.3,0.0,0,0,0,0,0,0,27.0,13.6,0.0,0.0,1.11,0.2,42343,True
2026-03-28T23:00:00+00:00,23,5,28,3,1,0,0,0,0,0,6,0.0,4,6,0.4,8584,11000,0.7804,30.3,0.0,0,0,0,0,0,0,25.5,10.1,0.0,0.0,1.71,0.0,42343,True
2026-03-29T00:00:00+00:00,0,6,29,3,1,0,0,0,0,0,6,0.0,4,6,0.4,8584,11000,0.7804,30.3,0.0,0,0,0,0,0,0,25.8,9.2,0.0,0.0,2.47,0.0,42343,True
2026-03-29T01:00:00+00:00,1,6,29,3,1,0,0,0,0,0,6,0.0,4,6,0.4,8584,11000,0.7804,30.3,0.0,0,0,0,0,0,0,24.1,8.0,0.0,0.0,2.97,0.0,42343,True
2026-03-29T02:00:00+00:00,2,6,29,3,1,0,0,0,0,0,6,0.0,4,6,0.4,8584,11000,0.7804,30.3,0.0,0,0,0,0,0,0,24.8,13.3,0.0,0.0,3.07,0.0,42343,True
2026-03-29T03:00:00+00:00,3,6,29,3,1,0,0,0,0,0,6,0.0,4,6,0.4,8584,11000,0.7804,30.3,0.0,0,0,0,0,0,0,25.2,8.6,0.0,0.0,2.83,0.0,42343,True
2026-03-29T04:00:00+00:00,4,6,29,3,1,0,0,0,0,0,6,0.0,4,6,0.4,8584,11000,0.7804,30.3,0.0,0,0,0,0,0,0,25.5,9.8,0.0,0.0,2.43,0.0,42343,True
2026-03-29T05:00:00+00:00,5,6,29,3,1,0,0,0,0,0,6,0.0,4,6,0.4,8584,11000,0.7804,30.3,0.0,0,0,0,0,0,0,25.4,6.4,0.0,0.0,2.03,0.0,42343,True
2026-03-29T06:00:00+00:00,6,6,29,3,1,0,0,0,0,0,6,0.0,4,6,0.4,8584,11000,0.7804,30.3,0.0,0,0,0,0,0,0,25.1,5.5,0.0,0.0,1.69,0.0,42343,True
2026-03-29T07:00:00+00:00,7,6,29,3,1,0,0,0,0,0,6,0.0,4,6,0.4,8584,11000,0.7804,30.3,0.0,0,0,0,0,0,0,26.6,9.8,0.0,0.0,1.31,0.2,42343,True
2026-03-29T08:00:00+00:00,8,6,29,3,1,0,0,0,0,0,6,0.0,4,6,0.4,8584,11000,0.7804,30.3,0.0,0,0,0,0,0,0,26.3,8.1,0.0,0.0,0.96,0.4,42343,True
2026-03-29T09:00:00+00:00,9,6,29,3,1,0,0,0,0,0,6,0.0,4,6,0.4,8584,11000,0.7804,30.3,0.0,0,0,0,0,0,0,27.0,8.2,0.0,0.0,0.75,0.4,42343,True
2026-03-29T10:00:00+00:00,10,6,29,3,1,0,0,0,0,0,6,0.0,4,6,0.4,8584,11000,0.7804,30.3,0.0,0,0,0,0,0,0,29.2,10.3,0.0,0.0,0.87,0.4,42343,True
2026-03-29T11:00:00+00:00,11,6,29,3,1,0,0,0,0,0,6,0.0,4,6,0.4,8584,11000,0.7804,30.3,0.0,0,0,0,0,0,0,30.4,12.3,0.0,0.0,1.46,0.0,42343,True
2026-03-29T12:00:00+00:00,12,6,29,3,1,0,0,0,0,0,6,0.0,4,6,0.4,8584,11000,0.7804,30.3,0.0,0,0,0,0,0,0,30.5,14.3,0.0,0.0,2.2,0.0,42343,True
2026-03-29T13:00:00+00:00,13,6,29,3,1,0,0,0,0,0,6,0.0,4,6,0.4,8584,11000,0.7804,30.3,0.0,0,0,0,0,0,0,30.6,13.5,0.0,0.0,2.81,0.0,42343,True
2026-03-29T14:00:00+00:00,14,6,29,3,1,0,0,0,0,0,6,0.0,4,6,0.4,8584,11000,0.7804,30.3,0.0,0,0,0,0,0,0,30.9,13.2,0.0,0.0,3.04,0.0,42343,True
2026-03-29T15:00:00+00:00,15,6,29,3,1,0,0,0,0,0,6,0.0,4,6,0.4,8584,11000,0.7804,30.3,0.0,0,0,0,0,0,0,32.4,16.4,0.0,0.0,2.92,0.0,42343,True
2026-03-29T16:00:00+00:00,16,6,29,3,1,0,0,0,0,0,6,0.0,4,6,0.4,8584,11000,0.7804,30.3,0.0,0,0,0,0,0,0,31.5,26.6,4.9,0.2,2.58,0.0,42343,True
2026-03-29T17:00:00+00:00,17,6,29,3,1,0,0,0,0,0,6,0.0,4,6,0.4,8584,11000,0.7804,30.3,0.0,0,0,0,0,0,0,31.0,14.3,0.0,0.0,2.17,0.0,42343,True
2026-03-29T18:00:00+00:00,18,6,29,3,1,0,0,0,0,0,6,0.0,4,6,0.4,8584,11000,0.7804,30.3,0.0,0,0,0,0,0,0,30.3,15.7,0.0,0.0,1.84,0.0,42343,True
2026-03-29T19:00:00+00:00,19,6,29,3,1,0,0,0,0,0,6,0.0,4,6,0.4,8584,11000,0.7804,30.3,0.0,0,0,0,0,0,0,29.2,14.2,0.0,0.0,1.47,0.0,42343,True
2026-03-29T20:00:00+00:00,20,6,29,3,1,0,0,0,0,0,6,0.0,4,6,0.4,8584,11000,0.7804,30.3,0.0,0,0,0,0,0,0,27.9,13.5,0.0,0.0,1.07,0.2,42343,True
2026-03-29T21:00:00+00:00,21,6,29,3,1,0,0,0,0,0,6,0.0,4,6,0.4,8584,11000,0.7804,30.3,0.0,0,0,0,0,0,0,28.3,11.4,0.0,0.0,0.82,0.4,42343,True
2026-03-29T22:00:00+00:00,22,6,29,3,1,0,0,0,0,0,6,0.0,4,6,0.4,8584,11000,0.7804,30.3,0.0,0,0,0,0,0,0,26.7,13.2,0.0,0.0,0.78,0.4,42343,True
2026-03-29T23:00:00+00:00,23,6,29,3,1,0,0,0,0,0,6,0.0,4,6,0.4,8584,11000,0.7804,30.3,0.0,0,0,0,0,0,0,26.6,9.5,0.0,0.0,1.16,0.2,42343,True
2026-03-30T00:00:00+00:00,0,0,30,3,0,0,0,0,0,0,6,0.0,4,6,0.4,8584,11000,0.7804,30.3,0.0,0,0,0,0,0,0,24.6,14.2,0.0,0.0,1.85,0.0,42343,True
2026-03-30T01:00:00+00:00,1,0,30,3,0,0,0,0,0,0,6,0.0,4,6,0.4,8584,11000,0.7804,30.3,0.0,0,0,0,0,0,0,24.6,9.5,0.0,0.0,2.58,0.0,42343,True
2026-03-30T02:00:00+00:00,2,0,30,3,0,0,0,0,0,0,6,0.0,4,6,0.4,8584,11000,0.7804,30.3,0.0,0,0,0,0,0,0,24.6,7.3,0.0,0.0,3.0,0.0,42343,True
2026-03-30T03:00:00+00:00,3,0,30,3,0,0,0,0,0,0,6,0.0,4,6,0.4,8584,11000,0.7804,30.3,0.0,0,0,0,0,0,0,24.1,12.2,0.0,0.0,3.04,0.0,42343,True
2026-03-30T04:00:00+00:00,4,0,30,3,0,0,0,0,0,0,6,0.0,4,6,0.4,8584,11000,0.7804,30.3,0.0,0,0,0,0,0,0,23.7,10.9,0.0,0.0,2.7,0.0,42343,True
2026-03-30T05:00:00+00:00,5,0,30,3,0,0,0,0,0,0,6,0.0,4,6,0.4,8584,11000,0.7804,30.3,0.0,0,0,0,0,0,0,24.0,9.1,0.0,0.0,2.41,0.0,42343,True
2026-03-30T06:00:00+00:00,6,0,30,3,0,0,0,0,0,0,6,0.0,4,6,0.4,8584,11000,0.7804,30.3,0.0,0,0,0,0,0,0,24.6,7.1,0.0,0.0,1.95,0.0,42343,True
2026-03-30T07:00:00+00:00,7,0,30,3,0,0,0,0,0,0,6,0.0,4,6,0.4,8584,11000,0.7804,30.3,0.0,0,0,0,0,0,0,25.5,11.8,0.0,0.0,1.62,0.0,42343,True
2026-03-30T08:00:00+00:00,8,0,30,3,0,0,0,0,0,0,6,0.0,4,6,0.4,8584,11000,0.7804,30.3,0.0,0,0,0,0,0,0,27.2,10.6,0.0,0.0,1.28,0.2,42343,True
2026-03-30T09:00:00+00:00,9,0,30,3,0,0,0,0,0,0,6,0.0,4,6,0.4,8584,11000,0.7804,30.3,0.0,0,0,0,0,0,0,27.4,12.8,0.0,0.0,0.92,0.4,42343,True
2026-03-30T10:00:00+00:00,10,0,30,3,0,0,0,0,0,0,6,0.0,4,6,0.4,8584,11000,0.7804,30.3,0.0,0,0,0,0,0,0,29.8,9.7,0.0,0.0,0.69,0.4,42343,True
2026-03-30T11:00:00+00:00,11,0,30,3,0,0,0,0,0,0,6,0.0,4,6,0.4,8584,11000,0.7804,30.3,0.0,0,0,0,0,0,0,30.6,7.7,0.0,0.0,0.95,0.4,42343,True
2026-03-30T12:00:00+00:00,12,0,30,3,0,0,0,0,0,0,6,0.0,4,6,0.4,8584,11000,0.7804,30.3,0.0,0,0,0,0,0,0,30.9,13.5,0.0,0.0,1.51,0.0,42343,True
2026-03-30T13:00:00+00:00,13,0,30,3,0,0,0,0,0,0,6,0.0,4,6,0.4,8584,11000,0.7804,30.3,0.0,0,0,0,0,0,0,31.6,9.8,0.0,0.0,2.3,0.0,42343,True
2026-03-30T14:00:00+00:00,14,0,30,3,0,0,0,0,0,0,6,0.0,4,6,0.4,8584,11000,0.7804,30.3,0.0,0,0,0,0,0,0,32.2,9.7,0.0,0.0,2.91,0.0,42343,True
2026-03-30T15:00:00+00:00,15,0,30,3,0,0,0,0,0,0,6,0.0,4,6,0.4,8584,11000,0.7804,30.3,0.0,0,0,0,0,0,0,32.1,13.7,0.0,0.0,3.02,0.0,42343,True
2026-03-30T16:00:00+00:00,16,0,30,3,0,0,0,0,0,0,6,0.0,4,6,0.4,8584,11000,0.7804,30.3,0.0,0,0,0,0,0,0,31.6,12.0,0.0,0.0,2.86,0.0,42343,True
2026-03-30T17:00:00+00:00,17,0,30,3,0,0,0,0,0,0,6,0.0,4,6,0.4,8584,11000,0.7804,30.3,0.0,0,0,0,0,0,0,31.5,16.7,0.0,0.0,2.56,0.0,42343,True
2026-03-30T18:00:00+00:00,18,0,30,3,0,0,0,0,0,0,6,0.0,4,6,0.4,8584,11000,0.7804,30.3,0.0,0,0,0,0,0,0,30.8,11.0,0.0,0.0,2.16,0.0,42343,True
2026-03-30T19:00:00+00:00,19,0,30,3,0,0,0,0,0,0,6,0.0,4,6,0.4,8584,11000,0.7804,30.3,0.0,0,0,0,0,0,0,30.4,16.9,0.0,0.0,1.83,0.0,42343,True
2026-03-30T20:00:00+00:00,20,0,30,3,0,0,0,0,0,0,6,0.0,4,6,0.4,8584,11000,0.7804,30.3,0.0,0,0,0,0,0,0,28.4,14.6,0.0,0.0,1.4,0.0,42343,True
2026-03-30T21:00:00+00:00,21,0,30,3,0,0,0,0,0,0,6,0.0,4,6,0.4,8584,11000,0.7804,30.3,0.0,0,0,0,0,0,0,27.2,16.3,0.0,0.0,1.08,0.2,42343,True
2026-03-30T22:00:00+00:00,22,0,30,3,0,0,0,0,0,0,6,0.0,4,6,0.4,8584,11000,0.7804,30.3,0.0,0,0,0,0,0,0,27.9,14.9,0.0,0.0,0.75,0.4,42343,True
2026-03-30T23:00:00+00:00,23,0,30,3,0,0,0,0,0,0,6,0.0,4,6,0.4,8584,11000,0.7804,30.3,0.0,0,0,0,0,0,0,25.6,12.8,0.0,0.0,0.8,0.4,42343,True
2026-03-31T00:00:00+00:00,0,1,31,3,0,0,0,0,0,0,6,0.0,4,6,0.4,8584,11000,0.7804,30.3,0.0,0,0,0,0,0,0,25.7,11.4,0.0,0.0,1.23,0.2,42343,True
2026-03-31T01:00:00+00:00,1,1,31,3,0,0,0,0,0,0,6,0.0,4,6,0.4,8584,11000,0.7804,30.3,0.0,0,0,0,0,0,0,24.6,12.5,0.0,0.0,1.99,0.0,42343,True
2026-03-31T02:00:00+00:00,2,1,31,3,0,0,0,0,0,0,6,0.0,4,6,0.4,8584,11000,0.7804,30.3,0.0,0,0,0,0,0,0,25.5,7.1,0.0,0.0,2.68,0.0,42343,True
2026-03-31T03:00:00+00:00,3,1,31,3,0,0,0,0,0,0,6,0.0,4,6,0.4,8584,11000,0.7804,30.3,0.0,0,0,0,0,0,0,23.6,8.8,0.0,0.0,2.98,0.0,42343,True
2026-03-31T04:00:00+00:00,4,1,31,3,0,0,0,0,0,0,6,0.0,4,6,0.4,8584,11000,0.7804,30.3,0.0,0,0,0,0,0,0,24.8,5.9,0.0,0.0,3.05,0.0,42343,True
2026-03-31T05:00:00+00:00,5,1,31,3,0,0,0,0,0,0,6,0.0,4,6,0.4,8584,11000,0.7804,30.3,0.0,0,0,0,0,0,0,24.7,7.4,0.0,0.0,2.72,0.0,42343,True
2026-03-31T06:00:00+00:00,6,1,31,3,0,0,0,0,0,0,6,0.0,4,6,0.4,8584,11000,0.7804,30.3,0.0,0,0,0,0,0,0,26.1,10.3,0.0,0.0,2.34,0.0,42343,True
2026-03-31T07:00:00+00:00,7,1,31,3,0,0,0,0,0,0,6,0.0,4,6,0.4,8584,11000,0.7804,30.3,0.0,0,0,0,0,0,0,25.7,8.2,0.0,0.0,1.97,0.0,42343,True
2026-03-31T08:00:00+00:00,8,1,31,3,0,0,0,0,0,0,6,0.0,4,6,0.4,8584,11000,0.7804,30.3,0.0,0,0,0,0,0,0,27.2,10.7,0.0,0.0,1.53,0.0,42343,True
2026-03-31T09:00:00+00:00,9,1,31,3,0,0,0,0,0,0,6,0.0,4,6,0.4,8584,11000,0.7804,30.3,0.0,0,0,0,0,0,0,28.3,20.2,3.9,0.2,1.18,0.2,42343,True
2026-03-31T10:00:00+00:00,10,1,31,3,0,0,0,0,0,0,6,0.0,4,6,0.4,8584,11000,0.7804,30.3,0.0,0,0,0,0,0,0,29.3,10.6,0.0,0.0,0.83,0.4,42343,True
2026-03-31T11:00:00+00:00,11,1,31,3,0,0,0,0,0,0,6,0.0,4,6,0.4,8584,11000,0.7804,30.3,0.0,0,0,0,0,0,0,30.1,8.9,0.0,0.0,0.74,0.4,42343,True
2026-03-31T12:00:00+00:00,12,1,31,3,0,0,0,0,0,0,6,0.0,4,6,0.4,8584,11000,0.7804,30.3,0.0,0,0,0,0,0,0,31.0,8.3,0.0,0.0,1.01,0.2,42343,True
2026-03-31T13:00:00+00:00,13,1,31,3,0,0,0,0,0,0,6,0.0,4,6,0.4,8584,11000,0.7804,30.3,0.0,0,0,0,0,0,0,31.6,14.0,0.0,0.0,1.67,0.0,42343,True
2026-03-31T14:00:00+00:00,14,1,31,3,0,0,0,0,0,0,6,0.0,4,6,0.4,8584,11000,0.7804,30.3,0.0,0,0,0,0,0,0,32.2,16.4,0.0,0.0,2.38,0.0,42343,True
2026-03-31T15:00:00+00:00,15,1,31,3,0,0,0,0,0,0,6,0.0,4,6,0.4,8584,11000,0.7804,30.3,0.0,0,0,0,0,0,0,32.2,18.8,7.4,0.2,2.91,0.0,42343,True
2026-03-31T16:00:00+00:00,16,1,31,3,0,0,0,0,0,0,6,0.0,4,6,0.4,8584,11000,0.7804,30.3,0.0,0,0,0,0,0,0,31.8,17.5,0.0,0.0,3.06,0.0,42343,True
2026-03-31T17:00:00+00:00,17,1,31,3,0,0,0,0,0,0,6,0.0,4,6,0.4,8584,11000,0.7804,30.3,0.0,0,0,0,0,0,0,30.3,11.5,0.0,0.0,2.81,0.0,42343,True
2026-03-31T18:00:00+00:00,18,1,31,3,0,0,0,0,0,0,6,0.0,4,6,0.4,8584,11000,0.7804,30.3,0.0,0,0,0,0,0,0,30.2,13.0,0.0,0.0,2.45,0.0,42343,True
2026-03-31T19:00:00+00:00,19,1,31,3,0,0,0,0,0,0,6,0.0,4,6,0.4,8584,11000,0.7804,30.3,0.0,0,0,0,0,0,0,30.3,15.0,0.0,0.0,2.1,0.0,42343,True
2026-03-31T20:00:00+00:00,20,1,31,3,0,0,0,0,0,0,6,0.0,4,6,0.4,8584,11000,0.7804,30.3,0.0,0,0,0,0,0,0,29.3,12.7,0.0,0.0,1.73,0.0,42343,True
2026-03-31T21:00:00+00:00,21,1,31,3,0,0,0,0,0,0,6,0.0,4,6,0.4,8584,11000,0.7804,30.3,0.0,0,0,0,0,0,0,27.2,10.5,0.0,0.0,1.37,0.2,42343,True
2026-03-31T22:00:00+00:00,22,1,31,3,0,0,0,0,0,0,6,0.0,4,6,0.4,8584,11000,0.7804,30.3,0.0,0,0,0,0,0,0,26.9,15.7,0.0,0.0,0.99,0.4,42343,True
2026-03-31T23:00:00+00:00,23,1,31,3,0,0,0,0,0,0,6,0.0,4,6,0.4,8584,11000,0.7804,30.3,0.0,0,0,0,0,0,0,26.0,11.2,0.0,0.0,0.7,0.4,42343,True
2026-04-01T00:00:00+00:00,0,2,1,4,0,0,0,0,0,0,6,0.0,4,6,0.4,8584,11000,0.7804,30.3,0.0,0,0,0,0,0,0,25.4,9.2,0.0,0.0,0.88,0.4,42343,True
2026-04-01T01:00:00+00:00,1,2,1,4,0,0,0,0,0,0,6,0.0,4,6,0.4,8584,11000,0.7804,30.3,0.0,0,0,0,0,0,0,25.0,9.1,0.0,0.0,1.35,0.2,42343,True
2026-04-01T02:00:00+00:00,2,2,1,4,0,0,0,0,0,0,6,0.0,4,6,0.4,8584,11000,0.7804,30.3,0.0,0,0,0,0,0,0,24.0,6.6,0.0,0.0,2.13,0.0,42343,True
2026-04-01T03:00:00+00:00,3,2,1,4,0,0,0,0,0,0,6,0.0,4,6,0.4,8584,11000,0.7804,30.3,0.0,0,0,0,0,0,0,24.3,11.9,0.0,0.0,2.72,0.0,42343,True
2026-04-01T04:00:00+00:00,4,2,1,4,0,0,0,0,0,0,6,0.0,4,6,0.4,8584,11000,0.7804,30.3,0.0,0,0,0,0,0,0,24.5,10.5,0.0,0.0,3.07,0.0,42343,True
2026-04-01T05:00:00+00:00,5,2,1,4,0,0,0,0,0,0,6,0.0,4,6,0.4,8584,11000,0.7804,30.3,0.0,0,0,0,0,0,0,25.7,9.7,0.0,0.0,2.99,0.0,42343,True
2026-04-01T06:00:00+00:00,6,2,1,4,0,0,0,0,0,0,6,0.0,4,6,0.4,8584,11000,0.7804,30.3,0.0,0,0,0,0,0,0,25.6,11.5,0.0,0.0,2.64,0.0,42343,True
2026-04-01T07:00:00+00:00,7,2,1,4,0,0,0,0,0,0,6,0.0,4,6,0.4,8584,11000,0.7804,30.3,0.0,0,0,0,0,0,0,26.5,11.1,0.0,0.0,2.22,0.0,42343,True
2026-04-01T08:00:00+00:00,8,2,1,4,0,0,0,0,0,0,6,0.0,4,6,0.4,8584,11000,0.7804,30.3,0.0,0,0,0,0,0,0,27.0,22.4,16.8,0.5,1.85,0.0,42343,True
2026-04-01T09:00:00+00:00,9,2,1,4,0,0,0,0,0,0,6,0.0,4,6,0.4,8584,11000,0.7804,30.3,0.0,0,0,0,0,0,0,27.8,9.4,0.0,0.0,1.51,0.0,42343,True
2026-04-01T10:00:00+00:00,10,2,1,4,0,0,0,0,0,0,6,0.0,4,6,0.4,8584,11000,0.7804,30.3,0.0,0,0,0,0,0,0,29.5,13.0,0.0,0.0,1.1,0.2,42343,True
2026-04-01T11:00:00+00:00,11,2,1,4,0,0,0,0,0,0,6,0.0,4,6,0.4,8584,11000,0.7804,30.3,0.0,0,0,0,0,0,0,28.9,10.3,0.0,0.0,0.79,0.4,42343,True
2026-04-01T12:00:00+00:00,12,2,1,4,0,0,0,0,0,0,6,0.0,4,6,0.4,8584,11000,0.7804,30.3,0.0,0,0,0,0,0,0,29.7,12.2,0.0,0.0,0.72,0.4,42343,True
2026-04-01T13:00:00+00:00,13,2,1,4,0,0,0,0,0,0,6,0.0,4,6,0.4,8584,11000,0.7804,30.3,0.0,0,0,0,0,0,0,30.1,12.6,0.0,0.0,1.15,0.2,42343,True
2026-04-01T14:00:00+00:00,14,2,1,4,0,0,0,0,0,0,6,0.0,4,6,0.4,8584,11000,0.7804,30.3,0.0,0,0,0,0,0,0,31.0,10.6,0.0,0.0,1.8,0.0,42343,True
2026-04-01T15:00:00+00:00,15,2,1,4,0,0,0,0,0,0,6,0.0,4,6,0.4,8584,11000,0.7804,30.3,0.0,0,0,0,0,0,0,31.0,15.6,0.0,0.0,2.47,0.0,42343,True
2026-04-01T16:00:00+00:00,16,2,1,4,0,0,0,0,0,0,6,0.0,4,6,0.4,8584,11000,0.7804,30.3,0.0,0,0,0,0,0,0,30.8,21.8,6.3,0.2,3.02,0.0,42343,True
2026-04-01T17:00:00+00:00,17,2,1,4,0,0,0,0,0,0,6,0.0,4,6,0.4,8584,11000,0.7804,30.3,0.0,0,0,0,0,0,0,31.9,14.9,0.0,0.0,3.05,0.0,42343,True
2026-04-01T18:00:00+00:00,18,2,1,4,0,0,0,0,0,0,6,0.0,4,6,0.4,8584,11000,0.7804,30.3,0.0,0,0,0,0,0,0,30.8,11.0,0.0,0.0,2.79,0.0,42343,True
2026-04-01T19:00:00+00:00,19,2,1,4,0,0,0,0,0,0,6,0.0,4,6,0.4,8584,11000,0.7804,30.3,0.0,0,0,0,0,0,0,29.1,14.0,0.0,0.0,2.45,0.0,42343,True
2026-04-01T20:00:00+00:00,20,2,1,4,0,0,0,0,0,0,6,0.0,4,6,0.4,8584,11000,0.7804,30.3,0.0,0,0,0,0,0,0,28.2,12.7,0.0,0.0,2.06,0.0,42343,True
2026-04-01T21:00:00+00:00,21,2,1,4,0,0,0,0,0,0,6,0.0,4,6,0.4,8584,11000,0.7804,30.3,0.0,0,0,0,0,0,0,28.0,25.4,7.6,0.2,1.71,0.0,42343,True
2026-04-01T22:00:00+00:00,22,2,1,4,0,0,0,0,0,0,6,0.0,4,6,0.4,8584,11000,0.7804,30.3,0.0,0,0,0,0,0,0,27.2,11.5,0.0,0.0,1.29,0.2,42343,True
2026-04-01T23:00:00+00:00,23,2,1,4,0,0,0,0,0,0,6,0.0,4,6,0.4,8584,11000,0.7804,30.3,0.0,0,0,0,0,0,0,25.7,9.6,0.0,0.0,0.89,0.4,42343,True
2026-04-02T00:00:00+00:00,0,3,2,4,0,0,0,0,0,0,6,0.0,4,6,0.4,8584,11000,0.7804,30.3,0.0,0,0,0,0,0,0,26.1,13.5,0.0,0.0,0.72,0.4,42343,True
2026-04-02T01:00:00+00:00,1,3,2,4,0,0,0,0,0,0,6,0.0,4,6,0.4,8584,11000,0.7804,30.3,0.0,0,0,0,0,0,0,25.9,13.6,0.0,0.0,0.92,0.4,42343,True
2026-04-02T02:00:00+00:00,2,3,2,4,0,0,0,0,0,0,6,0.0,4,6,0.4,8584,11000,0.7804,30.3,0.0,0,0,0,0,0,0,24.1,9.6,0.0,0.0,1.43,0.0,42343,True
2026-04-02T03:00:00+00:00,3,3,2,4,0,0,0,0,0,0,6,0.0,4,6,0.4,8584,11000,0.7804,30.3,0.0,0,0,0,0,0,0,23.8,15.9,7.8,0.2,2.19,0.0,42343,True
2026-04-02T04:00:00+00:00,4,3,2,4,0,0,0,0,0,0,6,0.0,4,6,0.4,8584,11000,0.7804,30.3,0.0,0,0,0,0,0,0,25.5,14.9,3.4,0.2,2.8,0.0,42343,True
2026-04-02T05:00:00+00:00,5,3,2,4,0,0,0,0,0,0,6,0.0,4,6,0.4,8584,11000,0.7804,30.3,0.0,0,0,0,0,0,0,24.2,11.3,0.0,0.0,3.06,0.0,42343,True
2026-04-02T06:00:00+00:00,6,3,2,4,0,0,0,0,0,0,6,0.0,4,6,0.4,8584,11000,0.7804,30.3,0.0,0,0,0,0,0,0,26.3,9.4,0.0,0.0,2.95,0.0,42343,True
2026-04-02T07:00:00+00:00,7,3,2,4,0,0,0,0,0,0,6,0.0,4,6,0.4,8584,11000,0.7804,30.3,0.0,0,0,0,0,0,0,26.1,8.0,0.0,0.0,2.59,0.0,42343,True
2026-04-02T08:00:00+00:00,8,3,2,4,0,0,0,0,0,0,6,0.0,4,6,0.4,8584,11000,0.7804,30.3,0.0,0,0,0,0,0,0,27.2,6.3,0.0,0.0,2.22,0.0,42343,True
2026-04-02T09:00:00+00:00,9,3,2,4,0,0,0,0,0,0,6,0.0,4,6,0.4,8584,11000,0.7804,30.3,0.0,0,0,0,0,0,0,28.6,7.0,0.0,0.0,1.78,0.0,42343,True
2026-04-02T10:00:00+00:00,10,3,2,4,0,0,0,0,0,0,6,0.0,4,6,0.4,8584,11000,0.7804,30.3,0.0,0,0,0,0,0,0,29.6,11.4,0.0,0.0,1.48,0.0,42343,True
2026-04-02T11:00:00+00:00,11,3,2,4,0,0,0,0,0,0,6,0.0,4,6,0.4,8584,11000,0.7804,30.3,0.0,0,0,0,0,0,0,29.4,9.8,0.0,0.0,1.05,0.2,42343,True
2026-04-02T12:00:00+00:00,12,3,2,4,0,0,0,0,0,0,6,0.0,4,6,0.4,8584,11000,0.7804,30.3,0.0,0,0,0,0,0,0,29.7,14.4,0.0,0.0,0.8,0.4,42343,True
2026-04-02T13:00:00+00:00,13,3,2,4,0,0,0,0,0,0,6,0.0,4,6,0.4,8584,11000,0.7804,30.3,0.0,0,0,0,0,0,0,30.3,8.8,0.0,0.0,0.76,0.4,42343,True
2026-04-02T14:00:00+00:00,14,3,2,4,0,0,0,0,0,0,6,0.0,4,6,0.4,8584,11000,0.7804,30.3,0.0,0,0,0,0,0,0,31.5,16.9,6.2,0.2,1.24,0.2,42343,True
2026-04-02T15:00:00+00:00,15,3,2,4,0,0,0,0,0,0,6,0.0,4,6,0.4,8584,11000,0.7804,30.3,0.0,0,0,0,0,0,0,31.2,10.7,0.0,0.0,1.87,0.0,42343,True
2026-04-02T16:00:00+00:00,16,3,2,4,0,0,0,0,0,0,6,0.0,4,6,0.4,8584,11000,0.7804,30.3,0.0,0,0,0,0,0,0,30.7,15.5,0.0,0.0,2.6,0.0,42343,True
2026-04-02T17:00:00+00:00,17,3,2,4,0,0,0,0,0,0,6,0.0,4,6,0.4,8584,11000,0.7804,30.3,0.0,0,0,0,0,0,0,31.8,13.4,0.0,0.0,2.99,0.0,42343,True
2026-04-02T18:00:00+00:00,18,3,2,4,0,0,0,0,0,0,6,0.0,4,6,0.4,8584,11000,0.7804,30.3,0.0,0,0,0,0,0,0,30.3,14.7,0.0,0.0,2.99,0.0,42343,True
2026-04-02T19:00:00+00:00,19,3,2,4,0,0,0,0,0,0,6,0.0,4,6,0.4,8584,11000,0.7804,30.3,0.0,0,0,0,0,0,0,30.1,11.3,0.0,0.0,2.77,0.0,42343,True
2026-04-02T20:00:00+00:00,20,3,2,4,0,0,0,0,0,0,6,0.0,4,6,0.4,8584,11000,0.7804,30.3,0.0,0,0,0,0,0,0,28.2,13.9,0.0,0.0,2.31,0.0,42343,True
2026-04-02T21:00:00+00:00,21,3,2,4,0,0,0,0,0,0,6,0.0,4,6,0.4,8584,11000,0.7804,30.3,0.0,0,0,0,0,0,0,27.2,11.3,0.0,0.0,1.94,0.0,42343,True
2026-04-02T22:00:00+00:00,22,3,2,4,0,0,0,0,0,0,6,0.0,4,6,0.4,8584,11000,0.7804,30.3,0.0,0,0,0,0,0,0,26.6,10.7,0.0,0.0,1.63,0.0,42343,True
2026-04-02T23:00:00+00:00,23,3,2,4,0,0,0,0,0,0,6,0.0,4,6,0.4,8584,11000,0.7804,30.3,0.0,0,0,0,0,0,0,26.0,12.1,0.0,0.0,1.27,0.2,42343,True
2026-04-03T00:00:00+00:00,0,4,3,4,0,0,0,0,0,0,6,0.0,4,6,0.4,8584,11000,0.7804,30.3,0.0,0,0,0,0,0,0,26.0,14.5,0.0,0.0,0.88,0.4,42343,True
2026-04-03T01:00:00+00:00,1,4,3,4,0,0,0,0,0,0,6,0.0,4,6,0.4,8584,11000,0.7804,30.3,0.0,0,0,0,0,0,0,25.1,9.8,0.0,0.0,0.74,0.4,42343,True
2026-04-03T02:00:00+00:00,2,4,3,4,0,0,0,0,0,0,6,0.0,4,6,0.4,8584,11000,0.7804,30.3,0.0,0,0,0,0,0,0,24.1,10.4,0.0,0.0,0.96,0.4,42343,True
2026-04-03T03:00:00+00:00,3,4,3,4,0,0,0,0,0,0,6,0.0,4,6,0.4,8584,11000,0.7804,30.3,0.0,0,0,0,0,0,0,23.5,6.2,0.0,0.0,1.6,0.0,42343,True
2026-04-03T04:00:00+00:00,4,4,3,4,0,0,0,0,0,0,6,0.0,4,6,0.4,8584,11000,0.7804,30.3,0.0,0,0,0,0,0,0,24.5,9.6,0.0,0.0,2.38,0.0,42343,True
2026-04-03T05:00:00+00:00,5,4,3,4,0,0,0,0,0,0,6,0.0,4,6,0.4,8584,11000,0.7804,30.3,0.0,0,0,0,0,0,0,24.1,10.3,0.0,0.0,2.85,0.0,42343,True
2026-04-03T06:00:00+00:00,6,4,3,4,0,0,0,0,0,0,6,0.0,4,6,0.4,8584,11000,0.7804,30.3,0.0,0,0,0,0,0,0,24.7,16.9,6.3,0.2,3.08,0.0,42343,True
2026-04-03T07:00:00+00:00,7,4,3,4,0,0,0,0,0,0,6,0.0,4,6,0.4,8584,11000,0.7804,30.3,0.0,0,0,0,0,0,0,27.2,11.9,0.0,0.0,2.92,0.0,42343,True
2026-04-03T08:00:00+00:00,8,4,3,4,0,0,0,0,0,0,6,0.0,4,6,0.4,8584,11000,0.7804,30.3,0.0,0,0,0,0,0,0,26.4,5.9,0.0,0.0,2.52,0.0,42343,True
2026-04-03T09:00:00+00:00,9,4,3,4,0,0,0,0,0,0,6,0.0,4,6,0.4,8584,11000,0.7804,30.3,0.0,0,0,0,0,0,0,28.1,9.7,0.0,0.0,2.08,0.0,42343,True
2026-04-03T10:00:00+00:00,10,4,3,4,0,0,0,0,0,0,6,0.0,4,6,0.4,8584,11000,0.7804,30.3,0.0,0,0,0,0,0,0,28.4,7.5,0.0,0.0,1.76,0.0,42343,True
2026-04-03T11:00:00+00:00,11,4,3,4,0,0,0,0,0,0,6,0.0,4,6,0.4,8584,11000,0.7804,30.3,0.0,0,0,0,0,0,0,30.4,11.3,0.0,0.0,1.39,0.2,42343,True
2026-04-03T12:00:00+00:00,12,4,3,4,0,0,0,0,0,0,6,0.0,4,6,0.4,8584,11000,0.7804,30.3,0.0,0,0,0,0,0,0,30.6,11.5,0.0,0.0,1.02,0.2,42343,True
2026-04-03T13:00:00+00:00,13,4,3,4,0,0,0,0,0,0,6,0.0,4,6,0.4,8584,11000,0.7804,30.3,0.0,0,0,0,0,0,0,31.1,15.3,0.0,0.0,0.79,0.4,42343,True
2026-04-03T14:00:00+00:00,14,4,3,4,0,0,0,0,0,0,6,0.0,4,6,0.4,8584,11000,0.7804,30.3,0.0,0,0,0,0,0,0,32.0,10.0,0.0,0.0,0.84,0.4,42343,True
2026-04-03T15:00:00+00:00,15,4,3,4,0,0,0,0,0,0,6,0.0,4,6,0.4,8584,11000,0.7804,30.3,0.0,0,0,0,0,0,0,31.8,10.7,0.0,0.0,1.28,0.2,42343,True
2026-04-03T16:00:00+00:00,16,4,3,4,0,0,0,0,0,0,6,0.0,4,6,0.4,8584,11000,0.7804,30.3,0.0,0,0,0,0,0,0,32.2,13.9,0.0,0.0,2.06,0.0,42343,True
2026-04-03T17:00:00+00:00,17,4,3,4,0,0,0,0,0,0,6,0.0,4,6,0.4,8584,11000,0.7804,30.3,0.0,0,0,0,0,0,0,31.4,11.7,0.0,0.0,2.71,0.0,42343,True
2026-04-03T18:00:00+00:00,18,4,3,4,0,0,0,0,0,0,6,0.0,4,6,0.4,8584,11000,0.7804,30.3,0.0,0,0,0,0,0,0,29.8,14.9,0.0,0.0,3.04,0.0,42343,True
2026-04-03T19:00:00+00:00,19,4,3,4,0,0,0,0,0,0,6,0.0,4,6,0.4,8584,11000,0.7804,30.3,0.0,0,0,0,0,0,0,29.6,13.6,0.0,0.0,2.98,0.0,42343,True
2026-04-03T20:00:00+00:00,20,4,3,4,0,0,0,0,0,0,6,0.0,4,6,0.4,8584,11000,0.7804,30.3,0.0,0,0,0,0,0,0,29.8,12.3,0.0,0.0,2.69,0.0,42343,True
2026-04-03T21:00:00+00:00,21,4,3,4,0,0,0,0,0,0,6,0.0,4,6,0.4,8584,11000,0.7804,30.3,0.0,0,0,0,0,0,0,28.2,17.0,0.0,0.0,2.29,0.0,42343,True
2026-04-03T22:00:00+00:00,22,4,3,4,0,0,0,0,0,0,6,0.0,4,6,0.4,8584,11000,0.7804,30.3,0.0,0,0,0,0,0,0,27.0,14.8,0.0,0.0,1.96,0.0,42343,True
2026-04-03T23:00:00+00:00,23,4,3,4,0,0,0,0,0,0,6,0.0,4,6,0.4,8584,11000,0.7804,30.3,0.0,0,0,0,0,0,0,26.2,10.0,0.0,0.0,1.57,0.0,42343,True
2026-04-04T00:00:00+00:00,0,5,4,4,1,0,0,0,0,0,6,0.0,4,6,0.4,8584,11000,0.7804,30.3,0.0,0,0,0,0,0,0,25.8,9.4,0.0,0.0,1.16,0.2,42343,True
2026-04-04T01:00:00+00:00,1,5,4,4,1,0,0,0,0,0,6,0.0,4,6,0.4,8584,11000,0.7804,30.3,0.0,0,0,0,0,0,0,25.2,10.5,0.0,0.0,0.82,0.4,42343,True
2026-04-04T02:00:00+00:00,2,5,4,4,1,0,0,0,0,0,6,0.0,4,6,0.4,8584,11000,0.7804,30.3,0.0,0,0,0,0,0,0,25.4,9.0,0.0,0.0,0.77,0.4,42343,True
2026-04-04T03:00:00+00:00,3,5,4,4,1,0,0,0,0,0,6,0.0,4,6,0.4,8584,11000,0.7804,30.3,0.0,0,0,0,0,0,0,25.0,11.8,0.0,0.0,1.03,0.2,42343,True
2026-04-04T04:00:00+00:00,4,5,4,4,1,0,0,0,0,0,6,0.0,4,6,0.4,8584,11000,0.7804,30.3,0.0,0,0,0,0,0,0,25.0,5.7,0.0,0.0,1.73,0.0,42343,True
2026-04-04T05:00:00+00:00,5,5,4,4,1,0,0,0,0,0,6,0.0,4,6,0.4,8584,11000,0.7804,30.3,0.0,0,0,0,0,0,0,24.1,10.7,0.0,0.0,2.46,0.0,42343,True
2026-04-04T06:00:00+00:00,6,5,4,4,1,0,0,0,0,0,6,0.0,4,6,0.4,8584,11000,0.7804,30.3,0.0,0,0,0,0,0,0,24.6,7.1,0.0,0.0,2.9,0.0,42343,True
2026-04-04T07:00:00+00:00,7,5,4,4,1,0,0,0,0,0,6,0.0,4,6,0.4,8584,11000,0.7804,30.3,0.0,0,0,0,0,0,0,26.1,12.6,3.7,0.2,3.05,0.0,42343,True
2026-04-04T08:00:00+00:00,8,5,4,4,1,0,0,0,0,0,6,0.0,4,6,0.4,8584,11000,0.7804,30.3,0.0,0,0,0,0,0,0,26.8,7.0,0.0,0.0,2.84,0.0,42343,True
2026-04-04T09:00:00+00:00,9,5,4,4,1,0,0,0,0,0,6,0.0,4,6,0.4,8584,11000,0.7804,30.3,0.0,0,0,0,0,0,0,27.3,8.6,0.0,0.0,2.47,0.0,42343,True
2026-04-04T10:00:00+00:00,10,5,4,4,1,0,0,0,0,0,6,0.0,4,6,0.4,8584,11000,0.7804,30.3,0.0,0,0,0,0,0,0,28.2,9.1,0.0,0.0,2.06,0.0,42343,True
2026-04-04T11:00:00+00:00,11,5,4,4,1,0,0,0,0,0,6,0.0,4,6,0.4,8584,11000,0.7804,30.3,0.0,0,0,0,0,0,0,29.2,12.7,0.0,0.0,1.73,0.0,42343,True
2026-04-04T12:00:00+00:00,12,5,4,4,1,0,0,0,0,0,6,0.0,4,6,0.4,8584,11000,0.7804,30.3,0.0,0,0,0,0,0,0,29.6,14.7,0.0,0.0,1.32,0.2,42343,True
2026-04-04T13:00:00+00:00,13,5,4,4,1,0,0,0,0,0,6,0.0,4,6,0.4,8584,11000,0.7804,30.3,0.0,0,0,0,0,0,0,30.1,9.5,0.0,0.0,0.91,0.4,42343,True
2026-04-04T14:00:00+00:00,14,5,4,4,1,0,0,0,0,0,6,0.0,4,6,0.4,8584,11000,0.7804,30.3,0.0,0,0,0,0,0,0,30.6,14.5,0.0,0.0,0.71,0.4,42343,True
2026-04-04T15:00:00+00:00,15,5,4,4,1,0,0,0,0,0,6,0.0,4,6,0.4,8584,11000,0.7804,30.3,0.0,0,0,0,0,0,0,30.9,12.3,0.0,0.0,0.84,0.4,42343,True
2026-04-04T16:00:00+00:00,16,5,4,4,1,0,0,0,0,0,6,0.0,4,6,0.4,8584,11000,0.7804,30.3,0.0,0,0,0,0,0,0,32.1,13.5,0.0,0.0,1.43,0.0,42343,True
2026-04-04T17:00:00+00:00,17,5,4,4,1,0,0,0,0,0,6,0.0,4,6,0.4,8584,11000,0.7804,30.3,0.0,0,0,0,0,0,0,30.1,11.4,0.0,0.0,2.11,0.0,42343,True
2026-04-04T18:00:00+00:00,18,5,4,4,1,0,0,0,0,0,6,0.0,4,6,0.4,8584,11000,0.7804,30.3,0.0,0,0,0,0,0,0,31.1,12.5,0.0,0.0,2.82,0.0,42343,True
2026-04-04T19:00:00+00:00,19,5,4,4,1,0,0,0,0,0,6,0.0,4,6,0.4,8584,11000,0.7804,30.3,0.0,0,0,0,0,0,0,30.2,14.0,0.0,0.0,3.1,0.0,42343,True
2026-04-04T20:00:00+00:00,20,5,4,4,1,0,0,0,0,0,6,0.0,4,6,0.4,8584,11000,0.7804,30.3,0.0,0,0,0,0,0,0,29.0,12.3,0.0,0.0,2.94,0.0,42343,True
2026-04-04T21:00:00+00:00,21,5,4,4,1,0,0,0,0,0,6,0.0,4,6,0.4,8584,11000,0.7804,30.3,0.0,0,0,0,0,0,0,28.5,14.4,0.0,0.0,2.61,0.0,42343,True
2026-04-04T22:00:00+00:00,22,5,4,4,1,0,0,0,0,0,6,0.0,4,6,0.4,8584,11000,0.7804,30.3,0.0,0,0,0,0,0,0,27.1,12.8,0.0,0.0,2.23,0.0,42343,True
2026-04-04T23:00:00+00:00,23,5,4,4,1,0,0,0,0,0,6,0.0,4,6,0.4,8584,11000,0.7804,30.3,0.0,0,0,0,0,0,0,25.7,12.9,0.0,0.0,1.84,0.0,42343,True
2026-04-05T00:00:00+00:00,0,6,5,4,1,0,0,0,0,0,6,0.0,4,6,0.4,8584,11000,0.7804,30.3,0.0,0,0,0,0,0,0,26.1,9.1,0.0,0.0,1.54,0.0,42343,True
2026-04-05T01:00:00+00:00,1,6,5,4,1,0,0,0,0,0,6,0.0,4,6,0.4,8584,11000,0.7804,30.3,0.0,0,0,0,0,0,0,24.4,14.7,5.6,0.2,1.11,0.2,42343,True
2026-04-05T02:00:00+00:00,2,6,5,4,1,0,0,0,0,0,6,0.0,4,6,0.4,8584,11000,0.7804,30.3,0.0,0,0,0,0,0,0,25.6,6.9,0.0,0.0,0.8,0.4,42343,True
2026-04-05T03:00:00+00:00,3,6,5,4,1,0,0,0,0,0,6,0.0,4,6,0.4,8584,11000,0.7804,30.3,0.0,0,0,0,0,0,0,23.6,11.8,0.0,0.0,0.78,0.4,42343,True
2026-04-05T04:00:00+00:00,4,6,5,4,1,0,0,0,0,0,6,0.0,4,6,0.4,8584,11000,0.7804,30.3,0.0,0,0,0,0,0,0,24.6,7.1,0.0,0.0,1.15,0.2,42343,True
2026-04-05T05:00:00+00:00,5,6,5,4,1,0,0,0,0,0,6,0.0,4,6,0.4,8584,11000,0.7804,30.3,0.0,0,0,0,0,0,0,24.5,11.7,0.0,0.0,1.8,0.0,42343,True
2026-04-05T06:00:00+00:00,6,6,5,4,1,0,0,0,0,0,6,0.0,4,6,0.4,8584,11000,0.7804,30.3,0.0,0,0,0,0,0,0,25.8,5.9,0.0,0.0,2.54,0.0,42343,True
2026-04-05T07:00:00+00:00,7,6,5,4,1,0,0,0,0,0,6,0.0,4,6,0.4,8584,11000,0.7804,30.3,0.0,0,0,0,0,0,0,26.7,10.4,0.0,0.0,3.03,0.0,42343,True
2026-04-05T08:00:00+00:00,8,6,5,4,1,0,0,0,0,0,6,0.0,4,6,0.4,8584,11000,0.7804,30.3,0.0,0,0,0,0,0,0,26.8,11.4,0.0,0.0,3.03,0.0,42343,True
2026-04-05T09:00:00+00:00,9,6,5,4,1,0,0,0,0,0,6,0.0,4,6,0.4,8584,11000,0.7804,30.3,0.0,0,0,0,0,0,0,27.4,12.6,0.0,0.0,2.81,0.0,42343,True
2026-04-05T10:00:00+00:00,10,6,5,4,1,0,0,0,0,0,6,0.0,4,6,0.4,8584,11000,0.7804,30.3,0.0,0,0,0,0,0,0,27.9,8.7,0.0,0.0,2.4,0.0,42343,True
2026-04-05T11:00:00+00:00,11,6,5,4,1,0,0,0,0,0,6,0.0,4,6,0.4,8584,11000,0.7804,30.3,0.0,0,0,0,0,0,0,29.9,8.5,0.0,0.0,2.05,0.0,42343,True
2026-04-05T12:00:00+00:00,12,6,5,4,1,0,0,0,0,0,6,0.0,4,6,0.4,8584,11000,0.7804,30.3,0.0,0,0,0,0,0,0,30.5,11.9,0.0,0.0,1.67,0.0,42343,True
2026-04-05T13:00:00+00:00,13,6,5,4,1,0,0,0,0,0,6,0.0,4,6,0.4,8584,11000,0.7804,30.3,0.0,0,0,0,0,0,0,30.5,14.4,0.0,0.0,1.23,0.2,42343,True
2026-04-05T14:00:00+00:00,14,6,5,4,1,0,0,0,0,0,6,0.0,4,6,0.4,8584,11000,0.7804,30.3,0.0,0,0,0,0,0,0,30.9,16.0,0.0,0.0,0.89,0.4,42343,True
2026-04-05T15:00:00+00:00,15,6,5,4,1,0,0,0,0,0,6,0.0,4,6,0.4,8584,11000,0.7804,30.3,0.0,0,0,0,0,0,0,31.8,16.0,0.0,0.0,0.71,0.4,42343,True
2026-04-05T16:00:00+00:00,16,6,5,4,1,0,0,0,0,0,6,0.0,4,6,0.4,8584,11000,0.7804,30.3,0.0,0,0,0,0,0,0,30.8,12.8,0.0,0.0,0.89,0.4,42343,True
2026-04-05T17:00:00+00:00,17,6,5,4,1,0,0,0,0,0,6,0.0,4,6,0.4,8584,11000,0.7804,30.3,0.0,0,0,0,0,0,0,31.5,24.7,4.2,0.2,1.51,0.0,42343,True
2026-04-05T18:00:00+00:00,18,6,5,4,1,0,0,0,0,0,6,0.0,4,6,0.4,8584,11000,0.7804,30.3,0.0,0,0,0,0,0,0,29.6,38.8,30.0,0.85,2.28,0.0,42343,True
2026-04-05T19:00:00+00:00,19,6,5,4,1,0,0,0,0,0,6,0.0,4,6,0.4,8584,11000,0.7804,30.3,0.0,0,0,0,0,0,0,29.4,16.6,0.0,0.0,2.88,0.0,42343,True
2026-04-05T20:00:00+00:00,20,6,5,4,1,0,0,0,0,0,6,0.0,4,6,0.4,8584,11000,0.7804,30.3,0.0,0,0,0,0,0,0,29.8,12.9,0.0,0.0,3.06,0.0,42343,True
2026-04-05T21:00:00+00:00,21,6,5,4,1,0,0,0,0,0,6,0.0,4,6,0.4,8584,11000,0.7804,30.3,0.0,0,0,0,0,0,0,28.2,16.9,0.0,0.0,2.89,0.0,42343,True
2026-04-05T22:00:00+00:00,22,6,5,4,1,0,0,0,0,0,6,0.0,4,6,0.4,8584,11000,0.7804,30.3,0.0,0,0,0,0,0,0,26.6,10.6,0.0,0.0,2.53,0.0,42343,True
2026-04-05T23:00:00+00:00,23,6,5,4,1,0,0,0,0,0,6,0.0,4,6,0.4,8584,11000,0.7804,30.3,0.0,0,0,0,0,0,0,25.8,11.2,0.0,0.0,2.12,0.0,42343,True
2026-04-06T00:00:00+00:00,0,0,6,4,0,0,0,0,0,0,6,0.0,4,6,0.4,8584,11000,0.7804,30.3,0.0,0,0,0,0,0,0,25.8,10.6,0.0,0.0,1.82,0.0,42343,True
2026-04-06T01:00:00+00:00,1,0,6,4,0,0,0,0,0,0,6,0.0,4,6,0.4,8584,11000,0.7804,30.3,0.0,0,0,0,0,0,0,24.6,10.8,0.0,0.0,1.39,0.2,42343,True
2026-04-06T02:00:00+00:00,2,0,6,4,0,0,0,0,0,0,6,0.0,4,6,0.4,8584,11000,0.7804,30.3,0.0,0,0,0,0,0,0,25.2,7.0,0.0,0.0,1.03,0.2,42343,True
2026-04-06T03:00:00+00:00,3,0,6,4,0,0,0,0,0,0,6,0.0,4,6,0.4,8584,11000,0.7804,30.3,0.0,0,0,0,0,0,0,25.5,12.7,0.0,0.0,0.76,0.4,42343,True
2026-04-06T04:00:00+00:00,4,0,6,4,0,0,0,0,0,0,6,0.0,4,6,0.4,8584,11000,0.7804,30.3,0.0,0,0,0,0,0,0,25.1,7.0,0.0,0.0,0.79,0.4,42343,True
2026-04-06T05:00:00+00:00,5,0,6,4,0,0,0,0,0,0,6,0.0,4,6,0.4,8584,11000,0.7804,30.3,0.0,0,0,0,0,0,0,24.5,10.4,0.0,0.0,1.27,0.2,42343,True
2026-04-06T06:00:00+00:00,6,0,6,4,0,0,0,0,0,0,6,0.0,4,6,0.4,8584,11000,0.7804,30.3,0.0,0,0,0,0,0,0,25.5,7.3,0.0,0.0,1.96,0.0,42343,True
2026-04-06T07:00:00+00:00,7,0,6,4,0,0,0,0,0,0,6,0.0,4,6,0.4,8584,11000,0.7804,30.3,0.0,0,0,0,0,0,0,26.0,11.7,0.0,0.0,2.63,0.0,42343,True
2026-04-06T08:00:00+00:00,8,0,6,4,0,0,0,0,0,0,6,0.0,4,6,0.4,8584,11000,0.7804,30.3,0.0,0,0,0,0,0,0,27.7,6.6,0.0,0.0,3.04,0.0,42343,True
2026-04-06T09:00:00+00:00,9,0,6,4,0,0,0,0,0,0,6,0.0,4,6,0.4,8584,11000,0.7804,30.3,0.0,0,0,0,0,0,0,29.0,25.8,11.4,0.5,2.96,0.0,42343,True
2026-04-06T10:00:00+00:00,10,0,6,4,0,0,0,0,0,0,6,0.0,4,6,0.4,8584,11000,0.7804,30.3,0.0,0,0,0,0,0,0,28.1,11.2,0.0,0.0,2.72,0.0,42343,True
2026-04-06T11:00:00+00:00,11,0,6,4,0,0,0,0,0,0,6,0.0,4,6,0.4,8584,11000,0.7804,30.3,0.0,0,0,0,0,0,0,30.6,10.3,0.0,0.0,2.29,0.0,42343,True
2026-04-06T12:00:00+00:00,12,0,6,4,0,0,0,0,0,0,6,0.0,4,6,0.4,8584,11000,0.7804,30.3,0.0,0,0,0,0,0,0,31.0,11.2,0.0,0.0,1.93,0.0,42343,True
2026-04-06T13:00:00+00:00,13,0,6,4,0,0,0,0,0,0,6,0.0,4,6,0.4,8584,11000,0.7804,30.3,0.0,0,0,0,0,0,0,30.6,9.2,0.0,0.0,1.58,0.0,42343,True
2026-04-06T14:00:00+00:00,14,0,6,4,0,0,0,0,0,0,6,0.0,4,6,0.4,8584,11000,0.7804,30.3,0.0,0,0,0,0,0,0,31.4,12.0,0.0,0.0,1.16,0.2,42343,True
2026-04-06T15:00:00+00:00,15,0,6,4,0,0,0,0,0,0,6,0.0,4,6,0.4,8584,11000,0.7804,30.3,0.0,0,0,0,0,0,0,31.4,10.7,0.0,0.0,0.84,0.4,42343,True
2026-04-06T16:00:00+00:00,16,0,6,4,0,0,0,0,0,0,6,0.0,4,6,0.4,8584,11000,0.7804,30.3,0.0,0,0,0,0,0,0,32.3,10.8,0.0,0.0,0.75,0.4,42343,True
2026-04-06T17:00:00+00:00,17,0,6,4,0,0,0,0,0,0,6,0.0,4,6,0.4,8584,11000,0.7804,30.3,0.0,0,0,0,0,0,0,31.6,30.2,39.1,0.85,1.02,0.2,42343,True
2026-04-06T18:00:00+00:00,18,0,6,4,0,0,0,0,0,0,6,0.0,4,6,0.4,8584,11000,0.7804,30.3,0.0,0,0,0,0,0,0,29.6,12.5,0.0,0.0,1.62,0.0,42343,True
2026-04-06T19:00:00+00:00,19,0,6,4,0,0,0,0,0,0,6,0.0,4,6,0.4,8584,11000,0.7804,30.3,0.0,0,0,0,0,0,0,29.8,14.8,0.0,0.0,2.33,0.0,42343,True
2026-04-06T20:00:00+00:00,20,0,6,4,0,0,0,0,0,0,6,0.0,4,6,0.4,8584,11000,0.7804,30.3,0.0,0,0,0,0,0,0,28.5,17.4,0.0,0.0,2.92,0.0,42343,True
2026-04-06T21:00:00+00:00,21,0,6,4,0,0,0,0,0,0,6,0.0,4,6,0.4,8584,11000,0.7804,30.3,0.0,0,0,0,0,0,0,28.9,14.0,0.0,0.0,3.08,0.0,42343,True
2026-04-06T22:00:00+00:00,22,0,6,4,0,0,0,0,0,0,6,0.0,4,6,0.4,8584,11000,0.7804,30.3,0.0,0,0,0,0,0,0,27.0,13.2,0.0,0.0,2.82,0.0,42343,True
2026-04-06T23:00:00+00:00,23,0,6,4,0,0,0,0,0,0,6,0.0,4,6,0.4,8584,11000,0.7804,30.3,0.0,0,0,0,0,0,0,26.6,15.3,0.0,0.0,2.51,0.0,42343,True
2026-04-07T00:00:00+00:00,0,1,7,4,0,0,0,0,0,0,6,0.0,4,6,0.4,8584,11000,0.7804,30.3,0.0,0,0,0,0,0,0,25.2,8.2,0.0,0.0,2.08,0.0,42343,True
2026-04-07T01:00:00+00:00,1,1,7,4,0,0,0,0,0,0,6,0.0,4,6,0.4,8584,11000,0.7804,30.3,0.0,0,0,0,0,0,0,24.8,11.1,0.0,0.0,1.73,0.0,42343,True
2026-04-07T02:00:00+00:00,2,1,7,4,0,0,0,0,0,0,6,0.0,4,6,0.4,8584,11000,0.7804,30.3,0.0,0,0,0,0,0,0,24.0,6.7,0.0,0.0,1.35,0.2,42343,True
2026-04-07T03:00:00+00:00,3,1,7,4,0,0,0,0,0,0,6,0.0,4,6,0.4,8584,11000,0.7804,30.3,0.0,0,0,0,0,0,0,24.5,11.6,0.0,0.0,1.03,0.2,42343,True
2026-04-07T04:00:00+00:00,4,1,7,4,0,0,0,0,0,0,6,0.0,4,6,0.4,8584,11000,0.7804,30.3,0.0,0,0,0,0,0,0,23.8,10.1,0.0,0.0,0.74,0.4,42343,True
2026-04-07T05:00:00+00:00,5,1,7,4,0,0,0,0,0,0,6,0.0,4,6,0.4,8584,11000,0.7804,30.3,0.0,0,0,0,0,0,0,25.2,8.3,0.0,0.0,0.81,0.4,42343,True
2026-04-07T06:00:00+00:00,6,1,7,4,0,0,0,0,0,0,6,0.0,4,6,0.4,8584,11000,0.7804,30.3,0.0,0,0,0,0,0,0,25.5,6.6,0.0,0.0,1.32,0.2,42343,True
2026-04-07T07:00:00+00:00,7,1,7,4,0,0,0,0,0,0,6,0.0,4,6,0.4,8584,11000,0.7804,30.3,0.0,0,0,0,0,0,0,27.2,6.7,0.0,0.0,2.07,0.0,42343,True
2026-04-07T08:00:00+00:00,8,1,7,4,0,0,0,0,0,0,6,0.0,4,6,0.4,8584,11000,0.7804,30.3,0.0,0,0,0,0,0,0,28.0,9.0,0.0,0.0,2.72,0.0,42343,True
2026-04-07T09:00:00+00:00,9,1,7,4,0,0,0,0,0,0,6,0.0,4,6,0.4,8584,11000,0.7804,30.3,0.0,0,0,0,0,0,0,28.1,6.6,0.0,0.0,3.09,0.0,42343,True
2026-04-07T10:00:00+00:00,10,1,7,4,0,0,0,0,0,0,6,0.0,4,6,0.4,8584,11000,0.7804,30.3,0.0,0,0,0,0,0,0,29.1,7.9,0.0,0.0,2.97,0.0,42343,True
2026-04-07T11:00:00+00:00,11,1,7,4,0,0,0,0,0,0,6,0.0,4,6,0.4,8584,11000,0.7804,30.3,0.0,0,0,0,0,0,0,29.5,16.3,5.2,0.2,2.62,0.0,42343,True
2026-04-07T12:00:00+00:00,12,1,7,4,0,0,0,0,0,0,6,0.0,4,6,0.4,8584,11000,0.7804,30.3,0.0,0,0,0,0,0,0,29.6,11.9,0.0,0.0,2.28,0.0,42343,True
2026-04-07T13:00:00+00:00,13,1,7,4,0,0,0,0,0,0,6,0.0,4,6,0.4,8584,11000,0.7804,30.3,0.0,0,0,0,0,0,0,30.2,10.9,0.0,0.0,1.89,0.0,42343,True
2026-04-07T14:00:00+00:00,14,1,7,4,0,0,0,0,0,0,6,0.0,4,6,0.4,8584,11000,0.7804,30.3,0.0,0,0,0,0,0,0,31.6,12.1,0.0,0.0,1.54,0.0,42343,True
2026-04-07T15:00:00+00:00,15,1,7,4,0,0,0,0,0,0,6,0.0,4,6,0.4,8584,11000,0.7804,30.3,0.0,0,0,0,0,0,0,31.0,15.4,0.0,0.0,1.12,0.2,42343,True
2026-04-07T16:00:00+00:00,16,1,7,4,0,0,0,0,0,0,6,0.0,4,6,0.4,8584,11000,0.7804,30.3,0.0,0,0,0,0,0,0,31.7,12.1,0.0,0.0,0.8,0.4,42343,True
2026-04-07T17:00:00+00:00,17,1,7,4,0,0,0,0,0,0,6,0.0,4,6,0.4,8584,11000,0.7804,30.3,0.0,0,0,0,0,0,0,30.1,13.3,0.0,0.0,0.76,0.4,42343,True
2026-04-07T18:00:00+00:00,18,1,7,4,0,0,0,0,0,0,6,0.0,4,6,0.4,8584,11000,0.7804,30.3,0.0,0,0,0,0,0,0,30.1,16.5,0.0,0.0,1.04,0.2,42343,True
2026-04-07T19:00:00+00:00,19,1,7,4,0,0,0,0,0,0,6,0.0,4,6,0.4,8584,11000,0.7804,30.3,0.0,0,0,0,0,0,0,29.7,23.9,4.3,0.2,1.75,0.0,42343,True
2026-04-07T20:00:00+00:00,20,1,7,4,0,0,0,0,0,0,6,0.0,4,6,0.4,8584,11000,0.7804,30.3,0.0,0,0,0,0,0,0,29.1,11.7,0.0,0.0,2.46,0.0,42343,True
2026-04-07T21:00:00+00:00,21,1,7,4,0,0,0,0,0,0,6,0.0,4,6,0.4,8584,11000,0.7804,30.3,0.0,0,0,0,0,0,0,28.1,24.6,3.6,0.2,2.99,0.0,42343,True
2026-04-07T22:00:00+00:00,22,1,7,4,0,0,0,0,0,0,6,0.0,4,6,0.4,8584,11000,0.7804,30.3,0.0,0,0,0,0,0,0,28.0,11.5,0.0,0.0,3.03,0.0,42343,True
2026-04-07T23:00:00+00:00,23,1,7,4,0,0,0,0,0,0,6,0.0,4,6,0.4,8584,11000,0.7804,30.3,0.0,0,0,0,0,0,0,27.2,10.8,0.0,0.0,2.79,0.0,42343,True
2026-04-08T00:00:00+00:00,0,2,8,4,0,0,0,0,0,0,6,0.0,4,6,0.4,8584,11000,0.7804,30.3,0.0,0,0,0,0,0,0,26.0,8.3,0.0,0.0,2.45,0.0,42343,True
2026-04-08T01:00:00+00:00,1,2,8,4,0,0,0,0,0,0,6,0.0,4,6,0.4,8584,11000,0.7804,30.3,0.0,0,0,0,0,0,0,25.7,11.2,0.0,0.0,2.06,0.0,42343,True
2026-04-08T02:00:00+00:00,2,2,8,4,0,0,0,0,0,0,6,0.0,4,6,0.4,8584,11000,0.7804,30.3,0.0,0,0,0,0,0,0,24.1,10.1,0.0,0.0,1.66,0.0,42343,True
2026-04-08T03:00:00+00:00,3,2,8,4,0,0,0,0,0,0,6,0.0,4,6,0.4,8584,11000,0.7804,30.3,0.0,0,0,0,0,0,0,24.3,6.0,0.0,0.0,1.3,0.2,42343,True
2026-04-08T04:00:00+00:00,4,2,8,4,0,0,0,0,0,0,6,0.0,4,6,0.4,8584,11000,0.7804,30.3,0.0,0,0,0,0,0,0,24.1,6.9,0.0,0.0,0.94,0.4,42343,True
2026-04-08T05:00:00+00:00,5,2,8,4,0,0,0,0,0,0,6,0.0,4,6,0.4,8584,11000,0.7804,30.3,0.0,0,0,0,0,0,0,25.1,7.1,0.0,0.0,0.71,0.4,42343,True
2026-04-08T06:00:00+00:00,6,2,8,4,0,0,0,0,0,0,6,0.0,4,6,0.4,8584,11000,0.7804,30.3,0.0,0,0,0,0,0,0,25.8,24.5,18.6,0.5,0.85,0.4,42343,True
2026-04-08T07:00:00+00:00,7,2,8,4,0,0,0,0,0,0,6,0.0,4,6,0.4,8584,11000,0.7804,30.3,0.0,0,0,0,0,0,0,26.4,9.6,0.0,0.0,1.47,0.0,42343,True
2026-04-08T08:00:00+00:00,8,2,8,4,0,0,0,0,0,0,6,0.0,4,6,0.4,8584,11000,0.7804,30.3,0.0,0,0,0,0,0,0,27.6,6.5,0.0,0.0,2.14,0.0,42343,True
2026-04-08T09:00:00+00:00,9,2,8,4,0,0,0,0,0,0,6,0.0,4,6,0.4,8584,11000,0.7804,30.3,0.0,0,0,0,0,0,0,27.7,9.5,0.0,0.0,2.82,0.0,42343,True
2026-04-08T10:00:00+00:00,10,2,8,4,0,0,0,0,0,0,6,0.0,4,6,0.4,8584,11000,0.7804,30.3,0.0,0,0,0,0,0,0,28.6,9.7,0.0,0.0,3.08,0.0,42343,True
2026-04-08T11:00:00+00:00,11,2,8,4,0,0,0,0,0,0,6,0.0,4,6,0.4,8584,11000,0.7804,30.3,0.0,0,0,0,0,0,0,28.8,15.0,7.7,0.2,2.98,0.0,42343,True
2026-04-08T12:00:00+00:00,12,2,8,4,0,0,0,0,0,0,6,0.0,4,6,0.4,8584,11000,0.7804,30.3,0.0,0,0,0,0,0,0,30.4,14.0,0.0,0.0,2.63,0.0,42343,True
2026-04-08T13:00:00+00:00,13,2,8,4,0,0,0,0,0,0,6,0.0,4,6,0.4,8584,11000,0.7804,30.3,0.0,0,0,0,0,0,0,30.7,13.4,0.0,0.0,2.19,0.0,42343,True
2026-04-08T14:00:00+00:00,14,2,8,4,0,0,0,0,0,0,6,0.0,4,6,0.4,8584,11000,0.7804,30.3,0.0,0,0,0,0,0,0,32.0,10.2,0.0,0.0,1.83,0.0,42343,True
2026-04-08T15:00:00+00:00,15,2,8,4,0,0,0,0,0,0,6,0.0,4,6,0.4,8584,11000,0.7804,30.3,0.0,0,0,0,0,0,0,32.0,13.7,0.0,0.0,1.49,0.0,42343,True
2026-04-08T16:00:00+00:00,16,2,8,4,0,0,0,0,0,0,6,0.0,4,6,0.4,8584,11000,0.7804,30.3,0.0,0,0,0,0,0,0,31.2,13.6,0.0,0.0,1.13,0.2,42343,True
2026-04-08T17:00:00+00:00,17,2,8,4,0,0,0,0,0,0,6,0.0,4,6,0.4,8584,11000,0.7804,30.3,0.0,0,0,0,0,0,0,31.7,12.4,0.0,0.0,0.77,0.4,42343,True
2026-04-08T18:00:00+00:00,18,2,8,4,0,0,0,0,0,0,6,0.0,4,6,0.4,8584,11000,0.7804,30.3,0.0,0,0,0,0,0,0,30.1,12.9,0.0,0.0,0.77,0.4,42343,True
2026-04-08T19:00:00+00:00,19,2,8,4,0,0,0,0,0,0,6,0.0,4,6,0.4,8584,11000,0.7804,30.3,0.0,0,0,0,0,0,0,29.9,16.5,0.0,0.0,1.2,0.2,42343,True
2026-04-08T20:00:00+00:00,20,2,8,4,0,0,0,0,0,0,6,0.0,4,6,0.4,8584,11000,0.7804,30.3,0.0,0,0,0,0,0,0,28.9,14.9,0.0,0.0,1.84,0.0,42343,True
2026-04-08T21:00:00+00:00,21,2,8,4,0,0,0,0,0,0,6,0.0,4,6,0.4,8584,11000,0.7804,30.3,0.0,0,0,0,0,0,0,28.7,12.1,0.0,0.0,2.6,0.0,42343,True
2026-04-08T22:00:00+00:00,22,2,8,4,0,0,0,0,0,0,6,0.0,4,6,0.4,8584,11000,0.7804,30.3,0.0,0,0,0,0,0,0,26.4,16.3,0.0,0.0,2.97,0.0,42343,True
2026-04-08T23:00:00+00:00,23,2,8,4,0,0,0,0,0,0,6,0.0,4,6,0.4,8584,11000,0.7804,30.3,0.0,0,0,0,0,0,0,26.3,14.6,0.0,0.0,3.07,0.0,42343,True
2026-04-09T00:00:00+00:00,0,3,9,4,0,0,0,0,0,0,6,0.0,4,6,0.4,8584,11000,0.7804,30.3,0.0,0,0,0,0,0,0,26.3,9.6,0.0,0.0,2.72,0.0,42343,True
2026-04-09T01:00:00+00:00,1,3,9,4,0,0,0,0,0,0,6,0.0,4,6,0.4,8584,11000,0.7804,30.3,0.0,0,0,0,0,0,0,24.4,7.7,0.0,0.0,2.4,0.0,42343,True
2026-04-09T02:00:00+00:00,2,3,9,4,0,0,0,0,0,0,6,0.0,4,6,0.4,8584,11000,0.7804,30.3,0.0,0,0,0,0,0,0,24.7,11.4,0.0,0.0,1.98,0.0,42343,True
2026-04-09T03:00:00+00:00,3,3,9,4,0,0,0,0,0,0,6,0.0,4,6,0.4,8584,11000,0.7804,30.3,0.0,0,0,0,0,0,0,24.7,6.7,0.0,0.0,1.64,0.0,42343,True
2026-04-09T04:00:00+00:00,4,3,9,4,0,0,0,0,0,0,6,0.0,4,6,0.4,8584,11000,0.7804,30.3,0.0,0,0,0,0,0,0,25.1,10.1,0.0,0.0,1.25,0.2,42343,True
2026-04-09T05:00:00+00:00,5,3,9,4,0,0,0,0,0,0,6,0.0,4,6,0.4,8584,11000,0.7804,30.3,0.0,0,0,0,0,0,0,24.0,8.3,0.0,0.0,0.84,0.4,42343,True
2026-04-09T06:00:00+00:00,6,3,9,4,0,0,0,0,0,0,6,0.0,4,6,0.4,8584,11000,0.7804,30.3,0.0,0,0,0,0,0,0,25.5,10.8,0.0,0.0,0.75,0.4,42343,True
2026-04-09T07:00:00+00:00,7,3,9,4,0,0,0,0,0,0,6,0.0,4,6,0.4,8584,11000,0.7804,30.3,0.0,0,0,0,0,0,0,26.4,10.7,0.0,0.0,0.91,0.4,42343,True
2026-04-09T08:00:00+00:00,8,3,9,4,0,0,0,0,0,0,6,0.0,4,6,0.4,8584,11000,0.7804,30.3,0.0,0,0,0,0,0,0,28.0,12.1,0.0,0.0,1.52,0.0,42343,True
2026-04-09T09:00:00+00:00,9,3,9,4,0,0,0,0,0,0,6,0.0,4,6,0.4,8584,11000,0.7804,30.3,0.0,0,0,0,0,0,0,27.6,9.3,0.0,0.0,2.26,0.0,42343,True
2026-04-09T10:00:00+00:00,10,3,9,4,0,0,0,0,0,0,6,0.0,4,6,0.4,8584,11000,0.7804,30.3,0.0,0,0,0,0,0,0,28.3,12.2,3.7,0.2,2.88,0.0,42343,True
2026-04-09T11:00:00+00:00,11,3,9,4,0,0,0,0,0,0,6,0.0,4,6,0.4,8584,11000,0.7804,30.3,0.0,0,0,0,0,0,0,29.0,13.8,0.0,0.0,3.04,0.0,42343,True
2026-04-09T12:00:00+00:00,12,3,9,4,0,0,0,0,0,0,6,0.0,4,6,0.4,8584,11000,0.7804,30.3,0.0,0,0,0,0,0,0,29.7,8.1,0.0,0.0,2.89,0.0,42343,True
2026-04-09T13:00:00+00:00,13,3,9,4,0,0,0,0,0,0,6,0.0,4,6,0.4,8584,11000,0.7804,30.3,0.0,0,0,0,0,0,0,31.4,10.4,0.0,0.0,2.51,0.0,42343,True
2026-04-09T14:00:00+00:00,14,3,9,4,0,0,0,0,0,0,6,0.0,4,6,0.4,8584,11000,0.7804,30.3,0.0,0,0,0,0,0,0,32.1,14.2,0.0,0.0,2.19,0.0,42343,True
2026-04-09T15:00:00+00:00,15,3,9,4,0,0,0,0,0,0,6,0.0,4,6,0.4,8584,11000,0.7804,30.3,0.0,0,0,0,0,0,0,31.5,13.0,0.0,0.0,1.74,0.0,42343,True
2026-04-09T16:00:00+00:00,16,3,9,4,0,0,0,0,0,0,6,0.0,4,6,0.4,8584,11000,0.7804,30.3,0.0,0,0,0,0,0,0,30.5,17.6,0.0,0.0,1.4,0.0,42343,True
2026-04-09T17:00:00+00:00,17,3,9,4,0,0,0,0,0,0,6,0.0,4,6,0.4,8584,11000,0.7804,30.3,0.0,0,0,0,0,0,0,31.4,14.4,0.0,0.0,1.07,0.2,42343,True
2026-04-09T18:00:00+00:00,18,3,9,4,0,0,0,0,0,0,6,0.0,4,6,0.4,8584,11000,0.7804,30.3,0.0,0,0,0,0,0,0,29.9,12.8,0.0,0.0,0.79,0.4,42343,True
2026-04-09T19:00:00+00:00,19,3,9,4,0,0,0,0,0,0,6,0.0,4,6,0.4,8584,11000,0.7804,30.3,0.0,0,0,0,0,0,0,29.5,13.1,0.0,0.0,0.81,0.4,42343,True
2026-04-09T20:00:00+00:00,20,3,9,4,0,0,0,0,0,0,6,0.0,4,6,0.4,8584,11000,0.7804,30.3,0.0,0,0,0,0,0,0,28.8,15.2,0.0,0.0,1.25,0.2,42343,True
2026-04-09T21:00:00+00:00,21,3,9,4,0,0,0,0,0,0,6,0.0,4,6,0.4,8584,11000,0.7804,30.3,0.0,0,0,0,0,0,0,27.1,21.5,8.0,0.2,2.02,0.0,42343,True
2026-04-09T22:00:00+00:00,22,3,9,4,0,0,0,0,0,0,6,0.0,4,6,0.4,8584,11000,0.7804,30.3,0.0,0,0,0,0,0,0,27.3,13.8,0.0,0.0,2.7,0.0,42343,True
2026-04-09T23:00:00+00:00,23,3,9,4,0,0,0,0,0,0,6,0.0,4,6,0.4,8584,11000,0.7804,30.3,0.0,0,0,0,0,0,0,26.5,10.4,0.0,0.0,3.04,0.0,42343,True
2026-04-10T00:00:00+00:00,0,4,10,4,0,0,0,0,0,0,6,0.0,4,6,0.4,8584,11000,0.7804,30.3,0.0,0,0,0,0,0,0,25.3,14.8,0.0,0.0,3.0,0.0,42343,True
2026-04-10T01:00:00+00:00,1,4,10,4,0,0,0,0,0,0,6,0.0,4,6,0.4,8584,11000,0.7804,30.3,0.0,0,0,0,0,0,0,25.6,10.1,0.0,0.0,2.71,0.0,42343,True
2026-04-10T02:00:00+00:00,2,4,10,4,0,0,0,0,0,0,6,0.0,4,6,0.4,8584,11000,0.7804,30.3,0.0,0,0,0,0,0,0,24.4,8.1,0.0,0.0,2.31,0.0,42343,True
2026-04-10T03:00:00+00:00,3,4,10,4,0,0,0,0,0,0,6,0.0,4,6,0.4,8584,11000,0.7804,30.3,0.0,0,0,0,0,0,0,24.2,12.5,0.0,0.0,1.93,0.0,42343,True
2026-04-10T04:00:00+00:00,4,4,10,4,0,0,0,0,0,0,6,0.0,4,6,0.4,8584,11000,0.7804,30.3,0.0,0,0,0,0,0,0,24.3,11.9,0.0,0.0,1.58,0.0,42343,True
2026-04-10T05:00:00+00:00,5,4,10,4,0,0,0,0,0,0,6,0.0,4,6,0.4,8584,11000,0.7804,30.3,0.0,0,0,0,0,0,0,25.6,5.7,0.0,0.0,1.2,0.2,42343,True
2026-04-10T06:00:00+00:00,6,4,10,4,0,0,0,0,0,0,6,0.0,4,6,0.4,8584,11000,0.7804,30.3,0.0,0,0,0,0,0,0,25.8,7.1,0.0,0.0,0.82,0.4,42343,True
2026-04-10T07:00:00+00:00,7,4,10,4,0,0,0,0,0,0,6,0.0,4,6,0.4,8584,11000,0.7804,30.3,0.0,0,0,0,0,0,0,25.7,5.4,0.0,0.0,0.74,0.4,42343,True
2026-04-10T08:00:00+00:00,8,4,10,4,0,0,0,0,0,0,6,0.0,4,6,0.4,8584,11000,0.7804,30.3,0.0,0,0,0,0,0,0,26.7,7.4,0.0,0.0,1.03,0.2,42343,True
2026-04-10T09:00:00+00:00,9,4,10,4,0,0,0,0,0,0,6,0.0,4,6,0.4,8584,11000,0.7804,30.3,0.0,0,0,0,0,0,0,27.6,9.8,0.0,0.0,1.63,0.0,42343,True
2026-04-10T10:00:00+00:00,10,4,10,4,0,0,0,0,0,0,6,0.0,4,6,0.4,8584,11000,0.7804,30.3,0.0,0,0,0,0,0,0,29.5,10.6,0.0,0.0,2.44,0.0,42343,True
2026-04-10T11:00:00+00:00,11,4,10,4,0,0,0,0,0,0,6,0.0,4,6,0.4,8584,11000,0.7804,30.3,0.0,0,0,0,0,0,0,29.7,13.5,0.0,0.0,2.95,0.0,42343,True
2026-04-10T12:00:00+00:00,12,4,10,4,0,0,0,0,0,0,6,0.0,4,6,0.4,8584,11000,0.7804,30.3,0.0,0,0,0,0,0,0,29.5,8.4,0.0,0.0,3.07,0.0,42343,True
2026-04-10T13:00:00+00:00,13,4,10,4,0,0,0,0,0,0,6,0.0,4,6,0.4,8584,11000,0.7804,30.3,0.0,0,0,0,0,0,0,30.0,9.3,0.0,0.0,2.84,0.0,42343,True
2026-04-10T14:00:00+00:00,14,4,10,4,0,0,0,0,0,0,6,0.0,4,6,0.4,8584,11000,0.7804,30.3,0.0,0,0,0,0,0,0,32.1,14.1,0.0,0.0,2.5,0.0,42343,True
2026-04-10T15:00:00+00:00,15,4,10,4,0,0,0,0,0,0,6,0.0,4,6,0.4,8584,11000,0.7804,30.3,0.0,0,0,0,0,0,0,31.7,15.8,0.0,0.0,2.06,0.0,42343,True
2026-04-10T16:00:00+00:00,16,4,10,4,0,0,0,0,0,0,6,0.0,4,6,0.4,8584,11000,0.7804,30.3,0.0,0,0,0,0,0,0,31.3,11.3,0.0,0.0,1.77,0.0,42343,True
2026-04-10T17:00:00+00:00,17,4,10,4,0,0,0,0,0,0,6,0.0,4,6,0.4,8584,11000,0.7804,30.3,0.0,0,0,0,0,0,0,30.2,15.8,0.0,0.0,1.37,0.2,42343,True
2026-04-10T18:00:00+00:00,18,4,10,4,0,0,0,0,0,0,6,0.0,4,6,0.4,8584,11000,0.7804,30.3,0.0,0,0,0,0,0,0,29.5,15.3,0.0,0.0,0.99,0.4,42343,True
2026-04-10T19:00:00+00:00,19,4,10,4,0,0,0,0,0,0,6,0.0,4,6,0.4,8584,11000,0.7804,30.3,0.0,0,0,0,0,0,0,29.3,11.5,0.0,0.0,0.76,0.4,42343,True
2026-04-10T20:00:00+00:00,20,4,10,4,0,0,0,0,0,0,6,0.0,4,6,0.4,8584,11000,0.7804,30.3,0.0,0,0,0,0,0,0,29.6,13.6,0.0,0.0,0.87,0.4,42343,True
2026-04-10T21:00:00+00:00,21,4,10,4,0,0,0,0,0,0,6,0.0,4,6,0.4,8584,11000,0.7804,30.3,0.0,0,0,0,0,0,0,28.3,13.8,0.0,0.0,1.33,0.2,42343,True
2026-04-10T22:00:00+00:00,22,4,10,4,0,0,0,0,0,0,6,0.0,4,6,0.4,8584,11000,0.7804,30.3,0.0,0,0,0,0,0,0,28.1,16.0,0.0,0.0,2.1,0.0,42343,True
2026-04-10T23:00:00+00:00,23,4,10,4,0,0,0,0,0,0,6,0.0,4,6,0.4,8584,11000,0.7804,30.3,0.0,0,0,0,0,0,0,26.4,9.5,0.0,0.0,2.76,0.0,42343,True
2026-04-11T00:00:00+00:00,0,5,11,4,1,0,0,0,0,0,6,0.0,4,6,0.4,8584,11000,0.7804,30.3,0.0,0,0,0,0,0,0,24.9,9.6,0.0,0.0,3.03,0.0,42343,True
2026-04-11T01:00:00+00:00,1,5,11,4,1,0,0,0,0,0,6,0.0,4,6,0.4,8584,11000,0.7804,30.3,0.0,0,0,0,0,0,0,25.8,7.6,0.0,0.0,2.94,0.0,42343,True
2026-04-11T02:00:00+00:00,2,5,11,4,1,0,0,0,0,0,6,0.0,4,6,0.4,8584,11000,0.7804,30.3,0.0,0,0,0,0,0,0,24.8,9.2,0.0,0.0,2.62,0.0,42343,True
2026-04-11T03:00:00+00:00,3,5,11,4,1,0,0,0,0,0,6,0.0,4,6,0.4,8584,11000,0.7804,30.3,0.0,0,0,0,0,0,0,24.9,10.9,0.0,0.0,2.24,0.0,42343,True
2026-04-11T04:00:00+00:00,4,5,11,4,1,0,0,0,0,0,6,0.0,4,6,0.4,8584,11000,0.7804,30.3,0.0,0,0,0,0,0,0,24.9,8.6,0.0,0.0,1.86,0.0,42343,True
2026-04-11T05:00:00+00:00,5,5,11,4,1,0,0,0,0,0,6,0.0,4,6,0.4,8584,11000,0.7804,30.3,0.0,0,0,0,0,0,0,25.9,11.2,0.0,0.0,1.55,0.0,42343,True
2026-04-11T06:00:00+00:00,6,5,11,4,1,0,0,0,0,0,6,0.0,4,6,0.4,8584,11000,0.7804,30.3,0.0,0,0,0,0,0,0,24.8,8.5,0.0,0.0,1.15,0.2,42343,True
2026-04-11T07:00:00+00:00,7,5,11,4,1,0,0,0,0,0,6,0.0,4,6,0.4,8584,11000,0.7804,30.3,0.0,0,0,0,0,0,0,27.1,10.7,0.0,0.0,0.83,0.4,42343,True
2026-04-11T08:00:00+00:00,8,5,11,4,1,0,0,0,0,0,6,0.0,4,6,0.4,8584,11000,0.7804,30.3,0.0,0,0,0,0,0,0,27.8,8.0,0.0,0.0,0.81,0.4,42343,True
2026-04-11T09:00:00+00:00,9,5,11,4,1,0,0,0,0,0,6,0.0,4,6,0.4,8584,11000,0.7804,30.3,0.0,0,0,0,0,0,0,28.7,7.0,0.0,0.0,1.12,0.2,42343,True
2026-04-11T10:00:00+00:00,10,5,11,4,1,0,0,0,0,0,6,0.0,4,6,0.4,8584,11000,0.7804,30.3,0.0,0,0,0,0,0,0,29.0,11.1,0.0,0.0,1.82,0.0,42343,True
2026-04-11T11:00:00+00:00,11,5,11,4,1,0,0,0,0,0,6,0.0,4,6,0.4,8584,11000,0.7804,30.3,0.0,0,0,0,0,0,0,30.6,8.9,0.0,0.0,2.55,0.0,42343,True
2026-04-11T12:00:00+00:00,12,5,11,4,1,0,0,0,0,0,6,0.0,4,6,0.4,8584,11000,0.7804,30.3,0.0,0,0,0,0,0,0,31.3,11.4,0.0,0.0,3.0,0.0,42343,True
2026-04-11T13:00:00+00:00,13,5,11,4,1,0,0,0,0,0,6,0.0,4,6,0.4,8584,11000,0.7804,30.3,0.0,0,0,0,0,0,0,30.1,8.8,0.0,0.0,3.07,0.0,42343,True
2026-04-11T14:00:00+00:00,14,5,11,4,1,0,0,0,0,0,6,0.0,4,6,0.4,8584,11000,0.7804,30.3,0.0,0,0,0,0,0,0,31.3,11.1,0.0,0.0,2.83,0.0,42343,True
2026-04-11T15:00:00+00:00,15,5,11,4,1,0,0,0,0,0,6,0.0,4,6,0.4,8584,11000,0.7804,30.3,0.0,0,0,0,0,0,0,30.7,15.1,0.0,0.0,2.38,0.0,42343,True
2026-04-11T16:00:00+00:00,16,5,11,4,1,0,0,0,0,0,6,0.0,4,6,0.4,8584,11000,0.7804,30.3,0.0,0,0,0,0,0,0,31.2,16.3,0.0,0.0,2.02,0.0,42343,True
2026-04-11T17:00:00+00:00,17,5,11,4,1,0,0,0,0,0,6,0.0,4,6,0.4,8584,11000,0.7804,30.3,0.0,0,0,0,0,0,0,31.8,16.1,0.0,0.0,1.67,0.0,42343,True
2026-04-11T18:00:00+00:00,18,5,11,4,1,0,0,0,0,0,6,0.0,4,6,0.4,8584,11000,0.7804,30.3,0.0,0,0,0,0,0,0,31.1,14.7,0.0,0.0,1.3,0.2,42343,True
2026-04-11T19:00:00+00:00,19,5,11,4,1,0,0,0,0,0,6,0.0,4,6,0.4,8584,11000,0.7804,30.3,0.0,0,0,0,0,0,0,30.6,15.5,0.0,0.0,0.91,0.4,42343,True
2026-04-11T20:00:00+00:00,20,5,11,4,1,0,0,0,0,0,6,0.0,4,6,0.4,8584,11000,0.7804,30.3,0.0,0,0,0,0,0,0,28.9,16.5,0.0,0.0,0.72,0.4,42343,True
2026-04-11T21:00:00+00:00,21,5,11,4,1,0,0,0,0,0,6,0.0,4,6,0.4,8584,11000,0.7804,30.3,0.0,0,0,0,0,0,0,27.5,11.0,0.0,0.0,0.97,0.4,42343,True
2026-04-11T22:00:00+00:00,22,5,11,4,1,0,0,0,0,0,6,0.0,4,6,0.4,8584,11000,0.7804,30.3,0.0,0,0,0,0,0,0,27.5,16.4,0.0,0.0,1.49,0.0,42343,True
2026-04-11T23:00:00+00:00,23,5,11,4,1,0,0,0,0,0,6,0.0,4,6,0.4,8584,11000,0.7804,30.3,0.0,0,0,0,0,0,0,27.2,11.3,0.0,0.0,2.22,0.0,42343,True
2026-04-12T00:00:00+00:00,0,6,12,4,1,0,0,0,0,0,6,0.0,4,6,0.4,8584,11000,0.7804,30.3,0.0,0,0,0,0,0,0,25.8,10.3,0.0,0.0,2.86,0.0,42343,True
2026-04-12T01:00:00+00:00,1,6,12,4,1,0,0,0,0,0,6,0.0,4,6,0.4,8584,11000,0.7804,30.3,0.0,0,0,0,0,0,0,25.9,7.3,0.0,0.0,3.04,0.0,42343,True
2026-04-12T02:00:00+00:00,2,6,12,4,1,0,0,0,0,0,6,0.0,4,6,0.4,8584,11000,0.7804,30.3,0.0,0,0,0,0,0,0,25.2,7.3,0.0,0.0,2.91,0.0,42343,True
2026-04-12T03:00:00+00:00,3,6,12,4,1,0,0,0,0,0,6,0.0,4,6,0.4,8584,11000,0.7804,30.3,0.0,0,0,0,0,0,0,25.1,8.8,0.0,0.0,2.52,0.0,42343,True
2026-04-12T04:00:00+00:00,4,6,12,4,1,0,0,0,0,0,6,0.0,4,6,0.4,8584,11000,0.7804,30.3,0.0,0,0,0,0,0,0,24.5,9.3,0.0,0.0,2.18,0.0,42343,True
2026-04-12T05:00:00+00:00,5,6,12,4,1,0,0,0,0,0,6,0.0,4,6,0.4,8584,11000,0.7804,30.3,0.0,0,0,0,0,0,0,25.5,9.5,0.0,0.0,1.84,0.0,42343,True
2026-04-12T06:00:00+00:00,6,6,12,4,1,0,0,0,0,0,6,0.0,4,6,0.4,8584,11000,0.7804,30.3,0.0,0,0,0,0,0,0,26.2,5.0,0.0,0.0,1.45,0.0,42343,True
2026-04-12T07:00:00+00:00,7,6,12,4,1,0,0,0,0,0,6,0.0,4,6,0.4,8584,11000,0.7804,30.3,0.0,0,0,0,0,0,0,25.5,10.4,0.0,0.0,1.11,0.2,42343,True
2026-04-12T08:00:00+00:00,8,6,12,4,1,0,0,0,0,0,6,0.0,4,6,0.4,8584,11000,0.7804,30.3,0.0,0,0,0,0,0,0,28.0,11.2,0.0,0.0,0.75,0.4,42343,True
2026-04-12T09:00:00+00:00,9,6,12,4,1,0,0,0,0,0,6,0.0,4,6,0.4,8584,11000,0.7804,30.3,0.0,0,0,0,0,0,0,28.4,12.1,0.0,0.0,0.82,0.4,42343,True
2026-04-12T10:00:00+00:00,10,6,12,4,1,0,0,0,0,0,6,0.0,4,6,0.4,8584,11000,0.7804,30.3,0.0,0,0,0,0,0,0,28.7,7.4,0.0,0.0,1.19,0.2,42343,True
2026-04-12T11:00:00+00:00,11,6,12,4,1,0,0,0,0,0,6,0.0,4,6,0.4,8584,11000,0.7804,30.3,0.0,0,0,0,0,0,0,28.9,11.9,0.0,0.0,1.93,0.0,42343,True
2026-04-12T12:00:00+00:00,12,6,12,4,1,0,0,0,0,0,6,0.0,4,6,0.4,8584,11000,0.7804,30.3,0.0,0,0,0,0,0,0,31.3,14.9,0.0,0.0,2.6,0.0,42343,True
2026-04-12T13:00:00+00:00,13,6,12,4,1,0,0,0,0,0,6,0.0,4,6,0.4,8584,11000,0.7804,30.3,0.0,0,0,0,0,0,0,32.0,14.8,0.0,0.0,3.0,0.0,42343,True
2026-04-12T14:00:00+00:00,14,6,12,4,1,0,0,0,0,0,6,0.0,4,6,0.4,8584,11000,0.7804,30.3,0.0,0,0,0,0,0,0,31.8,10.0,0.0,0.0,2.99,0.0,42343,True
2026-04-12T15:00:00+00:00,15,6,12,4,1,0,0,0,0,0,6,0.0,4,6,0.4,8584,11000,0.7804,30.3,0.0,0,0,0,0,0,0,32.0,13.8,0.0,0.0,2.68,0.0,42343,True
2026-04-12T16:00:00+00:00,16,6,12,4,1,0,0,0,0,0,6,0.0,4,6,0.4,8584,11000,0.7804,30.3,0.0,0,0,0,0,0,0,31.2,15.9,0.0,0.0,2.3,0.0,42343,True
2026-04-12T17:00:00+00:00,17,6,12,4,1,0,0,0,0,0,6,0.0,4,6,0.4,8584,11000,0.7804,30.3,0.0,0,0,0,0,0,0,31.7,11.7,0.0,0.0,1.95,0.0,42343,True
2026-04-12T18:00:00+00:00,18,6,12,4,1,0,0,0,0,0,6,0.0,4,6,0.4,8584,11000,0.7804,30.3,0.0,0,0,0,0,0,0,30.7,16.0,0.0,0.0,1.57,0.0,42343,True
2026-04-12T19:00:00+00:00,19,6,12,4,1,0,0,0,0,0,6,0.0,4,6,0.4,8584,11000,0.7804,30.3,0.0,0,0,0,0,0,0,29.6,16.2,0.0,0.0,1.18,0.2,42343,True
2026-04-12T20:00:00+00:00,20,6,12,4,1,0,0,0,0,0,6,0.0,4,6,0.4,8584,11000,0.7804,30.3,0.0,0,0,0,0,0,0,28.4,14.1,0.0,0.0,0.91,0.4,42343,True
2026-04-12T21:00:00+00:00,21,6,12,4,1,0,0,0,0,0,6,0.0,4,6,0.4,8584,11000,0.7804,30.3,0.0,0,0,0,0,0,0,28.2,13.0,0.0,0.0,0.75,0.4,42343,True
2026-04-12T22:00:00+00:00,22,6,12,4,1,0,0,0,0,0,6,0.0,4,6,0.4,8584,11000,0.7804,30.3,0.0,0,0,0,0,0,0,27.8,10.5,0.0,0.0,1.02,0.2,42343,True
2026-04-12T23:00:00+00:00,23,6,12,4,1,0,0,0,0,0,6,0.0,4,6,0.4,8584,11000,0.7804,30.3,0.0,0,0,0,0,0,0,26.7,13.9,0.0,0.0,1.59,0.0,42343,True
2026-04-13T00:00:00+00:00,0,0,13,4,0,0,0,0,0,0,6,0.0,4,6,0.4,8584,11000,0.7804,30.3,0.0,0,0,0,0,0,0,24.8,14.3,0.0,0.0,2.33,0.0,42343,True
2026-04-13T01:00:00+00:00,1,0,13,4,0,0,0,0,0,0,6,0.0,4,6,0.4,8584,11000,0.7804,30.3,0.0,0,0,0,0,0,0,25.6,12.9,0.0,0.0,2.91,0.0,42343,True
2026-04-13T02:00:00+00:00,2,0,13,4,0,0,0,0,0,0,6,0.0,4,6,0.4,8584,11000,0.7804,30.3,0.0,0,0,0,0,0,0,25.4,8.2,0.0,0.0,3.08,0.0,42343,True
2026-04-13T03:00:00+00:00,3,0,13,4,0,0,0,0,0,0,6,0.0,4,6,0.4,8584,11000,0.7804,30.3,0.0,0,0,0,0,0,0,24.7,8.1,0.0,0.0,2.85,0.0,42343,True
2026-04-13T04:00:00+00:00,4,0,13,4,0,0,0,0,0,0,6,0.0,4,6,0.4,8584,11000,0.7804,30.3,0.0,0,0,0,0,0,0,24.2,11.8,0.0,0.0,2.47,0.0,42343,True
2026-04-13T05:00:00+00:00,5,0,13,4,0,0,0,0,0,0,6,0.0,4,6,0.4,8584,11000,0.7804,30.3,0.0,0,0,0,0,0,0,24.6,8.7,0.0,0.0,2.15,0.0,42343,True
2026-04-13T06:00:00+00:00,6,0,13,4,0,0,0,0,0,0,6,0.0,4,6,0.4,8584,11000,0.7804,30.3,0.0,0,0,0,0,0,0,26.4,9.4,0.0,0.0,1.73,0.0,42343,True
2026-04-13T07:00:00+00:00,7,0,13,4,0,0,0,0,0,0,6,0.0,4,6,0.4,8584,11000,0.7804,30.3,0.0,0,0,0,0,0,0,26.1,5.9,0.0,0.0,1.36,0.2,42343,True
2026-04-13T08:00:00+00:00,8,0,13,4,0,0,0,0,0,0,6,0.0,4,6,0.4,8584,11000,0.7804,30.3,0.0,0,0,0,0,0,0,26.7,12.2,0.0,0.0,0.99,0.4,42343,True
2026-04-13T09:00:00+00:00,9,0,13,4,0,0,0,0,0,0,6,0.0,4,6,0.4,8584,11000,0.7804,30.3,0.0,0,0,0,0,0,0,27.0,17.4,4.9,0.2,0.74,0.4,42343,True
2026-04-13T10:00:00+00:00,10,0,13,4,0,0,0,0,0,0,6,0.0,4,6,0.4,8584,11000,0.7804,30.3,0.0,0,0,0,0,0,0,28.6,11.2,0.0,0.0,0.88,0.4,42343,True
2026-04-13T11:00:00+00:00,11,0,13,4,0,0,0,0,0,0,6,0.0,4,6,0.4,8584,11000,0.7804,30.3,0.0,0,0,0,0,0,0,30.0,9.9,0.0,0.0,1.28,0.2,42343,True
2026-04-13T12:00:00+00:00,12,0,13,4,0,0,0,0,0,0,6,0.0,4,6,0.4,8584,11000,0.7804,30.3,0.0,0,0,0,0,0,0,30.5,14.5,0.0,0.0,2.0,0.0,42343,True
2026-04-13T13:00:00+00:00,13,0,13,4,0,0,0,0,0,0,6,0.0,4,6,0.4,8584,11000,0.7804,30.3,0.0,0,0,0,0,0,0,31.2,28.4,21.5,0.5,2.69,0.0,42343,True
2026-04-13T14:00:00+00:00,14,0,13,4,0,0,0,0,0,0,6,0.0,4,6,0.4,8584,11000,0.7804,30.3,0.0,0,0,0,0,0,0,30.6,10.8,0.0,0.0,3.0,0.0,42343,True
2026-04-13T15:00:00+00:00,15,0,13,4,0,0,0,0,0,0,6,0.0,4,6,0.4,8584,11000,0.7804,30.3,0.0,0,0,0,0,0,0,31.9,11.6,0.0,0.0,2.96,0.0,42343,True
2026-04-13T16:00:00+00:00,16,0,13,4,0,0,0,0,0,0,6,0.0,4,6,0.4,8584,11000,0.7804,30.3,0.0,0,0,0,0,0,0,30.5,16.2,0.0,0.0,2.66,0.0,42343,True
2026-04-13T17:00:00+00:00,17,0,13,4,0,0,0,0,0,0,6,0.0,4,6,0.4,8584,11000,0.7804,30.3,0.0,0,0,0,0,0,0,31.3,15.0,0.0,0.0,2.23,0.0,42343,True
2026-04-13T18:00:00+00:00,18,0,13,4,0,0,0,0,0,0,6,0.0,4,6,0.4,8584,11000,0.7804,30.3,0.0,0,0,0,0,0,0,29.9,14.2,0.0,0.0,1.92,0.0,42343,True
2026-04-13T19:00:00+00:00,19,0,13,4,0,0,0,0,0,0,6,0.0,4,6,0.4,8584,11000,0.7804,30.3,0.0,0,0,0,0,0,0,30.0,13.4,0.0,0.0,1.52,0.0,42343,True
2026-04-13T20:00:00+00:00,20,0,13,4,0,0,0,0,0,0,6,0.0,4,6,0.4,8584,11000,0.7804,30.3,0.0,0,0,0,0,0,0,29.4,11.1,0.0,0.0,1.2,0.2,42343,True
2026-04-13T21:00:00+00:00,21,0,13,4,0,0,0,0,0,0,6,0.0,4,6,0.4,8584,11000,0.7804,30.3,0.0,0,0,0,0,0,0,27.5,13.3,0.0,0.0,0.82,0.4,42343,True
2026-04-13T22:00:00+00:00,22,0,13,4,0,0,0,0,0,0,6,0.0,4,6,0.4,8584,11000,0.7804,30.3,0.0,0,0,0,0,0,0,27.1,11.0,0.0,0.0,0.73,0.4,42343,True
2026-04-13T23:00:00+00:00,23,0,13,4,0,0,0,0,0,0,6,0.0,4,6,0.4,8584,11000,0.7804,30.3,0.0,0,0,0,0,0,0,25.3,13.7,0.0,0.0,1.06,0.2,42343,True
2026-04-14T00:00:00+00:00,0,1,14,4,0,0,0,0,0,0,6,0.0,4,6,0.4,8584,11000,0.7804,30.3,0.0,0,0,0,0,0,0,25.3,12.6,0.0,0.0,1.76,0.0,42343,True
2026-04-14T01:00:00+00:00,1,1,14,4,0,0,0,0,0,0,6,0.0,4,6,0.4,8584,11000,0.7804,30.3,0.0,0,0,0,0,0,0,24.3,13.9,0.0,0.0,2.46,0.0,42343,True
2026-04-14T02:00:00+00:00,2,1,14,4,0,0,0,0,0,0,6,0.0,4,6,0.4,8584,11000,0.7804,30.3,0.0,0,0,0,0,0,0,24.0,15.4,4.4,0.2,2.91,0.0,42343,True
2026-04-14T03:00:00+00:00,3,1,14,4,0,0,0,0,0,0,6,0.0,4,6,0.4,8584,11000,0.7804,30.3,0.0,0,0,0,0,0,0,24.5,6.9,0.0,0.0,3.05,0.0,42343,True
2026-04-14T04:00:00+00:00,4,1,14,4,0,0,0,0,0,0,6,0.0,4,6,0.4,8584,11000,0.7804,30.3,0.0,0,0,0,0,0,0,25.6,9.3,0.0,0.0,2.79,0.0,42343,True
2026-04-14T05:00:00+00:00,5,1,14,4,0,0,0,0,0,0,6,0.0,4,6,0.4,8584,11000,0.7804,30.3,0.0,0,0,0,0,0,0,25.8,11.2,0.0,0.0,2.42,0.0,42343,True
2026-04-14T06:00:00+00:00,6,1,14,4,0,0,0,0,0,0,6,0.0,4,6,0.4,8584,11000,0.7804,30.3,0.0,0,0,0,0,0,0,25.5,10.0,0.0,0.0,2.05,0.0,42343,True
2026-04-14T07:00:00+00:00,7,1,14,4,0,0,0,0,0,0,6,0.0,4,6,0.4,8584,11000,0.7804,30.3,0.0,0,0,0,0,0,0,26.5,6.7,0.0,0.0,1.74,0.0,42343,True
2026-04-14T08:00:00+00:00,8,1,14,4,0,0,0,0,0,0,6,0.0,4,6,0.4,8584,11000,0.7804,30.3,0.0,0,0,0,0,0,0,27.9,9.2,0.0,0.0,1.29,0.2,42343,True
2026-04-14T09:00:00+00:00,9,1,14,4,0,0,0,0,0,0,6,0.0,4,6,0.4,8584,11000,0.7804,30.3,0.0,0,0,0,0,0,0,27.3,6.3,0.0,0.0,0.97,0.4,42343,True
2026-04-14T10:00:00+00:00,10,1,14,4,0,0,0,0,0,0,6,0.0,4,6,0.4,8584,11000,0.7804,30.3,0.0,0,0,0,0,0,0,28.5,10.3,0.0,0.0,0.7,0.4,42343,True
2026-04-14T11:00:00+00:00,11,1,14,4,0,0,0,0,0,0,6,0.0,4,6,0.4,8584,11000,0.7804,30.3,0.0,0,0,0,0,0,0,29.6,12.2,0.0,0.0,0.84,0.4,42343,True
2026-04-14T12:00:00+00:00,12,1,14,4,0,0,0,0,0,0,6,0.0,4,6,0.4,8584,11000,0.7804,30.3,0.0,0,0,0,0,0,0,31.0,9.5,0.0,0.0,1.38,0.2,42343,True
2026-04-14T13:00:00+00:00,13,1,14,4,0,0,0,0,0,0,6,0.0,4,6,0.4,8584,11000,0.7804,30.3,0.0,0,0,0,0,0,0,31.3,13.9,0.0,0.0,2.19,0.0,42343,True
2026-04-14T14:00:00+00:00,14,1,14,4,0,0,0,0,0,0,6,0.0,4,6,0.4,8584,11000,0.7804,30.3,0.0,0,0,0,0,0,0,31.8,9.6,0.0,0.0,2.74,0.0,42343,True
2026-04-14T15:00:00+00:00,15,1,14,4,0,0,0,0,0,0,6,0.0,4,6,0.4,8584,11000,0.7804,30.3,0.0,0,0,0,0,0,0,31.5,14.5,0.0,0.0,3.08,0.0,42343,True
2026-04-14T16:00:00+00:00,16,1,14,4,0,0,0,0,0,0,6,0.0,4,6,0.4,8584,11000,0.7804,30.3,0.0,0,0,0,0,0,0,31.8,11.5,0.0,0.0,2.97,0.0,42343,True
2026-04-14T17:00:00+00:00,17,1,14,4,0,0,0,0,0,0,6,0.0,4,6,0.4,8584,11000,0.7804,30.3,0.0,0,0,0,0,0,0,30.1,18.2,2.8,0.2,2.63,0.0,42343,True
2026-04-14T18:00:00+00:00,18,1,14,4,0,0,0,0,0,0,6,0.0,4,6,0.4,8584,11000,0.7804,30.3,0.0,0,0,0,0,0,0,30.8,12.6,0.0,0.0,2.2,0.0,42343,True
2026-04-14T19:00:00+00:00,19,1,14,4,0,0,0,0,0,0,6,0.0,4,6,0.4,8584,11000,0.7804,30.3,0.0,0,0,0,0,0,0,29.3,11.9,0.0,0.0,1.84,0.0,42343,True
2026-04-14T20:00:00+00:00,20,1,14,4,0,0,0,0,0,0,6,0.0,4,6,0.4,8584,11000,0.7804,30.3,0.0,0,0,0,0,0,0,29.9,12.9,0.0,0.0,1.47,0.0,42343,True
2026-04-14T21:00:00+00:00,21,1,14,4,0,0,0,0,0,0,6,0.0,4,6,0.4,8584,11000,0.7804,30.3,0.0,0,0,0,0,0,0,27.9,14.1,0.0,0.0,1.13,0.2,42343,True
2026-04-14T22:00:00+00:00,22,1,14,4,0,0,0,0,0,0,6,0.0,4,6,0.4,8584,11000,0.7804,30.3,0.0,0,0,0,0,0,0,27.8,10.3,0.0,0.0,0.82,0.4,42343,True
2026-04-14T23:00:00+00:00,23,1,14,4,0,0,0,0,0,0,6,0.0,4,6,0.4,8584,11000,0.7804,30.3,0.0,0,0,0,0,0,0,25.5,14.7,0.0,0.0,0.79,0.4,42343,True
