timestamp,temperature_c,wind_speed_knots,precipitation_mm,visibility_km,weather_condition,operational_impact,synthetic
2026-01-15T00:00:00+00:00,25.7,14.1,0.0,10.0,partly_cloudy,0.0,True
2026-01-15T01:00:00+00:00,25.5,8.5,0.0,10.0,clear,0.0,True
2026-01-15T02:00:00+00:00,23.6,8.2,0.0,10.0,partly_cloudy,0.0,True
2026-01-15T03:00:00+00:00,24.1,11.4,0.0,10.0,clear,0.0,True
2026-01-15T04:00:00+00:00,25.4,7.5,0.0,10.0,partly_cloudy,0.0,True
2026-01-15T05:00:00+00:00,24.7,6.7,0.0,10.0,clear,0.0,True
2026-01-15T06:00:00+00:00,26.2,10.7,0.0,10.0,clear,0.0,True
2026-01-15T07:00:00+00:00,26.2,5.7,0.0,10.0,clear,0.0,True
2026-01-15T08:00:00+00:00,26.8,6.1,0.0,10.0,partly_cloudy,0.0,True
2026-01-15T09:00:00+00:00,28.2,5.9,0.0,10.0,clear,0.0,True
2026-01-15T10:00:00+00:00,28.3,7.1,0.0,10.0,partly_cloudy,0.0,True
2026-01-15T11:00:00+00:00,30.3,8.9,0.0,10.0,clear,0.0,True
2026-01-15T12:00:00+00:00,31.4,11.5,0.0,10.0,clear,0.0,True
2026-01-15T13:00:00+00:00,31.3,13.9,0.0,10.0,partly_cloudy,0.0,True
2026-01-15T14:00:00+00:00,31.8,11.7,0.0,10.0,clear,0.0,True
2026-01-15T15:00:00+00:00,31.8,11.3,0.0,10.0,clear,0.0,True
2026-01-15T16:00:00+00:00,32.1,11.3,0.0,10.0,partly_cloudy,0.0,True
2026-01-15T17:00:00+00:00,31.0,15.2,0.0,10.0,clear,0.0,True
2026-01-15T18:00:00+00:00,31.3,14.7,0.0,10.0,clear,0.0,True
2026-01-15T19:00:00+00:00,29.9,12.7,0.0,10.0,clear,0.0,True
2026-01-15T20:00:00+00:00,28.4,13.2,0.0,10.0,partly_cloudy,0.0,True
2026-01-15T21:00:00+00:00,27.6,16.2,0.0,10.0,partly_cloudy,0.0,True
2026-01-15T22:00:00+00:00,26.7,15.3,0.0,10.0,clear,0.0,True
2026-01-15T23:00:00+00:00,26.4,13.7,0.0,10.0,partly_cloudy,0.0,True
2026-01-16T00:00:00+00:00,25.0,13.9,0.0,10.0,clear,0.0,True
2026-01-16T01:00:00+00:00,24.4,20.2,5.2,6.3,rain,0.2,True
2026-01-16T02:00:00+00:00,23.8,7.9,0.0,10.0,partly_cloudy,0.0,True
2026-01-16T03:00:00+00:00,24.7,7.2,0.0,10.0,partly_cloudy,0.0,True
2026-01-16T04:00:00+00:00,24.6,11.6,0.0,10.0,partly_cloudy,0.0,True
2026-01-16T05:00:00+00:00,24.7,6.3,0.0,10.0,clear,0.0,True
2026-01-16T06:00:00+00:00,25.1,8.9,0.0,10.0,partly_cloudy,0.0,True
2026-01-16T07:00:00+00:00,25.9,6.0,0.0,10.0,partly_cloudy,0.0,True
2026-01-16T08:00:00+00:00,27.8,6.9,0.0,10.0,clear,0.0,True
2026-01-16T09:00:00+00:00,28.6,11.4,0.0,10.0,partly_cloudy,0.0,True
2026-01-16T10:00:00+00:00,29.6,9.0,0.0,10.0,clear,0.0,True
2026-01-16T11:00:00+00:00,29.3,9.9,0.0,10.0,partly_cloudy,0.0,True
2026-01-16T12:00:00+00:00,31.0,14.5,0.0,10.0,clear,0.0,True
2026-01-16T13:00:00+00:00,31.9,15.7,0.0,10.0,partly_cloudy,0.0,True
2026-01-16T14:00:00+00:00,30.7,13.7,0.0,10.0,clear,0.0,True
2026-01-16T15:00:00+00:00,32.1,12.0,0.0,10.0,clear,0.0,True
2026-01-16T16:00:00+00:00,31.6,21.4,2.3,6.8,rain,0.2,True
2026-01-16T17:00:00+00:00,30.5,11.0,0.0,10.0,partly_cloudy,0.0,True
2026-01-16T18:00:00+00:00,30.8,13.4,0.0,10.0,clear,0.0,True
2026-01-16T19:00:00+00:00,29.9,15.5,0.0,10.0,clear,0.0,True
2026-01-16T20:00:00+00:00,29.2,13.3,0.0,10.0,partly_cloudy,0.0,True
2026-01-16T21:00:00+00:00,28.0,14.5,0.0,10.0,partly_cloudy,0.0,True
2026-01-16T22:00:00+00:00,27.3,12.7,0.0,10.0,clear,0.0,True
2026-01-16T23:00:00+00:00,27.1,11.4,0.0,10.0,partly_cloudy,0.0,True
2026-01-17T00:00:00+00:00,25.8,12.0,0.0,10.0,clear,0.0,True
2026-01-17T01:00:00+00:00,25.0,8.0,0.0,10.0,clear,0.0,True
2026-01-17T02:00:00+00:00,23.8,11.7,0.0,10.0,partly_cloudy,0.0,True
2026-01-17T03:00:00+00:00,24.8,10.5,0.0,10.0,clear,0.0,True
2026-01-17T04:00:00+00:00,23.9,9.1,0.0,10.0,partly_cloudy,0.0,True
2026-01-17T05:00:00+00:00,25.7,11.4,0.0,10.0,partly_cloudy,0.0,True
2026-01-17T06:00:00+00:00,26.0,8.7,0.0,10.0,clear,0.0,True
2026-01-17T07:00:00+00:00,25.9,5.8,0.0,10.0,partly_cloudy,0.0,True
2026-01-17T08:00:00+00:00,26.9,10.7,0.0,10.0,partly_cloudy,0.0,True
2026-01-17T09:00:00+00:00,29.0,6.6,0.0,10.0,clear,0.0,True
2026-01-17T10:00:00+00:00,28.0,10.2,0.0,10.0,partly_cloudy,0.0,True
2026-01-17T11:00:00+00:00,29.8,12.7,0.0,10.0,partly_cloudy,0.0,True
2026-01-17T12:00:00+00:00,31.4,13.8,0.0,10.0,partly_cloudy,0.0,True
2026-01-17T13:00:00+00:00,30.7,8.9,0.0,10.0,partly_cloudy,0.0,True
2026-01-17T14:00:00+00:00,31.6,15.9,0.0,10.0,partly_cloudy,0.0,True
2026-01-17T15:00:00+00:00,31.8,11.3,0.0,10.0,partly_cloudy,0.0,True
2026-01-17T16:00:00+00:00,30.5,12.8,0.0,10.0,partly_cloudy,0.0,True
2026-01-17T17:00:00+00:00,30.9,12.4,0.0,10.0,clear,0.0,True
2026-01-17T18:00:00+00:00,30.7,15.6,0.0,10.0,partly_cloudy,0.0,True
2026-01-17T19:00:00+00:00,28.8,16.0,0.0,10.0,clear,0.0,True
2026-01-17T20:00:00+00:00,29.6,12.8,0.0,10.0,clear,0.0,True
2026-01-17T21:00:00+00:00,28.5,11.0,0.0,10.0,partly_cloudy,0.0,True
2026-01-17T22:00:00+00:00,26.3,11.2,0.0,10.0,clear,0.0,True
2026-01-17T23:00:00+00:00,26.4,12.1,0.0,10.0,partly_cloudy,0.0,True
2026-01-18T00:00:00+00:00,25.2,9.7,0.0,10.0,partly_cloudy,0.0,True
2026-01-18T01:00:00+00:00,25.3,9.5,0.0,10.0,clear,0.0,True
2026-01-18T02:00:00+00:00,24.6,7.4,0.0,10.0,clear,0.0,True
2026-01-18T03:00:00+00:00,23.8,7.4,0.0,10.0,partly_cloudy,0.0,True
2026-01-18T04:00:00+00:00,25.4,11.9,0.0,10.0,partly_cloudy,0.0,True
2026-01-18T05:00:00+00:00,24.4,10.4,0.0,10.0,partly_cloudy,0.0,True
2026-01-18T06:00:00+00:00,25.0,7.4,0.0,10.0,partly_cloudy,0.0,True
2026-01-18T07:00:00+00:00,25.7,7.6,0.0,10.0,clear,0.0,True
2026-01-18T08:00:00+00:00,26.1,7.7,0.0,10.0,partly_cloudy,0.0,True
2026-01-18T09:00:00+00:00,28.5,12.7,0.0,10.0,partly_cloudy,0.0,True
2026-01-18T10:00:00+00:00,28.5,11.2,0.0,10.0,clear,0.0,True
2026-01-18T11:00:00+00:00,29.5,9.9,0.0,10.0,partly_cloudy,0.0,True
2026-01-18T12:00:00+00:00,30.2,13.5,0.0,10.0,clear,0.0,True
2026-01-18T13:00:00+00:00,30.5,15.5,0.0,10.0,partly_cloudy,0.0,True
2026-01-18T14:00:00+00:00,32.1,15.9,0.0,10.0,clear,0.0,True
2026-01-18T15:00:00+00:00,30.6,11.2,0.0,10.0,partly_cloudy,0.0,True
2026-01-18T16:00:00+00:00,31.7,13.5,0.0,10.0,clear,0.0,True
2026-01-18T17:00:00+00:00,30.4,11.5,0.0,10.0,clear,0.0,True
2026-01-18T18:00:00+00:00,31.1,15.8,0.0,10.0,partly_cloudy,0.0,True
2026-01-18T19:00:00+00:00,30.0,15.8,0.0,10.0,clear,0.0,True
2026-01-18T20:00:00+00:00,29.7,12.9,0.0,10.0,partly_cloudy,0.0,True
2026-01-18T21:00:00+00:00,27.6,23.7,2.7,5.6,rain,0.2,True
2026-01-18T22:00:00+00:00,26.1,12.9,0.0,10.0,clear,0.0,True
2026-01-18T23:00:00+00:00,26.2,10.2,0.0,10.0,partly_cloudy,0.0,True
2026-01-19T00:00:00+00:00,26.3,9.8,0.0,10.0,clear,0.0,True
2026-01-19T01:00:00+00:00,24.2,12.5,0.0,10.0,clear,0.0,True
2026-01-19T02:00:00+00:00,24.0,6.7,0.0,10.0,partly_cloudy,0.0,True
2026-01-19T03:00:00+00:00,24.3,8.7,0.0,10.0,partly_cloudy,0.0,True
2026-01-19T04:00:00+00:00,24.9,9.6,0.0,10.0,partly_cloudy,0.0,True
2026-01-19T05:00:00+00:00,25.1,6.3,0.0,10.0,partly_cloudy,0.0,True
2026-01-19T06:00:00+00:00,26.4,8.6,0.0,10.0,partly_cloudy,0.0,True
2026-01-19T07:00:00+00:00,26.8,7.6,0.0,10.0,clear,0.0,True
2026-01-19T08:00:00+00:00,27.8,7.7,0.0,10.0,partly_cloudy,0.0,True
2026-01-19T09:00:00+00:00,28.7,6.7,0.0,10.0,clear,0.0,True
2026-01-19T10:00:00+00:00,29.2,9.5,0.0,10.0,partly_cloudy,0.0,True
2026-01-19T11:00:00+00:00,29.0,8.0,0.0,10.0,partly_cloudy,0.0,True
2026-01-19T12:00:00+00:00,30.0,13.0,0.0,10.0,clear,0.0,True
2026-01-19T13:00:00+00:00,31.9,12.9,0.0,10.0,partly_cloudy,0.0,True
2026-01-19T14:00:00+00:00,31.4,10.9,0.0,10.0,partly_cloudy,0.0,True
2026-01-19T15:00:00+00:00,31.2,13.7,0.0,10.0,clear,0.0,True
2026-01-19T16:00:00+00:00,30.9,19.0,3.4,5.0,rain,0.2,True
2026-01-19T17:00:00+00:00,31.9,17.5,0.0,10.0,partly_cloudy,0.0,True
2026-01-19T18:00:00+00:00,30.7,22.8,4.4,6.0,rain,0.2,True
2026-01-19T19:00:00+00:00,30.7,17.4,0.0,10.0,partly_cloudy,0.0,True
2026-01-19T20:00:00+00:00,29.6,12.2,0.0,10.0,clear,0.0,True
2026-01-19T21:00:00+00:00,28.3,13.3,0.0,10.0,clear,0.0,True
2026-01-19T22:00:00+00:00,26.7,9.6,0.0,10.0,partly_cloudy,0.0,True
2026-01-19T23:00:00+00:00,26.4,13.7,0.0,10.0,clear,0.0,True
2026-01-20T00:00:00+00:00,25.1,15.0,0.0,10.0,partly_cloudy,0.0,True
2026-01-20T01:00:00+00:00,24.1,11.6,0.0,10.0,clear,0.0,True
2026-01-20T02:00:00+00:00,25.5,13.0,0.0,10.0,clear,0.0,True
2026-01-20T03:00:00+00:00,25.4,6.1,0.0,10.0,partly_cloudy,0.0,True
2026-01-20T04:00:00+00:00,23.9,8.1,0.0,10.0,partly_cloudy,0.0,True
2026-01-20T05:00:00+00:00,24.8,6.4,0.0,10.0,partly_cloudy,0.0,True
2026-01-20T06:00:00+00:00,26.2,10.6,0.0,10.0,clear,0.0,True
2026-01-20T07:00:00+00:00,26.9,10.0,0.0,10.0,clear,0.0,True
2026-01-20T08:00:00+00:00,26.3,9.1,0.0,10.0,clear,0.0,True
2026-01-20T09:00:00+00:00,27.6,9.6,0.0,10.0,clear,0.0,True
2026-01-20T10:00:00+00:00,28.0,6.6,0.0,10.0,partly_cloudy,0.0,True
2026-01-20T11:00:00+00:00,30.1,7.6,0.0,10.0,partly_cloudy,0.0,True
2026-01-20T12:00:00+00:00,29.5,10.3,0.0,10.0,clear,0.0,True
2026-01-20T13:00:00+00:00,31.6,13.8,0.0,10.0,clear,0.0,True
2026-01-20T14:00:00+00:00,31.2,18.6,4.9,5.9,rain,0.2,True
2026-01-20T15:00:00+00:00,31.5,11.1,0.0,10.0,partly_cloudy,0.0,True
2026-01-20T16:00:00+00:00,30.4,16.2,0.0,10.0,partly_cloudy,0.0,True
2026-01-20T17:00:00+00:00,30.4,16.3,0.0,10.0,clear,0.0,True
2026-01-20T18:00:00+00:00,29.7,12.4,0.0,10.0,partly_cloudy,0.0,True
2026-01-20T19:00:00+00:00,30.2,14.2,0.0,10.0,clear,0.0,True
2026-01-20T20:00:00+00:00,28.2,11.4,0.0,10.0,clear,0.0,True
2026-01-20T21:00:00+00:00,28.7,15.1,0.0,10.0,partly_cloudy,0.0,True
2026-01-20T22:00:00+00:00,26.3,13.0,0.0,10.0,partly_cloudy,0.0,True
2026-01-20T23:00:00+00:00,27.2,9.3,0.0,10.0,partly_cloudy,0.0,True
2026-01-21T00:00:00+00:00,25.1,10.8,0.0,10.0,clear,0.0,True
2026-01-21T01:00:00+00:00,24.4,9.3,0.0,10.0,partly_cloudy,0.0,True
2026-01-21T02:00:00+00:00,23.9,9.0,0.0,10.0,clear,0.0,True
2026-01-21T03:00:00+00:00,23.8,7.1,0.0,10.0,clear,0.0,True
2026-01-21T04:00:00+00:00,23.8,12.1,0.0,10.0,partly_cloudy,0.0,True
2026-01-21T05:00:00+00:00,24.0,7.0,0.0,10.0,partly_cloudy,0.0,True
2026-01-21T06:00:00+00:00,26.2,11.2,0.0,10.0,clear,0.0,True
2026-01-21T07:00:00+00:00,26.6,8.0,0.0,10.0,clear,0.0,True
2026-01-21T08:00:00+00:00,26.5,6.3,0.0,10.0,partly_cloudy,0.0,True
2026-01-21T09:00:00+00:00,28.2,8.0,0.0,10.0,partly_cloudy,0.0,True
2026-01-21T10:00:00+00:00,29.3,8.4,0.0,10.0,partly_cloudy,0.0,True
2026-01-21T11:00:00+00:00,29.9,9.7,0.0,10.0,clear,0.0,True
2026-01-21T12:00:00+00:00,29.7,12.7,0.0,10.0,partly_cloudy,0.0,True
2026-01-21T13:00:00+00:00,31.2,14.7,0.0,10.0,partly_cloudy,0.0,True
2026-01-21T14:00:00+00:00,32.1,16.5,0.0,10.0,partly_cloudy,0.0,True
2026-01-21T15:00:00+00:00,32.1,16.3,0.0,10.0,partly_cloudy,0.0,True
2026-01-21T16:00:00+00:00,32.0,17.0,0.0,10.0,partly_cloudy,0.0,True
2026-01-21T17:00:00+00:00,30.5,13.6,0.0,10.0,clear,0.0,True
2026-01-21T18:00:00+00:00,30.5,13.2,0.0,10.0,partly_cloudy,0.0,True
2026-01-21T19:00:00+00:00,29.2,16.6,0.0,10.0,clear,0.0,True
2026-01-21T20:00:00+00:00,29.0,14.6,0.0,10.0,partly_cloudy,0.0,True
2026-01-21T21:00:00+00:00,28.1,10.7,0.0,10.0,clear,0.0,True
2026-01-21T22:00:00+00:00,27.2,14.6,0.0,10.0,partly_cloudy,0.0,True
2026-01-21T23:00:00+00:00,27.0,15.6,0.0,10.0,partly_cloudy,0.0,True
2026-01-22T00:00:00+00:00,25.8,13.8,0.0,10.0,partly_cloudy,0.0,True
2026-01-22T01:00:00+00:00,24.5,9.1,0.0,10.0,partly_cloudy,0.0,True
2026-01-22T02:00:00+00:00,25.5,10.0,0.0,10.0,partly_cloudy,0.0,True
2026-01-22T03:00:00+00:00,24.6,8.1,0.0,10.0,clear,0.0,True
2026-01-22T04:00:00+00:00,25.3,6.6,0.0,10.0,clear,0.0,True
2026-01-22T05:00:00+00:00,25.4,9.9,0.0,10.0,partly_cloudy,0.0,True
2026-01-22T06:00:00+00:00,25.2,7.3,0.0,10.0,partly_cloudy,0.0,True
2026-01-22T07:00:00+00:00,25.3,5.2,0.0,10.0,clear,0.0,True
2026-01-22T08:00:00+00:00,27.7,10.6,0.0,10.0,partly_cloudy,0.0,True
2026-01-22T09:00:00+00:00,28.2,15.6,6.6,6.7,rain,0.2,True
2026-01-22T10:00:00+00:00,28.4,17.1,7.1,5.3,rain,0.2,True
2026-01-22T11:00:00+00:00,30.2,8.3,0.0,10.0,partly_cloudy,0.0,True
2026-01-22T12:00:00+00:00,29.9,11.2,0.0,10.0,partly_cloudy,0.0,True
2026-01-22T13:00:00+00:00,31.9,12.8,0.0,10.0,partly_cloudy,0.0,True
2026-01-22T14:00:00+00:00,30.5,9.6,0.0,10.0,clear,0.0,True
2026-01-22T15:00:00+00:00,31.6,16.0,0.0,10.0,partly_cloudy,0.0,True
2026-01-22T16:00:00+00:00,32.2,13.6,0.0,10.0,clear,0.0,True
2026-01-22T17:00:00+00:00,30.1,11.1,0.0,10.0,partly_cloudy,0.0,True
2026-01-22T18:00:00+00:00,30.7,12.9,0.0,10.0,partly_cloudy,0.0,True
2026-01-22T19:00:00+00:00,30.5,16.0,0.0,10.0,partly_cloudy,0.0,True
2026-01-22T20:00:00+00:00,29.8,14.3,0.0,10.0,clear,0.0,True
2026-01-22T21:00:00+00:00,28.2,14.6,0.0,10.0,clear,0.0,True
2026-01-22T22:00:00+00:00,26.4,13.5,0.0,10.0,clear,0.0,True
2026-01-22T23:00:00+00:00,25.3,13.2,0.0,10.0,partly_cloudy,0.0,True
2026-01-23T00:00:00+00:00,24.7,9.4,0.0,10.0,clear,0.0,True
2026-01-23T01:00:00+00:00,24.8,10.3,0.0,10.0,partly_cloudy,0.0,True
2026-01-23T02:00:00+00:00,24.8,8.5,0.0,10.0,clear,0.0,True
2026-01-23T03:00:00+00:00,24.3,9.0,0.0,10.0,clear,0.0,True
2026-01-23T04:00:00+00:00,24.7,7.3,0.0,10.0,clear,0.0,True
2026-01-23T05:00:00+00:00,24.2,10.5,0.0,10.0,partly_cloudy,0.0,True
2026-01-23T06:00:00+00:00,24.8,6.0,0.0,10.0,partly_cloudy,0.0,True
2026-01-23T07:00:00+00:00,27.1,28.6,29.8,1.1,thunderstorm,0.85,True
2026-01-23T08:00:00+00:00,27.9,8.9,0.0,10.0,partly_cloudy,0.0,True
2026-01-23T09:00:00+00:00,27.9,11.4,0.0,10.0,partly_cloudy,0.0,True
2026-01-23T10:00:00+00:00,28.7,7.6,0.0,10.0,clear,0.0,True
2026-01-23T11:00:00+00:00,29.7,7.3,0.0,10.0,partly_cloudy,0.0,True
2026-01-23T12:00:00+00:00,31.5,11.9,0.0,10.0,partly_cloudy,0.0,True
2026-01-23T13:00:00+00:00,30.2,9.6,0.0,10.0,clear,0.0,True
2026-01-23T14:00:00+00:00,30.7,13.9,0.0,10.0,partly_cloudy,0.0,True
2026-01-23T15:00:00+00:00,31.1,16.2,0.0,10.0,partly_cloudy,0.0,True
2026-01-23T16:00:00+00:00,30.5,14.8,0.0,10.0,clear,0.0,True
2026-01-23T17:00:00+00:00,30.8,11.3,0.0,10.0,clear,0.0,True
2026-01-23T18:00:00+00:00,29.8,11.6,0.0,10.0,partly_cloudy,0.0,True
2026-01-23T19:00:00+00:00,30.6,12.3,0.0,10.0,partly_cloudy,0.0,True
2026-01-23T20:00:00+00:00,29.9,15.0,0.0,10.0,clear,0.0,True
2026-01-23T21:00:00+00:00,27.1,16.5,0.0,10.0,partly_cloudy,0.0,True
2026-01-23T22:00:00+00:00,26.1,14.6,0.0,10.0,clear,0.0,True
2026-01-23T23:00:00+00:00,27.2,14.2,0.0,10.0,partly_cloudy,0.0,True
2026-01-24T00:00:00+00:00,25.0,38.5,36.4,2.3,thunderstorm,0.85,True
2026-01-24T01:00:00+00:00,24.8,8.8,0.0,10.0,clear,0.0,True
2026-01-24T02:00:00+00:00,25.6,7.2,0.0,10.0,clear,0.0,True
2026-01-24T03:00:00+00:00,24.2,10.9,0.0,10.0,partly_cloudy,0.0,True
2026-01-24T04:00:00+00:00,25.5,7.6,0.0,10.0,clear,0.0,True
2026-01-24T05:00:00+00:00,24.7,11.8,0.0,10.0,partly_cloudy,0.0,True
2026-01-24T06:00:00+00:00,25.6,6.1,0.0,10.0,clear,0.0,True
2026-01-24T07:00:00+00:00,26.6,10.9,0.0,10.0,clear,0.0,True
2026-01-24T08:00:00+00:00,27.0,5.4,0.0,10.0,partly_cloudy,0.0,True
2026-01-24T09:00:00+00:00,28.6,12.4,0.0,10.0,partly_cloudy,0.0,True
2026-01-24T10:00:00+00:00,29.8,12.5,0.0,10.0,clear,0.0,True
2026-01-24T11:00:00+00:00,30.6,13.4,0.0,10.0,partly_cloudy,0.0,True
2026-01-24T12:00:00+00:00,30.6,11.6,0.0,10.0,partly_cloudy,0.0,True
2026-01-24T13:00:00+00:00,30.6,12.0,0.0,10.0,clear,0.0,True
2026-01-24T14:00:00+00:00,30.5,17.5,7.6,7.4,rain,0.2,True
2026-01-24T15:00:00+00:00,31.6,17.1,0.0,10.0,clear,0.0,True
2026-01-24T16:00:00+00:00,31.0,12.5,0.0,10.0,clear,0.0,True
2026-01-24T17:00:00+00:00,31.5,17.0,0.0,10.0,partly_cloudy,0.0,True
2026-01-24T18:00:00+00:00,31.4,12.1,0.0,10.0,partly_cloudy,0.0,True
2026-01-24T19:00:00+00:00,30.4,15.1,0.0,10.0,clear,0.0,True
2026-01-24T20:00:00+00:00,28.4,24.3,6.1,7.4,rain,0.2,True
2026-01-24T21:00:00+00:00,27.2,11.0,0.0,10.0,partly_cloudy,0.0,True
2026-01-24T22:00:00+00:00,27.6,13.3,0.0,10.0,clear,0.0,True
2026-01-24T23:00:00+00:00,25.7,14.8,0.0,10.0,clear,0.0,True
2026-01-25T00:00:00+00:00,25.2,12.1,0.0,10.0,partly_cloudy,0.0,True
2026-01-25T01:00:00+00:00,25.0,8.5,0.0,10.0,partly_cloudy,0.0,True
2026-01-25T02:00:00+00:00,24.8,16.1,3.6,7.3,rain,0.2,True
2026-01-25T03:00:00+00:00,23.7,12.6,6.9,6.1,rain,0.2,True
2026-01-25T04:00:00+00:00,25.1,6.0,0.0,10.0,clear,0.0,True
2026-01-25T05:00:00+00:00,24.0,10.1,0.0,10.0,partly_cloudy,0.0,True
2026-01-25T06:00:00+00:00,26.4,8.0,0.0,10.0,clear,0.0,True
2026-01-25T07:00:00+00:00,25.5,10.1,0.0,10.0,partly_cloudy,0.0,True
2026-01-25T08:00:00+00:00,26.2,5.8,0.0,10.0,partly_cloudy,0.0,True
2026-01-25T09:00:00+00:00,27.4,10.0,0.0,10.0,partly_cloudy,0.0,True
2026-01-25T10:00:00+00:00,29.1,13.2,0.0,10.0,partly_cloudy,0.0,True
2026-01-25T11:00:00+00:00,28.8,7.3,0.0,10.0,partly_cloudy,0.0,True
2026-01-25T12:00:00+00:00,31.1,9.7,0.0,10.0,partly_cloudy,0.0,True
2026-01-25T13:00:00+00:00,30.2,14.5,0.0,10.0,partly_cloudy,0.0,True
2026-01-25T14:00:00+00:00,30.5,14.7,0.0,10.0,partly_cloudy,0.0,True
2026-01-25T15:00:00+00:00,32.3,11.2,0.0,10.0,clear,0.0,True
2026-01-25T16:00:00+00:00,31.8,17.4,0.0,10.0,partly_cloudy,0.0,True
2026-01-25T17:00:00+00:00,30.5,15.0,0.0,10.0,partly_cloudy,0.0,True
2026-01-25T18:00:00+00:00,30.4,14.7,0.0,10.0,partly_cloudy,0.0,True
2026-01-25T19:00:00+00:00,30.0,11.4,0.0,10.0,clear,0.0,True
2026-01-25T20:00:00+00:00,28.6,11.8,0.0,10.0,partly_cloudy,0.0,True
2026-01-25T21:00:00+00:00,27.3,13.8,0.0,10.0,partly_cloudy,0.0,True
2026-01-25T22:00:00+00:00,27.6,12.8,0.0,10.0,partly_cloudy,0.0,True
2026-01-25T23:00:00+00:00,25.4,10.4,0.0,10.0,partly_cloudy,0.0,True
2026-01-26T00:00:00+00:00,25.4,11.9,0.0,10.0,partly_cloudy,0.0,True
2026-01-26T01:00:00+00:00,24.9,13.1,0.0,10.0,clear,0.0,True
2026-01-26T02:00:00+00:00,24.8,11.8,0.0,10.0,clear,0.0,True
2026-01-26T03:00:00+00:00,24.5,11.3,0.0,10.0,partly_cloudy,0.0,True
2026-01-26T04:00:00+00:00,25.3,5.7,0.0,10.0,partly_cloudy,0.0,True
2026-01-26T05:00:00+00:00,24.2,11.4,0.0,10.0,clear,0.0,True
2026-01-26T06:00:00+00:00,24.6,10.1,0.0,10.0,partly_cloudy,0.0,True
2026-01-26T07:00:00+00:00,26.2,17.9,3.5,7.6,rain,0.2,True
2026-01-26T08:00:00+00:00,27.6,6.9,0.0,10.0,clear,0.0,True
2026-01-26T09:00:00+00:00,28.9,6.7,0.0,10.0,partly_cloudy,0.0,True
2026-01-26T10:00:00+00:00,28.7,11.2,0.0,10.0,clear,0.0,True
2026-01-26T11:00:00+00:00,29.7,10.0,0.0,10.0,clear,0.0,True
2026-01-26T12:00:00+00:00,30.4,12.8,0.0,10.0,partly_cloudy,0.0,True
2026-01-26T13:00:00+00:00,30.3,12.8,0.0,10.0,partly_cloudy,0.0,True
2026-01-26T14:00:00+00:00,31.8,16.1,0.0,10.0,clear,0.0,True
2026-01-26T15:00:00+00:00,30.6,10.9,0.0,10.0,clear,0.0,True
2026-01-26T16:00:00+00:00,30.7,11.1,0.0,10.0,clear,0.0,True
2026-01-26T17:00:00+00:00,30.4,11.2,0.0,10.0,partly_cloudy,0.0,True
2026-01-26T18:00:00+00:00,30.5,12.8,0.0,10.0,clear,0.0,True
2026-01-26T19:00:00+00:00,29.2,16.1,0.0,10.0,partly_cloudy,0.0,True
2026-01-26T20:00:00+00:00,28.4,11.6,0.0,10.0,clear,0.0,True
2026-01-26T21:00:00+00:00,27.1,10.3,0.0,10.0,clear,0.0,True
2026-01-26T22:00:00+00:00,26.9,15.2,0.0,10.0,clear,0.0,True
2026-01-26T23:00:00+00:00,27.0,9.1,0.0,10.0,partly_cloudy,0.0,True
2026-01-27T00:00:00+00:00,25.3,13.0,0.0,10.0,partly_cloudy,0.0,True
2026-01-27T01:00:00+00:00,25.9,12.1,0.0,10.0,partly_cloudy,0.0,True
2026-01-27T02:00:00+00:00,24.1,12.6,0.0,10.0,clear,0.0,True
2026-01-27T03:00:00+00:00,24.1,16.1,2.7,7.3,rain,0.2,True
2026-01-27T04:00:00+00:00,24.5,10.8,0.0,10.0,partly_cloudy,0.0,True
2026-01-27T05:00:00+00:00,25.6,10.6,0.0,10.0,clear,0.0,True
2026-01-27T06:00:00+00:00,25.5,8.9,0.0,10.0,partly_cloudy,0.0,True
2026-01-27T07:00:00+00:00,27.0,6.1,0.0,10.0,partly_cloudy,0.0,True
2026-01-27T08:00:00+00:00,27.9,7.7,0.0,10.0,clear,0.0,True
2026-01-27T09:00:00+00:00,27.7,9.8,0.0,10.0,clear,0.0,True
2026-01-27T10:00:00+00:00,28.4,9.1,0.0,10.0,clear,0.0,True
2026-01-27T11:00:00+00:00,30.1,11.4,0.0,10.0,partly_cloudy,0.0,True
2026-01-27T12:00:00+00:00,29.5,10.1,0.0,10.0,partly_cloudy,0.0,True
2026-01-27T13:00:00+00:00,31.7,11.4,0.0,10.0,partly_cloudy,0.0,True
2026-01-27T14:00:00+00:00,31.3,9.8,0.0,10.0,clear,0.0,True
2026-01-27T15:00:00+00:00,31.4,10.5,0.0,10.0,clear,0.0,True
2026-01-27T16:00:00+00:00,31.1,12.4,0.0,10.0,partly_cloudy,0.0,True
2026-01-27T17:00:00+00:00,31.3,12.5,0.0,10.0,clear,0.0,True
2026-01-27T18:00:00+00:00,29.7,13.2,0.0,10.0,partly_cloudy,0.0,True
2026-01-27T19:00:00+00:00,30.3,17.1,0.0,10.0,clear,0.0,True
2026-01-27T20:00:00+00:00,28.5,16.5,0.0,10.0,partly_cloudy,0.0,True
2026-01-27T21:00:00+00:00,27.8,11.3,0.0,10.0,clear,0.0,True
2026-01-27T22:00:00+00:00,27.6,14.3,0.0,10.0,clear,0.0,True
2026-01-27T23:00:00+00:00,26.2,12.7,0.0,10.0,partly_cloudy,0.0,True
2026-01-28T00:00:00+00:00,25.4,11.0,0.0,10.0,partly_cloudy,0.0,True
2026-01-28T01:00:00+00:00,25.8,12.0,0.0,10.0,partly_cloudy,0.0,True
2026-01-28T02:00:00+00:00,25.3,11.4,0.0,10.0,clear,0.0,True
2026-01-28T03:00:00+00:00,24.6,12.3,0.0,10.0,partly_cloudy,0.0,True
2026-01-28T04:00:00+00:00,24.3,6.3,0.0,10.0,partly_cloudy,0.0,True
2026-01-28T05:00:00+00:00,25.0,8.4,0.0,10.0,partly_cloudy,0.0,True
2026-01-28T06:00:00+00:00,25.9,10.6,0.0,10.0,partly_cloudy,0.0,True
2026-01-28T07:00:00+00:00,27.2,9.2,0.0,10.0,clear,0.0,True
2026-01-28T08:00:00+00:00,26.8,8.0,0.0,10.0,clear,0.0,True
2026-01-28T09:00:00+00:00,28.6,10.7,0.0,10.0,partly_cloudy,0.0,True
2026-01-28T10:00:00+00:00,28.2,7.9,0.0,10.0,clear,0.0,True
2026-01-28T11:00:00+00:00,30.6,11.4,0.0,10.0,partly_cloudy,0.0,True
2026-01-28T12:00:00+00:00,31.0,10.2,0.0,10.0,partly_cloudy,0.0,True
2026-01-28T13:00:00+00:00,30.9,9.2,0.0,10.0,partly_cloudy,0.0,True
2026-01-28T14:00:00+00:00,31.3,14.5,0.0,10.0,clear,0.0,True
2026-01-28T15:00:00+00:00,32.2,14.2,0.0,10.0,clear,0.0,True
2026-01-28T16:00:00+00:00,31.9,12.4,0.0,10.0,partly_cloudy,0.0,True
2026-01-28T17:00:00+00:00,31.8,16.1,0.0,10.0,partly_cloudy,0.0,True
2026-01-28T18:00:00+00:00,29.8,15.9,0.0,10.0,partly_cloudy,0.0,True
2026-01-28T19:00:00+00:00,29.7,11.6,0.0,10.0,partly_cloudy,0.0,True
2026-01-28T20:00:00+00:00,28.6,16.8,0.0,10.0,clear,0.0,True
2026-01-28T21:00:00+00:00,28.0,13.1,0.0,10.0,clear,0.0,True
2026-01-28T22:00:00+00:00,27.3,13.3,0.0,10.0,clear,0.0,True
2026-01-28T23:00:00+00:00,26.4,12.8,0.0,10.0,clear,0.0,True
2026-01-29T00:00:00+00:00,26.4,13.8,0.0,10.0,clear,0.0,True
2026-01-29T01:00:00+00:00,25.1,12.9,0.0,10.0,partly_cloudy,0.0,True
2026-01-29T02:00:00+00:00,25.1,13.5,0.0,10.0,partly_cloudy,0.0,True
2026-01-29T03:00:00+00:00,23.5,12.9,0.0,10.0,clear,0.0,True
2026-01-29T04:00:00+00:00,24.4,8.9,0.0,10.0,partly_cloudy,0.0,True
2026-01-29T05:00:00+00:00,24.0,5.6,0.0,10.0,partly_cloudy,0.0,True
2026-01-29T06:00:00+00:00,24.6,6.5,0.0,10.0,partly_cloudy,0.0,True
2026-01-29T07:00:00+00:00,25.6,19.2,2.1,5.1,rain,0.2,True
2026-01-29T08:00:00+00:00,26.5,8.3,0.0,10.0,clear,0.0,True
2026-01-29T09:00:00+00:00,27.6,9.9,0.0,10.0,partly_cloudy,0.0,True
2026-01-29T10:00:00+00:00,28.8,10.4,0.0,10.0,partly_cloudy,0.0,True
2026-01-29T11:00:00+00:00,29.2,11.1,0.0,10.0,partly_cloudy,0.0,True
2026-01-29T12:00:00+00:00,29.5,10.8,0.0,10.0,clear,0.0,True
2026-01-29T13:00:00+00:00,30.3,11.2,0.0,10.0,partly_cloudy,0.0,True
2026-01-29T14:00:00+00:00,31.5,10.3,0.0,10.0,partly_cloudy,0.0,True
2026-01-29T15:00:00+00:00,30.9,13.4,0.0,10.0,partly_cloudy,0.0,True
2026-01-29T16:00:00+00:00,30.7,16.6,0.0,10.0,partly_cloudy,0.0,True
2026-01-29T17:00:00+00:00,31.7,12.5,0.0,10.0,clear,0.0,True
2026-01-29T18:00:00+00:00,31.0,16.7,0.0,10.0,partly_cloudy,0.0,True
2026-01-29T19:00:00+00:00,30.2,14.1,0.0,10.0,partly_cloudy,0.0,True
2026-01-29T20:00:00+00:00,28.8,11.8,0.0,10.0,clear,0.0,True
2026-01-29T21:00:00+00:00,27.4,13.5,0.0,10.0,partly_cloudy,0.0,True
2026-01-29T22:00:00+00:00,26.8,34.9,30.9,2.2,thunderstorm,0.85,True
2026-01-29T23:00:00+00:00,26.2,11.3,0.0,10.0,partly_cloudy,0.0,True
2026-01-30T00:00:00+00:00,24.9,11.8,0.0,10.0,partly_cloudy,0.0,True
2026-01-30T01:00:00+00:00,25.1,13.1,0.0,10.0,clear,0.0,True
2026-01-30T02:00:00+00:00,24.0,7.0,0.0,10.0,partly_cloudy,0.0,True
2026-01-30T03:00:00+00:00,24.1,11.6,0.0,10.0,clear,0.0,True
2026-01-30T04:00:00+00:00,24.7,11.8,0.0,10.0,clear,0.0,True
2026-01-30T05:00:00+00:00,24.3,11.8,0.0,10.0,clear,0.0,True
2026-01-30T06:00:00+00:00,26.4,6.7,0.0,10.0,clear,0.0,True
2026-01-30T07:00:00+00:00,26.0,9.7,0.0,10.0,partly_cloudy,0.0,True
2026-01-30T08:00:00+00:00,26.2,9.7,0.0,10.0,partly_cloudy,0.0,True
2026-01-30T09:00:00+00:00,27.6,11.5,0.0,10.0,clear,0.0,True
2026-01-30T10:00:00+00:00,29.6,10.6,0.0,10.0,partly_cloudy,0.0,True
2026-01-30T11:00:00+00:00,29.3,12.7,0.0,10.0,partly_cloudy,0.0,True
2026-01-30T12:00:00+00:00,30.0,14.1,0.0,10.0,clear,0.0,True
2026-01-30T13:00:00+00:00,31.9,12.9,0.0,10.0,partly_cloudy,0.0,True
2026-01-30T14:00:00+00:00,30.4,13.5,0.0,10.0,partly_cloudy,0.0,True
2026-01-30T15:00:00+00:00,31.0,11.0,0.0,10.0,clear,0.0,True
2026-01-30T16:00:00+00:00,30.9,11.7,0.0,10.0,partly_cloudy,0.0,True
2026-01-30T17:00:00+00:00,30.7,15.1,0.0,10.0,partly_cloudy,0.0,True
2026-01-30T18:00:00+00:00,30.7,11.9,0.0,10.0,clear,0.0,True
2026-01-30T19:00:00+00:00,30.7,13.7,0.0,10.0,partly_cloudy,0.0,True
2026-01-30T20:00:00+00:00,29.1,12.5,0.0,10.0,clear,0.0,True
2026-01-30T21:00:00+00:00,27.4,15.5,0.0,10.0,clear,0.0,True
2026-01-30T22:00:00+00:00,26.5,12.6,0.0,10.0,partly_cloudy,0.0,True
2026-01-30T23:00:00+00:00,26.4,10.0,0.0,10.0,partly_cloudy,0.0,True
2026-01-31T00:00:00+00:00,24.7,10.6,0.0,10.0,clear,0.0,True
2026-01-31T01:00:00+00:00,24.8,13.9,0.0,10.0,clear,0.0,True
2026-01-31T02:00:00+00:00,25.3,10.9,0.0,10.0,clear,0.0,True
2026-01-31T03:00:00+00:00,25.3,20.3,11.4,4.1,squall,0.5,True
2026-01-31T04:00:00+00:00,23.6,9.6,0.0,10.0,partly_cloudy,0.0,True
2026-01-31T05:00:00+00:00,25.8,7.3,0.0,10.0,clear,0.0,True
2026-01-31T06:00:00+00:00,24.9,5.7,0.0,10.0,clear,0.0,True
2026-01-31T07:00:00+00:00,25.9,5.2,0.0,10.0,clear,0.0,True
2026-01-31T08:00:00+00:00,27.6,6.1,0.0,10.0,clear,0.0,True
2026-01-31T09:00:00+00:00,28.3,6.2,0.0,10.0,partly_cloudy,0.0,True
2026-01-31T10:00:00+00:00,29.1,11.0,0.0,10.0,partly_cloudy,0.0,True
2026-01-31T11:00:00+00:00,29.0,12.1,0.0,10.0,clear,0.0,True
2026-01-31T12:00:00+00:00,31.4,11.5,0.0,10.0,partly_cloudy,0.0,True
2026-01-31T13:00:00+00:00,31.3,13.5,0.0,10.0,partly_cloudy,0.0,True
2026-01-31T14:00:00+00:00,30.6,10.8,0.0,10.0,clear,0.0,True
2026-01-31T15:00:00+00:00,32.0,23.3,4.3,6.7,rain,0.2,True
2026-01-31T16:00:00+00:00,32.1,15.9,0.0,10.0,partly_cloudy,0.0,True
2026-01-31T17:00:00+00:00,30.9,11.6,0.0,10.0,partly_cloudy,0.0,True
2026-01-31T18:00:00+00:00,29.8,14.3,0.0,10.0,clear,0.0,True
2026-01-31T19:00:00+00:00,29.6,11.3,0.0,10.0,partly_cloudy,0.0,True
2026-01-31T20:00:00+00:00,29.5,13.1,0.0,10.0,clear,0.0,True
2026-01-31T21:00:00+00:00,28.5,11.3,0.0,10.0,partly_cloudy,0.0,True
2026-01-31T22:00:00+00:00,27.5,12.8,0.0,10.0,clear,0.0,True
2026-01-31T23:00:00+00:00,26.7,10.6,0.0,10.0,partly_cloudy,0.0,True
2026-02-01T00:00:00+00:00,26.1,10.5,0.0,10.0,partly_cloudy,0.0,True
2026-02-01T01:00:00+00:00,25.2,9.5,0.0,10.0,partly_cloudy,0.0,True
2026-02-01T02:00:00+00:00,24.4,10.4,0.0,10.0,partly_cloudy,0.0,True
2026-02-01T03:00:00+00:00,23.5,6.6,0.0,10.0,partly_cloudy,0.0,True
2026-02-01T04:00:00+00:00,24.9,9.9,0.0,10.0,partly_cloudy,0.0,True
2026-02-01T05:00:00+00:00,24.6,6.3,0.0,10.0,partly_cloudy,0.0,True
2026-02-01T06:00:00+00:00,25.0,33.5,24.2,1.2,thunderstorm,0.85,True
2026-02-01T07:00:00+00:00,25.4,9.1,0.0,10.0,clear,0.0,True
2026-02-01T08:00:00+00:00,26.1,10.3,0.0,10.0,clear,0.0,True
2026-02-01T09:00:00+00:00,28.4,6.2,0.0,10.0,clear,0.0,True
2026-02-01T10:00:00+00:00,29.7,12.7,0.0,10.0,clear,0.0,True
2026-02-01T11:00:00+00:00,29.9,10.2,0.0,10.0,partly_cloudy,0.0,True
2026-02-01T12:00:00+00:00,30.0,8.3,0.0,10.0,partly_cloudy,0.0,True
2026-02-01T13:00:00+00:00,30.1,14.1,0.0,10.0,clear,0.0,True
2026-02-01T14:00:00+00:00,31.9,13.3,0.0,10.0,clear,0.0,True
2026-02-01T15:00:00+00:00,32.2,10.8,0.0,10.0,clear,0.0,True
2026-02-01T16:00:00+00:00,32.1,15.5,0.0,10.0,clear,0.0,True
2026-02-01T17:00:00+00:00,31.1,14.1,0.0,10.0,clear,0.0,True
2026-02-01T18:00:00+00:00,30.0,11.8,0.0,10.0,partly_cloudy,0.0,True
2026-02-01T19:00:00+00:00,30.4,14.2,0.0,10.0,clear,0.0,True
2026-02-01T20:00:00+00:00,28.5,15.6,0.0,10.0,clear,0.0,True
2026-02-01T21:00:00+00:00,27.0,12.4,0.0,10.0,clear,0.0,True
2026-02-01T22:00:00+00:00,26.9,12.6,0.0,10.0,clear,0.0,True
2026-02-01T23:00:00+00:00,25.7,9.6,0.0,10.0,partly_cloudy,0.0,True
2026-02-02T00:00:00+00:00,26.1,8.8,0.0,10.0,partly_cloudy,0.0,True
2026-02-02T01:00:00+00:00,24.5,12.2,0.0,10.0,clear,0.0,True
2026-02-02T02:00:00+00:00,25.5,11.5,0.0,10.0,clear,0.0,True
2026-02-02T03:00:00+00:00,25.1,6.7,0.0,10.0,partly_cloudy,0.0,True
2026-02-02T04:00:00+00:00,24.5,10.0,0.0,10.0,clear,0.0,True
2026-02-02T05:00:00+00:00,25.9,11.4,0.0,10.0,partly_cloudy,0.0,True
2026-02-02T06:00:00+00:00,25.9,10.5,0.0,10.0,clear,0.0,True
2026-02-02T07:00:00+00:00,27.2,10.8,0.0,10.0,partly_cloudy,0.0,True
2026-02-02T08:00:00+00:00,27.0,11.4,0.0,10.0,partly_cloudy,0.0,True
2026-02-02T09:00:00+00:00,27.0,6.5,0.0,10.0,partly_cloudy,0.0,True
2026-02-02T10:00:00+00:00,29.0,7.7,0.0,10.0,clear,0.0,True
2026-02-02T11:00:00+00:00,29.1,11.1,0.0,10.0,clear,0.0,True
2026-02-02T12:00:00+00:00,30.0,13.4,0.0,10.0,clear,0.0,True
2026-02-02T13:00:00+00:00,30.9,11.1,0.0,10.0,partly_cloudy,0.0,True
2026-02-02T14:00:00+00:00,31.5,12.6,0.0,10.0,clear,0.0,True
2026-02-02T15:00:00+00:00,31.2,12.2,0.0,10.0,partly_cloudy,0.0,True
2026-02-02T16:00:00+00:00,31.1,15.9,0.0,10.0,partly_cloudy,0.0,True
2026-02-02T17:00:00+00:00,30.6,14.2,0.0,10.0,partly_cloudy,0.0,True
2026-02-02T18:00:00+00:00,30.9,38.1,34.9,1.3,thunderstorm,0.85,True
2026-02-02T19:00:00+00:00,30.0,13.1,0.0,10.0,clear,0.0,True
2026-02-02T20:00:00+00:00,28.1,15.7,0.0,10.0,partly_cloudy,0.0,True
2026-02-02T21:00:00+00:00,28.2,32.0,15.7,2.7,squall,0.5,True
2026-02-02T22:00:00+00:00,26.2,12.9,0.0,10.0,partly_cloudy,0.0,True
2026-02-02T23:00:00+00:00,25.4,10.3,0.0,10.0,partly_cloudy,0.0,True
2026-02-03T00:00:00+00:00,25.0,9.5,0.0,10.0,partly_cloudy,0.0,True
2026-02-03T01:00:00+00:00,24.1,12.5,0.0,10.0,partly_cloudy,0.0,True
2026-02-03T02:00:00+00:00,24.3,9.4,0.0,10.0,partly_cloudy,0.0,True
2026-02-03T03:00:00+00:00,23.8,12.0,0.0,10.0,partly_cloudy,0.0,True
2026-02-03T04:00:00+00:00,25.5,11.7,0.0,10.0,clear,0.0,True
2026-02-03T05:00:00+00:00,24.6,10.0,0.0,10.0,partly_cloudy,0.0,True
2026-02-03T06:00:00+00:00,26.0,9.0,0.0,10.0,clear,0.0,True
2026-02-03T07:00:00+00:00,26.2,10.0,0.0,10.0,clear,0.0,True
2026-02-03T08:00:00+00:00,27.6,12.7,7.0,6.7,rain,0.2,True
2026-02-03T09:00:00+00:00,29.0,8.4,0.0,10.0,partly_cloudy,0.0,True
2026-02-03T10:00:00+00:00,28.6,6.8,0.0,10.0,partly_cloudy,0.0,True
2026-02-03T11:00:00+00:00,30.6,11.4,0.0,10.0,clear,0.0,True
2026-02-03T12:00:00+00:00,30.4,11.1,0.0,10.0,partly_cloudy,0.0,True
2026-02-03T13:00:00+00:00,31.0,14.3,0.0,10.0,partly_cloudy,0.0,True
2026-02-03T14:00:00+00:00,30.7,14.6,0.0,10.0,partly_cloudy,0.0,True
2026-02-03T15:00:00+00:00,31.5,14.1,0.0,10.0,clear,0.0,True
2026-02-03T16:00:00+00:00,30.4,14.2,0.0,10.0,partly_cloudy,0.0,True
2026-02-03T17:00:00+00:00,30.7,14.4,0.0,10.0,partly_cloudy,0.0,True
2026-02-03T18:00:00+00:00,31.1,13.7,0.0,10.0,partly_cloudy,0.0,True
2026-02-03T19:00:00+00:00,29.2,15.7,0.0,10.0,partly_cloudy,0.0,True
2026-02-03T20:00:00+00:00,29.1,16.5,0.0,10.0,partly_cloudy,0.0,True
2026-02-03T21:00:00+00:00,27.0,16.0,0.0,10.0,partly_cloudy,0.0,True
2026-02-03T22:00:00+00:00,27.8,15.4,0.0,10.0,partly_cloudy,0.0,True
2026-02-03T23:00:00+00:00,25.5,9.6,0.0,10.0,clear,0.0,True
2026-02-04T00:00:00+00:00,26.2,11.0,0.0,10.0,clear,0.0,True
2026-02-04T01:00:00+00:00,25.7,12.0,0.0,10.0,partly_cloudy,0.0,True
2026-02-04T02:00:00+00:00,24.0,12.4,0.0,10.0,partly_cloudy,0.0,True
2026-02-04T03:00:00+00:00,23.8,12.4,0.0,10.0,partly_cloudy,0.0,True
2026-02-04T04:00:00+00:00,24.6,12.0,0.0,10.0,clear,0.0,True
2026-02-04T05:00:00+00:00,25.6,11.0,0.0,10.0,partly_cloudy,0.0,True
2026-02-04T06:00:00+00:00,26.2,11.5,0.0,10.0,partly_cloudy,0.0,True
2026-02-04T07:00:00+00:00,26.1,7.4,0.0,10.0,clear,0.0,True
2026-02-04T08:00:00+00:00,27.7,8.6,0.0,10.0,partly_cloudy,0.0,True
2026-02-04T09:00:00+00:00,27.0,8.8,0.0,10.0,partly_cloudy,0.0,True
2026-02-04T10:00:00+00:00,28.2,10.6,0.0,10.0,clear,0.0,True
2026-02-04T11:00:00+00:00,30.1,11.0,0.0,10.0,clear,0.0,True
2026-02-04T12:00:00+00:00,31.2,12.7,0.0,10.0,clear,0.0,True
2026-02-04T13:00:00+00:00,31.4,13.3,0.0,10.0,clear,0.0,True
2026-02-04T14:00:00+00:00,31.1,13.5,0.0,10.0,partly_cloudy,0.0,True
2026-02-04T15:00:00+00:00,32.5,14.3,0.0,10.0,clear,0.0,True
2026-02-04T16:00:00+00:00,31.5,11.9,0.0,10.0,partly_cloudy,0.0,True
2026-02-04T17:00:00+00:00,31.1,17.6,0.0,10.0,partly_cloudy,0.0,True
2026-02-04T18:00:00+00:00,30.5,16.4,0.0,10.0,clear,0.0,True
2026-02-04T19:00:00+00:00,28.9,11.9,0.0,10.0,partly_cloudy,0.0,True
2026-02-04T20:00:00+00:00,29.4,13.9,0.0,10.0,partly_cloudy,0.0,True
2026-02-04T21:00:00+00:00,28.0,16.6,0.0,10.0,clear,0.0,True
2026-02-04T22:00:00+00:00,27.4,14.1,0.0,10.0,clear,0.0,True
2026-02-04T23:00:00+00:00,26.5,12.8,0.0,10.0,partly_cloudy,0.0,True
2026-02-05T00:00:00+00:00,24.6,10.7,0.0,10.0,partly_cloudy,0.0,True
2026-02-05T01:00:00+00:00,25.1,12.3,0.0,10.0,partly_cloudy,0.0,True
2026-02-05T02:00:00+00:00,24.6,8.8,0.0,10.0,partly_cloudy,0.0,True
2026-02-05T03:00:00+00:00,23.6,9.2,0.0,10.0,partly_cloudy,0.0,True
2026-02-05T04:00:00+00:00,24.4,7.5,0.0,10.0,clear,0.0,True
2026-02-05T05:00:00+00:00,24.0,24.2,20.4,4.2,squall,0.5,True
2026-02-05T06:00:00+00:00,25.3,8.7,0.0,10.0,partly_cloudy,0.0,True
2026-02-05T07:00:00+00:00,25.6,11.2,0.0,10.0,clear,0.0,True
2026-02-05T08:00:00+00:00,27.1,35.3,31.4,1.8,thunderstorm,0.85,True
2026-02-05T09:00:00+00:00,28.9,12.5,0.0,10.0,partly_cloudy,0.0,True
2026-02-05T10:00:00+00:00,29.2,7.1,0.0,10.0,clear,0.0,True
2026-02-05T11:00:00+00:00,30.6,12.0,0.0,10.0,partly_cloudy,0.0,True
2026-02-05T12:00:00+00:00,30.2,8.8,0.0,10.0,partly_cloudy,0.0,True
2026-02-05T13:00:00+00:00,30.3,12.7,0.0,10.0,partly_cloudy,0.0,True
2026-02-05T14:00:00+00:00,30.9,10.3,0.0,10.0,partly_cloudy,0.0,True
2026-02-05T15:00:00+00:00,30.9,16.6,0.0,10.0,partly_cloudy,0.0,True
2026-02-05T16:00:00+00:00,30.9,12.5,0.0,10.0,partly_cloudy,0.0,True
2026-02-05T17:00:00+00:00,31.3,12.2,0.0,10.0,partly_cloudy,0.0,True
2026-02-05T18:00:00+00:00,30.8,17.1,0.0,10.0,clear,0.0,True
2026-02-05T19:00:00+00:00,28.8,16.1,0.0,10.0,partly_cloudy,0.0,True
2026-02-05T20:00:00+00:00,28.2,11.7,0.0,10.0,clear,0.0,True
2026-02-05T21:00:00+00:00,28.2,14.2,0.0,10.0,clear,0.0,True
2026-02-05T22:00:00+00:00,26.5,21.1,3.6,6.4,rain,0.2,True
2026-02-05T23:00:00+00:00,27.1,9.2,0.0,10.0,partly_cloudy,0.0,True
2026-02-06T00:00:00+00:00,25.4,8.9,0.0,10.0,clear,0.0,True
2026-02-06T01:00:00+00:00,24.6,13.1,0.0,10.0,clear,0.0,True
2026-02-06T02:00:00+00:00,24.3,8.1,0.0,10.0,clear,0.0,True
2026-02-06T03:00:00+00:00,25.0,10.8,0.0,10.0,partly_cloudy,0.0,True
2026-02-06T04:00:00+00:00,25.2,16.6,4.4,7.1,rain,0.2,True
2026-02-06T05:00:00+00:00,25.8,8.9,0.0,10.0,partly_cloudy,0.0,True
2026-02-06T06:00:00+00:00,25.7,12.0,0.0,10.0,clear,0.0,True
2026-02-06T07:00:00+00:00,27.1,7.9,0.0,10.0,clear,0.0,True
2026-02-06T08:00:00+00:00,26.3,8.4,0.0,10.0,partly_cloudy,0.0,True
2026-02-06T09:00:00+00:00,28.2,10.3,0.0,10.0,clear,0.0,True
2026-02-06T10:00:00+00:00,28.1,9.1,0.0,10.0,partly_cloudy,0.0,True
2026-02-06T11:00:00+00:00,30.7,13.2,0.0,10.0,clear,0.0,True
2026-02-06T12:00:00+00:00,31.0,14.7,0.0,10.0,partly_cloudy,0.0,True
2026-02-06T13:00:00+00:00,30.4,15.5,0.0,10.0,clear,0.0,True
2026-02-06T14:00:00+00:00,31.1,12.3,0.0,10.0,partly_cloudy,0.0,True
2026-02-06T15:00:00+00:00,31.6,13.0,0.0,10.0,clear,0.0,True
2026-02-06T16:00:00+00:00,31.6,14.7,0.0,10.0,partly_cloudy,0.0,True
2026-02-06T17:00:00+00:00,31.7,15.0,0.0,10.0,partly_cloudy,0.0,True
2026-02-06T18:00:00+00:00,30.9,12.7,0.0,10.0,partly_cloudy,0.0,True
2026-02-06T19:00:00+00:00,29.7,17.7,0.0,10.0,partly_cloudy,0.0,True
2026-02-06T20:00:00+00:00,28.9,14.9,0.0,10.0,partly_cloudy,0.0,True
2026-02-06T21:00:00+00:00,27.0,11.0,0.0,10.0,clear,0.0,True
2026-02-06T22:00:00+00:00,27.1,15.6,0.0,10.0,partly_cloudy,0.0,True
2026-02-06T23:00:00+00:00,25.7,11.1,0.0,10.0,partly_cloudy,0.0,True
2026-02-07T00:00:00+00:00,26.5,12.2,0.0,10.0,clear,0.0,True
2026-02-07T01:00:00+00:00,24.0,7.3,0.0,10.0,clear,0.0,True
2026-02-07T02:00:00+00:00,24.9,11.1,0.0,10.0,clear,0.0,True
2026-02-07T03:00:00+00:00,25.2,10.9,0.0,10.0,partly_cloudy,0.0,True
2026-02-07T04:00:00+00:00,24.2,10.0,0.0,10.0,clear,0.0,True
2026-02-07T05:00:00+00:00,24.5,11.7,0.0,10.0,clear,0.0,True
2026-02-07T06:00:00+00:00,24.6,8.6,0.0,10.0,clear,0.0,True
2026-02-07T07:00:00+00:00,27.1,11.0,0.0,10.0,clear,0.0,True
2026-02-07T08:00:00+00:00,27.3,8.4,0.0,10.0,partly_cloudy,0.0,True
2026-02-07T09:00:00+00:00,27.6,11.1,0.0,10.0,partly_cloudy,0.0,True
2026-02-07T10:00:00+00:00,28.5,6.6,0.0,10.0,partly_cloudy,0.0,True
2026-02-07T11:00:00+00:00,29.1,10.9,0.0,10.0,partly_cloudy,0.0,True
2026-02-07T12:00:00+00:00,29.5,14.5,0.0,10.0,partly_cloudy,0.0,True
2026-02-07T13:00:00+00:00,31.9,9.5,0.0,10.0,partly_cloudy,0.0,True
2026-02-07T14:00:00+00:00,31.6,10.4,0.0,10.0,partly_cloudy,0.0,True
2026-02-07T15:00:00+00:00,32.2,13.9,0.0,10.0,partly_cloudy,0.0,True
2026-02-07T16:00:00+00:00,31.7,16.6,0.0,10.0,clear,0.0,True
2026-02-07T17:00:00+00:00,30.0,14.2,0.0,10.0,partly_cloudy,0.0,True
2026-02-07T18:00:00+00:00,29.5,15.3,0.0,10.0,partly_cloudy,0.0,True
2026-02-07T19:00:00+00:00,29.6,13.2,0.0,10.0,partly_cloudy,0.0,True
2026-02-07T20:00:00+00:00,29.2,15.7,0.0,10.0,clear,0.0,True
2026-02-07T21:00:00+00:00,28.7,12.3,0.0,10.0,clear,0.0,True
2026-02-07T22:00:00+00:00,26.6,14.5,0.0,10.0,partly_cloudy,0.0,True
2026-02-07T23:00:00+00:00,26.6,12.2,0.0,10.0,partly_cloudy,0.0,True
2026-02-08T00:00:00+00:00,24.7,8.4,0.0,10.0,clear,0.0,True
2026-02-08T01:00:00+00:00,24.3,10.7,0.0,10.0,clear,0.0,True
2026-02-08T02:00:00+00:00,24.5,11.8,0.0,10.0,clear,0.0,True
2026-02-08T03:00:00+00:00,23.6,10.7,0.0,10.0,partly_cloudy,0.0,True
2026-02-08T04:00:00+00:00,24.8,10.5,0.0,10.0,partly_cloudy,0.0,True
2026-02-08T05:00:00+00:00,24.4,8.3,0.0,10.0,partly_cloudy,0.0,True
2026-02-08T06:00:00+00:00,26.1,11.0,0.0,10.0,partly_cloudy,0.0,True
2026-02-08T07:00:00+00:00,25.8,9.4,0.0,10.0,partly_cloudy,0.0,True
2026-02-08T08:00:00+00:00,26.1,10.7,0.0,10.0,partly_cloudy,0.0,True
2026-02-08T09:00:00+00:00,28.5,8.1,0.0,10.0,partly_cloudy,0.0,True
2026-02-08T10:00:00+00:00,27.9,12.4,0.0,10.0,clear,0.0,True
2026-02-08T11:00:00+00:00,30.3,7.7,0.0,10.0,clear,0.0,True
2026-02-08T12:00:00+00:00,31.3,11.9,0.0,10.0,clear,0.0,True
2026-02-08T13:00:00+00:00,31.0,10.4,0.0,10.0,partly_cloudy,0.0,True
2026-02-08T14:00:00+00:00,31.6,10.0,0.0,10.0,clear,0.0,True
2026-02-08T15:00:00+00:00,31.0,14.4,0.0,10.0,partly_cloudy,0.0,True
2026-02-08T16:00:00+00:00,31.4,13.0,0.0,10.0,clear,0.0,True
2026-02-08T17:00:00+00:00,31.5,11.6,0.0,10.0,partly_cloudy,0.0,True
2026-02-08T18:00:00+00:00,30.0,16.6,0.0,10.0,clear,0.0,True
2026-02-08T19:00:00+00:00,30.0,11.7,0.0,10.0,partly_cloudy,0.0,True
2026-02-08T20:00:00+00:00,29.5,10.6,0.0,10.0,partly_cloudy,0.0,True
2026-02-08T21:00:00+00:00,28.8,15.7,0.0,10.0,clear,0.0,True
2026-02-08T22:00:00+00:00,26.7,13.3,0.0,10.0,partly_cloudy,0.0,True
2026-02-08T23:00:00+00:00,25.7,15.2,0.0,10.0,clear,0.0,True
2026-02-09T00:00:00+00:00,24.7,11.8,0.0,10.0,partly_cloudy,0.0,True
2026-02-09T01:00:00+00:00,24.8,8.3,0.0,10.0,partly_cloudy,0.0,True
2026-02-09T02:00:00+00:00,24.1,9.1,0.0,10.0,partly_cloudy,0.0,True
2026-02-09T03:00:00+00:00,24.9,7.8,0.0,10.0,partly_cloudy,0.0,True
2026-02-09T04:00:00+00:00,24.9,14.6,2.9,7.1,rain,0.2,True
2026-02-09T05:00:00+00:00,25.8,7.1,0.0,10.0,partly_cloudy,0.0,True
2026-02-09T06:00:00+00:00,26.3,10.1,0.0,10.0,partly_cloudy,0.0,True
2026-02-09T07:00:00+00:00,25.7,11.6,0.0,10.0,partly_cloudy,0.0,True
2026-02-09T08:00:00+00:00,26.6,5.5,0.0,10.0,partly_cloudy,0.0,True
2026-02-09T09:00:00+00:00,28.5,11.8,0.0,10.0,partly_cloudy,0.0,True
2026-02-09T10:00:00+00:00,29.8,10.4,0.0,10.0,clear,0.0,True
2026-02-09T11:00:00+00:00,29.1,14.1,0.0,10.0,partly_cloudy,0.0,True
2026-02-09T12:00:00+00:00,30.7,11.8,0.0,10.0,partly_cloudy,0.0,True
2026-02-09T13:00:00+00:00,31.8,10.8,0.0,10.0,clear,0.0,True
2026-02-09T14:00:00+00:00,31.7,15.9,0.0,10.0,clear,0.0,True
2026-02-09T15:00:00+00:00,30.7,13.9,0.0,10.0,partly_cloudy,0.0,True
2026-02-09T16:00:00+00:00,31.1,16.2,0.0,10.0,partly_cloudy,0.0,True
2026-02-09T17:00:00+00:00,30.3,35.1,40.0,2.0,thunderstorm,0.85,True
2026-02-09T18:00:00+00:00,29.5,12.6,0.0,10.0,partly_cloudy,0.0,True
2026-02-09T19:00:00+00:00,29.7,17.6,0.0,10.0,clear,0.0,True
2026-02-09T20:00:00+00:00,28.9,15.5,0.0,10.0,partly_cloudy,0.0,True
2026-02-09T21:00:00+00:00,28.4,14.9,0.0,10.0,partly_cloudy,0.0,True
2026-02-09T22:00:00+00:00,26.5,12.6,0.0,10.0,clear,0.0,True
2026-02-09T23:00:00+00:00,25.4,13.1,0.0,10.0,clear,0.0,True
2026-02-10T00:00:00+00:00,25.1,14.1,0.0,10.0,clear,0.0,True
2026-02-10T01:00:00+00:00,24.8,13.3,0.0,10.0,clear,0.0,True
2026-02-10T02:00:00+00:00,25.1,14.5,2.1,7.2,rain,0.2,True
2026-02-10T03:00:00+00:00,24.6,6.0,0.0,10.0,partly_cloudy,0.0,True
2026-02-10T04:00:00+00:00,25.4,5.4,0.0,10.0,partly_cloudy,0.0,True
2026-02-10T05:00:00+00:00,24.1,11.6,0.0,10.0,clear,0.0,True
2026-02-10T06:00:00+00:00,25.3,6.7,0.0,10.0,clear,0.0,True
2026-02-10T07:00:00+00:00,25.5,8.8,0.0,10.0,partly_cloudy,0.0,True
2026-02-10T08:00:00+00:00,27.0,11.3,0.0,10.0,partly_cloudy,0.0,True
2026-02-10T09:00:00+00:00,27.0,13.6,3.0,7.4,rain,0.2,True
2026-02-10T10:00:00+00:00,28.0,18.8,2.9,5.6,rain,0.2,True
2026-02-10T11:00:00+00:00,30.3,11.2,0.0,10.0,clear,0.0,True
2026-02-10T12:00:00+00:00,31.2,12.0,0.0,10.0,partly_cloudy,0.0,True
2026-02-10T13:00:00+00:00,30.1,13.1,0.0,10.0,clear,0.0,True
2026-02-10T14:00:00+00:00,32.1,12.7,0.0,10.0,partly_cloudy,0.0,True
2026-02-10T15:00:00+00:00,32.4,14.8,0.0,10.0,clear,0.0,True
2026-02-10T16:00:00+00:00,31.6,25.8,5.3,6.8,rain,0.2,True
2026-02-10T17:00:00+00:00,31.9,12.5,0.0,10.0,partly_cloudy,0.0,True
2026-02-10T18:00:00+00:00,30.7,11.8,0.0,10.0,clear,0.0,True
2026-02-10T19:00:00+00:00,30.0,14.6,0.0,10.0,partly_cloudy,0.0,True
2026-02-10T20:00:00+00:00,28.5,12.9,0.0,10.0,clear,0.0,True
2026-02-10T21:00:00+00:00,27.3,15.7,0.0,10.0,clear,0.0,True
2026-02-10T22:00:00+00:00,27.3,9.9,0.0,10.0,clear,0.0,True
2026-02-10T23:00:00+00:00,25.7,14.5,0.0,10.0,partly_cloudy,0.0,True
2026-02-11T00:00:00+00:00,24.8,20.6,4.7,6.9,rain,0.2,True
2026-02-11T01:00:00+00:00,25.8,10.1,0.0,10.0,clear,0.0,True
2026-02-11T02:00:00+00:00,25.6,9.1,0.0,10.0,clear,0.0,True
2026-02-11T03:00:00+00:00,25.4,10.6,0.0,10.0,clear,0.0,True
2026-02-11T04:00:00+00:00,25.1,12.1,0.0,10.0,partly_cloudy,0.0,True
2026-02-11T05:00:00+00:00,24.6,5.5,0.0,10.0,partly_cloudy,0.0,True
2026-02-11T06:00:00+00:00,25.3,6.3,0.0,10.0,clear,0.0,True
2026-02-11T07:00:00+00:00,26.4,7.3,0.0,10.0,clear,0.0,True
2026-02-11T08:00:00+00:00,26.8,7.3,0.0,10.0,clear,0.0,True
2026-02-11T09:00:00+00:00,28.4,8.1,0.0,10.0,partly_cloudy,0.0,True
2026-02-11T10:00:00+00:00,29.1,8.7,0.0,10.0,partly_cloudy,0.0,True
2026-02-11T11:00:00+00:00,30.2,12.5,0.0,10.0,partly_cloudy,0.0,True
2026-02-11T12:00:00+00:00,30.5,11.0,0.0,10.0,clear,0.0,True
2026-02-11T13:00:00+00:00,31.5,12.8,0.0,10.0,clear,0.0,True
2026-02-11T14:00:00+00:00,30.6,11.1,0.0,10.0,partly_cloudy,0.0,True
2026-02-11T15:00:00+00:00,31.5,14.5,0.0,10.0,clear,0.0,True
2026-02-11T16:00:00+00:00,32.3,13.2,0.0,10.0,partly_cloudy,0.0,True
2026-02-11T17:00:00+00:00,32.0,17.9,0.0,10.0,partly_cloudy,0.0,True
2026-02-11T18:00:00+00:00,31.1,11.6,0.0,10.0,partly_cloudy,0.0,True
2026-02-11T19:00:00+00:00,30.4,11.6,0.0,10.0,clear,0.0,True
2026-02-11T20:00:00+00:00,28.6,14.0,0.0,10.0,partly_cloudy,0.0,True
2026-02-11T21:00:00+00:00,27.3,15.1,0.0,10.0,clear,0.0,True
2026-02-11T22:00:00+00:00,27.5,11.0,0.0,10.0,partly_cloudy,0.0,True
2026-02-11T23:00:00+00:00,25.8,10.1,0.0,10.0,clear,0.0,True
2026-02-12T00:00:00+00:00,25.0,9.1,0.0,10.0,partly_cloudy,0.0,True
2026-02-12T01:00:00+00:00,25.9,9.9,0.0,10.0,partly_cloudy,0.0,True
2026-02-12T02:00:00+00:00,24.1,9.6,0.0,10.0,partly_cloudy,0.0,True
2026-02-12T03:00:00+00:00,24.9,7.4,0.0,10.0,clear,0.0,True
2026-02-12T04:00:00+00:00,23.9,6.4,0.0,10.0,clear,0.0,True
2026-02-12T05:00:00+00:00,24.2,15.8,3.1,7.3,rain,0.2,True
2026-02-12T06:00:00+00:00,25.1,6.0,0.0,10.0,partly_cloudy,0.0,True
2026-02-12T07:00:00+00:00,25.4,9.2,0.0,10.0,partly_cloudy,0.0,True
2026-02-12T08:00:00+00:00,27.7,8.8,0.0,10.0,partly_cloudy,0.0,True
2026-02-12T09:00:00+00:00,27.7,7.8,0.0,10.0,partly_cloudy,0.0,True
2026-02-12T10:00:00+00:00,28.0,13.0,0.0,10.0,partly_cloudy,0.0,True
2026-02-12T11:00:00+00:00,30.0,7.7,0.0,10.0,clear,0.0,True
2026-02-12T12:00:00+00:00,29.5,13.0,0.0,10.0,clear,0.0,True
2026-02-12T13:00:00+00:00,30.5,13.5,0.0,10.0,partly_cloudy,0.0,True
2026-02-12T14:00:00+00:00,32.4,14.6,0.0,10.0,clear,0.0,True
2026-02-12T15:00:00+00:00,31.4,13.4,0.0,10.0,clear,0.0,True
2026-02-12T16:00:00+00:00,32.2,14.1,0.0,10.0,partly_cloudy,0.0,True
2026-02-12T17:00:00+00:00,30.8,13.0,0.0,10.0,partly_cloudy,0.0,True
2026-02-12T18:00:00+00:00,30.4,12.5,0.0,10.0,clear,0.0,True
2026-02-12T19:00:00+00:00,30.3,13.2,0.0,10.0,partly_cloudy,0.0,True
2026-02-12T20:00:00+00:00,29.5,11.5,0.0,10.0,partly_cloudy,0.0,True
2026-02-12T21:00:00+00:00,27.1,13.4,0.0,10.0,partly_cloudy,0.0,True
2026-02-12T22:00:00+00:00,26.4,27.2,15.2,4.1,squall,0.5,True
2026-02-12T23:00:00+00:00,25.6,12.0,0.0,10.0,partly_cloudy,0.0,True
2026-02-13T00:00:00+00:00,24.5,14.5,0.0,10.0,clear,0.0,True
2026-02-13T01:00:00+00:00,24.0,12.2,0.0,10.0,partly_cloudy,0.0,True
2026-02-13T02:00:00+00:00,25.6,10.9,0.0,10.0,partly_cloudy,0.0,True
2026-02-13T03:00:00+00:00,25.3,11.4,0.0,10.0,partly_cloudy,0.0,True
2026-02-13T04:00:00+00:00,24.2,8.5,0.0,10.0,partly_cloudy,0.0,True
2026-02-13T05:00:00+00:00,25.1,5.8,0.0,10.0,partly_cloudy,0.0,True
2026-02-13T06:00:00+00:00,25.9,9.0,0.0,10.0,partly_cloudy,0.0,True
2026-02-13T07:00:00+00:00,26.3,7.0,0.0,10.0,partly_cloudy,0.0,True
2026-02-13T08:00:00+00:00,26.6,11.8,0.0,10.0,clear,0.0,True
2026-02-13T09:00:00+00:00,28.5,12.1,0.0,10.0,clear,0.0,True
2026-02-13T10:00:00+00:00,28.5,11.4,0.0,10.0,clear,0.0,True
2026-02-13T11:00:00+00:00,29.6,13.3,0.0,10.0,clear,0.0,True
2026-02-13T12:00:00+00:00,31.0,14.8,0.0,10.0,clear,0.0,True
2026-02-13T13:00:00+00:00,30.3,9.9,0.0,10.0,partly_cloudy,0.0,True
2026-02-13T14:00:00+00:00,32.1,15.1,0.0,10.0,partly_cloudy,0.0,True
2026-02-13T15:00:00+00:00,30.7,14.4,0.0,10.0,clear,0.0,True
2026-02-13T16:00:00+00:00,30.9,10.6,0.0,10.0,partly_cloudy,0.0,True
2026-02-13T17:00:00+00:00,30.9,15.8,0.0,10.0,clear,0.0,True
2026-02-13T18:00:00+00:00,31.3,16.7,0.0,10.0,partly_cloudy,0.0,True
2026-02-13T19:00:00+00:00,29.4,14.4,0.0,10.0,partly_cloudy,0.0,True
2026-02-13T20:00:00+00:00,29.2,13.0,0.0,10.0,partly_cloudy,0.0,True
2026-02-13T21:00:00+00:00,28.4,10.6,0.0,10.0,partly_cloudy,0.0,True
2026-02-13T22:00:00+00:00,26.4,16.3,0.0,10.0,partly_cloudy,0.0,True
2026-02-13T23:00:00+00:00,26.3,12.2,0.0,10.0,partly_cloudy,0.0,True
2026-02-14T00:00:00+00:00,26.2,8.5,0.0,10.0,clear,0.0,True
2026-02-14T01:00:00+00:00,24.1,12.3,0.0,10.0,clear,0.0,True
2026-02-14T02:00:00+00:00,24.9,9.3,0.0,10.0,partly_cloudy,0.0,True
2026-02-14T03:00:00+00:00,24.7,12.7,0.0,10.0,clear,0.0,True
2026-02-14T04:00:00+00:00,25.1,7.7,0.0,10.0,partly_cloudy,0.0,True
2026-02-14T05:00:00+00:00,24.5,10.5,0.0,10.0,partly_cloudy,0.0,True
2026-02-14T06:00:00+00:00,25.6,11.8,0.0,10.0,partly_cloudy,0.0,True
2026-02-14T07:00:00+00:00,26.1,6.5,0.0,10.0,clear,0.0,True
2026-02-14T08:00:00+00:00,27.2,9.4,0.0,10.0,clear,0.0,True
2026-02-14T09:00:00+00:00,27.8,5.9,0.0,10.0,clear,0.0,True
2026-02-14T10:00:00+00:00,28.5,9.6,0.0,10.0,partly_cloudy,0.0,True
2026-02-14T11:00:00+00:00,29.4,11.9,0.0,10.0,clear,0.0,True
2026-02-14T12:00:00+00:00,30.1,13.3,0.0,10.0,clear,0.0,True
2026-02-14T13:00:00+00:00,32.0,10.0,0.0,10.0,clear,0.0,True
2026-02-14T14:00:00+00:00,30.4,12.2,0.0,10.0,partly_cloudy,0.0,True
2026-02-14T15:00:00+00:00,32.1,15.8,0.0,10.0,clear,0.0,True
2026-02-14T16:00:00+00:00,30.5,11.1,0.0,10.0,clear,0.0,True
2026-02-14T17:00:00+00:00,30.2,12.1,0.0,10.0,clear,0.0,True
2026-02-14T18:00:00+00:00,29.6,14.6,0.0,10.0,partly_cloudy,0.0,True
2026-02-14T19:00:00+00:00,28.8,16.5,0.0,10.0,clear,0.0,True
2026-02-14T20:00:00+00:00,28.7,14.3,0.0,10.0,partly_cloudy,0.0,True
2026-02-14T21:00:00+00:00,27.5,12.3,0.0,10.0,clear,0.0,True
2026-02-14T22:00:00+00:00,26.2,9.6,0.0,10.0,clear,0.0,True
2026-02-14T23:00:00+00:00,27.0,10.9,0.0,10.0,clear,0.0,True
2026-02-15T00:00:00+00:00,24.9,12.5,0.0,10.0,clear,0.0,True
2026-02-15T01:00:00+00:00,25.4,12.3,0.0,10.0,partly_cloudy,0.0,True
2026-02-15T02:00:00+00:00,24.1,13.4,0.0,10.0,clear,0.0,True
2026-02-15T03:00:00+00:00,23.6,7.8,0.0,10.0,partly_cloudy,0.0,True
2026-02-15T04:00:00+00:00,24.5,5.9,0.0,10.0,partly_cloudy,0.0,True
2026-02-15T05:00:00+00:00,25.7,11.5,0.0,10.0,partly_cloudy,0.0,True
2026-02-15T06:00:00+00:00,24.8,6.9,0.0,10.0,partly_cloudy,0.0,True
2026-02-15T07:00:00+00:00,25.5,7.6,0.0,10.0,partly_cloudy,0.0,True
2026-02-15T08:00:00+00:00,26.7,11.8,0.0,10.0,clear,0.0,True
2026-02-15T09:00:00+00:00,28.5,11.1,0.0,10.0,partly_cloudy,0.0,True
2026-02-15T10:00:00+00:00,29.9,6.6,0.0,10.0,partly_cloudy,0.0,True
2026-02-15T11:00:00+00:00,30.7,11.2,0.0,10.0,partly_cloudy,0.0,True
2026-02-15T12:00:00+00:00,30.6,12.4,0.0,10.0,clear,0.0,True
2026-02-15T13:00:00+00:00,32.0,8.8,0.0,10.0,clear,0.0,True
2026-02-15T14:00:00+00:00,30.7,15.6,0.0,10.0,partly_cloudy,0.0,True
2026-02-15T15:00:00+00:00,32.4,12.6,0.0,10.0,partly_cloudy,0.0,True
2026-02-15T16:00:00+00:00,30.7,14.2,0.0,10.0,partly_cloudy,0.0,True
2026-02-15T17:00:00+00:00,31.0,16.8,0.0,10.0,clear,0.0,True
2026-02-15T18:00:00+00:00,30.6,14.1,0.0,10.0,clear,0.0,True
2026-02-15T19:00:00+00:00,29.6,13.4,0.0,10.0,partly_cloudy,0.0,True
2026-02-15T20:00:00+00:00,29.2,11.1,0.0,10.0,partly_cloudy,0.0,True
2026-02-15T21:00:00+00:00,29.0,14.9,0.0,10.0,clear,0.0,True
2026-02-15T22:00:00+00:00,27.1,14.8,0.0,10.0,partly_cloudy,0.0,True
2026-02-15T23:00:00+00:00,26.8,12.4,0.0,10.0,partly_cloudy,0.0,True
2026-02-16T00:00:00+00:00,26.4,8.7,0.0,10.0,clear,0.0,True
2026-02-16T01:00:00+00:00,25.5,8.4,0.0,10.0,clear,0.0,True
2026-02-16T02:00:00+00:00,24.9,11.6,0.0,10.0,partly_cloudy,0.0,True
2026-02-16T03:00:00+00:00,24.1,9.1,0.0,10.0,clear,0.0,True
2026-02-16T04:00:00+00:00,24.7,6.1,0.0,10.0,clear,0.0,True
2026-02-16T05:00:00+00:00,24.0,7.9,0.0,10.0,clear,0.0,True
2026-02-16T06:00:00+00:00,26.5,11.4,0.0,10.0,clear,0.0,True
2026-02-16T07:00:00+00:00,26.9,11.6,0.0,10.0,clear,0.0,True
2026-02-16T08:00:00+00:00,27.2,6.4,0.0,10.0,partly_cloudy,0.0,True
2026-02-16T09:00:00+00:00,28.6,11.6,0.0,10.0,partly_cloudy,0.0,True
2026-02-16T10:00:00+00:00,29.0,12.4,0.0,10.0,partly_cloudy,0.0,True
2026-02-16T11:00:00+00:00,29.2,10.4,0.0,10.0,partly_cloudy,0.0,True
2026-02-16T12:00:00+00:00,29.7,12.4,0.0,10.0,clear,0.0,True
2026-02-16T13:00:00+00:00,30.3,10.0,0.0,10.0,partly_cloudy,0.0,True
2026-02-16T14:00:00+00:00,30.5,14.5,0.0,10.0,partly_cloudy,0.0,True
2026-02-16T15:00:00+00:00,31.1,12.0,0.0,10.0,partly_cloudy,0.0,True
2026-02-16T16:00:00+00:00,31.7,11.0,0.0,10.0,clear,0.0,True
2026-02-16T17:00:00+00:00,31.0,14.0,0.0,10.0,clear,0.0,True
2026-02-16T18:00:00+00:00,30.7,14.1,0.0,10.0,clear,0.0,True
2026-02-16T19:00:00+00:00,29.9,11.4,0.0,10.0,partly_cloudy,0.0,True
2026-02-16T20:00:00+00:00,29.0,15.4,0.0,10.0,partly_cloudy,0.0,True
2026-02-16T21:00:00+00:00,27.9,10.6,0.0,10.0,clear,0.0,True
2026-02-16T22:00:00+00:00,27.3,13.4,0.0,10.0,partly_cloudy,0.0,True
2026-02-16T23:00:00+00:00,26.5,13.8,0.0,10.0,partly_cloudy,0.0,True
2026-02-17T00:00:00+00:00,25.6,11.5,0.0,10.0,partly_cloudy,0.0,True
2026-02-17T01:00:00+00:00,24.4,7.4,0.0,10.0,clear,0.0,True
2026-02-17T02:00:00+00:00,24.6,7.1,0.0,10.0,clear,0.0,True
2026-02-17T03:00:00+00:00,23.7,6.7,0.0,10.0,partly_cloudy,0.0,True
2026-02-17T04:00:00+00:00,23.7,11.3,0.0,10.0,partly_cloudy,0.0,True
2026-02-17T05:00:00+00:00,25.6,5.8,0.0,10.0,partly_cloudy,0.0,True
2026-02-17T06:00:00+00:00,25.6,9.5,0.0,10.0,partly_cloudy,0.0,True
2026-02-17T07:00:00+00:00,25.4,10.5,0.0,10.0,clear,0.0,True
2026-02-17T08:00:00+00:00,27.7,5.5,0.0,10.0,partly_cloudy,0.0,True
2026-02-17T09:00:00+00:00,28.7,10.1,0.0,10.0,clear,0.0,True
2026-02-17T10:00:00+00:00,29.1,8.0,0.0,10.0,partly_cloudy,0.0,True
2026-02-17T11:00:00+00:00,29.0,11.1,0.0,10.0,clear,0.0,True
2026-02-17T12:00:00+00:00,31.3,11.6,0.0,10.0,partly_cloudy,0.0,True
2026-02-17T13:00:00+00:00,30.6,15.1,0.0,10.0,clear,0.0,True
2026-02-17T14:00:00+00:00,31.0,12.4,0.0,10.0,partly_cloudy,0.0,True
2026-02-17T15:00:00+00:00,31.3,13.8,0.0,10.0,clear,0.0,True
2026-02-17T16:00:00+00:00,32.3,13.0,0.0,10.0,clear,0.0,True
2026-02-17T17:00:00+00:00,31.0,12.6,0.0,10.0,clear,0.0,True
2026-02-17T18:00:00+00:00,31.1,17.3,0.0,10.0,clear,0.0,True
2026-02-17T19:00:00+00:00,29.4,11.2,0.0,10.0,clear,0.0,True
2026-02-17T20:00:00+00:00,29.3,10.8,0.0,10.0,clear,0.0,True
2026-02-17T21:00:00+00:00,28.0,14.3,0.0,10.0,clear,0.0,True
2026-02-17T22:00:00+00:00,26.6,15.3,0.0,10.0,clear,0.0,True
2026-02-17T23:00:00+00:00,27.2,12.5,0.0,10.0,clear,0.0,True
2026-02-18T00:00:00+00:00,24.7,14.2,0.0,10.0,partly_cloudy,0.0,True
2026-02-18T01:00:00+00:00,25.4,12.5,0.0,10.0,partly_cloudy,0.0,True
2026-02-18T02:00:00+00:00,25.2,12.5,0.0,10.0,partly_cloudy,0.0,True
2026-02-18T03:00:00+00:00,24.4,8.1,0.0,10.0,partly_cloudy,0.0,True
2026-02-18T04:00:00+00:00,25.2,9.6,0.0,10.0,partly_cloudy,0.0,True
2026-02-18T05:00:00+00:00,24.8,11.2,0.0,10.0,partly_cloudy,0.0,True
2026-02-18T06:00:00+00:00,26.3,6.0,0.0,10.0,clear,0.0,True
2026-02-18T07:00:00+00:00,26.8,7.0,0.0,10.0,clear,0.0,True
2026-02-18T08:00:00+00:00,26.9,8.7,0.0,10.0,clear,0.0,True
2026-02-18T09:00:00+00:00,28.5,7.5,0.0,10.0,partly_cloudy,0.0,True
2026-02-18T10:00:00+00:00,28.8,16.0,7.6,6.8,rain,0.2,True
2026-02-18T11:00:00+00:00,30.3,10.8,0.0,10.0,clear,0.0,True
2026-02-18T12:00:00+00:00,30.6,11.5,0.0,10.0,partly_cloudy,0.0,True
2026-02-18T13:00:00+00:00,31.2,13.7,0.0,10.0,partly_cloudy,0.0,True
2026-02-18T14:00:00+00:00,30.6,12.3,0.0,10.0,partly_cloudy,0.0,True
2026-02-18T15:00:00+00:00,31.9,11.1,0.0,10.0,clear,0.0,True
2026-02-18T16:00:00+00:00,31.1,15.5,0.0,10.0,clear,0.0,True
2026-02-18T17:00:00+00:00,31.7,12.5,0.0,10.0,clear,0.0,True
2026-02-18T18:00:00+00:00,31.5,13.6,0.0,10.0,partly_cloudy,0.0,True
2026-02-18T19:00:00+00:00,29.3,12.6,0.0,10.0,clear,0.0,True
2026-02-18T20:00:00+00:00,29.8,17.0,0.0,10.0,partly_cloudy,0.0,True
2026-02-18T21:00:00+00:00,28.7,15.1,0.0,10.0,partly_cloudy,0.0,True
2026-02-18T22:00:00+00:00,26.8,13.9,0.0,10.0,clear,0.0,True
2026-02-18T23:00:00+00:00,25.4,13.2,0.0,10.0,partly_cloudy,0.0,True
2026-02-19T00:00:00+00:00,26.4,8.8,0.0,10.0,clear,0.0,True
2026-02-19T01:00:00+00:00,24.0,8.4,0.0,10.0,partly_cloudy,0.0,True
2026-02-19T02:00:00+00:00,23.8,10.5,0.0,10.0,partly_cloudy,0.0,True
2026-02-19T03:00:00+00:00,24.1,12.9,0.0,10.0,partly_cloudy,0.0,True
2026-02-19T04:00:00+00:00,25.3,10.1,0.0,10.0,partly_cloudy,0.0,True
2026-02-19T05:00:00+00:00,25.4,6.9,0.0,10.0,partly_cloudy,0.0,True
2026-02-19T06:00:00+00:00,26.1,7.0,0.0,10.0,clear,0.0,True
2026-02-19T07:00:00+00:00,26.9,11.1,0.0,10.0,clear,0.0,True
2026-02-19T08:00:00+00:00,27.4,7.1,0.0,10.0,partly_cloudy,0.0,True
2026-02-19T09:00:00+00:00,28.6,8.9,0.0,10.0,clear,0.0,True
2026-02-19T10:00:00+00:00,29.8,6.7,0.0,10.0,partly_cloudy,0.0,True
2026-02-19T11:00:00+00:00,30.2,8.5,0.0,10.0,clear,0.0,True
2026-02-19T12:00:00+00:00,30.2,11.2,0.0,10.0,clear,0.0,True
2026-02-19T13:00:00+00:00,30.9,11.8,0.0,10.0,clear,0.0,True
2026-02-19T14:00:00+00:00,31.0,12.3,0.0,10.0,clear,0.0,True
2026-02-19T15:00:00+00:00,32.4,10.3,0.0,10.0,partly_cloudy,0.0,True
2026-02-19T16:00:00+00:00,30.6,15.5,0.0,10.0,partly_cloudy,0.0,True
2026-02-19T17:00:00+00:00,31.1,11.4,0.0,10.0,partly_cloudy,0.0,True
2026-02-19T18:00:00+00:00,31.4,14.9,0.0,10.0,partly_cloudy,0.0,True
2026-02-19T19:00:00+00:00,30.0,11.0,0.0,10.0,partly_cloudy,0.0,True
2026-02-19T20:00:00+00:00,28.1,11.6,0.0,10.0,partly_cloudy,0.0,True
2026-02-19T21:00:00+00:00,27.2,12.2,0.0,10.0,clear,0.0,True
2026-02-19T22:00:00+00:00,27.6,12.0,0.0,10.0,partly_cloudy,0.0,True
2026-02-19T23:00:00+00:00,27.1,11.8,0.0,10.0,partly_cloudy,0.0,True
2026-02-20T00:00:00+00:00,25.3,8.4,0.0,10.0,clear,0.0,True
2026-02-20T01:00:00+00:00,25.5,9.9,0.0,10.0,partly_cloudy,0.0,True
2026-02-20T02:00:00+00:00,25.1,11.6,0.0,10.0,partly_cloudy,0.0,True
2026-02-20T03:00:00+00:00,24.8,8.4,0.0,10.0,partly_cloudy,0.0,True
2026-02-20T04:00:00+00:00,24.6,8.5,0.0,10.0,clear,0.0,True
2026-02-20T05:00:00+00:00,24.2,32.9,44.2,2.4,thunderstorm,0.85,True
2026-02-20T06:00:00+00:00,24.5,6.3,0.0,10.0,clear,0.0,True
2026-02-20T07:00:00+00:00,26.7,12.0,0.0,10.0,partly_cloudy,0.0,True
2026-02-20T08:00:00+00:00,26.6,7.4,0.0,10.0,partly_cloudy,0.0,True
2026-02-20T09:00:00+00:00,27.8,6.9,0.0,10.0,partly_cloudy,0.0,True
2026-02-20T10:00:00+00:00,29.1,8.6,0.0,10.0,partly_cloudy,0.0,True
2026-02-20T11:00:00+00:00,28.9,13.7,0.0,10.0,partly_cloudy,0.0,True
2026-02-20T12:00:00+00:00,30.9,10.6,0.0,10.0,partly_cloudy,0.0,True
2026-02-20T13:00:00+00:00,30.4,11.3,0.0,10.0,partly_cloudy,0.0,True
2026-02-20T14:00:00+00:00,31.6,13.2,0.0,10.0,partly_cloudy,0.0,True
2026-02-20T15:00:00+00:00,30.9,11.1,0.0,10.0,clear,0.0,True
2026-02-20T16:00:00+00:00,31.5,12.6,0.0,10.0,partly_cloudy,0.0,True
2026-02-20T17:00:00+00:00,30.9,14.5,0.0,10.0,partly_cloudy,0.0,True
2026-02-20T18:00:00+00:00,30.2,11.4,0.0,10.0,partly_cloudy,0.0,True
2026-02-20T19:00:00+00:00,29.7,12.6,0.0,10.0,partly_cloudy,0.0,True
2026-02-20T20:00:00+00:00,28.6,17.2,0.0,10.0,partly_cloudy,0.0,True
2026-02-20T21:00:00+00:00,28.1,11.3,0.0,10.0,partly_cloudy,0.0,True
2026-02-20T22:00:00+00:00,27.1,13.3,0.0,10.0,clear,0.0,True
2026-02-20T23:00:00+00:00,26.5,11.6,0.0,10.0,partly_cloudy,0.0,True
2026-02-21T00:00:00+00:00,24.8,13.3,0.0,10.0,partly_cloudy,0.0,True
2026-02-21T01:00:00+00:00,25.1,13.1,0.0,10.0,partly_cloudy,0.0,True
2026-02-21T02:00:00+00:00,24.8,7.9,0.0,10.0,partly_cloudy,0.0,True
2026-02-21T03:00:00+00:00,24.2,7.7,0.0,10.0,clear,0.0,True
2026-02-21T04:00:00+00:00,24.4,5.8,0.0,10.0,clear,0.0,True
2026-02-21T05:00:00+00:00,25.0,11.2,0.0,10.0,partly_cloudy,0.0,True
2026-02-21T06:00:00+00:00,25.2,9.9,0.0,10.0,partly_cloudy,0.0,True
2026-02-21T07:00:00+00:00,25.5,7.1,0.0,10.0,clear,0.0,True
2026-02-21T08:00:00+00:00,26.4,8.2,0.0,10.0,clear,0.0,True
2026-02-21T09:00:00+00:00,27.2,8.1,0.0,10.0,clear,0.0,True
2026-02-21T10:00:00+00:00,28.1,12.5,0.0,10.0,clear,0.0,True
2026-02-21T11:00:00+00:00,30.4,10.9,0.0,10.0,partly_cloudy,0.0,True
2026-02-21T12:00:00+00:00,30.0,8.2,0.0,10.0,partly_cloudy,0.0,True
2026-02-21T13:00:00+00:00,31.2,10.1,0.0,10.0,clear,0.0,True
2026-02-21T14:00:00+00:00,30.7,9.7,0.0,10.0,partly_cloudy,0.0,True
2026-02-21T15:00:00+00:00,32.0,16.1,0.0,10.0,clear,0.0,True
2026-02-21T16:00:00+00:00,31.4,12.1,0.0,10.0,clear,0.0,True
2026-02-21T17:00:00+00:00,31.3,13.4,0.0,10.0,partly_cloudy,0.0,True
2026-02-21T18:00:00+00:00,29.7,12.5,0.0,10.0,partly_cloudy,0.0,True
2026-02-21T19:00:00+00:00,29.4,16.9,0.0,10.0,clear,0.0,True
2026-02-21T20:00:00+00:00,28.3,11.9,0.0,10.0,partly_cloudy,0.0,True
2026-02-21T21:00:00+00:00,27.6,13.2,0.0,10.0,clear,0.0,True
2026-02-21T22:00:00+00:00,27.3,12.5,0.0,10.0,clear,0.0,True
2026-02-21T23:00:00+00:00,25.4,14.4,0.0,10.0,clear,0.0,True
2026-02-22T00:00:00+00:00,26.0,12.5,0.0,10.0,partly_cloudy,0.0,True
2026-02-22T01:00:00+00:00,25.6,9.2,0.0,10.0,partly_cloudy,0.0,True
2026-02-22T02:00:00+00:00,24.3,10.9,0.0,10.0,clear,0.0,True
2026-02-22T03:00:00+00:00,25.2,6.5,0.0,10.0,partly_cloudy,0.0,True
2026-02-22T04:00:00+00:00,25.6,8.2,0.0,10.0,partly_cloudy,0.0,True
2026-02-22T05:00:00+00:00,24.1,8.5,0.0,10.0,partly_cloudy,0.0,True
2026-02-22T06:00:00+00:00,25.3,6.7,0.0,10.0,clear,0.0,True
2026-02-22T07:00:00+00:00,27.1,8.0,0.0,10.0,partly_cloudy,0.0,True
2026-02-22T08:00:00+00:00,28.1,6.9,0.0,10.0,partly_cloudy,0.0,True
2026-02-22T09:00:00+00:00,27.7,7.9,0.0,10.0,partly_cloudy,0.0,True
2026-02-22T10:00:00+00:00,28.4,11.9,0.0,10.0,clear,0.0,True
2026-02-22T11:00:00+00:00,29.2,8.7,0.0,10.0,partly_cloudy,0.0,True
2026-02-22T12:00:00+00:00,31.3,8.9,0.0,10.0,partly_cloudy,0.0,True
2026-02-22T13:00:00+00:00,31.1,11.2,0.0,10.0,clear,0.0,True
2026-02-22T14:00:00+00:00,32.1,14.4,0.0,10.0,partly_cloudy,0.0,True
2026-02-22T15:00:00+00:00,31.7,12.2,0.0,10.0,clear,0.0,True
2026-02-22T16:00:00+00:00,31.7,16.6,0.0,10.0,partly_cloudy,0.0,True
2026-02-22T17:00:00+00:00,30.4,15.3,0.0,10.0,clear,0.0,True
2026-02-22T18:00:00+00:00,29.9,15.6,0.0,10.0,clear,0.0,True
2026-02-22T19:00:00+00:00,30.2,12.6,0.0,10.0,partly_cloudy,0.0,True
2026-02-22T20:00:00+00:00,28.1,15.7,0.0,10.0,partly_cloudy,0.0,True
2026-02-22T21:00:00+00:00,28.2,11.8,0.0,10.0,partly_cloudy,0.0,True
2026-02-22T22:00:00+00:00,27.2,14.1,0.0,10.0,clear,0.0,True
2026-02-22T23:00:00+00:00,25.7,15.4,0.0,10.0,clear,0.0,True
2026-02-23T00:00:00+00:00,26.1,12.6,0.0,10.0,clear,0.0,True
2026-02-23T01:00:00+00:00,24.5,10.7,0.0,10.0,clear,0.0,True
2026-02-23T02:00:00+00:00,23.7,11.3,0.0,10.0,partly_cloudy,0.0,True
2026-02-23T03:00:00+00:00,25.4,7.8,0.0,10.0,partly_cloudy,0.0,True
2026-02-23T04:00:00+00:00,25.5,31.8,29.7,1.4,thunderstorm,0.85,True
2026-02-23T05:00:00+00:00,24.2,6.0,0.0,10.0,partly_cloudy,0.0,True
2026-02-23T06:00:00+00:00,25.7,7.1,0.0,10.0,clear,0.0,True
2026-02-23T07:00:00+00:00,25.9,7.0,0.0,10.0,partly_cloudy,0.0,True
2026-02-23T08:00:00+00:00,27.8,6.6,0.0,10.0,clear,0.0,True
2026-02-23T09:00:00+00:00,28.5,7.3,0.0,10.0,partly_cloudy,0.0,True
2026-02-23T10:00:00+00:00,28.8,11.7,0.0,10.0,partly_cloudy,0.0,True
2026-02-23T11:00:00+00:00,30.0,9.3,0.0,10.0,partly_cloudy,0.0,True
2026-02-23T12:00:00+00:00,30.0,13.9,0.0,10.0,partly_cloudy,0.0,True
2026-02-23T13:00:00+00:00,30.4,11.7,0.0,10.0,partly_cloudy,0.0,True
2026-02-23T14:00:00+00:00,31.5,10.1,0.0,10.0,partly_cloudy,0.0,True
2026-02-23T15:00:00+00:00,30.6,14.9,0.0,10.0,clear,0.0,True
2026-02-23T16:00:00+00:00,30.8,11.4,0.0,10.0,clear,0.0,True
2026-02-23T17:00:00+00:00,30.4,16.4,0.0,10.0,clear,0.0,True
2026-02-23T18:00:00+00:00,31.0,12.7,0.0,10.0,partly_cloudy,0.0,True
2026-02-23T19:00:00+00:00,28.8,16.2,0.0,10.0,clear,0.0,True
2026-02-23T20:00:00+00:00,29.8,12.1,0.0,10.0,partly_cloudy,0.0,True
2026-02-23T21:00:00+00:00,28.0,15.7,0.0,10.0,clear,0.0,True
2026-02-23T22:00:00+00:00,27.7,11.5,0.0,10.0,partly_cloudy,0.0,True
2026-02-23T23:00:00+00:00,26.6,9.4,0.0,10.0,clear,0.0,True
2026-02-24T00:00:00+00:00,25.4,34.2,42.7,1.1,thunderstorm,0.85,True
2026-02-24T01:00:00+00:00,25.9,11.3,0.0,10.0,partly_cloudy,0.0,True
2026-02-24T02:00:00+00:00,23.8,6.7,0.0,10.0,partly_cloudy,0.0,True
2026-02-24T03:00:00+00:00,25.3,19.2,7.0,6.3,rain,0.2,True
2026-02-24T04:00:00+00:00,23.9,11.8,0.0,10.0,partly_cloudy,0.0,True
2026-02-24T05:00:00+00:00,24.1,15.4,2.7,7.5,rain,0.2,True
2026-02-24T06:00:00+00:00,25.5,10.2,0.0,10.0,partly_cloudy,0.0,True
2026-02-24T07:00:00+00:00,27.0,12.1,0.0,10.0,clear,0.0,True
2026-02-24T08:00:00+00:00,26.9,10.3,0.0,10.0,partly_cloudy,0.0,True
2026-02-24T09:00:00+00:00,28.0,12.5,0.0,10.0,clear,0.0,True
2026-02-24T10:00:00+00:00,29.0,6.9,0.0,10.0,partly_cloudy,0.0,True
2026-02-24T11:00:00+00:00,30.5,13.4,0.0,10.0,clear,0.0,True
2026-02-24T12:00:00+00:00,31.2,13.5,0.0,10.0,partly_cloudy,0.0,True
2026-02-24T13:00:00+00:00,31.9,14.5,0.0,10.0,clear,0.0,True
2026-02-24T14:00:00+00:00,31.3,15.6,0.0,10.0,partly_cloudy,0.0,True
2026-02-24T15:00:00+00:00,31.6,14.7,0.0,10.0,clear,0.0,True
2026-02-24T16:00:00+00:00,32.1,13.8,0.0,10.0,clear,0.0,True
2026-02-24T17:00:00+00:00,31.8,17.4,0.0,10.0,partly_cloudy,0.0,True
2026-02-24T18:00:00+00:00,29.9,14.1,0.0,10.0,clear,0.0,True
2026-02-24T19:00:00+00:00,29.5,16.9,0.0,10.0,clear,0.0,True
2026-02-24T20:00:00+00:00,29.0,33.2,13.6,4.4,squall,0.5,True
2026-02-24T21:00:00+00:00,27.8,15.6,0.0,10.0,clear,0.0,True
2026-02-24T22:00:00+00:00,27.4,10.3,0.0,10.0,clear,0.0,True
2026-02-24T23:00:00+00:00,26.7,9.4,0.0,10.0,clear,0.0,True
2026-02-25T00:00:00+00:00,25.3,12.6,0.0,10.0,clear,0.0,True
2026-02-25T01:00:00+00:00,24.1,11.1,0.0,10.0,clear,0.0,True
2026-02-25T02:00:00+00:00,25.6,7.7,0.0,10.0,partly_cloudy,0.0,True
2026-02-25T03:00:00+00:00,25.3,5.9,0.0,10.0,clear,0.0,True
2026-02-25T04:00:00+00:00,25.1,5.9,0.0,10.0,partly_cloudy,0.0,True
2026-02-25T05:00:00+00:00,25.2,9.4,0.0,10.0,partly_cloudy,0.0,True
2026-02-25T06:00:00+00:00,25.2,7.7,0.0,10.0,partly_cloudy,0.0,True
2026-02-25T07:00:00+00:00,27.1,6.6,0.0,10.0,clear,0.0,True
2026-02-25T08:00:00+00:00,27.3,9.8,0.0,10.0,partly_cloudy,0.0,True
2026-02-25T09:00:00+00:00,27.7,10.5,0.0,10.0,clear,0.0,True
2026-02-25T10:00:00+00:00,29.5,8.6,0.0,10.0,partly_cloudy,0.0,True
2026-02-25T11:00:00+00:00,29.6,12.3,0.0,10.0,clear,0.0,True
2026-02-25T12:00:00+00:00,29.7,12.6,0.0,10.0,clear,0.0,True
2026-02-25T13:00:00+00:00,30.8,18.4,3.8,8.0,rain,0.2,True
2026-02-25T14:00:00+00:00,30.6,11.1,0.0,10.0,clear,0.0,True
2026-02-25T15:00:00+00:00,31.8,16.8,0.0,10.0,clear,0.0,True
2026-02-25T16:00:00+00:00,32.0,14.2,0.0,10.0,clear,0.0,True
2026-02-25T17:00:00+00:00,30.0,17.7,0.0,10.0,partly_cloudy,0.0,True
2026-02-25T18:00:00+00:00,30.6,11.4,0.0,10.0,partly_cloudy,0.0,True
2026-02-25T19:00:00+00:00,30.3,14.3,0.0,10.0,clear,0.0,True
2026-02-25T20:00:00+00:00,28.7,11.9,0.0,10.0,clear,0.0,True
2026-02-25T21:00:00+00:00,28.7,14.7,0.0,10.0,clear,0.0,True
2026-02-25T22:00:00+00:00,26.4,10.7,0.0,10.0,clear,0.0,True
2026-02-25T23:00:00+00:00,25.8,11.1,0.0,10.0,clear,0.0,True
2026-02-26T00:00:00+00:00,26.5,12.1,0.0,10.0,clear,0.0,True
2026-02-26T01:00:00+00:00,24.2,12.3,0.0,10.0,partly_cloudy,0.0,True
2026-02-26T02:00:00+00:00,25.2,8.1,0.0,10.0,clear,0.0,True
2026-02-26T03:00:00+00:00,23.7,7.6,0.0,10.0,partly_cloudy,0.0,True
2026-02-26T04:00:00+00:00,25.5,7.6,0.0,10.0,partly_cloudy,0.0,True
2026-02-26T05:00:00+00:00,24.9,6.1,0.0,10.0,partly_cloudy,0.0,True
2026-02-26T06:00:00+00:00,24.8,10.8,0.0,10.0,partly_cloudy,0.0,True
2026-02-26T07:00:00+00:00,25.5,10.0,0.0,10.0,partly_cloudy,0.0,True
2026-02-26T08:00:00+00:00,27.2,5.7,0.0,10.0,partly_cloudy,0.0,True
2026-02-26T09:00:00+00:00,27.1,18.8,7.4,5.3,rain,0.2,True
2026-02-26T10:00:00+00:00,29.6,13.1,0.0,10.0,clear,0.0,True
2026-02-26T11:00:00+00:00,29.4,12.5,0.0,10.0,partly_cloudy,0.0,True
2026-02-26T12:00:00+00:00,31.3,14.5,0.0,10.0,partly_cloudy,0.0,True
2026-02-26T13:00:00+00:00,30.9,12.0,0.0,10.0,partly_cloudy,0.0,True
2026-02-26T14:00:00+00:00,31.5,10.7,0.0,10.0,partly_cloudy,0.0,True
2026-02-26T15:00:00+00:00,32.4,11.7,0.0,10.0,partly_cloudy,0.0,True
2026-02-26T16:00:00+00:00,31.4,17.0,0.0,10.0,partly_cloudy,0.0,True
2026-02-26T17:00:00+00:00,31.4,12.5,0.0,10.0,partly_cloudy,0.0,True
2026-02-26T18:00:00+00:00,30.8,11.7,0.0,10.0,partly_cloudy,0.0,True
2026-02-26T19:00:00+00:00,30.6,14.0,0.0,10.0,partly_cloudy,0.0,True
2026-02-26T20:00:00+00:00,29.5,13.4,0.0,10.0,clear,0.0,True
2026-02-26T21:00:00+00:00,27.7,12.4,0.0,10.0,partly_cloudy,0.0,True
2026-02-26T22:00:00+00:00,26.8,13.5,0.0,10.0,clear,0.0,True
2026-02-26T23:00:00+00:00,26.8,10.1,0.0,10.0,clear,0.0,True
2026-02-27T00:00:00+00:00,25.4,14.8,0.0,10.0,clear,0.0,True
2026-02-27T01:00:00+00:00,24.6,13.5,0.0,10.0,partly_cloudy,0.0,True
2026-02-27T02:00:00+00:00,24.5,9.1,0.0,10.0,clear,0.0,True
2026-02-27T03:00:00+00:00,24.3,7.6,0.0,10.0,clear,0.0,True
2026-02-27T04:00:00+00:00,24.5,5.7,0.0,10.0,clear,0.0,True
2026-02-27T05:00:00+00:00,24.8,11.6,0.0,10.0,partly_cloudy,0.0,True
2026-02-27T06:00:00+00:00,25.1,11.3,0.0,10.0,clear,0.0,True
2026-02-27T07:00:00+00:00,26.5,8.7,0.0,10.0,partly_cloudy,0.0,True
2026-02-27T08:00:00+00:00,27.3,6.5,0.0,10.0,clear,0.0,True
2026-02-27T09:00:00+00:00,27.5,9.1,0.0,10.0,partly_cloudy,0.0,True
2026-02-27T10:00:00+00:00,28.3,12.1,0.0,10.0,partly_cloudy,0.0,True
2026-02-27T11:00:00+00:00,30.1,8.9,0.0,10.0,clear,0.0,True
2026-02-27T12:00:00+00:00,29.9,11.6,0.0,10.0,clear,0.0,True
2026-02-27T13:00:00+00:00,30.9,9.7,0.0,10.0,clear,0.0,True
2026-02-27T14:00:00+00:00,30.9,15.6,0.0,10.0,clear,0.0,True
2026-02-27T15:00:00+00:00,31.2,13.3,0.0,10.0,partly_cloudy,0.0,True
2026-02-27T16:00:00+00:00,30.4,11.8,0.0,10.0,partly_cloudy,0.0,True
2026-02-27T17:00:00+00:00,30.1,12.8,0.0,10.0,clear,0.0,True
2026-02-27T18:00:00+00:00,31.5,12.5,0.0,10.0,partly_cloudy,0.0,True
2026-02-27T19:00:00+00:00,29.4,15.1,0.0,10.0,partly_cloudy,0.0,True
2026-02-27T20:00:00+00:00,29.6,12.9,0.0,10.0,partly_cloudy,0.0,True
2026-02-27T21:00:00+00:00,28.1,11.7,0.0,10.0,partly_cloudy,0.0,True
2026-02-27T22:00:00+00:00,26.4,12.5,0.0,10.0,partly_cloudy,0.0,True
2026-02-27T23:00:00+00:00,26.5,9.4,0.0,10.0,partly_cloudy,0.0,True
2026-02-28T00:00:00+00:00,26.4,12.2,0.0,10.0,clear,0.0,True
2026-02-28T01:00:00+00:00,24.1,10.5,0.0,10.0,clear,0.0,True
2026-02-28T02:00:00+00:00,23.9,11.3,0.0,10.0,partly_cloudy,0.0,True
2026-02-28T03:00:00+00:00,24.3,7.3,0.0,10.0,partly_cloudy,0.0,True
2026-02-28T04:00:00+00:00,24.4,12.3,0.0,10.0,partly_cloudy,0.0,True
2026-02-28T05:00:00+00:00,25.9,5.9,0.0,10.0,clear,0.0,True
2026-02-28T06:00:00+00:00,24.6,8.7,0.0,10.0,clear,0.0,True
2026-02-28T07:00:00+00:00,25.6,5.4,0.0,10.0,partly_cloudy,0.0,True
2026-02-28T08:00:00+00:00,26.3,7.1,0.0,10.0,clear,0.0,True
2026-02-28T09:00:00+00:00,27.5,10.1,0.0,10.0,clear,0.0,True
2026-02-28T10:00:00+00:00,28.0,6.7,0.0,10.0,partly_cloudy,0.0,True
2026-02-28T11:00:00+00:00,29.6,9.9,0.0,10.0,clear,0.0,True
2026-02-28T12:00:00+00:00,30.9,12.7,0.0,10.0,clear,0.0,True
2026-02-28T13:00:00+00:00,31.5,11.3,0.0,10.0,clear,0.0,True
2026-02-28T14:00:00+00:00,31.3,16.5,0.0,10.0,clear,0.0,True
2026-02-28T15:00:00+00:00,30.5,15.7,0.0,10.0,partly_cloudy,0.0,True
2026-02-28T16:00:00+00:00,30.8,15.8,0.0,10.0,clear,0.0,True
2026-02-28T17:00:00+00:00,31.3,14.2,0.0,10.0,partly_cloudy,0.0,True
2026-02-28T18:00:00+00:00,30.0,13.6,0.0,10.0,clear,0.0,True
2026-02-28T19:00:00+00:00,29.2,11.0,0.0,10.0,partly_cloudy,0.0,True
2026-02-28T20:00:00+00:00,29.8,13.1,0.0,10.0,partly_cloudy,0.0,True
2026-02-28T21:00:00+00:00,27.2,10.7,0.0,10.0,partly_cloudy,0.0,True
2026-02-28T22:00:00+00:00,28.0,14.5,0.0,10.0,clear,0.0,True
2026-02-28T23:00:00+00:00,26.6,13.3,0.0,10.0,clear,0.0,True
2026-03-01T00:00:00+00:00,24.6,12.0,0.0,10.0,partly_cloudy,0.0,True
2026-03-01T01:00:00+00:00,25.3,10.6,0.0,10.0,partly_cloudy,0.0,True
2026-03-01T02:00:00+00:00,25.2,10.9,0.0,10.0,clear,0.0,True
2026-03-01T03:00:00+00:00,24.9,8.6,0.0,10.0,partly_cloudy,0.0,True
2026-03-01T04:00:00+00:00,24.5,8.1,0.0,10.0,partly_cloudy,0.0,True
2026-03-01T05:00:00+00:00,24.4,6.8,0.0,10.0,partly_cloudy,0.0,True
2026-03-01T06:00:00+00:00,24.8,7.5,0.0,10.0,partly_cloudy,0.0,True
2026-03-01T07:00:00+00:00,26.0,9.6,0.0,10.0,partly_cloudy,0.0,True
2026-03-01T08:00:00+00:00,26.8,6.9,0.0,10.0,clear,0.0,True
2026-03-01T09:00:00+00:00,28.7,10.1,0.0,10.0,clear,0.0,True
2026-03-01T10:00:00+00:00,29.8,8.2,0.0,10.0,partly_cloudy,0.0,True
2026-03-01T11:00:00+00:00,29.2,12.5,0.0,10.0,partly_cloudy,0.0,True
2026-03-01T12:00:00+00:00,31.2,12.9,0.0,10.0,clear,0.0,True
2026-03-01T13:00:00+00:00,30.9,13.0,0.0,10.0,partly_cloudy,0.0,True
2026-03-01T14:00:00+00:00,31.1,11.0,0.0,10.0,partly_cloudy,0.0,True
2026-03-01T15:00:00+00:00,31.6,11.9,0.0,10.0,partly_cloudy,0.0,True
2026-03-01T16:00:00+00:00,32.0,14.1,0.0,10.0,clear,0.0,True
2026-03-01T17:00:00+00:00,32.0,17.2,0.0,10.0,clear,0.0,True
2026-03-01T18:00:00+00:00,29.7,16.5,0.0,10.0,clear,0.0,True
2026-03-01T19:00:00+00:00,29.5,13.4,0.0,10.0,clear,0.0,True
2026-03-01T20:00:00+00:00,28.3,13.7,0.0,10.0,clear,0.0,True
2026-03-01T21:00:00+00:00,28.8,10.6,0.0,10.0,clear,0.0,True
2026-03-01T22:00:00+00:00,26.7,16.1,0.0,10.0,partly_cloudy,0.0,True
2026-03-01T23:00:00+00:00,25.7,15.4,0.0,10.0,clear,0.0,True
2026-03-02T00:00:00+00:00,26.4,10.7,0.0,10.0,partly_cloudy,0.0,True
2026-03-02T01:00:00+00:00,25.0,10.8,0.0,10.0,clear,0.0,True
2026-03-02T02:00:00+00:00,24.2,12.1,0.0,10.0,clear,0.0,True
2026-03-02T03:00:00+00:00,23.7,8.0,0.0,10.0,clear,0.0,True
2026-03-02T04:00:00+00:00,25.5,9.5,0.0,10.0,partly_cloudy,0.0,True
2026-03-02T05:00:00+00:00,24.7,11.6,0.0,10.0,clear,0.0,True
2026-03-02T06:00:00+00:00,25.9,11.1,0.0,10.0,partly_cloudy,0.0,True
2026-03-02T07:00:00+00:00,27.0,10.1,0.0,10.0,partly_cloudy,0.0,True
2026-03-02T08:00:00+00:00,27.6,10.3,0.0,10.0,partly_cloudy,0.0,True
2026-03-02T09:00:00+00:00,27.4,10.7,0.0,10.0,clear,0.0,True
2026-03-02T10:00:00+00:00,28.2,7.3,0.0,10.0,partly_cloudy,0.0,True
2026-03-02T11:00:00+00:00,29.5,7.3,0.0,10.0,clear,0.0,True
2026-03-02T12:00:00+00:00,31.3,11.2,0.0,10.0,partly_cloudy,0.0,True
2026-03-02T13:00:00+00:00,31.7,13.5,0.0,10.0,clear,0.0,True
2026-03-02T14:00:00+00:00,31.1,12.9,0.0,10.0,partly_cloudy,0.0,True
2026-03-02T15:00:00+00:00,30.8,10.9,0.0,10.0,partly_cloudy,0.0,True
2026-03-02T16:00:00+00:00,30.5,10.8,0.0,10.0,partly_cloudy,0.0,True
2026-03-02T17:00:00+00:00,30.3,12.9,0.0,10.0,partly_cloudy,0.0,True
2026-03-02T18:00:00+00:00,31.4,17.6,0.0,10.0,clear,0.0,True
2026-03-02T19:00:00+00:00,30.0,17.1,0.0,10.0,partly_cloudy,0.0,True
2026-03-02T20:00:00+00:00,29.3,12.5,0.0,10.0,partly_cloudy,0.0,True
2026-03-02T21:00:00+00:00,28.0,15.5,0.0,10.0,clear,0.0,True
2026-03-02T22:00:00+00:00,26.9,11.0,0.0,10.0,partly_cloudy,0.0,True
2026-03-02T23:00:00+00:00,27.2,12.4,0.0,10.0,clear,0.0,True
2026-03-03T00:00:00+00:00,26.5,14.2,0.0,10.0,clear,0.0,True
2026-03-03T01:00:00+00:00,25.9,7.6,0.0,10.0,partly_cloudy,0.0,True
2026-03-03T02:00:00+00:00,24.2,12.9,0.0,10.0,partly_cloudy,0.0,True
2026-03-03T03:00:00+00:00,25.0,12.0,0.0,10.0,partly_cloudy,0.0,True
2026-03-03T04:00:00+00:00,24.0,11.3,0.0,10.0,clear,0.0,True
2026-03-03T05:00:00+00:00,25.9,8.7,0.0,10.0,partly_cloudy,0.0,True
2026-03-03T06:00:00+00:00,25.7,8.5,0.0,10.0,clear,0.0,True
2026-03-03T07:00:00+00:00,25.7,5.2,0.0,10.0,partly_cloudy,0.0,True
2026-03-03T08:00:00+00:00,27.3,7.4,0.0,10.0,partly_cloudy,0.0,True
2026-03-03T09:00:00+00:00,27.3,9.8,0.0,10.0,partly_cloudy,0.0,True
2026-03-03T10:00:00+00:00,29.0,12.3,0.0,10.0,clear,0.0,True
2026-03-03T11:00:00+00:00,29.3,9.8,0.0,10.0,partly_cloudy,0.0,True
2026-03-03T12:00:00+00:00,31.3,10.6,0.0,10.0,partly_cloudy,0.0,True
2026-03-03T13:00:00+00:00,31.8,9.3,0.0,10.0,clear,0.0,True
2026-03-03T14:00:00+00:00,30.6,11.9,0.0,10.0,partly_cloudy,0.0,True
2026-03-03T15:00:00+00:00,32.3,14.6,0.0,10.0,clear,0.0,True
2026-03-03T16:00:00+00:00,32.3,15.7,0.0,10.0,partly_cloudy,0.0,True
2026-03-03T17:00:00+00:00,31.5,12.9,0.0,10.0,clear,0.0,True
2026-03-03T18:00:00+00:00,29.6,12.7,0.0,10.0,clear,0.0,True
2026-03-03T19:00:00+00:00,29.8,11.4,0.0,10.0,clear,0.0,True
2026-03-03T20:00:00+00:00,29.0,15.2,0.0,10.0,partly_cloudy,0.0,True
2026-03-03T21:00:00+00:00,28.0,13.3,0.0,10.0,clear,0.0,True
2026-03-03T22:00:00+00:00,26.2,14.0,0.0,10.0,partly_cloudy,0.0,True
2026-03-03T23:00:00+00:00,27.1,11.4,0.0,10.0,partly_cloudy,0.0,True
2026-03-04T00:00:00+00:00,26.2,34.4,35.2,1.2,thunderstorm,0.85,True
2026-03-04T01:00:00+00:00,25.8,7.9,0.0,10.0,partly_cloudy,0.0,True
2026-03-04T02:00:00+00:00,24.7,11.4,0.0,10.0,clear,0.0,True
2026-03-04T03:00:00+00:00,23.7,8.4,0.0,10.0,partly_cloudy,0.0,True
2026-03-04T04:00:00+00:00,25.2,12.2,0.0,10.0,partly_cloudy,0.0,True
2026-03-04T05:00:00+00:00,24.9,10.9,0.0,10.0,partly_cloudy,0.0,True
2026-03-04T06:00:00+00:00,26.0,6.4,0.0,10.0,partly_cloudy,0.0,True
2026-03-04T07:00:00+00:00,26.2,5.4,0.0,10.0,clear,0.0,True
2026-03-04T08:00:00+00:00,28.0,9.2,0.0,10.0,clear,0.0,True
2026-03-04T09:00:00+00:00,28.3,6.3,0.0,10.0,clear,0.0,True
2026-03-04T10:00:00+00:00,29.3,10.3,0.0,10.0,partly_cloudy,0.0,True
2026-03-04T11:00:00+00:00,30.7,11.3,0.0,10.0,partly_cloudy,0.0,True
2026-03-04T12:00:00+00:00,29.8,9.1,0.0,10.0,clear,0.0,True
2026-03-04T13:00:00+00:00,31.0,14.2,0.0,10.0,partly_cloudy,0.0,True
2026-03-04T14:00:00+00:00,30.5,11.8,0.0,10.0,partly_cloudy,0.0,True
2026-03-04T15:00:00+00:00,31.4,13.5,0.0,10.0,clear,0.0,True
2026-03-04T16:00:00+00:00,32.1,12.0,0.0,10.0,partly_cloudy,0.0,True
2026-03-04T17:00:00+00:00,30.4,17.2,0.0,10.0,partly_cloudy,0.0,True
2026-03-04T18:00:00+00:00,30.2,15.1,0.0,10.0,clear,0.0,True
2026-03-04T19:00:00+00:00,29.4,15.4,0.0,10.0,partly_cloudy,0.0,True
2026-03-04T20:00:00+00:00,28.2,11.5,0.0,10.0,partly_cloudy,0.0,True
2026-03-04T21:00:00+00:00,27.9,21.9,6.9,7.8,rain,0.2,True
2026-03-04T22:00:00+00:00,27.9,16.0,0.0,10.0,partly_cloudy,0.0,True
2026-03-04T23:00:00+00:00,25.3,12.0,0.0,10.0,partly_cloudy,0.0,True
2026-03-05T00:00:00+00:00,26.0,9.2,0.0,10.0,partly_cloudy,0.0,True
2026-03-05T01:00:00+00:00,24.9,12.5,0.0,10.0,clear,0.0,True
2026-03-05T02:00:00+00:00,25.1,8.5,0.0,10.0,partly_cloudy,0.0,True
2026-03-05T03:00:00+00:00,24.5,9.4,0.0,10.0,clear,0.0,True
2026-03-05T04:00:00+00:00,24.8,5.5,0.0,10.0,clear,0.0,True
2026-03-05T05:00:00+00:00,24.1,6.1,0.0,10.0,clear,0.0,True
2026-03-05T06:00:00+00:00,25.1,7.0,0.0,10.0,partly_cloudy,0.0,True
2026-03-05T07:00:00+00:00,25.4,10.3,0.0,10.0,partly_cloudy,0.0,True
2026-03-05T08:00:00+00:00,27.4,12.3,0.0,10.0,partly_cloudy,0.0,True
2026-03-05T09:00:00+00:00,28.9,10.9,0.0,10.0,clear,0.0,True
2026-03-05T10:00:00+00:00,29.1,10.9,0.0,10.0,clear,0.0,True
2026-03-05T11:00:00+00:00,30.0,9.7,0.0,10.0,partly_cloudy,0.0,True
2026-03-05T12:00:00+00:00,30.3,8.3,0.0,10.0,partly_cloudy,0.0,True
2026-03-05T13:00:00+00:00,31.1,10.4,0.0,10.0,clear,0.0,True
2026-03-05T14:00:00+00:00,30.4,14.5,0.0,10.0,partly_cloudy,0.0,True
2026-03-05T15:00:00+00:00,32.2,16.7,0.0,10.0,clear,0.0,True
2026-03-05T16:00:00+00:00,31.8,12.0,0.0,10.0,clear,0.0,True
2026-03-05T17:00:00+00:00,31.4,11.8,0.0,10.0,clear,0.0,True
2026-03-05T18:00:00+00:00,30.0,17.9,0.0,10.0,partly_cloudy,0.0,True
2026-03-05T19:00:00+00:00,29.5,12.9,0.0,10.0,partly_cloudy,0.0,True
2026-03-05T20:00:00+00:00,29.4,12.9,0.0,10.0,partly_cloudy,0.0,True
2026-03-05T21:00:00+00:00,27.2,33.7,10.5,3.3,squall,0.5,True
2026-03-05T22:00:00+00:00,26.4,9.6,0.0,10.0,clear,0.0,True
2026-03-05T23:00:00+00:00,25.9,12.8,0.0,10.0,clear,0.0,True
2026-03-06T00:00:00+00:00,25.5,10.4,0.0,10.0,partly_cloudy,0.0,True
2026-03-06T01:00:00+00:00,25.7,8.8,0.0,10.0,partly_cloudy,0.0,True
2026-03-06T02:00:00+00:00,24.0,9.9,0.0,10.0,clear,0.0,True
2026-03-06T03:00:00+00:00,24.1,8.7,0.0,10.0,partly_cloudy,0.0,True
2026-03-06T04:00:00+00:00,24.4,12.2,0.0,10.0,partly_cloudy,0.0,True
2026-03-06T05:00:00+00:00,25.9,7.8,0.0,10.0,partly_cloudy,0.0,True
2026-03-06T06:00:00+00:00,26.1,5.2,0.0,10.0,partly_cloudy,0.0,True
2026-03-06T07:00:00+00:00,27.1,10.0,0.0,10.0,partly_cloudy,0.0,True
2026-03-06T08:00:00+00:00,26.8,10.9,0.0,10.0,clear,0.0,True
2026-03-06T09:00:00+00:00,27.7,11.9,0.0,10.0,clear,0.0,True
2026-03-06T10:00:00+00:00,29.3,11.2,0.0,10.0,clear,0.0,True
2026-03-06T11:00:00+00:00,28.8,13.4,0.0,10.0,clear,0.0,True
2026-03-06T12:00:00+00:00,30.6,12.6,0.0,10.0,partly_cloudy,0.0,True
2026-03-06T13:00:00+00:00,30.8,8.9,0.0,10.0,clear,0.0,True
2026-03-06T14:00:00+00:00,31.9,11.5,0.0,10.0,partly_cloudy,0.0,True
2026-03-06T15:00:00+00:00,30.7,16.8,0.0,10.0,clear,0.0,True
2026-03-06T16:00:00+00:00,31.7,15.7,0.0,10.0,clear,0.0,True
2026-03-06T17:00:00+00:00,30.9,15.5,0.0,10.0,partly_cloudy,0.0,True
2026-03-06T18:00:00+00:00,31.0,17.3,0.0,10.0,clear,0.0,True
2026-03-06T19:00:00+00:00,28.9,16.0,0.0,10.0,partly_cloudy,0.0,True
2026-03-06T20:00:00+00:00,29.1,12.2,0.0,10.0,partly_cloudy,0.0,True
2026-03-06T21:00:00+00:00,28.5,15.8,0.0,10.0,partly_cloudy,0.0,True
2026-03-06T22:00:00+00:00,28.0,10.7,0.0,10.0,partly_cloudy,0.0,True
2026-03-06T23:00:00+00:00,25.9,15.4,0.0,10.0,partly_cloudy,0.0,True
2026-03-07T00:00:00+00:00,26.4,13.3,0.0,10.0,clear,0.0,True
2026-03-07T01:00:00+00:00,25.4,7.6,0.0,10.0,clear,0.0,True
2026-03-07T02:00:00+00:00,24.5,9.5,0.0,10.0,partly_cloudy,0.0,True
2026-03-07T03:00:00+00:00,23.8,28.3,11.0,4.5,squall,0.5,True
2026-03-07T04:00:00+00:00,24.5,5.9,0.0,10.0,partly_cloudy,0.0,True
2026-03-07T05:00:00+00:00,25.1,10.6,0.0,10.0,partly_cloudy,0.0,True
2026-03-07T06:00:00+00:00,26.1,10.9,0.0,10.0,partly_cloudy,0.0,True
2026-03-07T07:00:00+00:00,25.7,12.1,0.0,10.0,clear,0.0,True
2026-03-07T08:00:00+00:00,28.1,10.2,0.0,10.0,partly_cloudy,0.0,True
2026-03-07T09:00:00+00:00,28.5,5.9,0.0,10.0,partly_cloudy,0.0,True
2026-03-07T10:00:00+00:00,28.3,9.6,0.0,10.0,partly_cloudy,0.0,True
2026-03-07T11:00:00+00:00,28.9,11.3,0.0,10.0,clear,0.0,True
2026-03-07T12:00:00+00:00,30.8,12.2,0.0,10.0,partly_cloudy,0.0,True
2026-03-07T13:00:00+00:00,31.8,13.3,0.0,10.0,clear,0.0,True
2026-03-07T14:00:00+00:00,32.0,12.5,0.0,10.0,clear,0.0,True
2026-03-07T15:00:00+00:00,31.5,12.9,0.0,10.0,partly_cloudy,0.0,True
2026-03-07T16:00:00+00:00,31.5,17.3,0.0,10.0,clear,0.0,True
2026-03-07T17:00:00+00:00,31.1,17.2,0.0,10.0,clear,0.0,True
2026-03-07T18:00:00+00:00,30.9,13.8,0.0,10.0,partly_cloudy,0.0,True
2026-03-07T19:00:00+00:00,29.7,13.7,0.0,10.0,clear,0.0,True
2026-03-07T20:00:00+00:00,28.8,13.7,0.0,10.0,partly_cloudy,0.0,True
2026-03-07T21:00:00+00:00,28.1,14.9,0.0,10.0,clear,0.0,True
2026-03-07T22:00:00+00:00,28.0,16.4,0.0,10.0,clear,0.0,True
2026-03-07T23:00:00+00:00,27.1,13.0,0.0,10.0,partly_cloudy,0.0,True
2026-03-08T00:00:00+00:00,25.7,11.2,0.0,10.0,clear,0.0,True
2026-03-08T01:00:00+00:00,24.6,11.0,0.0,10.0,clear,0.0,True
2026-03-08T02:00:00+00:00,24.6,9.8,0.0,10.0,partly_cloudy,0.0,True
2026-03-08T03:00:00+00:00,25.2,25.0,20.9,3.2,squall,0.5,True
2026-03-08T04:00:00+00:00,23.7,5.6,0.0,10.0,partly_cloudy,0.0,True
2026-03-08T05:00:00+00:00,25.8,6.0,0.0,10.0,partly_cloudy,0.0,True
2026-03-08T06:00:00+00:00,26.1,7.3,0.0,10.0,clear,0.0,True
2026-03-08T07:00:00+00:00,25.4,10.9,0.0,10.0,partly_cloudy,0.0,True
2026-03-08T08:00:00+00:00,26.8,8.2,0.0,10.0,partly_cloudy,0.0,True
2026-03-08T09:00:00+00:00,27.9,10.4,0.0,10.0,clear,0.0,True
2026-03-08T10:00:00+00:00,28.8,6.9,0.0,10.0,partly_cloudy,0.0,True
2026-03-08T11:00:00+00:00,28.8,11.4,0.0,10.0,partly_cloudy,0.0,True
2026-03-08T12:00:00+00:00,30.8,11.7,0.0,10.0,partly_cloudy,0.0,True
2026-03-08T13:00:00+00:00,31.0,13.3,0.0,10.0,partly_cloudy,0.0,True
2026-03-08T14:00:00+00:00,31.7,14.9,0.0,10.0,clear,0.0,True
2026-03-08T15:00:00+00:00,30.7,16.3,0.0,10.0,clear,0.0,True
2026-03-08T16:00:00+00:00,31.7,13.3,0.0,10.0,partly_cloudy,0.0,True
2026-03-08T17:00:00+00:00,30.4,29.3,17.2,2.8,squall,0.5,True
2026-03-08T18:00:00+00:00,29.9,12.3,0.0,10.0,partly_cloudy,0.0,True
2026-03-08T19:00:00+00:00,30.0,11.0,0.0,10.0,clear,0.0,True
2026-03-08T20:00:00+00:00,29.5,14.1,0.0,10.0,partly_cloudy,0.0,True
2026-03-08T21:00:00+00:00,28.6,15.6,0.0,10.0,partly_cloudy,0.0,True
2026-03-08T22:00:00+00:00,26.9,11.3,0.0,10.0,partly_cloudy,0.0,True
2026-03-08T23:00:00+00:00,25.7,15.4,0.0,10.0,clear,0.0,True
2026-03-09T00:00:00+00:00,24.6,13.7,0.0,10.0,partly_cloudy,0.0,True
2026-03-09T01:00:00+00:00,24.2,11.7,0.0,10.0,clear,0.0,True
2026-03-09T02:00:00+00:00,24.9,10.7,0.0,10.0,partly_cloudy,0.0,True
2026-03-09T03:00:00+00:00,25.3,7.7,0.0,10.0,partly_cloudy,0.0,True
2026-03-09T04:00:00+00:00,24.6,6.9,0.0,10.0,clear,0.0,True
2026-03-09T05:00:00+00:00,24.7,6.9,0.0,10.0,clear,0.0,True
2026-03-09T06:00:00+00:00,25.8,11.3,0.0,10.0,partly_cloudy,0.0,True
2026-03-09T07:00:00+00:00,26.1,11.6,0.0,10.0,partly_cloudy,0.0,True
2026-03-09T08:00:00+00:00,27.8,8.9,0.0,10.0,partly_cloudy,0.0,True
2026-03-09T09:00:00+00:00,28.7,10.5,0.0,10.0,partly_cloudy,0.0,True
2026-03-09T10:00:00+00:00,29.8,10.9,0.0,10.0,partly_cloudy,0.0,True
2026-03-09T11:00:00+00:00,29.2,14.1,0.0,10.0,partly_cloudy,0.0,True
2026-03-09T12:00:00+00:00,30.0,8.2,0.0,10.0,partly_cloudy,0.0,True
2026-03-09T13:00:00+00:00,30.8,12.1,0.0,10.0,partly_cloudy,0.0,True
2026-03-09T14:00:00+00:00,31.0,10.6,0.0,10.0,partly_cloudy,0.0,True
2026-03-09T15:00:00+00:00,32.1,14.0,0.0,10.0,partly_cloudy,0.0,True
2026-03-09T16:00:00+00:00,31.0,16.7,0.0,10.0,partly_cloudy,0.0,True
2026-03-09T17:00:00+00:00,31.4,26.0,6.3,5.9,rain,0.2,True
2026-03-09T18:00:00+00:00,30.2,16.0,0.0,10.0,partly_cloudy,0.0,True
2026-03-09T19:00:00+00:00,29.6,12.1,0.0,10.0,clear,0.0,True
2026-03-09T20:00:00+00:00,28.3,11.8,0.0,10.0,partly_cloudy,0.0,True
2026-03-09T21:00:00+00:00,27.4,10.4,0.0,10.0,clear,0.0,True
2026-03-09T22:00:00+00:00,27.6,15.8,0.0,10.0,partly_cloudy,0.0,True
2026-03-09T23:00:00+00:00,25.8,14.3,0.0,10.0,partly_cloudy,0.0,True
2026-03-10T00:00:00+00:00,25.9,9.7,0.0,10.0,clear,0.0,True
2026-03-10T01:00:00+00:00,24.2,11.1,0.0,10.0,clear,0.0,True
2026-03-10T02:00:00+00:00,25.0,11.3,0.0,10.0,clear,0.0,True
2026-03-10T03:00:00+00:00,24.2,10.5,0.0,10.0,clear,0.0,True
2026-03-10T04:00:00+00:00,24.0,7.0,0.0,10.0,partly_cloudy,0.0,True
2026-03-10T05:00:00+00:00,25.2,10.5,0.0,10.0,partly_cloudy,0.0,True
2026-03-10T06:00:00+00:00,26.2,10.3,0.0,10.0,partly_cloudy,0.0,True
2026-03-10T07:00:00+00:00,25.9,5.7,0.0,10.0,partly_cloudy,0.0,True
2026-03-10T08:00:00+00:00,26.3,7.1,0.0,10.0,clear,0.0,True
2026-03-10T09:00:00+00:00,29.0,7.0,0.0,10.0,partly_cloudy,0.0,True
2026-03-10T10:00:00+00:00,29.5,7.5,0.0,10.0,partly_cloudy,0.0,True
2026-03-10T11:00:00+00:00,30.6,12.9,0.0,10.0,partly_cloudy,0.0,True
2026-03-10T12:00:00+00:00,30.5,11.5,0.0,10.0,partly_cloudy,0.0,True
2026-03-10T13:00:00+00:00,31.4,11.2,0.0,10.0,clear,0.0,True
2026-03-10T14:00:00+00:00,31.6,25.9,20.9,2.7,squall,0.5,True
2026-03-10T15:00:00+00:00,30.7,13.5,0.0,10.0,clear,0.0,True
2026-03-10T16:00:00+00:00,32.0,12.8,0.0,10.0,partly_cloudy,0.0,True
2026-03-10T17:00:00+00:00,31.4,17.4,0.0,10.0,partly_cloudy,0.0,True
2026-03-10T18:00:00+00:00,30.6,11.8,0.0,10.0,clear,0.0,True
2026-03-10T19:00:00+00:00,29.3,11.6,0.0,10.0,partly_cloudy,0.0,True
2026-03-10T20:00:00+00:00,29.2,16.4,0.0,10.0,partly_cloudy,0.0,True
2026-03-10T21:00:00+00:00,28.4,16.2,0.0,10.0,partly_cloudy,0.0,True
2026-03-10T22:00:00+00:00,27.9,10.7,0.0,10.0,partly_cloudy,0.0,True
2026-03-10T23:00:00+00:00,26.3,12.4,0.0,10.0,partly_cloudy,0.0,True
2026-03-11T00:00:00+00:00,24.8,12.1,0.0,10.0,partly_cloudy,0.0,True
2026-03-11T01:00:00+00:00,24.4,11.4,0.0,10.0,clear,0.0,True
2026-03-11T02:00:00+00:00,25.3,13.0,0.0,10.0,partly_cloudy,0.0,True
2026-03-11T03:00:00+00:00,24.4,9.3,0.0,10.0,clear,0.0,True
2026-03-11T04:00:00+00:00,25.0,10.4,0.0,10.0,partly_cloudy,0.0,True
2026-03-11T05:00:00+00:00,25.8,6.0,0.0,10.0,partly_cloudy,0.0,True
2026-03-11T06:00:00+00:00,25.4,9.7,0.0,10.0,clear,0.0,True
2026-03-11T07:00:00+00:00,26.8,7.1,0.0,10.0,partly_cloudy,0.0,True
2026-03-11T08:00:00+00:00,27.9,15.6,7.1,5.3,rain,0.2,True
2026-03-11T09:00:00+00:00,27.3,6.9,0.0,10.0,clear,0.0,True
2026-03-11T10:00:00+00:00,28.5,6.8,0.0,10.0,partly_cloudy,0.0,True
2026-03-11T11:00:00+00:00,30.3,8.9,0.0,10.0,clear,0.0,True
2026-03-11T12:00:00+00:00,30.2,10.6,0.0,10.0,clear,0.0,True
2026-03-11T13:00:00+00:00,31.3,9.5,0.0,10.0,partly_cloudy,0.0,True
2026-03-11T14:00:00+00:00,31.9,13.9,0.0,10.0,clear,0.0,True
2026-03-11T15:00:00+00:00,32.2,11.5,0.0,10.0,partly_cloudy,0.0,True
2026-03-11T16:00:00+00:00,31.6,12.2,0.0,10.0,partly_cloudy,0.0,True
2026-03-11T17:00:00+00:00,31.4,16.9,0.0,10.0,partly_cloudy,0.0,True
2026-03-11T18:00:00+00:00,30.4,15.7,0.0,10.0,clear,0.0,True
2026-03-11T19:00:00+00:00,29.0,15.0,0.0,10.0,partly_cloudy,0.0,True
2026-03-11T20:00:00+00:00,29.1,13.3,0.0,10.0,clear,0.0,True
2026-03-11T21:00:00+00:00,27.1,13.3,0.0,10.0,partly_cloudy,0.0,True
2026-03-11T22:00:00+00:00,27.8,10.5,0.0,10.0,partly_cloudy,0.0,True
2026-03-11T23:00:00+00:00,26.7,12.2,0.0,10.0,clear,0.0,True
2026-03-12T00:00:00+00:00,24.7,11.8,0.0,10.0,partly_cloudy,0.0,True
2026-03-12T01:00:00+00:00,25.5,10.3,0.0,10.0,partly_cloudy,0.0,True
2026-03-12T02:00:00+00:00,24.6,11.9,0.0,10.0,partly_cloudy,0.0,True
2026-03-12T03:00:00+00:00,24.9,9.3,0.0,10.0,clear,0.0,True
2026-03-12T04:00:00+00:00,25.3,10.6,0.0,10.0,clear,0.0,True
2026-03-12T05:00:00+00:00,25.7,5.5,0.0,10.0,clear,0.0,True
2026-03-12T06:00:00+00:00,26.1,6.2,0.0,10.0,partly_cloudy,0.0,True
2026-03-12T07:00:00+00:00,26.7,8.7,0.0,10.0,partly_cloudy,0.0,True
2026-03-12T08:00:00+00:00,26.2,6.9,0.0,10.0,partly_cloudy,0.0,True
2026-03-12T09:00:00+00:00,28.8,7.1,0.0,10.0,clear,0.0,True
2026-03-12T10:00:00+00:00,29.4,6.8,0.0,10.0,clear,0.0,True
2026-03-12T11:00:00+00:00,28.8,12.7,0.0,10.0,clear,0.0,True
2026-03-12T12:00:00+00:00,30.8,11.2,0.0,10.0,partly_cloudy,0.0,True
2026-03-12T13:00:00+00:00,31.1,13.8,0.0,10.0,partly_cloudy,0.0,True
2026-03-12T14:00:00+00:00,31.4,9.8,0.0,10.0,partly_cloudy,0.0,True
2026-03-12T15:00:00+00:00,31.8,13.2,0.0,10.0,partly_cloudy,0.0,True
2026-03-12T16:00:00+00:00,31.0,12.3,0.0,10.0,clear,0.0,True
2026-03-12T17:00:00+00:00,31.1,21.0,5.9,5.5,rain,0.2,True
2026-03-12T18:00:00+00:00,29.8,16.4,0.0,10.0,partly_cloudy,0.0,True
2026-03-12T19:00:00+00:00,28.9,16.2,0.0,10.0,clear,0.0,True
2026-03-12T20:00:00+00:00,29.5,13.5,0.0,10.0,clear,0.0,True
2026-03-12T21:00:00+00:00,28.1,14.9,0.0,10.0,partly_cloudy,0.0,True
2026-03-12T22:00:00+00:00,27.5,16.4,0.0,10.0,partly_cloudy,0.0,True
2026-03-12T23:00:00+00:00,26.2,12.3,0.0,10.0,partly_cloudy,0.0,True
2026-03-13T00:00:00+00:00,25.4,14.8,2.5,7.1,rain,0.2,True
2026-03-13T01:00:00+00:00,24.1,19.9,3.4,6.7,rain,0.2,True
2026-03-13T02:00:00+00:00,23.7,11.1,0.0,10.0,partly_cloudy,0.0,True
2026-03-13T03:00:00+00:00,23.7,15.3,6.6,7.6,rain,0.2,True
2026-03-13T04:00:00+00:00,23.8,7.3,0.0,10.0,clear,0.0,True
2026-03-13T05:00:00+00:00,25.8,8.0,0.0,10.0,partly_cloudy,0.0,True
2026-03-13T06:00:00+00:00,25.2,7.7,0.0,10.0,clear,0.0,True
2026-03-13T07:00:00+00:00,26.1,5.6,0.0,10.0,partly_cloudy,0.0,True
2026-03-13T08:00:00+00:00,27.7,10.2,0.0,10.0,partly_cloudy,0.0,True
2026-03-13T09:00:00+00:00,28.5,11.8,0.0,10.0,clear,0.0,True
2026-03-13T10:00:00+00:00,28.1,11.7,0.0,10.0,clear,0.0,True
2026-03-13T11:00:00+00:00,30.3,11.0,0.0,10.0,clear,0.0,True
2026-03-13T12:00:00+00:00,30.5,11.2,0.0,10.0,partly_cloudy,0.0,True
2026-03-13T13:00:00+00:00,31.1,14.0,0.0,10.0,clear,0.0,True
2026-03-13T14:00:00+00:00,31.8,11.0,0.0,10.0,partly_cloudy,0.0,True
2026-03-13T15:00:00+00:00,32.4,14.8,0.0,10.0,clear,0.0,True
2026-03-13T16:00:00+00:00,32.0,16.8,0.0,10.0,partly_cloudy,0.0,True
2026-03-13T17:00:00+00:00,31.5,10.9,0.0,10.0,clear,0.0,True
2026-03-13T18:00:00+00:00,31.1,13.9,0.0,10.0,clear,0.0,True
2026-03-13T19:00:00+00:00,30.0,11.6,0.0,10.0,partly_cloudy,0.0,True
2026-03-13T20:00:00+00:00,28.1,13.4,0.0,10.0,partly_cloudy,0.0,True
2026-03-13T21:00:00+00:00,28.8,13.0,0.0,10.0,partly_cloudy,0.0,True
2026-03-13T22:00:00+00:00,26.9,12.1,0.0,10.0,clear,0.0,True
2026-03-13T23:00:00+00:00,26.3,17.2,5.4,7.9,rain,0.2,True
2026-03-14T00:00:00+00:00,25.1,9.5,0.0,10.0,partly_cloudy,0.0,True
2026-03-14T01:00:00+00:00,24.4,12.3,0.0,10.0,clear,0.0,True
2026-03-14T02:00:00+00:00,24.3,13.3,0.0,10.0,clear,0.0,True
2026-03-14T03:00:00+00:00,25.4,12.8,0.0,10.0,partly_cloudy,0.0,True
2026-03-14T04:00:00+00:00,24.0,11.9,0.0,10.0,partly_cloudy,0.0,True
2026-03-14T05:00:00+00:00,24.5,5.4,0.0,10.0,clear,0.0,True
2026-03-14T06:00:00+00:00,26.4,6.0,0.0,10.0,partly_cloudy,0.0,True
2026-03-14T07:00:00+00:00,25.6,8.7,0.0,10.0,clear,0.0,True
2026-03-14T08:00:00+00:00,26.5,6.0,0.0,10.0,partly_cloudy,0.0,True
2026-03-14T09:00:00+00:00,28.5,12.5,0.0,10.0,partly_cloudy,0.0,True
2026-03-14T10:00:00+00:00,28.9,11.2,0.0,10.0,partly_cloudy,0.0,True
2026-03-14T11:00:00+00:00,30.4,10.9,0.0,10.0,partly_cloudy,0.0,True
2026-03-14T12:00:00+00:00,31.3,12.1,0.0,10.0,partly_cloudy,0.0,True
2026-03-14T13:00:00+00:00,30.7,15.3,0.0,10.0,partly_cloudy,0.0,True
2026-03-14T14:00:00+00:00,30.6,13.3,0.0,10.0,clear,0.0,True
2026-03-14T15:00:00+00:00,31.3,13.7,0.0,10.0,partly_cloudy,0.0,True
2026-03-14T16:00:00+00:00,31.7,17.6,0.0,10.0,clear,0.0,True
2026-03-14T17:00:00+00:00,30.2,12.4,0.0,10.0,partly_cloudy,0.0,True
2026-03-14T18:00:00+00:00,31.2,13.2,0.0,10.0,clear,0.0,True
2026-03-14T19:00:00+00:00,29.6,16.7,0.0,10.0,partly_cloudy,0.0,True
2026-03-14T20:00:00+00:00,29.8,16.4,0.0,10.0,clear,0.0,True
2026-03-14T21:00:00+00:00,28.7,13.0,0.0,10.0,clear,0.0,True
2026-03-14T22:00:00+00:00,26.9,12.9,0.0,10.0,clear,0.0,True
2026-03-14T23:00:00+00:00,26.4,15.0,0.0,10.0,partly_cloudy,0.0,True
2026-03-15T00:00:00+00:00,25.7,12.1,0.0,10.0,clear,0.0,True
2026-03-15T01:00:00+00:00,25.9,20.9,17.7,2.5,squall,0.5,True
2026-03-15T02:00:00+00:00,25.6,8.9,0.0,10.0,partly_cloudy,0.0,True
2026-03-15T03:00:00+00:00,23.7,7.4,0.0,10.0,clear,0.0,True
2026-03-15T04:00:00+00:00,25.5,11.0,0.0,10.0,partly_cloudy,0.0,True
2026-03-15T05:00:00+00:00,25.7,7.4,0.0,10.0,partly_cloudy,0.0,True
2026-03-15T06:00:00+00:00,24.6,9.8,0.0,10.0,clear,0.0,True
2026-03-15T07:00:00+00:00,26.6,9.3,0.0,10.0,clear,0.0,True
2026-03-15T08:00:00+00:00,27.6,8.9,0.0,10.0,partly_cloudy,0.0,True
2026-03-15T09:00:00+00:00,28.9,12.0,0.0,10.0,partly_cloudy,0.0,True
2026-03-15T10:00:00+00:00,29.0,12.3,0.0,10.0,partly_cloudy,0.0,True
2026-03-15T11:00:00+00:00,30.7,8.7,0.0,10.0,clear,0.0,True
2026-03-15T12:00:00+00:00,30.1,14.7,0.0,10.0,partly_cloudy,0.0,True
2026-03-15T13:00:00+00:00,30.6,14.6,0.0,10.0,clear,0.0,True
2026-03-15T14:00:00+00:00,31.5,15.6,0.0,10.0,partly_cloudy,0.0,True
2026-03-15T15:00:00+00:00,32.3,15.9,0.0,10.0,partly_cloudy,0.0,True
2026-03-15T16:00:00+00:00,32.2,16.9,0.0,10.0,partly_cloudy,0.0,True
2026-03-15T17:00:00+00:00,30.4,12.2,0.0,10.0,clear,0.0,True
2026-03-15T18:00:00+00:00,30.6,12.6,0.0,10.0,clear,0.0,True
2026-03-15T19:00:00+00:00,28.9,12.4,0.0,10.0,clear,0.0,True
2026-03-15T20:00:00+00:00,28.4,12.8,0.0,10.0,clear,0.0,True
2026-03-15T21:00:00+00:00,27.5,16.4,0.0,10.0,partly_cloudy,0.0,True
2026-03-15T22:00:00+00:00,27.1,14.7,0.0,10.0,partly_cloudy,0.0,True
2026-03-15T23:00:00+00:00,26.6,11.8,0.0,10.0,clear,0.0,True
2026-03-16T00:00:00+00:00,26.1,11.8,0.0,10.0,clear,0.0,True
2026-03-16T01:00:00+00:00,25.4,11.2,0.0,10.0,partly_cloudy,0.0,True
2026-03-16T02:00:00+00:00,24.0,7.3,0.0,10.0,partly_cloudy,0.0,True
2026-03-16T03:00:00+00:00,23.9,10.4,0.0,10.0,clear,0.0,True
2026-03-16T04:00:00+00:00,24.4,5.9,0.0,10.0,clear,0.0,True
2026-03-16T05:00:00+00:00,25.2,6.4,0.0,10.0,clear,0.0,True
2026-03-16T06:00:00+00:00,25.9,5.8,0.0,10.0,partly_cloudy,0.0,True
2026-03-16T07:00:00+00:00,27.2,10.0,0.0,10.0,clear,0.0,True
2026-03-16T08:00:00+00:00,26.4,6.6,0.0,10.0,clear,0.0,True
2026-03-16T09:00:00+00:00,28.4,9.6,0.0,10.0,partly_cloudy,0.0,True
2026-03-16T10:00:00+00:00,29.5,6.9,0.0,10.0,clear,0.0,True
2026-03-16T11:00:00+00:00,30.2,10.3,0.0,10.0,clear,0.0,True
2026-03-16T12:00:00+00:00,31.3,8.7,0.0,10.0,clear,0.0,True
2026-03-16T13:00:00+00:00,30.4,14.1,0.0,10.0,partly_cloudy,0.0,True
2026-03-16T14:00:00+00:00,30.7,30.6,12.9,4.2,squall,0.5,True
2026-03-16T15:00:00+00:00,31.9,12.3,0.0,10.0,partly_cloudy,0.0,True
2026-03-16T16:00:00+00:00,32.3,11.4,0.0,10.0,partly_cloudy,0.0,True
2026-03-16T17:00:00+00:00,30.2,13.3,0.0,10.0,clear,0.0,True
2026-03-16T18:00:00+00:00,31.1,13.0,0.0,10.0,clear,0.0,True
2026-03-16T19:00:00+00:00,30.0,15.2,0.0,10.0,clear,0.0,True
2026-03-16T20:00:00+00:00,28.0,12.8,0.0,10.0,clear,0.0,True
2026-03-16T21:00:00+00:00,27.6,10.8,0.0,10.0,clear,0.0,True
2026-03-16T22:00:00+00:00,27.9,10.8,0.0,10.0,partly_cloudy,0.0,True
2026-03-16T23:00:00+00:00,26.9,9.3,0.0,10.0,clear,0.0,True
2026-03-17T00:00:00+00:00,25.2,9.9,0.0,10.0,partly_cloudy,0.0,True
2026-03-17T01:00:00+00:00,24.3,11.7,0.0,10.0,partly_cloudy,0.0,True
2026-03-17T02:00:00+00:00,25.0,9.5,0.0,10.0,partly_cloudy,0.0,True
2026-03-17T03:00:00+00:00,24.7,11.3,0.0,10.0,clear,0.0,True
2026-03-17T04:00:00+00:00,24.7,6.1,0.0,10.0,partly_cloudy,0.0,True
2026-03-17T05:00:00+00:00,25.2,8.9,0.0,10.0,partly_cloudy,0.0,True
2026-03-17T06:00:00+00:00,24.6,9.3,0.0,10.0,partly_cloudy,0.0,True
2026-03-17T07:00:00+00:00,25.5,9.7,0.0,10.0,clear,0.0,True
2026-03-17T08:00:00+00:00,26.9,10.1,0.0,10.0,clear,0.0,True
2026-03-17T09:00:00+00:00,27.8,7.3,0.0,10.0,partly_cloudy,0.0,True
2026-03-17T10:00:00+00:00,29.1,13.2,0.0,10.0,partly_cloudy,0.0,True
2026-03-17T11:00:00+00:00,29.0,13.9,0.0,10.0,partly_cloudy,0.0,True
2026-03-17T12:00:00+00:00,30.7,13.1,0.0,10.0,partly_cloudy,0.0,True
2026-03-17T13:00:00+00:00,30.8,10.8,0.0,10.0,partly_cloudy,0.0,True
2026-03-17T14:00:00+00:00,30.7,16.1,0.0,10.0,partly_cloudy,0.0,True
2026-03-17T15:00:00+00:00,31.2,13.3,0.0,10.0,partly_cloudy,0.0,True
2026-03-17T16:00:00+00:00,30.4,16.6,0.0,10.0,partly_cloudy,0.0,True
2026-03-17T17:00:00+00:00,31.1,17.2,0.0,10.0,partly_cloudy,0.0,True
2026-03-17T18:00:00+00:00,30.2,12.9,0.0,10.0,partly_cloudy,0.0,True
2026-03-17T19:00:00+00:00,30.0,11.0,0.0,10.0,partly_cloudy,0.0,True
2026-03-17T20:00:00+00:00,29.1,17.3,0.0,10.0,clear,0.0,True
2026-03-17T21:00:00+00:00,28.2,16.0,0.0,10.0,clear,0.0,True
2026-03-17T22:00:00+00:00,26.6,10.4,0.0,10.0,clear,0.0,True
2026-03-17T23:00:00+00:00,25.3,12.9,0.0,10.0,clear,0.0,True
2026-03-18T00:00:00+00:00,25.6,14.6,0.0,10.0,clear,0.0,True
2026-03-18T01:00:00+00:00,24.5,12.3,0.0,10.0,partly_cloudy,0.0,True
2026-03-18T02:00:00+00:00,24.7,9.5,0.0,10.0,partly_cloudy,0.0,True
2026-03-18T03:00:00+00:00,24.7,9.1,0.0,10.0,clear,0.0,True
2026-03-18T04:00:00+00:00,25.0,30.3,41.4,1.9,thunderstorm,0.85,True
2026-03-18T05:00:00+00:00,24.5,8.2,0.0,10.0,clear,0.0,True
2026-03-18T06:00:00+00:00,26.0,10.6,0.0,10.0,partly_cloudy,0.0,True
2026-03-18T07:00:00+00:00,26.7,11.7,0.0,10.0,clear,0.0,True
2026-03-18T08:00:00+00:00,27.8,8.3,0.0,10.0,clear,0.0,True
2026-03-18T09:00:00+00:00,27.7,9.7,0.0,10.0,partly_cloudy,0.0,True
2026-03-18T10:00:00+00:00,29.3,9.2,0.0,10.0,clear,0.0,True
2026-03-18T11:00:00+00:00,30.5,12.0,0.0,10.0,partly_cloudy,0.0,True
2026-03-18T12:00:00+00:00,31.4,10.6,0.0,10.0,partly_cloudy,0.0,True
2026-03-18T13:00:00+00:00,31.2,11.1,0.0,10.0,partly_cloudy,0.0,True
2026-03-18T14:00:00+00:00,30.9,22.7,4.5,7.6,rain,0.2,True
2026-03-18T15:00:00+00:00,32.4,13.5,0.0,10.0,clear,0.0,True
2026-03-18T16:00:00+00:00,31.8,16.9,0.0,10.0,partly_cloudy,0.0,True
2026-03-18T17:00:00+00:00,30.9,14.2,0.0,10.0,partly_cloudy,0.0,True
2026-03-18T18:00:00+00:00,31.3,16.6,0.0,10.0,partly_cloudy,0.0,True
2026-03-18T19:00:00+00:00,30.4,13.2,0.0,10.0,partly_cloudy,0.0,True
2026-03-18T20:00:00+00:00,28.4,12.9,0.0,10.0,partly_cloudy,0.0,True
2026-03-18T21:00:00+00:00,28.5,15.4,0.0,10.0,clear,0.0,True
2026-03-18T22:00:00+00:00,28.1,10.0,0.0,10.0,partly_cloudy,0.0,True
2026-03-18T23:00:00+00:00,26.3,10.8,0.0,10.0,partly_cloudy,0.0,True
2026-03-19T00:00:00+00:00,26.2,14.1,0.0,10.0,clear,0.0,True
2026-03-19T01:00:00+00:00,25.0,8.8,0.0,10.0,clear,0.0,True
2026-03-19T02:00:00+00:00,25.2,12.5,0.0,10.0,partly_cloudy,0.0,True
2026-03-19T03:00:00+00:00,24.3,8.2,0.0,10.0,partly_cloudy,0.0,True
2026-03-19T04:00:00+00:00,24.0,10.7,0.0,10.0,partly_cloudy,0.0,True
2026-03-19T05:00:00+00:00,24.7,11.4,0.0,10.0,partly_cloudy,0.0,True
2026-03-19T06:00:00+00:00,25.2,7.6,0.0,10.0,partly_cloudy,0.0,True
2026-03-19T07:00:00+00:00,26.0,8.0,0.0,10.0,clear,0.0,True
2026-03-19T08:00:00+00:00,26.9,7.2,0.0,10.0,clear,0.0,True
2026-03-19T09:00:00+00:00,28.2,8.7,0.0,10.0,clear,0.0,True
2026-03-19T10:00:00+00:00,29.4,8.2,0.0,10.0,clear,0.0,True
2026-03-19T11:00:00+00:00,30.7,8.6,0.0,10.0,partly_cloudy,0.0,True
2026-03-19T12:00:00+00:00,29.7,13.0,0.0,10.0,clear,0.0,True
2026-03-19T13:00:00+00:00,31.8,14.6,0.0,10.0,clear,0.0,True
2026-03-19T14:00:00+00:00,32.1,12.7,0.0,10.0,clear,0.0,True
2026-03-19T15:00:00+00:00,31.3,11.1,0.0,10.0,clear,0.0,True
2026-03-19T16:00:00+00:00,31.5,15.5,0.0,10.0,partly_cloudy,0.0,True
2026-03-19T17:00:00+00:00,31.1,17.1,0.0,10.0,partly_cloudy,0.0,True
2026-03-19T18:00:00+00:00,31.0,17.8,0.0,10.0,partly_cloudy,0.0,True
2026-03-19T19:00:00+00:00,30.1,15.4,0.0,10.0,partly_cloudy,0.0,True
2026-03-19T20:00:00+00:00,29.3,11.6,0.0,10.0,clear,0.0,True
2026-03-19T21:00:00+00:00,28.5,15.6,0.0,10.0,partly_cloudy,0.0,True
2026-03-19T22:00:00+00:00,28.0,15.0,0.0,10.0,partly_cloudy,0.0,True
2026-03-19T23:00:00+00:00,26.4,10.7,0.0,10.0,clear,0.0,True
2026-03-20T00:00:00+00:00,26.4,11.4,0.0,10.0,clear,0.0,True
2026-03-20T01:00:00+00:00,25.2,9.7,0.0,10.0,clear,0.0,True
2026-03-20T02:00:00+00:00,25.1,11.9,0.0,10.0,clear,0.0,True
2026-03-20T03:00:00+00:00,24.7,18.5,16.9,3.1,squall,0.5,True
2026-03-20T04:00:00+00:00,24.4,8.2,0.0,10.0,clear,0.0,True
2026-03-20T05:00:00+00:00,25.5,10.2,0.0,10.0,partly_cloudy,0.0,True
2026-03-20T06:00:00+00:00,26.4,7.3,0.0,10.0,clear,0.0,True
2026-03-20T07:00:00+00:00,25.9,6.4,0.0,10.0,partly_cloudy,0.0,True
2026-03-20T08:00:00+00:00,28.0,25.6,21.0,4.0,squall,0.5,True
2026-03-20T09:00:00+00:00,27.1,9.1,0.0,10.0,partly_cloudy,0.0,True
2026-03-20T10:00:00+00:00,28.1,6.9,0.0,10.0,clear,0.0,True
2026-03-20T11:00:00+00:00,30.7,11.9,0.0,10.0,clear,0.0,True
2026-03-20T12:00:00+00:00,30.7,13.4,0.0,10.0,partly_cloudy,0.0,True
2026-03-20T13:00:00+00:00,30.8,11.0,0.0,10.0,partly_cloudy,0.0,True
2026-03-20T14:00:00+00:00,31.7,11.7,0.0,10.0,partly_cloudy,0.0,True
2026-03-20T15:00:00+00:00,32.1,12.1,0.0,10.0,clear,0.0,True
2026-03-20T16:00:00+00:00,31.0,13.7,0.0,10.0,partly_cloudy,0.0,True
2026-03-20T17:00:00+00:00,31.6,13.8,0.0,10.0,clear,0.0,True
2026-03-20T18:00:00+00:00,30.9,16.1,0.0,10.0,partly_cloudy,0.0,True
2026-03-20T19:00:00+00:00,30.5,16.7,0.0,10.0,clear,0.0,True
2026-03-20T20:00:00+00:00,29.1,15.8,0.0,10.0,clear,0.0,True
2026-03-20T21:00:00+00:00,27.7,14.3,0.0,10.0,partly_cloudy,0.0,True
2026-03-20T22:00:00+00:00,27.3,11.4,0.0,10.0,clear,0.0,True
2026-03-20T23:00:00+00:00,25.7,13.9,0.0,10.0,clear,0.0,True
2026-03-21T00:00:00+00:00,25.4,17.7,4.9,5.7,rain,0.2,True
2026-03-21T01:00:00+00:00,24.3,8.3,0.0,10.0,clear,0.0,True
2026-03-21T02:00:00+00:00,24.1,7.1,0.0,10.0,clear,0.0,True
2026-03-21T03:00:00+00:00,24.5,9.0,0.0,10.0,partly_cloudy,0.0,True
2026-03-21T04:00:00+00:00,25.3,7.2,0.0,10.0,partly_cloudy,0.0,True
2026-03-21T05:00:00+00:00,24.3,8.3,0.0,10.0,partly_cloudy,0.0,True
2026-03-21T06:00:00+00:00,24.5,7.3,0.0,10.0,clear,0.0,True
2026-03-21T07:00:00+00:00,27.1,10.3,0.0,10.0,partly_cloudy,0.0,True
2026-03-21T08:00:00+00:00,26.5,8.9,0.0,10.0,partly_cloudy,0.0,True
2026-03-21T09:00:00+00:00,29.0,9.6,0.0,10.0,partly_cloudy,0.0,True
2026-03-21T10:00:00+00:00,29.6,9.4,0.0,10.0,partly_cloudy,0.0,True
2026-03-21T11:00:00+00:00,29.7,7.9,0.0,10.0,clear,0.0,True
2026-03-21T12:00:00+00:00,30.2,11.5,0.0,10.0,clear,0.0,True
2026-03-21T13:00:00+00:00,31.1,10.1,0.0,10.0,partly_cloudy,0.0,True
2026-03-21T14:00:00+00:00,31.9,13.2,0.0,10.0,clear,0.0,True
2026-03-21T15:00:00+00:00,31.7,13.8,0.0,10.0,partly_cloudy,0.0,True
2026-03-21T16:00:00+00:00,31.8,14.0,0.0,10.0,clear,0.0,True
2026-03-21T17:00:00+00:00,31.3,15.2,0.0,10.0,partly_cloudy,0.0,True
2026-03-21T18:00:00+00:00,30.9,15.7,0.0,10.0,partly_cloudy,0.0,True
2026-03-21T19:00:00+00:00,30.7,14.8,0.0,10.0,clear,0.0,True
2026-03-21T20:00:00+00:00,28.9,16.8,0.0,10.0,clear,0.0,True
2026-03-21T21:00:00+00:00,27.7,14.5,0.0,10.0,clear,0.0,True
2026-03-21T22:00:00+00:00,27.8,13.6,0.0,10.0,partly_cloudy,0.0,True
2026-03-21T23:00:00+00:00,26.4,12.6,0.0,10.0,clear,0.0,True
2026-03-22T00:00:00+00:00,24.6,9.4,0.0,10.0,partly_cloudy,0.0,True
2026-03-22T01:00:00+00:00,25.7,8.5,0.0,10.0,partly_cloudy,0.0,True
2026-03-22T02:00:00+00:00,25.3,8.7,0.0,10.0,partly_cloudy,0.0,True
2026-03-22T03:00:00+00:00,25.3,9.9,0.0,10.0,clear,0.0,True
2026-03-22T04:00:00+00:00,25.1,5.8,0.0,10.0,partly_cloudy,0.0,True
2026-03-22T05:00:00+00:00,24.3,8.7,0.0,10.0,partly_cloudy,0.0,True
2026-03-22T06:00:00+00:00,25.1,11.9,0.0,10.0,partly_cloudy,0.0,True
2026-03-22T07:00:00+00:00,25.6,5.7,0.0,10.0,clear,0.0,True
2026-03-22T08:00:00+00:00,26.5,5.8,0.0,10.0,clear,0.0,True
2026-03-22T09:00:00+00:00,27.4,11.5,0.0,10.0,partly_cloudy,0.0,True
2026-03-22T10:00:00+00:00,29.0,11.2,0.0,10.0,clear,0.0,True
2026-03-22T11:00:00+00:00,30.7,12.4,0.0,10.0,partly_cloudy,0.0,True
2026-03-22T12:00:00+00:00,30.8,10.2,0.0,10.0,partly_cloudy,0.0,True
2026-03-22T13:00:00+00:00,31.4,10.4,0.0,10.0,clear,0.0,True
2026-03-22T14:00:00+00:00,32.2,10.3,0.0,10.0,partly_cloudy,0.0,True
2026-03-22T15:00:00+00:00,31.7,10.8,0.0,10.0,partly_cloudy,0.0,True
2026-03-22T16:00:00+00:00,32.2,12.5,0.0,10.0,partly_cloudy,0.0,True
2026-03-22T17:00:00+00:00,31.4,17.4,0.0,10.0,partly_cloudy,0.0,True
2026-03-22T18:00:00+00:00,29.5,17.8,0.0,10.0,partly_cloudy,0.0,True
2026-03-22T19:00:00+00:00,30.7,13.6,0.0,10.0,clear,0.0,True
2026-03-22T20:00:00+00:00,29.7,16.8,0.0,10.0,partly_cloudy,0.0,True
2026-03-22T21:00:00+00:00,28.3,11.2,0.0,10.0,partly_cloudy,0.0,True
2026-03-22T22:00:00+00:00,26.3,13.2,0.0,10.0,partly_cloudy,0.0,True
2026-03-22T23:00:00+00:00,25.5,13.6,0.0,10.0,partly_cloudy,0.0,True
2026-03-23T00:00:00+00:00,26.4,10.8,0.0,10.0,clear,0.0,True
2026-03-23T01:00:00+00:00,25.2,12.7,0.0,10.0,clear,0.0,True
2026-03-23T02:00:00+00:00,24.0,8.4,0.0,10.0,partly_cloudy,0.0,True
2026-03-23T03:00:00+00:00,23.7,5.9,0.0,10.0,clear,0.0,True
2026-03-23T04:00:00+00:00,24.9,9.8,0.0,10.0,partly_cloudy,0.0,True
2026-03-23T05:00:00+00:00,24.7,6.0,0.0,10.0,partly_cloudy,0.0,True
2026-03-23T06:00:00+00:00,24.6,6.4,0.0,10.0,clear,0.0,True
2026-03-23T07:00:00+00:00,26.5,8.3,0.0,10.0,partly_cloudy,0.0,True
2026-03-23T08:00:00+00:00,27.3,10.5,0.0,10.0,clear,0.0,True
2026-03-23T09:00:00+00:00,27.9,6.7,0.0,10.0,clear,0.0,True
2026-03-23T10:00:00+00:00,28.6,12.8,0.0,10.0,clear,0.0,True
2026-03-23T11:00:00+00:00,30.7,13.4,0.0,10.0,clear,0.0,True
2026-03-23T12:00:00+00:00,31.3,14.4,0.0,10.0,clear,0.0,True
2026-03-23T13:00:00+00:00,31.6,9.1,0.0,10.0,clear,0.0,True
2026-03-23T14:00:00+00:00,32.3,24.4,20.2,4.3,squall,0.5,True
2026-03-23T15:00:00+00:00,32.4,12.9,0.0,10.0,partly_cloudy,0.0,True
2026-03-23T16:00:00+00:00,30.5,14.7,0.0,10.0,clear,0.0,True
2026-03-23T17:00:00+00:00,31.0,16.0,0.0,10.0,partly_cloudy,0.0,True
2026-03-23T18:00:00+00:00,31.4,35.1,28.2,2.3,thunderstorm,0.85,True
2026-03-23T19:00:00+00:00,29.0,14.5,0.0,10.0,partly_cloudy,0.0,True
2026-03-23T20:00:00+00:00,28.9,15.7,0.0,10.0,partly_cloudy,0.0,True
2026-03-23T21:00:00+00:00,29.0,17.0,0.0,10.0,clear,0.0,True
2026-03-23T22:00:00+00:00,26.5,14.1,0.0,10.0,partly_cloudy,0.0,True
2026-03-23T23:00:00+00:00,27.0,9.7,0.0,10.0,partly_cloudy,0.0,True
2026-03-24T00:00:00+00:00,26.5,13.6,0.0,10.0,partly_cloudy,0.0,True
2026-03-24T01:00:00+00:00,24.0,9.2,0.0,10.0,clear,0.0,True
2026-03-24T02:00:00+00:00,25.1,12.8,0.0,10.0,partly_cloudy,0.0,True
2026-03-24T03:00:00+00:00,23.5,9.4,0.0,10.0,clear,0.0,True
2026-03-24T04:00:00+00:00,25.1,7.2,0.0,10.0,partly_cloudy,0.0,True
2026-03-24T05:00:00+00:00,25.9,7.4,0.0,10.0,clear,0.0,True
2026-03-24T06:00:00+00:00,26.0,7.0,0.0,10.0,partly_cloudy,0.0,True
2026-03-24T07:00:00+00:00,25.5,8.3,0.0,10.0,clear,0.0,True
2026-03-24T08:00:00+00:00,26.8,7.6,0.0,10.0,clear,0.0,True
2026-03-24T09:00:00+00:00,27.7,6.5,0.0,10.0,partly_cloudy,0.0,True
2026-03-24T10:00:00+00:00,29.2,12.2,0.0,10.0,clear,0.0,True
2026-03-24T11:00:00+00:00,30.1,17.0,7.2,7.3,rain,0.2,True
2026-03-24T12:00:00+00:00,30.7,13.2,0.0,10.0,partly_cloudy,0.0,True
2026-03-24T13:00:00+00:00,30.8,13.4,0.0,10.0,clear,0.0,True
2026-03-24T14:00:00+00:00,31.9,16.1,0.0,10.0,clear,0.0,True
2026-03-24T15:00:00+00:00,32.3,13.8,0.0,10.0,partly_cloudy,0.0,True
2026-03-24T16:00:00+00:00,30.4,15.9,0.0,10.0,clear,0.0,True
2026-03-24T17:00:00+00:00,30.8,11.2,0.0,10.0,partly_cloudy,0.0,True
2026-03-24T18:00:00+00:00,30.3,16.1,0.0,10.0,partly_cloudy,0.0,True
2026-03-24T19:00:00+00:00,29.7,13.8,0.0,10.0,clear,0.0,True
2026-03-24T20:00:00+00:00,29.8,12.5,0.0,10.0,clear,0.0,True
2026-03-24T21:00:00+00:00,28.9,15.3,0.0,10.0,partly_cloudy,0.0,True
2026-03-24T22:00:00+00:00,27.0,10.5,0.0,10.0,partly_cloudy,0.0,True
2026-03-24T23:00:00+00:00,25.4,12.1,0.0,10.0,partly_cloudy,0.0,True
2026-03-25T00:00:00+00:00,25.9,12.2,0.0,10.0,partly_cloudy,0.0,True
2026-03-25T01:00:00+00:00,25.2,9.1,0.0,10.0,partly_cloudy,0.0,True
2026-03-25T02:00:00+00:00,23.8,11.3,0.0,10.0,clear,0.0,True
2026-03-25T03:00:00+00:00,24.6,10.7,0.0,10.0,clear,0.0,True
2026-03-25T04:00:00+00:00,24.5,10.7,0.0,10.0,partly_cloudy,0.0,True
2026-03-25T05:00:00+00:00,25.5,9.4,0.0,10.0,clear,0.0,True
2026-03-25T06:00:00+00:00,25.1,7.8,0.0,10.0,clear,0.0,True
2026-03-25T07:00:00+00:00,26.0,9.6,0.0,10.0,clear,0.0,True
2026-03-25T08:00:00+00:00,26.9,9.1,0.0,10.0,partly_cloudy,0.0,True
2026-03-25T09:00:00+00:00,27.0,11.5,0.0,10.0,clear,0.0,True
2026-03-25T10:00:00+00:00,29.4,12.2,0.0,10.0,clear,0.0,True
2026-03-25T11:00:00+00:00,30.3,13.1,0.0,10.0,partly_cloudy,0.0,True
2026-03-25T12:00:00+00:00,30.6,12.6,0.0,10.0,partly_cloudy,0.0,True
2026-03-25T13:00:00+00:00,30.3,12.4,0.0,10.0,partly_cloudy,0.0,True
2026-03-25T14:00:00+00:00,30.8,14.9,0.0,10.0,partly_cloudy,0.0,True
2026-03-25T15:00:00+00:00,31.3,10.5,0.0,10.0,partly_cloudy,0.0,True
2026-03-25T16:00:00+00:00,31.3,15.5,0.0,10.0,partly_cloudy,0.0,True
2026-03-25T17:00:00+00:00,31.8,17.7,0.0,10.0,partly_cloudy,0.0,True
2026-03-25T18:00:00+00:00,29.9,29.6,14.0,2.9,squall,0.5,True
2026-03-25T19:00:00+00:00,29.5,17.1,0.0,10.0,partly_cloudy,0.0,True
2026-03-25T20:00:00+00:00,28.9,17.1,0.0,10.0,clear,0.0,True
2026-03-25T21:00:00+00:00,28.8,12.5,0.0,10.0,partly_cloudy,0.0,True
2026-03-25T22:00:00+00:00,26.2,15.7,0.0,10.0,clear,0.0,True
2026-03-25T23:00:00+00:00,26.7,15.7,0.0,10.0,clear,0.0,True
2026-03-26T00:00:00+00:00,24.8,12.4,0.0,10.0,clear,0.0,True
2026-03-26T01:00:00+00:00,25.4,12.8,0.0,10.0,clear,0.0,True
2026-03-26T02:00:00+00:00,24.8,7.6,0.0,10.0,partly_cloudy,0.0,True
2026-03-26T03:00:00+00:00,24.3,11.1,0.0,10.0,clear,0.0,True
2026-03-26T04:00:00+00:00,24.6,10.6,0.0,10.0,clear,0.0,True
2026-03-26T05:00:00+00:00,25.7,7.6,0.0,10.0,partly_cloudy,0.0,True
2026-03-26T06:00:00+00:00,26.1,10.9,0.0,10.0,clear,0.0,True
2026-03-26T07:00:00+00:00,25.3,8.6,0.0,10.0,clear,0.0,True
2026-03-26T08:00:00+00:00,26.4,11.8,0.0,10.0,partly_cloudy,0.0,True
2026-03-26T09:00:00+00:00,27.4,10.1,0.0,10.0,partly_cloudy,0.0,True
2026-03-26T10:00:00+00:00,28.4,19.1,6.7,5.1,rain,0.2,True
2026-03-26T11:00:00+00:00,29.4,11.9,0.0,10.0,partly_cloudy,0.0,True
2026-03-26T12:00:00+00:00,31.4,12.3,0.0,10.0,partly_cloudy,0.0,True
2026-03-26T13:00:00+00:00,30.8,9.8,0.0,10.0,clear,0.0,True
2026-03-26T14:00:00+00:00,30.6,11.6,0.0,10.0,clear,0.0,True
2026-03-26T15:00:00+00:00,31.8,13.1,0.0,10.0,partly_cloudy,0.0,True
2026-03-26T16:00:00+00:00,31.4,15.3,0.0,10.0,partly_cloudy,0.0,True
2026-03-26T17:00:00+00:00,30.7,14.9,0.0,10.0,partly_cloudy,0.0,True
2026-03-26T18:00:00+00:00,30.2,16.5,0.0,10.0,clear,0.0,True
2026-03-26T19:00:00+00:00,28.8,13.2,0.0,10.0,clear,0.0,True
2026-03-26T20:00:00+00:00,29.5,12.1,0.0,10.0,clear,0.0,True
2026-03-26T21:00:00+00:00,28.5,13.9,0.0,10.0,clear,0.0,True
2026-03-26T22:00:00+00:00,27.8,15.1,0.0,10.0,clear,0.0,True
2026-03-26T23:00:00+00:00,25.3,12.9,0.0,10.0,partly_cloudy,0.0,True
2026-03-27T00:00:00+00:00,24.6,10.8,0.0,10.0,clear,0.0,True
2026-03-27T01:00:00+00:00,25.7,9.6,0.0,10.0,partly_cloudy,0.0,True
2026-03-27T02:00:00+00:00,23.9,14.2,4.0,5.8,rain,0.2,True
2026-03-27T03:00:00+00:00,24.0,7.9,0.0,10.0,clear,0.0,True
2026-03-27T04:00:00+00:00,23.8,11.7,0.0,10.0,partly_cloudy,0.0,True
2026-03-27T05:00:00+00:00,24.2,7.6,0.0,10.0,partly_cloudy,0.0,True
2026-03-27T06:00:00+00:00,25.2,6.8,0.0,10.0,clear,0.0,True
2026-03-27T07:00:00+00:00,27.2,9.5,0.0,10.0,clear,0.0,True
2026-03-27T08:00:00+00:00,26.8,9.9,0.0,10.0,partly_cloudy,0.0,True
2026-03-27T09:00:00+00:00,27.6,7.5,0.0,10.0,clear,0.0,True
2026-03-27T10:00:00+00:00,28.7,10.4,0.0,10.0,partly_cloudy,0.0,True
2026-03-27T11:00:00+00:00,29.9,14.0,0.0,10.0,partly_cloudy,0.0,True
2026-03-27T12:00:00+00:00,30.1,11.4,0.0,10.0,clear,0.0,True
2026-03-27T13:00:00+00:00,30.8,9.1,0.0,10.0,partly_cloudy,0.0,True
2026-03-27T14:00:00+00:00,31.9,11.3,0.0,10.0,partly_cloudy,0.0,True
2026-03-27T15:00:00+00:00,31.3,11.8,0.0,10.0,partly_cloudy,0.0,True
2026-03-27T16:00:00+00:00,32.3,20.7,2.6,6.2,rain,0.2,True
2026-03-27T17:00:00+00:00,32.0,15.3,0.0,10.0,partly_cloudy,0.0,True
2026-03-27T18:00:00+00:00,30.5,15.1,0.0,10.0,partly_cloudy,0.0,True
2026-03-27T19:00:00+00:00,30.1,17.7,0.0,10.0,clear,0.0,True
2026-03-27T20:00:00+00:00,28.5,29.3,16.0,3.1,squall,0.5,True
2026-03-27T21:00:00+00:00,27.8,25.8,14.7,2.5,squall,0.5,True
2026-03-27T22:00:00+00:00,27.3,9.7,0.0,10.0,partly_cloudy,0.0,True
2026-03-27T23:00:00+00:00,26.1,9.0,0.0,10.0,partly_cloudy,0.0,True
2026-03-28T00:00:00+00:00,25.8,12.0,0.0,10.0,partly_cloudy,0.0,True
2026-03-28T01:00:00+00:00,25.2,13.8,0.0,10.0,partly_cloudy,0.0,True
2026-03-28T02:00:00+00:00,24.4,11.4,0.0,10.0,partly_cloudy,0.0,True
2026-03-28T03:00:00+00:00,24.7,11.3,0.0,10.0,partly_cloudy,0.0,True
2026-03-28T04:00:00+00:00,25.5,8.4,0.0,10.0,clear,0.0,True
2026-03-28T05:00:00+00:00,26.0,10.6,0.0,10.0,clear,0.0,True
2026-03-28T06:00:00+00:00,26.3,10.6,0.0,10.0,partly_cloudy,0.0,True
2026-03-28T07:00:00+00:00,25.3,5.5,0.0,10.0,partly_cloudy,0.0,True
2026-03-28T08:00:00+00:00,26.5,10.9,0.0,10.0,clear,0.0,True
2026-03-28T09:00:00+00:00,27.7,6.6,0.0,10.0,clear,0.0,True
2026-03-28T10:00:00+00:00,28.5,6.8,0.0,10.0,partly_cloudy,0.0,True
2026-03-28T11:00:00+00:00,29.1,11.7,0.0,10.0,clear,0.0,True
2026-03-28T12:00:00+00:00,30.3,12.7,0.0,10.0,partly_cloudy,0.0,True
2026-03-28T13:00:00+00:00,31.6,12.8,0.0,10.0,partly_cloudy,0.0,True
2026-03-28T14:00:00+00:00,30.5,14.4,0.0,10.0,clear,0.0,True
2026-03-28T15:00:00+00:00,31.9,16.1,0.0,10.0,clear,0.0,True
2026-03-28T16:00:00+00:00,30.5,13.8,0.0,10.0,partly_cloudy,0.0,True
2026-03-28T17:00:00+00:00,31.6,14.0,0.0,10.0,partly_cloudy,0.0,True
2026-03-28T18:00:00+00:00,30.3,11.2,0.0,10.0,partly_cloudy,0.0,True
2026-03-28T19:00:00+00:00,29.1,17.8,0.0,10.0,partly_cloudy,0.0,True
2026-03-28T20:00:00+00:00,28.8,14.7,0.0,10.0,partly_cloudy,0.0,True
2026-03-28T21:00:00+00:00,27.1,16.3,0.0,10.0,partly_cloudy,0.0,True
2026-03-28T22:00:00+00:00,27.0,13.6,0.0,10.0,clear,0.0,True
2026-03-28T23:00:00+00:00,25.5,10.1,0.0,10.0,clear,0.0,True
2026-03-29T00:00:00+00:00,25.8,9.2,0.0,10.0,partly_cloudy,0.0,True
2026-03-29T01:00:00+00:00,24.1,8.0,0.0,10.0,partly_cloudy,0.0,True
2026-03-29T02:00:00+00:00,24.8,13.3,0.0,10.0,partly_cloudy,0.0,True
2026-03-29T03:00:00+00:00,25.2,8.6,0.0,10.0,clear,0.0,True
2026-03-29T04:00:00+00:00,25.5,9.8,0.0,10.0,partly_cloudy,0.0,True
2026-03-29T05:00:00+00:00,25.4,6.4,0.0,10.0,clear,0.0,True
2026-03-29T06:00:00+00:00,25.1,5.5,0.0,10.0,partly_cloudy,0.0,True
2026-03-29T07:00:00+00:00,26.6,9.8,0.0,10.0,partly_cloudy,0.0,True
2026-03-29T08:00:00+00:00,26.3,8.1,0.0,10.0,partly_cloudy,0.0,True
2026-03-29T09:00:00+00:00,27.0,8.2,0.0,10.0,partly_cloudy,0.0,True
2026-03-29T10:00:00+00:00,29.2,10.3,0.0,10.0,clear,0.0,True
2026-03-29T11:00:00+00:00,30.4,12.3,0.0,10.0,partly_cloudy,0.0,True
2026-03-29T12:00:00+00:00,30.5,14.3,0.0,10.0,partly_cloudy,0.0,True
2026-03-29T13:00:00+00:00,30.6,13.5,0.0,10.0,partly_cloudy,0.0,True
2026-03-29T14:00:00+00:00,30.9,13.2,0.0,10.0,clear,0.0,True
2026-03-29T15:00:00+00:00,32.4,16.4,0.0,10.0,partly_cloudy,0.0,True
2026-03-29T16:00:00+00:00,31.5,26.6,4.9,7.3,rain,0.2,True
2026-03-29T17:00:00+00:00,31.0,14.3,0.0,10.0,clear,0.0,True
2026-03-29T18:00:00+00:00,30.3,15.7,0.0,10.0,partly_cloudy,0.0,True
2026-03-29T19:00:00+00:00,29.2,14.2,0.0,10.0,partly_cloudy,0.0,True
2026-03-29T20:00:00+00:00,27.9,13.5,0.0,10.0,partly_cloudy,0.0,True
2026-03-29T21:00:00+00:00,28.3,11.4,0.0,10.0,clear,0.0,True
2026-03-29T22:00:00+00:00,26.7,13.2,0.0,10.0,partly_cloudy,0.0,True
2026-03-29T23:00:00+00:00,26.6,9.5,0.0,10.0,partly_cloudy,0.0,True
2026-03-30T00:00:00+00:00,24.6,14.2,0.0,10.0,clear,0.0,True
2026-03-30T01:00:00+00:00,24.6,9.5,0.0,10.0,partly_cloudy,0.0,True
2026-03-30T02:00:00+00:00,24.6,7.3,0.0,10.0,partly_cloudy,0.0,True
2026-03-30T03:00:00+00:00,24.1,12.2,0.0,10.0,partly_cloudy,0.0,True
2026-03-30T04:00:00+00:00,23.7,10.9,0.0,10.0,partly_cloudy,0.0,True
2026-03-30T05:00:00+00:00,24.0,9.1,0.0,10.0,partly_cloudy,0.0,True
2026-03-30T06:00:00+00:00,24.6,7.1,0.0,10.0,partly_cloudy,0.0,True
2026-03-30T07:00:00+00:00,25.5,11.8,0.0,10.0,clear,0.0,True
2026-03-30T08:00:00+00:00,27.2,10.6,0.0,10.0,partly_cloudy,0.0,True
2026-03-30T09:00:00+00:00,27.4,12.8,0.0,10.0,clear,0.0,True
2026-03-30T10:00:00+00:00,29.8,9.7,0.0,10.0,partly_cloudy,0.0,True
2026-03-30T11:00:00+00:00,30.6,7.7,0.0,10.0,partly_cloudy,0.0,True
2026-03-30T12:00:00+00:00,30.9,13.5,0.0,10.0,clear,0.0,True
2026-03-30T13:00:00+00:00,31.6,9.8,0.0,10.0,partly_cloudy,0.0,True
2026-03-30T14:00:00+00:00,32.2,9.7,0.0,10.0,partly_cloudy,0.0,True
2026-03-30T15:00:00+00:00,32.1,13.7,0.0,10.0,partly_cloudy,0.0,True
2026-03-30T16:00:00+00:00,31.6,12.0,0.0,10.0,partly_cloudy,0.0,True
2026-03-30T17:00:00+00:00,31.5,16.7,0.0,10.0,partly_cloudy,0.0,True
2026-03-30T18:00:00+00:00,30.8,11.0,0.0,10.0,clear,0.0,True
2026-03-30T19:00:00+00:00,30.4,16.9,0.0,10.0,clear,0.0,True
2026-03-30T20:00:00+00:00,28.4,14.6,0.0,10.0,partly_cloudy,0.0,True
2026-03-30T21:00:00+00:00,27.2,16.3,0.0,10.0,clear,0.0,True
2026-03-30T22:00:00+00:00,27.9,14.9,0.0,10.0,partly_cloudy,0.0,True
2026-03-30T23:00:00+00:00,25.6,12.8,0.0,10.0,partly_cloudy,0.0,True
2026-03-31T00:00:00+00:00,25.7,11.4,0.0,10.0,partly_cloudy,0.0,True
2026-03-31T01:00:00+00:00,24.6,12.5,0.0,10.0,clear,0.0,True
2026-03-31T02:00:00+00:00,25.5,7.1,0.0,10.0,clear,0.0,True
2026-03-31T03:00:00+00:00,23.6,8.8,0.0,10.0,clear,0.0,True
2026-03-31T04:00:00+00:00,24.8,5.9,0.0,10.0,partly_cloudy,0.0,True
2026-03-31T05:00:00+00:00,24.7,7.4,0.0,10.0,clear,0.0,True
2026-03-31T06:00:00+00:00,26.1,10.3,0.0,10.0,partly_cloudy,0.0,True
2026-03-31T07:00:00+00:00,25.7,8.2,0.0,10.0,clear,0.0,True
2026-03-31T08:00:00+00:00,27.2,10.7,0.0,10.0,partly_cloudy,0.0,True
2026-03-31T09:00:00+00:00,28.3,20.2,3.9,7.8,rain,0.2,True
2026-03-31T10:00:00+00:00,29.3,10.6,0.0,10.0,partly_cloudy,0.0,True
2026-03-31T11:00:00+00:00,30.1,8.9,0.0,10.0,partly_cloudy,0.0,True
2026-03-31T12:00:00+00:00,31.0,8.3,0.0,10.0,clear,0.0,True
2026-03-31T13:00:00+00:00,31.6,14.0,0.0,10.0,partly_cloudy,0.0,True
2026-03-31T14:00:00+00:00,32.2,16.4,0.0,10.0,clear,0.0,True
2026-03-31T15:00:00+00:00,32.2,18.8,7.4,7.6,rain,0.2,True
2026-03-31T16:00:00+00:00,31.8,17.5,0.0,10.0,clear,0.0,True
2026-03-31T17:00:00+00:00,30.3,11.5,0.0,10.0,clear,0.0,True
2026-03-31T18:00:00+00:00,30.2,13.0,0.0,10.0,partly_cloudy,0.0,True
2026-03-31T19:00:00+00:00,30.3,15.0,0.0,10.0,partly_cloudy,0.0,True
2026-03-31T20:00:00+00:00,29.3,12.7,0.0,10.0,partly_cloudy,0.0,True
2026-03-31T21:00:00+00:00,27.2,10.5,0.0,10.0,partly_cloudy,0.0,True
2026-03-31T22:00:00+00:00,26.9,15.7,0.0,10.0,partly_cloudy,0.0,True
2026-03-31T23:00:00+00:00,26.0,11.2,0.0,10.0,partly_cloudy,0.0,True
2026-04-01T00:00:00+00:00,25.4,9.2,0.0,10.0,clear,0.0,True
2026-04-01T01:00:00+00:00,25.0,9.1,0.0,10.0,clear,0.0,True
2026-04-01T02:00:00+00:00,24.0,6.6,0.0,10.0,partly_cloudy,0.0,True
2026-04-01T03:00:00+00:00,24.3,11.9,0.0,10.0,clear,0.0,True
2026-04-01T04:00:00+00:00,24.5,10.5,0.0,10.0,clear,0.0,True
2026-04-01T05:00:00+00:00,25.7,9.7,0.0,10.0,clear,0.0,True
2026-04-01T06:00:00+00:00,25.6,11.5,0.0,10.0,partly_cloudy,0.0,True
2026-04-01T07:00:00+00:00,26.5,11.1,0.0,10.0,partly_cloudy,0.0,True
2026-04-01T08:00:00+00:00,27.0,22.4,16.8,4.3,squall,0.5,True
2026-04-01T09:00:00+00:00,27.8,9.4,0.0,10.0,partly_cloudy,0.0,True
2026-04-01T10:00:00+00:00,29.5,13.0,0.0,10.0,partly_cloudy,0.0,True
2026-04-01T11:00:00+00:00,28.9,10.3,0.0,10.0,clear,0.0,True
2026-04-01T12:00:00+00:00,29.7,12.2,0.0,10.0,partly_cloudy,0.0,True
2026-04-01T13:00:00+00:00,30.1,12.6,0.0,10.0,partly_cloudy,0.0,True
2026-04-01T14:00:00+00:00,31.0,10.6,0.0,10.0,partly_cloudy,0.0,True
2026-04-01T15:00:00+00:00,31.0,15.6,0.0,10.0,partly_cloudy,0.0,True
2026-04-01T16:00:00+00:00,30.8,21.8,6.3,5.1,rain,0.2,True
2026-04-01T17:00:00+00:00,31.9,14.9,0.0,10.0,partly_cloudy,0.0,True
2026-04-01T18:00:00+00:00,30.8,11.0,0.0,10.0,partly_cloudy,0.0,True
2026-04-01T19:00:00+00:00,29.1,14.0,0.0,10.0,clear,0.0,True
2026-04-01T20:00:00+00:00,28.2,12.7,0.0,10.0,clear,0.0,True
2026-04-01T21:00:00+00:00,28.0,25.4,7.6,5.8,rain,0.2,True
2026-04-01T22:00:00+00:00,27.2,11.5,0.0,10.0,partly_cloudy,0.0,True
2026-04-01T23:00:00+00:00,25.7,9.6,0.0,10.0,partly_cloudy,0.0,True
2026-04-02T00:00:00+00:00,26.1,13.5,0.0,10.0,clear,0.0,True
2026-04-02T01:00:00+00:00,25.9,13.6,0.0,10.0,clear,0.0,True
2026-04-02T02:00:00+00:00,24.1,9.6,0.0,10.0,clear,0.0,True
2026-04-02T03:00:00+00:00,23.8,15.9,7.8,6.3,rain,0.2,True
2026-04-02T04:00:00+00:00,25.5,14.9,3.4,6.8,rain,0.2,True
2026-04-02T05:00:00+00:00,24.2,11.3,0.0,10.0,clear,0.0,True
2026-04-02T06:00:00+00:00,26.3,9.4,0.0,10.0,clear,0.0,True
2026-04-02T07:00:00+00:00,26.1,8.0,0.0,10.0,partly_cloudy,0.0,True
2026-04-02T08:00:00+00:00,27.2,6.3,0.0,10.0,partly_cloudy,0.0,True
2026-04-02T09:00:00+00:00,28.6,7.0,0.0,10.0,partly_cloudy,0.0,True
2026-04-02T10:00:00+00:00,29.6,11.4,0.0,10.0,clear,0.0,True
2026-04-02T11:00:00+00:00,29.4,9.8,0.0,10.0,partly_cloudy,0.0,True
2026-04-02T12:00:00+00:00,29.7,14.4,0.0,10.0,clear,0.0,True
2026-04-02T13:00:00+00:00,30.3,8.8,0.0,10.0,clear,0.0,True
2026-04-02T14:00:00+00:00,31.5,16.9,6.2,5.5,rain,0.2,True
2026-04-02T15:00:00+00:00,31.2,10.7,0.0,10.0,clear,0.0,True
2026-04-02T16:00:00+00:00,30.7,15.5,0.0,10.0,clear,0.0,True
2026-04-02T17:00:00+00:00,31.8,13.4,0.0,10.0,clear,0.0,True
2026-04-02T18:00:00+00:00,30.3,14.7,0.0,10.0,partly_cloudy,0.0,True
2026-04-02T19:00:00+00:00,30.1,11.3,0.0,10.0,partly_cloudy,0.0,True
2026-04-02T20:00:00+00:00,28.2,13.9,0.0,10.0,clear,0.0,True
2026-04-02T21:00:00+00:00,27.2,11.3,0.0,10.0,partly_cloudy,0.0,True
2026-04-02T22:00:00+00:00,26.6,10.7,0.0,10.0,partly_cloudy,0.0,True
2026-04-02T23:00:00+00:00,26.0,12.1,0.0,10.0,clear,0.0,True
2026-04-03T00:00:00+00:00,26.0,14.5,0.0,10.0,clear,0.0,True
2026-04-03T01:00:00+00:00,25.1,9.8,0.0,10.0,clear,0.0,True
2026-04-03T02:00:00+00:00,24.1,10.4,0.0,10.0,partly_cloudy,0.0,True
2026-04-03T03:00:00+00:00,23.5,6.2,0.0,10.0,clear,0.0,True
2026-04-03T04:00:00+00:00,24.5,9.6,0.0,10.0,partly_cloudy,0.0,True
2026-04-03T05:00:00+00:00,24.1,10.3,0.0,10.0,partly_cloudy,0.0,True
2026-04-03T06:00:00+00:00,24.7,16.9,6.3,6.7,rain,0.2,True
2026-04-03T07:00:00+00:00,27.2,11.9,0.0,10.0,clear,0.0,True
2026-04-03T08:00:00+00:00,26.4,5.9,0.0,10.0,clear,0.0,True
2026-04-03T09:00:00+00:00,28.1,9.7,0.0,10.0,clear,0.0,True
2026-04-03T10:00:00+00:00,28.4,7.5,0.0,10.0,partly_cloudy,0.0,True
2026-04-03T11:00:00+00:00,30.4,11.3,0.0,10.0,partly_cloudy,0.0,True
2026-04-03T12:00:00+00:00,30.6,11.5,0.0,10.0,clear,0.0,True
2026-04-03T13:00:00+00:00,31.1,15.3,0.0,10.0,partly_cloudy,0.0,True
2026-04-03T14:00:00+00:00,32.0,10.0,0.0,10.0,partly_cloudy,0.0,True
2026-04-03T15:00:00+00:00,31.8,10.7,0.0,10.0,partly_cloudy,0.0,True
2026-04-03T16:00:00+00:00,32.2,13.9,0.0,10.0,partly_cloudy,0.0,True
2026-04-03T17:00:00+00:00,31.4,11.7,0.0,10.0,clear,0.0,True
2026-04-03T18:00:00+00:00,29.8,14.9,0.0,10.0,clear,0.0,True
2026-04-03T19:00:00+00:00,29.6,13.6,0.0,10.0,clear,0.0,True
2026-04-03T20:00:00+00:00,29.8,12.3,0.0,10.0,clear,0.0,True
2026-04-03T21:00:00+00:00,28.2,17.0,0.0,10.0,partly_cloudy,0.0,True
2026-04-03T22:00:00+00:00,27.0,14.8,0.0,10.0,partly_cloudy,0.0,True
2026-04-03T23:00:00+00:00,26.2,10.0,0.0,10.0,clear,0.0,True
2026-04-04T00:00:00+00:00,25.8,9.4,0.0,10.0,partly_cloudy,0.0,True
2026-04-04T01:00:00+00:00,25.2,10.5,0.0,10.0,partly_cloudy,0.0,True
2026-04-04T02:00:00+00:00,25.4,9.0,0.0,10.0,partly_cloudy,0.0,True
2026-04-04T03:00:00+00:00,25.0,11.8,0.0,10.0,partly_cloudy,0.0,True
2026-04-04T04:00:00+00:00,25.0,5.7,0.0,10.0,partly_cloudy,0.0,True
2026-04-04T05:00:00+00:00,24.1,10.7,0.0,10.0,partly_cloudy,0.0,True
2026-04-04T06:00:00+00:00,24.6,7.1,0.0,10.0,partly_cloudy,0.0,True
2026-04-04T07:00:00+00:00,26.1,12.6,3.7,6.8,rain,0.2,True
2026-04-04T08:00:00+00:00,26.8,7.0,0.0,10.0,clear,0.0,True
2026-04-04T09:00:00+00:00,27.3,8.6,0.0,10.0,partly_cloudy,0.0,True
2026-04-04T10:00:00+00:00,28.2,9.1,0.0,10.0,partly_cloudy,0.0,True
2026-04-04T11:00:00+00:00,29.2,12.7,0.0,10.0,partly_cloudy,0.0,True
2026-04-04T12:00:00+00:00,29.6,14.7,0.0,10.0,partly_cloudy,0.0,True
2026-04-04T13:00:00+00:00,30.1,9.5,0.0,10.0,partly_cloudy,0.0,True
2026-04-04T14:00:00+00:00,30.6,14.5,0.0,10.0,clear,0.0,True
2026-04-04T15:00:00+00:00,30.9,12.3,0.0,10.0,partly_cloudy,0.0,True
2026-04-04T16:00:00+00:00,32.1,13.5,0.0,10.0,clear,0.0,True
2026-04-04T17:00:00+00:00,30.1,11.4,0.0,10.0,partly_cloudy,0.0,True
2026-04-04T18:00:00+00:00,31.1,12.5,0.0,10.0,partly_cloudy,0.0,True
2026-04-04T19:00:00+00:00,30.2,14.0,0.0,10.0,clear,0.0,True
2026-04-04T20:00:00+00:00,29.0,12.3,0.0,10.0,partly_cloudy,0.0,True
2026-04-04T21:00:00+00:00,28.5,14.4,0.0,10.0,partly_cloudy,0.0,True
2026-04-04T22:00:00+00:00,27.1,12.8,0.0,10.0,partly_cloudy,0.0,True
2026-04-04T23:00:00+00:00,25.7,12.9,0.0,10.0,clear,0.0,True
2026-04-05T00:00:00+00:00,26.1,9.1,0.0,10.0,partly_cloudy,0.0,True
2026-04-05T01:00:00+00:00,24.4,14.7,5.6,5.0,rain,0.2,True
2026-04-05T02:00:00+00:00,25.6,6.9,0.0,10.0,partly_cloudy,0.0,True
2026-04-05T03:00:00+00:00,23.6,11.8,0.0,10.0,clear,0.0,True
2026-04-05T04:00:00+00:00,24.6,7.1,0.0,10.0,clear,0.0,True
2026-04-05T05:00:00+00:00,24.5,11.7,0.0,10.0,clear,0.0,True
2026-04-05T06:00:00+00:00,25.8,5.9,0.0,10.0,partly_cloudy,0.0,True
2026-04-05T07:00:00+00:00,26.7,10.4,0.0,10.0,partly_cloudy,0.0,True
2026-04-05T08:00:00+00:00,26.8,11.4,0.0,10.0,clear,0.0,True
2026-04-05T09:00:00+00:00,27.4,12.6,0.0,10.0,partly_cloudy,0.0,True
2026-04-05T10:00:00+00:00,27.9,8.7,0.0,10.0,partly_cloudy,0.0,True
2026-04-05T11:00:00+00:00,29.9,8.5,0.0,10.0,clear,0.0,True
2026-04-05T12:00:00+00:00,30.5,11.9,0.0,10.0,partly_cloudy,0.0,True
2026-04-05T13:00:00+00:00,30.5,14.4,0.0,10.0,partly_cloudy,0.0,True
2026-04-05T14:00:00+00:00,30.9,16.0,0.0,10.0,clear,0.0,True
2026-04-05T15:00:00+00:00,31.8,16.0,0.0,10.0,clear,0.0,True
2026-04-05T16:00:00+00:00,30.8,12.8,0.0,10.0,clear,0.0,True
2026-04-05T17:00:00+00:00,31.5,24.7,4.2,7.1,rain,0.2,True
2026-04-05T18:00:00+00:00,29.6,38.8,30.0,1.2,thunderstorm,0.85,True
2026-04-05T19:00:00+00:00,29.4,16.6,0.0,10.0,clear,0.0,True
2026-04-05T20:00:00+00:00,29.8,12.9,0.0,10.0,clear,0.0,True
2026-04-05T21:00:00+00:00,28.2,16.9,0.0,10.0,partly_cloudy,0.0,True
2026-04-05T22:00:00+00:00,26.6,10.6,0.0,10.0,partly_cloudy,0.0,True
2026-04-05T23:00:00+00:00,25.8,11.2,0.0,10.0,clear,0.0,True
2026-04-06T00:00:00+00:00,25.8,10.6,0.0,10.0,clear,0.0,True
2026-04-06T01:00:00+00:00,24.6,10.8,0.0,10.0,partly_cloudy,0.0,True
2026-04-06T02:00:00+00:00,25.2,7.0,0.0,10.0,clear,0.0,True
2026-04-06T03:00:00+00:00,25.5,12.7,0.0,10.0,clear,0.0,True
2026-04-06T04:00:00+00:00,25.1,7.0,0.0,10.0,partly_cloudy,0.0,True
2026-04-06T05:00:00+00:00,24.5,10.4,0.0,10.0,partly_cloudy,0.0,True
2026-04-06T06:00:00+00:00,25.5,7.3,0.0,10.0,partly_cloudy,0.0,True
2026-04-06T07:00:00+00:00,26.0,11.7,0.0,10.0,clear,0.0,True
2026-04-06T08:00:00+00:00,27.7,6.6,0.0,10.0,partly_cloudy,0.0,True
2026-04-06T09:00:00+00:00,29.0,25.8,11.4,3.3,squall,0.5,True
2026-04-06T10:00:00+00:00,28.1,11.2,0.0,10.0,clear,0.0,True
2026-04-06T11:00:00+00:00,30.6,10.3,0.0,10.0,clear,0.0,True
2026-04-06T12:00:00+00:00,31.0,11.2,0.0,10.0,clear,0.0,True
2026-04-06T13:00:00+00:00,30.6,9.2,0.0,10.0,partly_cloudy,0.0,True
2026-04-06T14:00:00+00:00,31.4,12.0,0.0,10.0,partly_cloudy,0.0,True
2026-04-06T15:00:00+00:00,31.4,10.7,0.0,10.0,clear,0.0,True
2026-04-06T16:00:00+00:00,32.3,10.8,0.0,10.0,clear,0.0,True
2026-04-06T17:00:00+00:00,31.6,30.2,39.1,1.6,thunderstorm,0.85,True
2026-04-06T18:00:00+00:00,29.6,12.5,0.0,10.0,partly_cloudy,0.0,True
2026-04-06T19:00:00+00:00,29.8,14.8,0.0,10.0,clear,0.0,True
2026-04-06T20:00:00+00:00,28.5,17.4,0.0,10.0,clear,0.0,True
2026-04-06T21:00:00+00:00,28.9,14.0,0.0,10.0,partly_cloudy,0.0,True
2026-04-06T22:00:00+00:00,27.0,13.2,0.0,10.0,partly_cloudy,0.0,True
2026-04-06T23:00:00+00:00,26.6,15.3,0.0,10.0,clear,0.0,True
2026-04-07T00:00:00+00:00,25.2,8.2,0.0,10.0,clear,0.0,True
2026-04-07T01:00:00+00:00,24.8,11.1,0.0,10.0,clear,0.0,True
2026-04-07T02:00:00+00:00,24.0,6.7,0.0,10.0,clear,0.0,True
2026-04-07T03:00:00+00:00,24.5,11.6,0.0,10.0,partly_cloudy,0.0,True
2026-04-07T04:00:00+00:00,23.8,10.1,0.0,10.0,partly_cloudy,0.0,True
2026-04-07T05:00:00+00:00,25.2,8.3,0.0,10.0,clear,0.0,True
2026-04-07T06:00:00+00:00,25.5,6.6,0.0,10.0,partly_cloudy,0.0,True
2026-04-07T07:00:00+00:00,27.2,6.7,0.0,10.0,partly_cloudy,0.0,True
2026-04-07T08:00:00+00:00,28.0,9.0,0.0,10.0,partly_cloudy,0.0,True
2026-04-07T09:00:00+00:00,28.1,6.6,0.0,10.0,partly_cloudy,0.0,True
2026-04-07T10:00:00+00:00,29.1,7.9,0.0,10.0,clear,0.0,True
2026-04-07T11:00:00+00:00,29.5,16.3,5.2,7.2,rain,0.2,True
2026-04-07T12:00:00+00:00,29.6,11.9,0.0,10.0,partly_cloudy,0.0,True
2026-04-07T13:00:00+00:00,30.2,10.9,0.0,10.0,clear,0.0,True
2026-04-07T14:00:00+00:00,31.6,12.1,0.0,10.0,partly_cloudy,0.0,True
2026-04-07T15:00:00+00:00,31.0,15.4,0.0,10.0,partly_cloudy,0.0,True
2026-04-07T16:00:00+00:00,31.7,12.1,0.0,10.0,clear,0.0,True
2026-04-07T17:00:00+00:00,30.1,13.3,0.0,10.0,clear,0.0,True
2026-04-07T18:00:00+00:00,30.1,16.5,0.0,10.0,partly_cloudy,0.0,True
2026-04-07T19:00:00+00:00,29.7,23.9,4.3,7.1,rain,0.2,True
2026-04-07T20:00:00+00:00,29.1,11.7,0.0,10.0,clear,0.0,True
2026-04-07T21:00:00+00:00,28.1,24.6,3.6,5.2,rain,0.2,True
2026-04-07T22:00:00+00:00,28.0,11.5,0.0,10.0,partly_cloudy,0.0,True
2026-04-07T23:00:00+00:00,27.2,10.8,0.0,10.0,partly_cloudy,0.0,True
2026-04-08T00:00:00+00:00,26.0,8.3,0.0,10.0,partly_cloudy,0.0,True
2026-04-08T01:00:00+00:00,25.7,11.2,0.0,10.0,partly_cloudy,0.0,True
2026-04-08T02:00:00+00:00,24.1,10.1,0.0,10.0,clear,0.0,True
2026-04-08T03:00:00+00:00,24.3,6.0,0.0,10.0,partly_cloudy,0.0,True
2026-04-08T04:00:00+00:00,24.1,6.9,0.0,10.0,clear,0.0,True
2026-04-08T05:00:00+00:00,25.1,7.1,0.0,10.0,partly_cloudy,0.0,True
2026-04-08T06:00:00+00:00,25.8,24.5,18.6,2.7,squall,0.5,True
2026-04-08T07:00:00+00:00,26.4,9.6,0.0,10.0,clear,0.0,True
2026-04-08T08:00:00+00:00,27.6,6.5,0.0,10.0,partly_cloudy,0.0,True
2026-04-08T09:00:00+00:00,27.7,9.5,0.0,10.0,clear,0.0,True
2026-04-08T10:00:00+00:00,28.6,9.7,0.0,10.0,partly_cloudy,0.0,True
2026-04-08T11:00:00+00:00,28.8,15.0,7.7,5.1,rain,0.2,True
2026-04-08T12:00:00+00:00,30.4,14.0,0.0,10.0,clear,0.0,True
2026-04-08T13:00:00+00:00,30.7,13.4,0.0,10.0,partly_cloudy,0.0,True
2026-04-08T14:00:00+00:00,32.0,10.2,0.0,10.0,partly_cloudy,0.0,True
2026-04-08T15:00:00+00:00,32.0,13.7,0.0,10.0,clear,0.0,True
2026-04-08T16:00:00+00:00,31.2,13.6,0.0,10.0,partly_cloudy,0.0,True
2026-04-08T17:00:00+00:00,31.7,12.4,0.0,10.0,partly_cloudy,0.0,True
2026-04-08T18:00:00+00:00,30.1,12.9,0.0,10.0,clear,0.0,True
2026-04-08T19:00:00+00:00,29.9,16.5,0.0,10.0,clear,0.0,True
2026-04-08T20:00:00+00:00,28.9,14.9,0.0,10.0,partly_cloudy,0.0,True
2026-04-08T21:00:00+00:00,28.7,12.1,0.0,10.0,clear,0.0,True
2026-04-08T22:00:00+00:00,26.4,16.3,0.0,10.0,clear,0.0,True
2026-04-08T23:00:00+00:00,26.3,14.6,0.0,10.0,clear,0.0,True
2026-04-09T00:00:00+00:00,26.3,9.6,0.0,10.0,clear,0.0,True
2026-04-09T01:00:00+00:00,24.4,7.7,0.0,10.0,clear,0.0,True
2026-04-09T02:00:00+00:00,24.7,11.4,0.0,10.0,clear,0.0,True
2026-04-09T03:00:00+00:00,24.7,6.7,0.0,10.0,clear,0.0,True
2026-04-09T04:00:00+00:00,25.1,10.1,0.0,10.0,clear,0.0,True
2026-04-09T05:00:00+00:00,24.0,8.3,0.0,10.0,clear,0.0,True
2026-04-09T06:00:00+00:00,25.5,10.8,0.0,10.0,clear,0.0,True
2026-04-09T07:00:00+00:00,26.4,10.7,0.0,10.0,clear,0.0,True
2026-04-09T08:00:00+00:00,28.0,12.1,0.0,10.0,clear,0.0,True
2026-04-09T09:00:00+00:00,27.6,9.3,0.0,10.0,partly_cloudy,0.0,True
2026-04-09T10:00:00+00:00,28.3,12.2,3.7,5.6,rain,0.2,True
2026-04-09T11:00:00+00:00,29.0,13.8,0.0,10.0,partly_cloudy,0.0,True
2026-04-09T12:00:00+00:00,29.7,8.1,0.0,10.0,partly_cloudy,0.0,True
2026-04-09T13:00:00+00:00,31.4,10.4,0.0,10.0,clear,0.0,True
2026-04-09T14:00:00+00:00,32.1,14.2,0.0,10.0,partly_cloudy,0.0,True
2026-04-09T15:00:00+00:00,31.5,13.0,0.0,10.0,clear,0.0,True
2026-04-09T16:00:00+00:00,30.5,17.6,0.0,10.0,clear,0.0,True
2026-04-09T17:00:00+00:00,31.4,14.4,0.0,10.0,clear,0.0,True
2026-04-09T18:00:00+00:00,29.9,12.8,0.0,10.0,partly_cloudy,0.0,True
2026-04-09T19:00:00+00:00,29.5,13.1,0.0,10.0,partly_cloudy,0.0,True
2026-04-09T20:00:00+00:00,28.8,15.2,0.0,10.0,clear,0.0,True
2026-04-09T21:00:00+00:00,27.1,21.5,8.0,6.3,rain,0.2,True
2026-04-09T22:00:00+00:00,27.3,13.8,0.0,10.0,partly_cloudy,0.0,True
2026-04-09T23:00:00+00:00,26.5,10.4,0.0,10.0,partly_cloudy,0.0,True
2026-04-10T00:00:00+00:00,25.3,14.8,0.0,10.0,clear,0.0,True
2026-04-10T01:00:00+00:00,25.6,10.1,0.0,10.0,clear,0.0,True
2026-04-10T02:00:00+00:00,24.4,8.1,0.0,10.0,partly_cloudy,0.0,True
2026-04-10T03:00:00+00:00,24.2,12.5,0.0,10.0,partly_cloudy,0.0,True
2026-04-10T04:00:00+00:00,24.3,11.9,0.0,10.0,clear,0.0,True
2026-04-10T05:00:00+00:00,25.6,5.7,0.0,10.0,partly_cloudy,0.0,True
2026-04-10T06:00:00+00:00,25.8,7.1,0.0,10.0,clear,0.0,True
2026-04-10T07:00:00+00:00,25.7,5.4,0.0,10.0,clear,0.0,True
2026-04-10T08:00:00+00:00,26.7,7.4,0.0,10.0,partly_cloudy,0.0,True
2026-04-10T09:00:00+00:00,27.6,9.8,0.0,10.0,partly_cloudy,0.0,True
2026-04-10T10:00:00+00:00,29.5,10.6,0.0,10.0,partly_cloudy,0.0,True
2026-04-10T11:00:00+00:00,29.7,13.5,0.0,10.0,partly_cloudy,0.0,True
2026-04-10T12:00:00+00:00,29.5,8.4,0.0,10.0,partly_cloudy,0.0,True
2026-04-10T13:00:00+00:00,30.0,9.3,0.0,10.0,partly_cloudy,0.0,True
2026-04-10T14:00:00+00:00,32.1,14.1,0.0,10.0,partly_cloudy,0.0,True
2026-04-10T15:00:00+00:00,31.7,15.8,0.0,10.0,partly_cloudy,0.0,True
2026-04-10T16:00:00+00:00,31.3,11.3,0.0,10.0,clear,0.0,True
2026-04-10T17:00:00+00:00,30.2,15.8,0.0,10.0,clear,0.0,True
2026-04-10T18:00:00+00:00,29.5,15.3,0.0,10.0,clear,0.0,True
2026-04-10T19:00:00+00:00,29.3,11.5,0.0,10.0,clear,0.0,True
2026-04-10T20:00:00+00:00,29.6,13.6,0.0,10.0,clear,0.0,True
2026-04-10T21:00:00+00:00,28.3,13.8,0.0,10.0,partly_cloudy,0.0,True
2026-04-10T22:00:00+00:00,28.1,16.0,0.0,10.0,clear,0.0,True
2026-04-10T23:00:00+00:00,26.4,9.5,0.0,10.0,clear,0.0,True
2026-04-11T00:00:00+00:00,24.9,9.6,0.0,10.0,clear,0.0,True
2026-04-11T01:00:00+00:00,25.8,7.6,0.0,10.0,partly_cloudy,0.0,True
2026-04-11T02:00:00+00:00,24.8,9.2,0.0,10.0,clear,0.0,True
2026-04-11T03:00:00+00:00,24.9,10.9,0.0,10.0,partly_cloudy,0.0,True
2026-04-11T04:00:00+00:00,24.9,8.6,0.0,10.0,partly_cloudy,0.0,True
2026-04-11T05:00:00+00:00,25.9,11.2,0.0,10.0,partly_cloudy,0.0,True
2026-04-11T06:00:00+00:00,24.8,8.5,0.0,10.0,clear,0.0,True
2026-04-11T07:00:00+00:00,27.1,10.7,0.0,10.0,partly_cloudy,0.0,True
2026-04-11T08:00:00+00:00,27.8,8.0,0.0,10.0,partly_cloudy,0.0,True
2026-04-11T09:00:00+00:00,28.7,7.0,0.0,10.0,partly_cloudy,0.0,True
2026-04-11T10:00:00+00:00,29.0,11.1,0.0,10.0,clear,0.0,True
2026-04-11T11:00:00+00:00,30.6,8.9,0.0,10.0,partly_cloudy,0.0,True
2026-04-11T12:00:00+00:00,31.3,11.4,0.0,10.0,partly_cloudy,0.0,True
2026-04-11T13:00:00+00:00,30.1,8.8,0.0,10.0,partly_cloudy,0.0,True
2026-04-11T14:00:00+00:00,31.3,11.1,0.0,10.0,partly_cloudy,0.0,True
2026-04-11T15:00:00+00:00,30.7,15.1,0.0,10.0,clear,0.0,True
2026-04-11T16:00:00+00:00,31.2,16.3,0.0,10.0,clear,0.0,True
2026-04-11T17:00:00+00:00,31.8,16.1,0.0,10.0,partly_cloudy,0.0,True
2026-04-11T18:00:00+00:00,31.1,14.7,0.0,10.0,clear,0.0,True
2026-04-11T19:00:00+00:00,30.6,15.5,0.0,10.0,clear,0.0,True
2026-04-11T20:00:00+00:00,28.9,16.5,0.0,10.0,partly_cloudy,0.0,True
2026-04-11T21:00:00+00:00,27.5,11.0,0.0,10.0,partly_cloudy,0.0,True
2026-04-11T22:00:00+00:00,27.5,16.4,0.0,10.0,partly_cloudy,0.0,True
2026-04-11T23:00:00+00:00,27.2,11.3,0.0,10.0,partly_cloudy,0.0,True
2026-04-12T00:00:00+00:00,25.8,10.3,0.0,10.0,clear,0.0,True
2026-04-12T01:00:00+00:00,25.9,7.3,0.0,10.0,partly_cloudy,0.0,True
2026-04-12T02:00:00+00:00,25.2,7.3,0.0,10.0,clear,0.0,True
2026-04-12T03:00:00+00:00,25.1,8.8,0.0,10.0,partly_cloudy,0.0,True
2026-04-12T04:00:00+00:00,24.5,9.3,0.0,10.0,partly_cloudy,0.0,True
2026-04-12T05:00:00+00:00,25.5,9.5,0.0,10.0,partly_cloudy,0.0,True
2026-04-12T06:00:00+00:00,26.2,5.0,0.0,10.0,partly_cloudy,0.0,True
2026-04-12T07:00:00+00:00,25.5,10.4,0.0,10.0,clear,0.0,True
2026-04-12T08:00:00+00:00,28.0,11.2,0.0,10.0,partly_cloudy,0.0,True
2026-04-12T09:00:00+00:00,28.4,12.1,0.0,10.0,partly_cloudy,0.0,True
2026-04-12T10:00:00+00:00,28.7,7.4,0.0,10.0,clear,0.0,True
2026-04-12T11:00:00+00:00,28.9,11.9,0.0,10.0,partly_cloudy,0.0,True
2026-04-12T12:00:00+00:00,31.3,14.9,0.0,10.0,clear,0.0,True
2026-04-12T13:00:00+00:00,32.0,14.8,0.0,10.0,partly_cloudy,0.0,True
2026-04-12T14:00:00+00:00,31.8,10.0,0.0,10.0,partly_cloudy,0.0,True
2026-04-12T15:00:00+00:00,32.0,13.8,0.0,10.0,clear,0.0,True
2026-04-12T16:00:00+00:00,31.2,15.9,0.0,10.0,partly_cloudy,0.0,True
2026-04-12T17:00:00+00:00,31.7,11.7,0.0,10.0,partly_cloudy,0.0,True
2026-04-12T18:00:00+00:00,30.7,16.0,0.0,10.0,clear,0.0,True
2026-04-12T19:00:00+00:00,29.6,16.2,0.0,10.0,partly_cloudy,0.0,True
2026-04-12T20:00:00+00:00,28.4,14.1,0.0,10.0,partly_cloudy,0.0,True
2026-04-12T21:00:00+00:00,28.2,13.0,0.0,10.0,clear,0.0,True
2026-04-12T22:00:00+00:00,27.8,10.5,0.0,10.0,partly_cloudy,0.0,True
2026-04-12T23:00:00+00:00,26.7,13.9,0.0,10.0,partly_cloudy,0.0,True
2026-04-13T00:00:00+00:00,24.8,14.3,0.0,10.0,partly_cloudy,0.0,True
2026-04-13T01:00:00+00:00,25.6,12.9,0.0,10.0,clear,0.0,True
2026-04-13T02:00:00+00:00,25.4,8.2,0.0,10.0,partly_cloudy,0.0,True
2026-04-13T03:00:00+00:00,24.7,8.1,0.0,10.0,partly_cloudy,0.0,True
2026-04-13T04:00:00+00:00,24.2,11.8,0.0,10.0,clear,0.0,True
2026-04-13T05:00:00+00:00,24.6,8.7,0.0,10.0,clear,0.0,True
2026-04-13T06:00:00+00:00,26.4,9.4,0.0,10.0,partly_cloudy,0.0,True
2026-04-13T07:00:00+00:00,26.1,5.9,0.0,10.0,clear,0.0,True
2026-04-13T08:00:00+00:00,26.7,12.2,0.0,10.0,partly_cloudy,0.0,True
2026-04-13T09:00:00+00:00,27.0,17.4,4.9,7.5,rain,0.2,True
2026-04-13T10:00:00+00:00,28.6,11.2,0.0,10.0,clear,0.0,True
2026-04-13T11:00:00+00:00,30.0,9.9,0.0,10.0,partly_cloudy,0.0,True
2026-04-13T12:00:00+00:00,30.5,14.5,0.0,10.0,partly_cloudy,0.0,True
2026-04-13T13:00:00+00:00,31.2,28.4,21.5,4.4,squall,0.5,True
2026-04-13T14:00:00+00:00,30.6,10.8,0.0,10.0,clear,0.0,True
2026-04-13T15:00:00+00:00,31.9,11.6,0.0,10.0,partly_cloudy,0.0,True
2026-04-13T16:00:00+00:00,30.5,16.2,0.0,10.0,clear,0.0,True
2026-04-13T17:00:00+00:00,31.3,15.0,0.0,10.0,partly_cloudy,0.0,True
2026-04-13T18:00:00+00:00,29.9,14.2,0.0,10.0,partly_cloudy,0.0,True
2026-04-13T19:00:00+00:00,30.0,13.4,0.0,10.0,partly_cloudy,0.0,True
2026-04-13T20:00:00+00:00,29.4,11.1,0.0,10.0,partly_cloudy,0.0,True
2026-04-13T21:00:00+00:00,27.5,13.3,0.0,10.0,clear,0.0,True
2026-04-13T22:00:00+00:00,27.1,11.0,0.0,10.0,partly_cloudy,0.0,True
2026-04-13T23:00:00+00:00,25.3,13.7,0.0,10.0,partly_cloudy,0.0,True
2026-04-14T00:00:00+00:00,25.3,12.6,0.0,10.0,clear,0.0,True
2026-04-14T01:00:00+00:00,24.3,13.9,0.0,10.0,partly_cloudy,0.0,True
2026-04-14T02:00:00+00:00,24.0,15.4,4.4,5.7,rain,0.2,True
2026-04-14T03:00:00+00:00,24.5,6.9,0.0,10.0,partly_cloudy,0.0,True
2026-04-14T04:00:00+00:00,25.6,9.3,0.0,10.0,clear,0.0,True
2026-04-14T05:00:00+00:00,25.8,11.2,0.0,10.0,clear,0.0,True
2026-04-14T06:00:00+00:00,25.5,10.0,0.0,10.0,clear,0.0,True
2026-04-14T07:00:00+00:00,26.5,6.7,0.0,10.0,clear,0.0,True
2026-04-14T08:00:00+00:00,27.9,9.2,0.0,10.0,clear,0.0,True
2026-04-14T09:00:00+00:00,27.3,6.3,0.0,10.0,clear,0.0,True
2026-04-14T10:00:00+00:00,28.5,10.3,0.0,10.0,partly_cloudy,0.0,True
2026-04-14T11:00:00+00:00,29.6,12.2,0.0,10.0,partly_cloudy,0.0,True
2026-04-14T12:00:00+00:00,31.0,9.5,0.0,10.0,clear,0.0,True
2026-04-14T13:00:00+00:00,31.3,13.9,0.0,10.0,clear,0.0,True
2026-04-14T14:00:00+00:00,31.8,9.6,0.0,10.0,clear,0.0,True
2026-04-14T15:00:00+00:00,31.5,14.5,0.0,10.0,partly_cloudy,0.0,True
2026-04-14T16:00:00+00:00,31.8,11.5,0.0,10.0,clear,0.0,True
2026-04-14T17:00:00+00:00,30.1,18.2,2.8,6.0,rain,0.2,True
2026-04-14T18:00:00+00:00,30.8,12.6,0.0,10.0,clear,0.0,True
2026-04-14T19:00:00+00:00,29.3,11.9,0.0,10.0,clear,0.0,True
2026-04-14T20:00:00+00:00,29.9,12.9,0.0,10.0,clear,0.0,True
2026-04-14T21:00:00+00:00,27.9,14.1,0.0,10.0,partly_cloudy,0.0,True
2026-04-14T22:00:00+00:00,27.8,10.3,0.0,10.0,clear,0.0,True
2026-04-14T23:00:00+00:00,25.5,14.7,0.0,10.0,partly_cloudy,0.0,True
